Linux 6.12.100+deb13-amd64 (debian) 	01/08/26 	_x86_64_	(8 CPU)

22:20:35      UID       PID    %usr %system  %guest   %wait    %CPU   CPU  Command
22:20:40        0        18    0,00    0,20    0,00    0,40    0,20     3  rcu_preempt
22:20:40        0        57    1,59    0,00    0,00    0,00    1,59     6  ksoftirqd/6
22:20:40        0        67    0,00    0,20    0,00    2,59    0,20     4  kworker/u32:1-kvfree_rcu_reclaim
22:20:40        0       118    0,00    0,20    0,00    0,60    0,20     3  kworker/u33:0-i915_flip
22:20:40        0       384    0,00    0,60    0,00    1,59    0,60     6  kworker/6:2-i915-unordered
22:20:40        0       603    0,00    0,20    0,00    0,00    0,20     0  irq/130-iwlwifi
22:20:40      115       901    0,20    0,00    0,00    0,00    0,20     1  prometheus
22:20:40        0      1399    0,20    0,00    0,00    0,00    0,20     7  glances
22:20:40        0      1412    0,40    0,00    0,00    0,00    0,40     0  tailscaled
22:20:40        0      1429    0,40    0,20    0,00    0,00    0,60     0  containerd
22:20:40        0      2497    0,40    0,00    0,00    0,00    0,40     2  dockerd
22:20:40      117      2498    0,40    0,40    0,00    0,00    0,80     5  grafana
22:20:40        0      2854    0,20    0,20    0,00    0,00    0,40     1  mount.ntfs-3g
22:20:40        0      2898    0,20    0,00    0,00    0,00    0,20     7  containerd-shim
22:20:40        0      2900    0,00    0,20    0,00    0,00    0,20     7  containerd-shim
22:20:40        0      2902    0,20    0,20    0,00    0,00    0,40     6  containerd-shim
22:20:40        0      2906    0,00    0,20    0,00    0,00    0,20     0  containerd-shim
22:20:40      999      3068    0,40    0,00    0,00    0,00    0,40     0  redis-server
22:20:40     1000      4205    8,37    3,59    0,00    0,40   11,95     1  gnome-shell
22:20:40     1000      4385    0,00    0,20    0,00    0,00    0,20     5  ABDownloadManag
22:20:40     1000      4716    0,00    0,20    0,00    0,00    0,20     4  gvfs-afc-volume
22:20:40     1000      5426    2,79    1,20    0,00    0,80    3,98     7  antigravity
22:20:40     1000      5730    6,37    1,79    0,00    0,60    8,17     1  antigravity
22:20:40     1000      5783   23,71    0,80    0,00    1,20   24,50     7  antigravity
22:20:40     1000      6128    1,00    1,20    0,00    0,40    2,19     5  language_server
22:20:40     1000      6237    1,20    0,20    0,00    0,00    1,39     0  antigravity
22:20:40     1000      6238    1,99    0,00    0,00    0,20    1,99     5  antigravity
22:20:40     1000      6299    0,40    0,20    0,00    0,00    0,60     0  antigravity
22:20:40     1000      7071    1,59    1,00    0,00    0,00    2,59     6  language_server
22:20:40     1000      8268    0,00    0,20    0,00    0,00    0,20     4  pidstat
22:20:40     1000      8301  175,70   14,54    0,00    0,00  190,24     1  java

22:20:35      UID       PID  minflt/s  majflt/s     VSZ     RSS   %MEM  Command
22:20:40      115       901     32,27      0,00 2470244  104932   0,65  prometheus
22:20:40        0      2898      7,17      0,00 1235608   14056   0,09  containerd-shim
22:20:40        0      2899      0,60      0,00 1235608   14476   0,09  containerd-shim
22:20:40        0      2900      1,20      0,00 1235608   13996   0,09  containerd-shim
22:20:40        0      2902      7,17      0,00 1235352   13772   0,08  containerd-shim
22:20:40        0      2906      1,39      0,00 1235608   13608   0,08  containerd-shim
22:20:40     1000      4205      8,96      0,00 5424756  287544   1,77  gnome-shell
22:20:40     1000      5426     45,02      0,00 1461669956  297752   1,83  antigravity
22:20:40     1000      5730     37,65      0,00 34369456  162932   1,00  antigravity
22:20:40     1000      5741      0,20      0,00 33914216   81552   0,50  antigravity
22:20:40     1000      5783    586,45      0,00 1463101592  470252   2,90  antigravity
22:20:40     1000      6224      0,20      0,00 50728556   64244   0,40  antigravity
22:20:40     1000      6236      7,77      0,00 1461347768  119256   0,73  antigravity
22:20:40     1000      6237     31,87      0,00 1461367108  132212   0,81  antigravity
22:20:40     1000      6238    244,62      0,00 1461351332  310528   1,91  antigravity
22:20:40     1000      6299    156,97      0,00 1461375356  125856   0,78  antigravity
22:20:40     1000      8268      1,20      0,00    6184    5160   0,03  pidstat
22:20:40     1000      8270      4,18      0,00    2676    1848   0,01  jmeter
22:20:40     1000      8301  12590,44      2,39 8048772  391672   2,41  java

22:20:35      UID       PID   kB_rd/s   kB_wr/s kB_ccwr/s iodelay  Command
22:20:40     1000      8301   2949,80      2,63      0,00       0  java

22:20:40      UID       PID    %usr %system  %guest   %wait    %CPU   CPU  Command
22:20:45        0         1    0,20    0,00    0,00    0,00    0,20     1  systemd
22:20:45        0        57    1,20    0,00    0,00    0,00    1,20     6  ksoftirqd/6
22:20:45        0        86    0,00    0,20    0,00    0,00    0,20     1  irq/9-acpi
22:20:45        0       118    0,00    0,40    0,00    0,20    0,40     7  kworker/u33:0-i915_flip
22:20:45        0       211    0,00    0,20    0,00    0,00    0,20     1  kworker/1:1H-events_highpri
22:20:45        0       225    0,00    0,20    0,00    0,00    0,20     6  kworker/6:1H-events_highpri
22:20:45        0       250    0,00    0,20    0,00    0,00    0,20     4  kworker/4:2-events
22:20:45        0       372    0,20    0,20    0,00    0,00    0,40     0  systemd-journal
22:20:45        0       384    0,00    0,40    0,00    1,20    0,40     6  kworker/6:2-i915-unordered
22:20:45        0       603    0,00    0,60    0,00    0,00    0,60     0  irq/130-iwlwifi
22:20:45      990       869    0,60    0,20    0,00    0,00    0,80     6  dbus-daemon
22:20:45      115       897    1,60    0,40    0,00    0,00    2,00     6  prometheus-node
22:20:45      115       901    0,20    0,00    0,00    0,00    0,20     2  prometheus
22:20:45        0      1399    0,20    0,00    0,00    0,00    0,20     7  glances
22:20:45        0      1412    0,40    0,40    0,00    0,00    0,80     0  tailscaled
22:20:45        0      1429    0,20    0,00    0,00    0,00    0,20     0  containerd
22:20:45      111      1508    0,00    0,20    0,00    0,00    0,20     0  mariadbd
22:20:45        0      2497    0,40    0,20    0,00    0,00    0,60     2  dockerd
22:20:45      117      2498    0,20    0,40    0,00    0,00    0,60     5  grafana
22:20:45        0      2854    0,00    0,20    0,00    0,00    0,20     0  mount.ntfs-3g
22:20:45        0      2899    0,20    0,20    0,00    0,00    0,40     4  containerd-shim
22:20:45        0      2900    0,20    0,00    0,00    0,00    0,20     7  containerd-shim
22:20:45      999      3068    0,20    0,20    0,00    0,00    0,40     0  redis-server
22:20:45     1000      4052    0,00    0,20    0,00    0,00    0,20     4  systemd
22:20:45     1000      4075    0,40    0,00    0,00    0,00    0,40     6  dbus-daemon
22:20:45     1000      4176    0,00    0,20    0,00    0,00    0,20     5  gvfsd
22:20:45     1000      4205   14,00    4,60    0,00    0,00   18,60     4  gnome-shell
22:20:45     1000      4355    0,20    0,00    0,00    0,20    0,20     6  ibus-daemon
22:20:45     1000      4385    0,20    0,00    0,00    0,00    0,20     5  ABDownloadManag
22:20:45     1000      4825    0,20    0,00    0,00    0,00    0,20     7  xdg-desktop-por
22:20:45     1000      4841    0,00    0,20    0,00    0,00    0,20     4  xdg-document-po
22:20:45     1000      4853    0,20    0,00    0,00    0,00    0,20     4  xdg-desktop-por
22:20:45     1000      5426    3,00    1,40    0,00    0,20    4,40     7  antigravity
22:20:45     1000      5730    6,60    2,20    0,00    0,00    8,80     4  antigravity
22:20:45     1000      5783   12,00    1,20    0,00    0,00   13,20     5  antigravity
22:20:45     1000      6128    1,00    1,20    0,00    0,00    2,20     6  language_server
22:20:45     1000      6237    0,60    0,20    0,00    0,00    0,80     2  antigravity
22:20:45     1000      6238    2,00    0,40    0,00    0,00    2,40     5  antigravity
22:20:45     1000      6299    0,40    0,00    0,00    0,00    0,40     2  antigravity
22:20:45     1000      6689    0,00    0,20    0,00    0,00    0,20     7  antigravity
22:20:45     1000      7071    1,60    0,60    0,00    0,00    2,20     6  language_server
22:20:45     1000      8268    0,20    0,20    0,00    0,00    0,40     2  pidstat
22:20:45     1000      8301   41,20    3,60    0,00    0,00   44,80     1  java
22:20:45     1000     10403   10,60    1,00    0,00    0,00   11,60     1  gnome-terminal-
22:20:45     1000     10410    0,40    0,40    0,00    0,00    0,80     0  bash

22:20:40      UID       PID  minflt/s  majflt/s     VSZ     RSS   %MEM  Command
22:20:45        0         1     15,40      0,00   24716   14988   0,09  systemd
22:20:45        0       372     72,20      2,00  137820   82056   0,51  systemd-journal
22:20:45      115       897    101,20      0,00 1614080   24780   0,15  prometheus-node
22:20:45      115       901      0,40      0,00 2470244  104932   0,65  prometheus
22:20:45        0      2898     12,00      0,00 1235608   14184   0,09  containerd-shim
22:20:45        0      2899      0,20      0,00 1235608   14476   0,09  containerd-shim
22:20:45        0      2900      0,60      0,00 1235608   13996   0,09  containerd-shim
22:20:45        0      2906      2,20      0,00 1235608   13736   0,08  containerd-shim
22:20:45     1000      4052      0,20      0,00   23516   13576   0,08  systemd
22:20:45     1000      4075      2,60      0,00    9528    5444   0,03  dbus-daemon
22:20:45     1000      4205   1130,20      0,00 5469972  295124   1,82  gnome-shell
22:20:45     1000      4219      1,20      0,00    8348    4504   0,03  dbus-daemon
22:20:45     1000      4341      1,40      0,00  539464   85444   0,53  Xwayland
22:20:45     1000      5426     60,40      0,00 1461669956  297956   1,84  antigravity
22:20:45     1000      5730     53,60      0,00 34376084  163444   1,01  antigravity
22:20:45     1000      5741      0,20      0,00 33914216   81552   0,50  antigravity
22:20:45     1000      5783    577,60      0,00 1463103768  473620   2,92  antigravity
22:20:45     1000      6224      0,20      0,00 50728556   64244   0,40  antigravity
22:20:45     1000      6236      4,00      0,00 1461347768  119256   0,73  antigravity
22:20:45     1000      6237      9,00      0,00 1461367108  132084   0,81  antigravity
22:20:45     1000      6238    245,00      0,00 1461351332  311632   1,92  antigravity
22:20:45     1000      6299     97,60      0,00 1461375356  125984   0,78  antigravity
22:20:45     1000      6689      4,40      0,00 1476307752  119724   0,74  antigravity
22:20:45     1000      8268      0,40      0,00    6184    5160   0,03  pidstat
22:20:45     1000      8301   2391,40      0,00 8048772  427844   2,64  java
22:20:45     1000     10403   1579,60      4,20  556940   57828   0,36  gnome-terminal-
22:20:45     1000     10410    607,20      0,00   13060    9884   0,06  bash

22:20:40      UID       PID   kB_rd/s   kB_wr/s kB_ccwr/s iodelay  Command
22:20:45     1000      4205    124,80      0,00      0,00       0  gnome-shell
22:20:45     1000      8268      0,00      0,92      0,00       0  pidstat
22:20:45     1000      8301      4,00      2,21      0,00       0  java
22:20:45     1000     10403    554,40      0,00      0,00       0  gnome-terminal-

22:20:45      UID       PID    %usr %system  %guest   %wait    %CPU   CPU  Command
22:20:50        0        57    1,80    0,00    0,00    0,00    1,80     6  ksoftirqd/6
22:20:50        0        67    0,00    0,20    0,00    0,00    0,20     5  kworker/u32:1-kvfree_rcu_reclaim
22:20:50        0        71    0,00    0,20    0,00    0,00    0,20     7  kworker/u32:5-events_unbound
22:20:50        0        87    0,00    0,20    0,00    0,00    0,20     5  kworker/5:1-i915-unordered
22:20:50        0       118    0,00    0,40    0,00    0,00    0,40     6  kworker/u33:0-rb_allocator
22:20:50        0       317    0,00    0,20    0,00    0,00    0,20     0  kworker/0:2-events_freezable
22:20:50        0       384    0,00    0,60    0,00    0,80    0,60     6  kworker/6:2-i915-unordered
22:20:50        0       603    0,00    0,80    0,00    0,00    0,80     0  irq/130-iwlwifi
22:20:50        0       681    0,00    0,20    0,00    0,00    0,20     1  kworker/u33:2-rb_allocator
22:20:50        0      1048    0,00    0,20    0,00    0,20    0,20     1  kworker/1:3-i915-unordered
22:20:50        0      1399    0,20    0,00    0,00    0,00    0,20     7  glances
22:20:50        0      1412    0,20    0,00    0,00    0,00    0,20     0  tailscaled
22:20:50        0      1429    0,20    0,20    0,00    0,00    0,40     0  containerd
22:20:50        0      2497    0,20    0,40    0,00    0,00    0,60     2  dockerd
22:20:50      117      2498    0,60    0,40    0,00    0,00    1,00     5  grafana
22:20:50        0      2854    0,20    0,40    0,00    0,00    0,60     7  mount.ntfs-3g
22:20:50        0      2898    0,20    0,00    0,00    0,00    0,20     7  containerd-shim
22:20:50        0      2906    0,00    0,20    0,00    0,00    0,20     0  containerd-shim
22:20:50      999      3068    0,40    0,20    0,00    0,00    0,60     1  redis-server
22:20:50     1000      4205    7,80    4,00    0,00    0,20   11,80     3  gnome-shell
22:20:50     1000      4355    0,20    0,00    0,00    0,00    0,20     1  ibus-daemon
22:20:50     1000      4380    0,00    0,20    0,00    0,00    0,20     6  anydesk
22:20:50     1000      4385    0,20    0,00    0,00    0,00    0,20     5  ABDownloadManag
22:20:50     1000      4727    0,20    0,00    0,00    0,00    0,20     0  ibus-engine-sim
22:20:50     1000      5426    2,60    0,80    0,00    0,00    3,40     6  antigravity
22:20:50     1000      5730    5,80    1,80    0,00    0,60    7,60     7  antigravity
22:20:50     1000      5783    6,40    0,60    0,00    0,00    7,00     6  antigravity
22:20:50     1000      6128    1,40    1,20    0,00    0,20    2,60     1  language_server
22:20:50     1000      6237    0,40    0,40    0,00    0,00    0,80     0  antigravity
22:20:50     1000      6238    1,40    0,20    0,00    0,00    1,60     1  antigravity
22:20:50     1000      6299    0,20    0,20    0,00    0,00    0,40     2  antigravity
22:20:50     1000      7071    1,60    1,00    0,00    0,00    2,60     6  language_server
22:20:50     1000      8268    0,40    0,40    0,00    0,00    0,80     5  pidstat
22:20:50     1000      8301   29,00    3,00    0,00    0,00   32,00     1  java
22:20:50     1000     10403    0,60    0,00    0,00    0,00    0,60     2  gnome-terminal-

22:20:45      UID       PID  minflt/s  majflt/s     VSZ     RSS   %MEM  Command
22:20:50        0      1412      0,40      0,00 1355524  102760   0,63  tailscaled
22:20:50        0      2497      0,40      0,00 3427484  110276   0,68  dockerd
22:20:50        0      2898      6,80      0,00 1235608   14164   0,09  containerd-shim
22:20:50        0      2899      0,00      0,00 1235608   14196   0,09  containerd-shim
22:20:50        0      2900      3,60      0,00 1235608   14124   0,09  containerd-shim
22:20:50        0      2902      2,60      0,00 1235352   13772   0,08  containerd-shim
22:20:50        0      2906      1,40      0,00 1235608   13864   0,09  containerd-shim
22:20:50     1000      4205    581,00      0,00 5449868  295112   1,82  gnome-shell
22:20:50     1000      5426     36,20      0,00 1461669956  297708   1,83  antigravity
22:20:50     1000      5730      8,60      0,00 34359160  163204   1,01  antigravity
22:20:50     1000      5741      0,20      0,00 33914216   81552   0,50  antigravity
22:20:50     1000      5783    198,40      0,00 1463101592  475076   2,93  antigravity
22:20:50     1000      6224      0,20      0,00 50728556   64244   0,40  antigravity
22:20:50     1000      6236      4,00      0,00 1461347768  119256   0,73  antigravity
22:20:50     1000      6237     18,40      0,00 1461367108  131924   0,81  antigravity
22:20:50     1000      6238    225,80      0,00 1461351332  311316   1,92  antigravity
22:20:50     1000      6299      2,60      0,00 1461375356  125984   0,78  antigravity
22:20:50     1000      8301    599,40      0,00 8048772  426108   2,63  java
22:20:50     1000     10403      0,40      0,00  556940   57828   0,36  gnome-terminal-

22:20:45      UID       PID   kB_rd/s   kB_wr/s kB_ccwr/s iodelay  Command
22:20:50     1000      8268      0,00      1,33      0,00       0  pidstat
22:20:50     1000      8301      0,00      5,15      0,00       0  java

22:20:50      UID       PID    %usr %system  %guest   %wait    %CPU   CPU  Command
22:20:55        0         1    0,40    0,20    0,00    0,00    0,60     1  systemd
22:20:55        0        18    0,00    0,20    0,00    0,20    0,20     5  rcu_preempt
22:20:55        0        57    1,80    0,00    0,00    0,20    1,80     6  ksoftirqd/6
22:20:55        0       232    0,00    0,20    0,00    0,00    0,20     7  kworker/7:1H-events_highpri
22:20:55        0       372    0,20    0,00    0,00    0,00    0,20     2  systemd-journal
22:20:55        0       384    0,00    0,40    0,00    0,80    0,40     6  kworker/6:2-i915-unordered
22:20:55        0       434    0,20    0,20    0,00    0,00    0,40     0  systemd-udevd
22:20:55        0       603    0,00    0,80    0,00    0,00    0,80     0  irq/130-iwlwifi
22:20:55        0       634    0,00    0,20    0,00    0,00    0,20     2  kworker/u32:11-flush-8:0
22:20:55        0       681    0,00    0,40    0,00    0,20    0,40     6  kworker/u33:2-i915_flip
22:20:55      990       869    0,80    0,00    0,00    0,20    0,80     2  dbus-daemon
22:20:55      115       901    0,20    0,00    0,00    0,00    0,20     3  prometheus
22:20:55        0       909    0,20    0,00    0,00    0,00    0,20     4  systemd-logind
22:20:55        0      1050    0,20    0,20    0,00    0,20    0,40     1  NetworkManager
22:20:55        0      1412    0,20    0,00    0,00    0,00    0,20     0  tailscaled
22:20:55        0      1429    0,80    0,20    0,00    0,00    1,00     0  containerd
22:20:55        0      2497    1,00    0,60    0,00    0,00    1,60     2  dockerd
22:20:55      117      2498    0,80    0,20    0,00    0,00    1,00     5  grafana
22:20:55        0      2854    0,20    0,20    0,00    0,20    0,40     1  mount.ntfs-3g
22:20:55        0      2899    0,00    0,20    0,00    0,00    0,20     4  containerd-shim
22:20:55        0      2900    0,20    0,20    0,00    0,00    0,40     7  containerd-shim
22:20:55        0      2902    0,20    0,00    0,00    0,00    0,20     6  containerd-shim
22:20:55        0      2906    0,20    0,00    0,00    0,00    0,20     0  containerd-shim
22:20:55      999      3068    0,20    0,00    0,00    0,00    0,20     4  redis-server
22:20:55        0      3749    0,00    0,20    0,00    0,20    0,20     6  kworker/6:5-i915-unordered
22:20:55     1000      4052    0,40    0,00    0,00    0,00    0,40     0  systemd
22:20:55     1000      4205    6,80    4,60    0,00    0,20   11,40     7  gnome-shell
22:20:55     1000      4355    0,20    0,00    0,00    0,00    0,20     1  ibus-daemon
22:20:55     1000      4364    0,20    0,00    0,00    0,00    0,20     4  gsd-housekeepin
22:20:55     1000      4382    0,20    0,00    0,00    0,00    0,20     2  gsd-rfkill
22:20:55     1000      4385    0,00    0,40    0,00    0,00    0,40     5  ABDownloadManag
22:20:55     1000      4387    0,20    0,00    0,00    0,00    0,20     4  gsd-sharing
22:20:55     1000      4399    0,20    0,00    0,00    0,20    0,20     1  gnome-software
22:20:55     1000      4576    0,20    0,20    0,00    0,00    0,40     5  gvfs-udisks2-vo
22:20:55     1000      4664    0,20    0,00    0,00    0,00    0,20     1  goa-daemon
22:20:55     1000      4825    0,20    0,00    0,00    0,00    0,20     0  xdg-desktop-por
22:20:55     1000      5426    3,60    1,00    0,00    0,00    4,60     1  antigravity
22:20:55     1000      5730    6,20    1,20    0,00    0,00    7,40     1  antigravity
22:20:55     1000      5783   18,20    1,00    0,00    0,40   19,20     7  antigravity
22:20:55     1000      6128    1,20    0,80    0,00    0,00    2,00     4  language_server
22:20:55     1000      6237    0,80    0,20    0,00    0,20    1,00     5  antigravity
22:20:55     1000      6238    2,80    0,60    0,00    0,20    3,40     1  antigravity
22:20:55     1000      6299    0,20    0,20    0,00    0,00    0,40     4  antigravity
22:20:55     1000      7071    1,60    1,00    0,00    0,00    2,60     6  language_server
22:20:55     1000      7164    0,20    0,00    0,00    0,00    0,20     6  antigravity
22:20:55     1000      8268    0,00    0,20    0,00    0,00    0,20     3  pidstat
22:20:55     1000      8301   35,60    3,20    0,00    0,00   38,80     1  java
22:20:55     1000     10403    0,40    0,00    0,00    0,00    0,40     6  gnome-terminal-

22:20:50      UID       PID  minflt/s  majflt/s     VSZ     RSS   %MEM  Command
22:20:55        0         1     50,00      0,00   24716   14988   0,09  systemd
22:20:55        0       372     55,80      0,00  137820   82056   0,51  systemd-journal
22:20:55        0       434     92,40      0,00   37564   10916   0,07  systemd-udevd
22:20:55        0      1429      0,40      0,00 2537656   72924   0,45  containerd
22:20:55      114      1529      3,40      0,00  218252   29564   0,18  postgres
22:20:55        0      2497      2,00      0,00 3427484  110404   0,68  dockerd
22:20:55      117      2498      2,60      0,00 1765180  319596   1,97  grafana
22:20:55        0      2898      5,80      0,00 1235608   13524   0,08  containerd-shim
22:20:55        0      2899      6,60      0,00 1235608   13652   0,08  containerd-shim
22:20:55        0      2900      5,20      0,00 1235608   13440   0,08  containerd-shim
22:20:55        0      2902     14,00      0,00 1235352   13256   0,08  containerd-shim
22:20:55        0      2906      9,40      0,00 1235608   13232   0,08  containerd-shim
22:20:55     1000      4052      0,20      0,00   23516   13576   0,08  systemd
22:20:55     1000      4205     21,20      0,00 5449868  295112   1,82  gnome-shell
22:20:55     1000      4825      0,20      0,00  778336   19796   0,12  xdg-desktop-por
22:20:55     1000      5426     86,20      0,00 1461669956  298068   1,84  antigravity
22:20:55     1000      5730     16,00      0,00 34353080  163072   1,00  antigravity
22:20:55     1000      5741      0,40      0,00 33914216   81552   0,50  antigravity
22:20:55     1000      5783    502,60      0,00 1463101592  474272   2,92  antigravity
22:20:55     1000      6224      0,40      0,00 50728556   64244   0,40  antigravity
22:20:55     1000      6236      4,80      0,00 1461347768  119256   0,73  antigravity
22:20:55     1000      6237      8,40      0,00 1461367108  131924   0,81  antigravity
22:20:55     1000      6238     61,20      0,00 1461351332  311696   1,92  antigravity
22:20:55     1000      6299      9,20      0,00 1461375356  125984   0,78  antigravity
22:20:55     1000      7164      8,60      0,00 1459563320   98588   0,61  antigravity
22:20:55     1000      8301    154,40      0,00 8049800  429868   2,65  java
22:20:55        0     10655     49,20      0,00   37568    7084   0,04  (udev-worker)
22:20:55        0     10668     25,80      0,00   37568    6764   0,04  (udev-worker)
22:20:55        0     10670     25,40      0,00   37568    6764   0,04  (udev-worker)
22:20:55        0     10671     26,00      0,00   37568    6680   0,04  (udev-worker)
22:20:55        0     10672     33,40      0,00   37568    6764   0,04  (udev-worker)
22:20:55        0     10673     25,60      0,00   37568    6500   0,04  (udev-worker)
22:20:55        0     10675     25,60      0,00   37568    6764   0,04  (udev-worker)
22:20:55        0     10676     25,80      0,00   37568    6764   0,04  (udev-worker)
22:20:55        0     10677     25,60      0,00   37568    6764   0,04  (udev-worker)
22:20:55        0     10678     25,80      0,00   37568    6764   0,04  (udev-worker)
22:20:55        0     10679     24,60      0,00   37568    6764   0,04  (udev-worker)
22:20:55        0     10680     24,80      0,00   37568    6636   0,04  (udev-worker)
22:20:55        0     10681     54,40      0,00   37568    7020   0,04  (udev-worker)
22:20:55        0     10683     26,00      0,00   37568    6764   0,04  (udev-worker)
22:20:55        0     10684     24,20      0,00   37568    6764   0,04  (udev-worker)
22:20:55        0     10685     24,80      0,00   37568    6636   0,04  (udev-worker)

22:20:50      UID       PID   kB_rd/s   kB_wr/s kB_ccwr/s iodelay  Command
22:20:55     1000      8268      0,00      1,02      0,00       0  pidstat
22:20:55     1000      8301      0,00      6,70      0,00       0  java

22:20:55      UID       PID    %usr %system  %guest   %wait    %CPU   CPU  Command
22:21:00        0         1    0,20    0,00    0,00    0,00    0,20     0  systemd
22:21:00        0        27    0,20    0,00    0,00    0,00    0,20     1  ksoftirqd/1
22:21:00        0        57    1,80    0,00    0,00    0,00    1,80     6  ksoftirqd/6
22:21:00        0        80    0,20    0,00    0,00    0,00    0,20     5  kcompactd0
22:21:00        0        86    0,00    0,20    0,00    0,00    0,20     1  irq/9-acpi
22:21:00        0        95    0,00    0,20    0,00    0,00    0,20     0  kworker/0:1H-events_highpri
22:21:00        0       603    0,00    1,20    0,00    0,00    1,20     0  irq/130-iwlwifi
22:21:00        0       681    0,00    0,40    0,00    0,40    0,40     3  kworker/u33:2-i915_flip
22:21:00      990       869    0,60    0,00    0,00    0,00    0,60     5  dbus-daemon
22:21:00      115       897    1,20    0,60    0,00    0,00    1,80     6  prometheus-node
22:21:00      115       901    0,20    0,00    0,00    0,00    0,20     3  prometheus
22:21:00        0      1399    0,20    0,00    0,00    0,00    0,20     7  glances
22:21:00        0      1429    0,20    0,20    0,00    0,00    0,40     0  containerd
22:21:00        0      2497    0,20    0,20    0,00    0,00    0,40     2  dockerd
22:21:00      117      2498    0,60    0,20    0,00    0,00    0,80     5  grafana
22:21:00        0      2854    0,20    0,40    0,00    0,00    0,60     5  mount.ntfs-3g
22:21:00        0      2902    0,20    0,00    0,00    0,00    0,20     6  containerd-shim
22:21:00      999      3068    0,60    0,00    0,00    0,00    0,60     4  redis-server
22:21:00        0      3749    0,00    0,60    0,00    0,80    0,60     6  kworker/6:5-i915-unordered
22:21:00     1000      4205    7,60    4,80    0,00    0,00   12,40     4  gnome-shell
22:21:00     1000      4355    0,20    0,40    0,00    0,00    0,60     2  ibus-daemon
22:21:00     1000      4385    0,20    0,00    0,00    0,00    0,20     5  ABDownloadManag
22:21:00     1000      4727    0,20    0,00    0,00    0,00    0,20     4  ibus-engine-sim
22:21:00     1000      5426    2,60    1,00    0,00    0,00    3,60     0  antigravity
22:21:00     1000      5730    6,80    1,20    0,00    0,00    8,00     6  antigravity
22:21:00     1000      5783    7,20    0,60    0,00    0,00    7,80     5  antigravity
22:21:00     1000      6128    1,60    1,00    0,00    0,00    2,60     1  language_server
22:21:00     1000      6237    0,60    0,40    0,00    0,00    1,00     4  antigravity
22:21:00     1000      6238    1,60    0,20    0,00    0,00    1,80     6  antigravity
22:21:00     1000      6299    0,00    0,20    0,00    0,00    0,20     4  antigravity
22:21:00     1000      7071    1,60    1,00    0,00    0,00    2,60     6  language_server
22:21:00     1000      8268    0,20    0,40    0,00    0,00    0,60     3  pidstat
22:21:00     1000      8301   29,00    2,60    0,00    0,00   31,60     1  java
22:21:00     1000     10403    0,80    0,20    0,00    0,00    1,00     7  gnome-terminal-
22:21:00     1000     10772    1,40    0,00    0,00    0,00    1,40     1  ssh

22:20:55      UID       PID  minflt/s  majflt/s     VSZ     RSS   %MEM  Command
22:21:00        0         1      7,80      0,00   24716   14988   0,09  systemd
22:21:00        0       434      0,60      0,00   37564   10916   0,07  systemd-udevd
22:21:00      115       897     66,40      0,00 1614080   24532   0,15  prometheus-node
22:21:00        0      2898     10,80      0,00 1235608   13652   0,08  containerd-shim
22:21:00        0      2899     12,40      0,00 1235608   13908   0,09  containerd-shim
22:21:00        0      2900     11,60      0,00 1235608   13568   0,08  containerd-shim
22:21:00        0      2902     10,40      0,00 1235352   13384   0,08  containerd-shim
22:21:00        0      2906     12,20      0,00 1235608   13360   0,08  containerd-shim
22:21:00     1000      4205     17,60      0,00 5450388  295240   1,82  gnome-shell
22:21:00     1000      5426     47,00      0,00 1461669956  298100   1,84  antigravity
22:21:00     1000      5730      8,60      0,00 34353080  163200   1,01  antigravity
22:21:00     1000      5741      0,20      0,00 33914216   81552   0,50  antigravity
22:21:00     1000      5783    363,00      0,00 1463101592  477024   2,94  antigravity
22:21:00     1000      6224      0,20      0,00 50728556   64244   0,40  antigravity
22:21:00     1000      6236      7,80      0,00 1461347768  119128   0,73  antigravity
22:21:00     1000      6237     13,00      0,00 1461367108  131652   0,81  antigravity
22:21:00     1000      6238    120,20      0,00 1461351332  311380   1,92  antigravity
22:21:00     1000      6299      5,60      0,00 1461375356  125984   0,78  antigravity
22:21:00     1000      7164      2,80      0,00 1459563320   98588   0,61  antigravity
22:21:00     1000      8268      6,60      0,00    6316    5288   0,03  pidstat
22:21:00     1000      8301    124,00      0,00 8051856  434660   2,68  java
22:21:00     1000     10403      0,40      0,00  556940   57828   0,36  gnome-terminal-
22:21:00     1000     10410      6,00      0,00   13060    9884   0,06  bash
22:21:00     1000     10772    105,80      1,40   14176    8872   0,05  ssh

22:20:55      UID       PID   kB_rd/s   kB_wr/s kB_ccwr/s iodelay  Command
22:21:00     1000      8268      0,00      1,61      0,00       0  pidstat
22:21:00     1000      8301      1,60      9,88      0,00       0  java
22:21:00     1000     10772    202,40      0,00      0,00       0  ssh

22:21:00      UID       PID    %usr %system  %guest   %wait    %CPU   CPU  Command
22:21:05        0        17    0,20    0,00    0,00    0,00    0,20     0  ksoftirqd/0
22:21:05        0        57    0,20    1,40    0,00    0,00    1,60     6  ksoftirqd/6
22:21:05        0       250    0,00    0,20    0,00    0,00    0,20     4  kworker/4:2-events_power_efficient
22:21:05        0       603    0,00    1,00    0,00    0,00    1,00     0  irq/130-iwlwifi
22:21:05        0       681    0,00    0,20    0,00    0,60    0,20     1  kworker/u33:2-rb_allocator
22:21:05        0      1399    0,20    0,00    0,00    0,00    0,20     7  glances
22:21:05        0      1412    0,20    0,00    0,00    0,00    0,20     0  tailscaled
22:21:05        0      1429    0,20    0,20    0,00    0,00    0,40     0  containerd
22:21:05      111      1508    0,20    0,00    0,00    0,00    0,20     0  mariadbd
22:21:05        0      2497    0,40    0,20    0,00    0,00    0,60     2  dockerd
22:21:05      117      2498    0,40    0,20    0,00    0,00    0,60     5  grafana
22:21:05        0      2854    0,20    0,20    0,00    0,00    0,40     2  mount.ntfs-3g
22:21:05        0      2898    0,00    0,20    0,00    0,00    0,20     7  containerd-shim
22:21:05        0      2900    0,20    0,00    0,00    0,00    0,20     7  containerd-shim
22:21:05        0      2906    0,20    0,20    0,00    0,00    0,40     0  containerd-shim
22:21:05      999      3068    0,40    0,00    0,00    0,00    0,40     4  redis-server
22:21:05        0      3749    0,00    0,60    0,00    0,80    0,60     6  kworker/6:5-i915-unordered
22:21:05     1000      4205    6,59    4,79    0,00    0,20   11,38     5  gnome-shell
22:21:05     1000      4355    0,40    0,00    0,00    0,00    0,40     6  ibus-daemon
22:21:05     1000      4385    0,40    0,00    0,00    0,00    0,40     5  ABDownloadManag
22:21:05     1000      4503    0,00    0,20    0,00    0,00    0,20     4  ibus-extension-
22:21:05     1000      5426    2,79    0,80    0,00    0,20    3,59     1  antigravity
22:21:05     1000      5730    5,99    1,20    0,00    0,00    7,19     5  antigravity
22:21:05     1000      5783   15,57    0,60    0,00    0,20   16,17     3  antigravity
22:21:05     1000      6128    1,40    0,80    0,00   27,94    2,20     4  language_server
22:21:05     1000      6237    0,60    0,40    0,00    0,00    1,00     6  antigravity
22:21:05     1000      6238    1,00    0,40    0,00    0,00    1,40     2  antigravity
22:21:05     1000      6299    0,20    0,20    0,00    0,00    0,40     0  antigravity
22:21:05     1000      7071    1,40    0,80    0,00    0,00    2,20     6  language_server
22:21:05     1000      8268    0,20    0,20    0,00    0,00    0,40     2  pidstat
22:21:05     1000      8301   45,11    4,59    0,00    0,00   49,70     1  java
22:21:05     1000     10403    0,20    0,00    0,00    0,00    0,20     2  gnome-terminal-

22:21:00      UID       PID  minflt/s  majflt/s     VSZ     RSS   %MEM  Command
22:21:05        0      2898     13,37      0,00 1235608   14036   0,09  containerd-shim
22:21:05        0      2899     14,57      0,00 1235608   14164   0,09  containerd-shim
22:21:05        0      2900     13,57      0,00 1235608   13824   0,09  containerd-shim
22:21:05        0      2902     12,57      0,00 1235352   13512   0,08  containerd-shim
22:21:05        0      2906     13,77      0,00 1235608   13616   0,08  containerd-shim
22:21:05     1000      4164      3,59      0,00   10540    6552   0,04  ssh-agent
22:21:05     1000      4205     12,38      0,00 5443476  295240   1,82  gnome-shell
22:21:05     1000      4385      0,40      0,00 9286580  284544   1,75  ABDownloadManag
22:21:05     1000      5426     56,49      0,00 1461669956  298316   1,84  antigravity
22:21:05     1000      5730      9,58      0,00 34353080  163328   1,01  antigravity
22:21:05     1000      5741      0,20      0,00 33914216   81552   0,50  antigravity
22:21:05     1000      5783    186,03      0,00 1463101592  468128   2,88  antigravity
22:21:05     1000      6224      0,20      0,00 50728556   64244   0,40  antigravity
22:21:05     1000      6236      3,99      0,00 1461347768  119128   0,73  antigravity
22:21:05     1000      6237     39,92      0,00 1461367108  131736   0,81  antigravity
22:21:05     1000      6238     39,52      0,00 1461351332  311364   1,92  antigravity
22:21:05     1000      6299    173,85      0,00 1461375356  125684   0,77  antigravity
22:21:05     1000      8268      0,40      0,00    6316    5288   0,03  pidstat
22:21:05     1000      8301   1059,48      0,00 8051856  469624   2,89  java
22:21:05     1000     10403      0,40      0,00  556940   57828   0,36  gnome-terminal-

22:21:00      UID       PID   kB_rd/s   kB_wr/s kB_ccwr/s iodelay  Command
22:21:05     1000      8268      0,00      1,09      0,00       0  pidstat
22:21:05     1000      8301      0,00     11,38      0,00       0  java

22:21:05      UID       PID    %usr %system  %guest   %wait    %CPU   CPU  Command
22:21:10        0        51    0,20    0,00    0,00    0,00    0,20     5  ksoftirqd/5
22:21:10        0        57    0,00    1,80    0,00    0,00    1,80     6  ksoftirqd/6
22:21:10        0       118    0,00    0,60    0,00    0,00    0,60     4  kworker/u33:0-i915_flip
22:21:10        0       185    0,00    0,20    0,00    0,00    0,20     3  kworker/3:1-events
22:21:10        0       317    0,00    0,20    0,00    0,00    0,20     0  kworker/0:2-events
22:21:10        0       603    0,00    1,40    0,00    0,00    1,40     0  irq/130-iwlwifi
22:21:10      115       901    0,20    0,00    0,00    0,00    0,20     3  prometheus
22:21:10        0      1399    0,20    0,00    0,00    0,00    0,20     7  glances
22:21:10        0      1412    0,20    0,00    0,00    0,00    0,20     0  tailscaled
22:21:10        0      1429    0,20    0,20    0,00    0,00    0,40     0  containerd
22:21:10        0      2497    0,20    0,20    0,00    0,00    0,40     2  dockerd
22:21:10      117      2498    0,60    0,40    0,00    0,00    1,00     5  grafana
22:21:10        0      2854    0,20    0,20    0,00    0,00    0,40     3  mount.ntfs-3g
22:21:10        0      2898    0,20    0,00    0,00    0,00    0,20     7  containerd-shim
22:21:10        0      2899    0,20    0,00    0,00    0,00    0,20     4  containerd-shim
22:21:10        0      2902    0,00    0,20    0,00    0,00    0,20     6  containerd-shim
22:21:10      999      3068    0,40    0,20    0,00    0,00    0,60     6  redis-server
22:21:10        0      3749    0,00    0,40    0,00    0,80    0,40     6  kworker/6:5-i915-unordered
22:21:10     1000      4205    8,20    3,20    0,00    0,00   11,40     7  gnome-shell
22:21:10     1000      4355    0,00    0,20    0,00    0,00    0,20     6  ibus-daemon
22:21:10     1000      4385    0,20    0,00    0,00    0,00    0,20     5  ABDownloadManag
22:21:10     1000      4727    0,20    0,00    0,00    0,00    0,20     6  ibus-engine-sim
22:21:10     1000      4825    0,20    0,00    0,00    0,00    0,20     0  xdg-desktop-por
22:21:10     1000      4853    0,20    0,00    0,00    0,00    0,20     4  xdg-desktop-por
22:21:10     1000      5426    2,60    1,00    0,00    0,00    3,60     1  antigravity
22:21:10     1000      5730    5,80    1,60    0,00    0,00    7,40     2  antigravity
22:21:10     1000      5783    5,40    0,60    0,00    0,00    6,00     1  antigravity
22:21:10     1000      6128    1,20    1,20    0,00    0,00    2,40     6  language_server
22:21:10     1000      6237    0,80    0,00    0,00    0,00    0,80     0  antigravity
22:21:10     1000      6238    1,00    0,20    0,00    0,00    1,20     3  antigravity
22:21:10     1000      6299    0,20    0,00    0,00    0,00    0,20     1  antigravity
22:21:10     1000      7071    1,60    0,80    0,00    0,00    2,40     6  language_server
22:21:10     1000      8268    0,20    0,40    0,00    0,00    0,60     4  pidstat
22:21:10     1000      8301   21,40    2,80    0,00    0,00   24,20     1  java
22:21:10     1000     10403    0,20    0,00    0,00    0,00    0,20     7  gnome-terminal-

22:21:05      UID       PID  minflt/s  majflt/s     VSZ     RSS   %MEM  Command
22:21:10      115       901      0,20      0,00 2470244  105060   0,65  prometheus
22:21:10        0      2497      0,80      0,00 3427484  110404   0,68  dockerd
22:21:10        0      2898     15,60      0,00 1235608   14292   0,09  containerd-shim
22:21:10        0      2899      7,80      0,00 1235608   14292   0,09  containerd-shim
22:21:10        0      2900      9,60      0,00 1235608   13824   0,09  containerd-shim
22:21:10        0      2902      8,40      0,00 1235352   13640   0,08  containerd-shim
22:21:10        0      2906      3,60      0,00 1235608   13616   0,08  containerd-shim
22:21:10     1000      4205     16,40      0,00 5443732  295240   1,82  gnome-shell
22:21:10     1000      4385      0,20      0,00 9286580  284544   1,75  ABDownloadManag
22:21:10     1000      5426     37,60      0,00 1461669956  298116   1,84  antigravity
22:21:10     1000      5730      8,40      0,00 34353080  163328   1,01  antigravity
22:21:10     1000      5741      0,20      0,00 33914216   81552   0,50  antigravity
22:21:10     1000      5783    124,00      0,00 1463101592  469100   2,89  antigravity
22:21:10     1000      6224      0,20      0,00 50728556   64244   0,40  antigravity
22:21:10     1000      6236      4,60      0,00 1461347768  119128   0,73  antigravity
22:21:10     1000      6237     32,20      0,00 1461367108  132244   0,81  antigravity
22:21:10     1000      6238     38,60      0,00 1461351332  311748   1,92  antigravity
22:21:10     1000      6299     12,00      0,00 1461375356  125684   0,77  antigravity
22:21:10     1000      8301     56,40      0,00 8051856  469488   2,89  java
22:21:10     1000     10403     15,20      0,00  556940   57828   0,36  gnome-terminal-
22:21:10     1000     10772     13,20      0,00   14436    9128   0,06  ssh

22:21:05      UID       PID   kB_rd/s   kB_wr/s kB_ccwr/s iodelay  Command
22:21:10     1000      8268      0,00      0,97      0,00       0  pidstat
22:21:10     1000      8301      0,00     14,51      0,00       0  java

22:21:10      UID       PID    %usr %system  %guest   %wait    %CPU   CPU  Command
22:21:15        0         1    0,20    0,00    0,00    0,00    0,20     0  systemd
22:21:15        0        33    0,20    0,00    0,00    0,00    0,20     2  ksoftirqd/2
22:21:15        0        39    0,20    0,00    0,00    0,00    0,20     3  ksoftirqd/3
22:21:15        0        45    0,00    0,20    0,00    0,00    0,20     4  ksoftirqd/4
22:21:15        0        57    0,00    1,80    0,00    0,00    1,80     6  ksoftirqd/6
22:21:15        0       118    0,00    0,40    0,00    0,40    0,40     0  kworker/u33:0-i915_flip
22:21:15        0       603    0,00    1,40    0,00    0,00    1,40     0  irq/130-iwlwifi
22:21:15      990       869    0,80    0,20    0,00    0,00    1,00     6  dbus-daemon
22:21:15      115       897    1,60    0,40    0,00    0,00    2,00     6  prometheus-node
22:21:15      115       901    0,20    0,20    0,00    0,00    0,40     3  prometheus
22:21:15        0      1412    0,00    0,20    0,00    0,00    0,20     0  tailscaled
22:21:15        0      1429    0,20    0,00    0,00    0,00    0,20     0  containerd
22:21:15        0      1432    0,00    0,20    0,00    0,00    0,20     0  anydesk
22:21:15        0      2497    0,40    0,00    0,00    0,00    0,40     2  dockerd
22:21:15      117      2498    0,60    0,00    0,00    0,00    0,60     5  grafana
22:21:15        0      2854    0,40    0,00    0,00    0,00    0,40     2  mount.ntfs-3g
22:21:15        0      2899    0,00    0,20    0,00    0,00    0,20     4  containerd-shim
22:21:15      999      3068    0,40    0,00    0,00    0,00    0,40     6  redis-server
22:21:15        0      3749    0,00    0,60    0,00    0,60    0,60     6  kworker/6:5-i915-unordered
22:21:15     1000      4075    0,00    0,20    0,00    0,20    0,20     5  dbus-daemon
22:21:15     1000      4205    5,80    5,00    0,00    0,20   10,80     2  gnome-shell
22:21:15     1000      4385    0,40    0,00    0,00    0,00    0,40     5  ABDownloadManag
22:21:15     1000      5426    2,20    1,40    0,00    0,00    3,60     6  antigravity
22:21:15     1000      5730    6,00    1,40    0,00    0,00    7,40     4  antigravity
22:21:15     1000      5783    5,20    0,80    0,00    0,00    6,00     7  antigravity
22:21:15     1000      6128    2,00    1,00    0,00    0,20    3,00     7  language_server
22:21:15     1000      6237    0,40    0,60    0,00    0,00    1,00     1  antigravity
22:21:15     1000      6238    1,00    0,20    0,00    0,00    1,20     2  antigravity
22:21:15     1000      6299    0,20    0,20    0,00    0,00    0,40     0  antigravity
22:21:15     1000      7071    1,40    1,20    0,00    0,00    2,60     6  language_server
22:21:15     1000      8268    0,20    0,40    0,00    0,00    0,60     1  pidstat
22:21:15     1000      8301   20,60    4,40    0,00    0,00   25,00     1  java
22:21:15     1000     10403    0,20    0,00    0,00    0,00    0,20     4  gnome-terminal-

22:21:10      UID       PID  minflt/s  majflt/s     VSZ     RSS   %MEM  Command
22:21:15        0       372      0,80      0,00  146016   82056   0,51  systemd-journal
22:21:15      115       897     81,20      0,00 1614080   24716   0,15  prometheus-node
22:21:15      114      1529      3,80      0,00  218252   29564   0,18  postgres
22:21:15      114      1614     13,40      0,00  218404    8892   0,05  postgres
22:21:15        0      2497      0,40      0,00 3427484  110404   0,68  dockerd
22:21:15        0      2898      9,80      0,00 1235608   14292   0,09  containerd-shim
22:21:15        0      2899      0,60      0,00 1235608   14292   0,09  containerd-shim
22:21:15        0      2900      0,40      0,00 1235608   13824   0,09  containerd-shim
22:21:15        0      2902      0,20      0,00 1235352   13640   0,08  containerd-shim
22:21:15        0      2906      2,00      0,00 1235608   13616   0,08  containerd-shim
22:21:15     1000      4205    185,40      0,00 5443732  295240   1,82  gnome-shell
22:21:15     1000      4357      0,20      0,00  408556   20160   0,12  gsd-color
22:21:15     1000      4385      0,20      0,00 9286580  284544   1,75  ABDownloadManag
22:21:15     1000      5426     51,20      0,00 1461669956  297928   1,84  antigravity
22:21:15     1000      5730     16,00      0,00 34353016  163456   1,01  antigravity
22:21:15     1000      5741      0,40      0,00 33914216   81552   0,50  antigravity
22:21:15     1000      5783    113,20      0,00 1463101592  471276   2,90  antigravity
22:21:15     1000      5829      2,00      0,00 1459611400  172924   1,07  antigravity
22:21:15     1000      6128      0,60      0,00 4909112  381008   2,35  language_server
22:21:15     1000      6224      0,40      0,00 50728556   64244   0,40  antigravity
22:21:15     1000      6236      3,80      0,00 1461347768  119128   0,73  antigravity
22:21:15     1000      6237     26,60      0,00 1461367108  132204   0,81  antigravity
22:21:15     1000      6238     48,80      0,00 1461351332  312108   1,92  antigravity
22:21:15     1000      6299      2,60      0,00 1461375356  125684   0,77  antigravity
22:21:15     1000      8301     75,20      0,00 8051856  522312   3,22  java

22:21:10      UID       PID   kB_rd/s   kB_wr/s kB_ccwr/s iodelay  Command
22:21:15     1000      8268      0,00      1,03      0,00       0  pidstat
22:21:15     1000      8301      0,00     14,54      0,00       0  java

22:21:15      UID       PID    %usr %system  %guest   %wait    %CPU   CPU  Command
22:21:20        0        18    0,00    0,20    0,00    0,00    0,20     4  rcu_preempt
22:21:20        0        57    0,00    1,80    0,00    0,00    1,80     6  ksoftirqd/6
22:21:20        0        86    0,00    0,20    0,00    0,00    0,20     1  irq/9-acpi
22:21:20        0       118    0,00    0,20    0,00    0,00    0,20     6  kworker/u33:0-rb_allocator
22:21:20        0       225    0,00    0,20    0,00    0,00    0,20     6  kworker/6:1H-events_highpri
22:21:20        0       603    0,00    1,40    0,00    0,00    1,40     0  irq/130-iwlwifi
22:21:20        0       681    0,00    0,20    0,00    0,00    0,20     1  kworker/u33:2-i915_flip
22:21:20      102       862    0,20    0,00    0,00    0,00    0,20     0  avahi-daemon
22:21:20      990       869    0,20    0,00    0,00    0,00    0,20     6  dbus-daemon
22:21:20        0      1399    0,20    0,00    0,00    0,00    0,20     7  glances
22:21:20        0      1429    0,00    0,40    0,00    0,00    0,40     0  containerd
22:21:20        0      2497    0,20    0,40    0,00    0,00    0,60     2  dockerd
22:21:20      117      2498    0,60    0,20    0,00    0,00    0,80     5  grafana
22:21:20        0      2854    0,00    0,40    0,00    0,00    0,40     1  mount.ntfs-3g
22:21:20        0      2898    0,00    0,20    0,00    0,00    0,20     7  containerd-shim
22:21:20        0      2900    0,00    0,20    0,00    0,00    0,20     7  containerd-shim
22:21:20        0      2902    0,20    0,00    0,00    0,00    0,20     6  containerd-shim
22:21:20        0      2906    0,20    0,00    0,00    0,00    0,20     0  containerd-shim
22:21:20      999      3068    0,40    0,00    0,00    0,00    0,40     1  redis-server
22:21:20        0      3749    0,00    0,60    0,00    1,00    0,60     6  kworker/6:5-i915-unordered
22:21:20     1000      4075    0,20    0,00    0,00    0,00    0,20     5  dbus-daemon
22:21:20     1000      4205    7,80    4,20    0,00    0,00   12,00     0  gnome-shell
22:21:20     1000      4355    0,00    0,20    0,00    0,00    0,20     5  ibus-daemon
22:21:20     1000      4385    0,80    0,20    0,00    0,00    1,00     5  ABDownloadManag
22:21:20     1000      4825    0,00    0,20    0,00    0,00    0,20     4  xdg-desktop-por
22:21:20     1000      5426    2,20    1,40    0,00    0,00    3,60     4  antigravity
22:21:20     1000      5730    6,20    1,60    0,00    0,20    7,80     2  antigravity
22:21:20     1000      5783    6,00    0,60    0,00    0,00    6,60     4  antigravity
22:21:20     1000      6128    1,40    1,00    0,00    0,00    2,40     5  language_server
22:21:20     1000      6237    1,00    0,00    0,00    0,00    1,00     7  antigravity
22:21:20     1000      6238    1,40    0,00    0,00    0,00    1,40     5  antigravity
22:21:20     1000      6299    0,20    0,00    0,00    0,00    0,20     5  antigravity
22:21:20     1000      7071    1,60    1,00    0,00    0,00    2,60     6  language_server
22:21:20     1000      7164    0,60    0,20    0,00    0,00    0,80     1  antigravity
22:21:20     1000      7191    3,00    0,20    0,00    0,00    3,20     5  antigravity
22:21:20     1000      8268    0,00    0,20    0,00    0,00    0,20     1  pidstat
22:21:20     1000      8301   28,20    4,60    0,00    0,00   32,80     1  java
22:21:20     1000     10403    1,20    0,20    0,00    0,00    1,40     6  gnome-terminal-
22:21:20     1000     10772    0,20    0,00    0,00    0,00    0,20     7  ssh

22:21:15      UID       PID  minflt/s  majflt/s     VSZ     RSS   %MEM  Command
22:21:20        0      2497      0,60      0,20 3427484  110532   0,68  dockerd
22:21:20        0      2898     12,40      0,00 1235608   13900   0,09  containerd-shim
22:21:20        0      2899      5,00      0,00 1235608   14292   0,09  containerd-shim
22:21:20        0      2900     12,80      0,00 1235608   13692   0,08  containerd-shim
22:21:20        0      2902      0,40      0,00 1235352   13640   0,08  containerd-shim
22:21:20        0      2906      7,20      0,00 1235608   13744   0,08  containerd-shim
22:21:20     1000      4205     26,60      0,00 5451644  295368   1,82  gnome-shell
22:21:20     1000      4385      0,20      0,00 9286580  284544   1,75  ABDownloadManag
22:21:20     1000      4727      0,20      0,00  169392    7136   0,04  ibus-engine-sim
22:21:20     1000      5426     75,40      0,00 1461669956  298084   1,84  antigravity
22:21:20     1000      5730      8,80      0,00 34353144  163316   1,01  antigravity
22:21:20     1000      5741      0,20      0,00 33914216   81552   0,50  antigravity
22:21:20     1000      5783    190,60      0,00 1463101656  474144   2,92  antigravity
22:21:20     1000      5829      0,00      0,00 1459611400  172656   1,06  antigravity
22:21:20     1000      6224      0,20      0,00 50728556   64244   0,40  antigravity
22:21:20     1000      6236      8,00      0,00 1461347768  119128   0,73  antigravity
22:21:20     1000      6237     28,40      0,00 1461367108  131912   0,81  antigravity
22:21:20     1000      6238     48,00      0,00 1461351332  311724   1,92  antigravity
22:21:20     1000      6299      2,40      0,00 1461375356  125684   0,77  antigravity
22:21:20     1000      7164     84,40      0,00 1459563320   96244   0,59  antigravity
22:21:20     1000      7191    500,20      0,00 1459530600  146320   0,90  antigravity
22:21:20     1000      8301     77,80      0,00 8052884  523208   3,22  java
22:21:20     1000     10403    132,60      0,00  559236   58724   0,36  gnome-terminal-

22:21:15      UID       PID   kB_rd/s   kB_wr/s kB_ccwr/s iodelay  Command
22:21:20     1000      5426      0,00     16,80      0,00       0  antigravity
22:21:20     1000      8268      0,00      1,06      0,00       0  pidstat
22:21:20     1000      8301      0,00     19,20      0,00       0  java

22:21:20      UID       PID    %usr %system  %guest   %wait    %CPU   CPU  Command
22:21:25        0        57    0,00    1,80    0,00    0,00    1,80     6  ksoftirqd/6
22:21:25        0        63    0,20    0,00    0,00    0,00    0,20     7  ksoftirqd/7
22:21:25        0        71    0,00    0,20    0,00    0,00    0,20     1  kworker/u32:5-kvfree_rcu_reclaim
22:21:25        0       603    0,00    1,60    0,00    0,00    1,60     0  irq/130-iwlwifi
22:21:25        0       681    0,00    0,40    0,00    0,60    0,40     1  kworker/u33:2-rb_allocator
22:21:25      115       901    0,20    0,00    0,00    0,00    0,20     3  prometheus
22:21:25        0      1399    0,20    0,00    0,00    0,00    0,20     7  glances
22:21:25        0      1429    0,40    0,20    0,00    0,00    0,60     0  containerd
22:21:25        0      1796    0,00    0,20    0,00    0,00    0,20     7  kworker/7:3-events
22:21:25        0      2497    0,20    0,20    0,00    0,00    0,40     2  dockerd
22:21:25      117      2498    0,80    0,40    0,00    0,00    1,20     5  grafana
22:21:25        0      2854    0,20    0,20    0,00    0,00    0,40     0  mount.ntfs-3g
22:21:25        0      2898    0,00    0,20    0,00    0,00    0,20     7  containerd-shim
22:21:25        0      2899    0,20    0,00    0,00    0,00    0,20     4  containerd-shim
22:21:25        0      2900    0,00    0,20    0,00    0,00    0,20     7  containerd-shim
22:21:25        0      2906    0,00    0,20    0,00    0,00    0,20     0  containerd-shim
22:21:25      999      3068    0,40    0,00    0,00    0,00    0,40     0  redis-server
22:21:25        0      3749    0,00    0,60    0,00    0,80    0,60     6  kworker/6:5-i915-unordered
22:21:25     1000      4205    6,80    4,20    0,00    0,00   11,00     3  gnome-shell
22:21:25     1000      4385    0,20    0,00    0,00    0,00    0,20     5  ABDownloadManag
22:21:25     1000      5426    2,60    1,00    0,00    0,20    3,60     7  antigravity
22:21:25     1000      5730    5,80    1,80    0,00    0,00    7,60     1  antigravity
22:21:25     1000      5783    5,80    0,60    0,00    0,00    6,40     1  antigravity
22:21:25     1000      6128    1,60    1,00    0,00    0,00    2,60     4  language_server
22:21:25     1000      6236    0,20    0,00    0,00    0,00    0,20     7  antigravity
22:21:25     1000      6237    0,60    0,20    0,00    0,40    0,80     2  antigravity
22:21:25     1000      6238    1,20    0,20    0,00    1,80    1,40     3  antigravity
22:21:25     1000      6299    0,00    0,20    0,00    0,00    0,20     0  antigravity
22:21:25     1000      7071    1,60    0,80    0,00    0,00    2,40     6  language_server
22:21:25     1000      8268    0,40    0,20    0,00    0,00    0,60     2  pidstat
22:21:25     1000      8301   33,00    3,60    0,00    0,00   36,60     1  java
22:21:25     1000     10403    0,40    0,00    0,00    0,00    0,40     0  gnome-terminal-
22:21:25     1000     10772    0,20    0,20    0,00    0,00    0,40     3  ssh

22:21:20      UID       PID  minflt/s  majflt/s     VSZ     RSS   %MEM  Command
22:21:25        0      1429      2,20      0,00 2537656   72784   0,45  containerd
22:21:25      117      2498      5,00      0,00 1765120  319596   1,97  grafana
22:21:25        0      2898      7,20      0,00 1235608   13396   0,08  containerd-shim
22:21:25        0      2899     10,20      0,00 1235608   13648   0,08  containerd-shim
22:21:25        0      2900      7,20      0,00 1235608   13012   0,08  containerd-shim
22:21:25        0      2902      7,60      0,00 1235352   13232   0,08  containerd-shim
22:21:25        0      2906     10,40      0,00 1235608   13352   0,08  containerd-shim
22:21:25      117      3039      0,00      0,00 1296316   33176   0,20  gpx_grafana_ela
22:21:25       70      3063      4,40      0,00  174540   25872   0,16  postgres
22:21:25        0      3082      0,20      0,00  742736   76572   0,47  node
22:21:25       70      3488     10,80      0,00  174664    7008   0,04  postgres
22:21:25       70      3491     11,00      0,00  174664    6860   0,04  postgres
22:21:25     1000      4205      3,60      0,00 5451708  295368   1,82  gnome-shell
22:21:25     1000      5426     34,80      0,00 1461669956  297956   1,84  antigravity
22:21:25     1000      5730      8,20      0,00 34353080  163316   1,01  antigravity
22:21:25     1000      5741      0,20      0,00 33914216   81552   0,50  antigravity
22:21:25     1000      5783    155,80      0,00 1463101656  476568   2,94  antigravity
22:21:25     1000      6224      0,20      0,00 50728556   64244   0,40  antigravity
22:21:25     1000      6236     10,20      0,00 1461347768  119128   0,73  antigravity
22:21:25     1000      6237     10,60      0,00 1461367108  131760   0,81  antigravity
22:21:25     1000      6238     44,60      0,00 1461351332  312088   1,92  antigravity
22:21:25     1000      6299     11,40      0,00 1461375356  125684   0,77  antigravity
22:21:25     1000      8301     51,20      0,00 8052884  524488   3,23  java

22:21:20      UID       PID   kB_rd/s   kB_wr/s kB_ccwr/s iodelay  Command
22:21:25     1000      8268      0,00      1,15      0,00       0  pidstat
22:21:25     1000      8301      0,00     20,73      0,00       0  java

22:21:25      UID       PID    %usr %system  %guest   %wait    %CPU   CPU  Command
22:21:30        0         1    0,00    0,20    0,00    0,20    0,20     5  systemd
22:21:30        0        57    0,00    1,60    0,00    0,20    1,60     6  ksoftirqd/6
22:21:30        0        68    0,00    0,20    0,00    0,00    0,20     4  kworker/u32:2-flush-8:0
22:21:30        0       118    0,00    0,40    0,00    0,40    0,40     2  kworker/u33:0-rb_allocator
22:21:30        0       372    0,00    0,20    0,00    0,00    0,20     2  systemd-journal
22:21:30        0       603    0,00    1,60    0,00    0,00    1,60     0  irq/130-iwlwifi
22:21:30      990       869    0,60    0,20    0,00    0,00    0,80     1  dbus-daemon
22:21:30      115       897    1,40    0,60    0,00    0,20    2,00     0  prometheus-node
22:21:30      115       901    0,20    0,00    0,00    0,00    0,20     3  prometheus
22:21:30        0      1429    0,20    0,20    0,00    0,00    0,40     0  containerd
22:21:30        0      2497    0,40    0,20    0,00    0,00    0,60     2  dockerd
22:21:30      117      2498    0,60    0,40    0,00    0,00    1,00     5  grafana
22:21:30        0      2854    0,20    0,20    0,00    0,00    0,40     5  mount.ntfs-3g
22:21:30        0      2899    0,00    0,20    0,00    0,00    0,20     4  containerd-shim
22:21:30        0      2902    0,20    0,00    0,00    0,00    0,20     6  containerd-shim
22:21:30      999      3068    0,40    0,00    0,00    0,00    0,40     6  redis-server
22:21:30        0      3749    0,00    0,40    0,00    1,00    0,40     6  kworker/6:5-i915-unordered
22:21:30     1000      4205    8,40    5,40    0,00    0,40   13,80     3  gnome-shell
22:21:30     1000      4355    0,20    0,00    0,00    0,00    0,20     4  ibus-daemon
22:21:30     1000      4385    0,00    0,20    0,00    0,00    0,20     5  ABDownloadManag
22:21:30     1000      4825    0,20    0,00    0,00    0,00    0,20     0  xdg-desktop-por
22:21:30     1000      5426    2,20    1,60    0,00    0,00    3,80     7  antigravity
22:21:30     1000      5730    6,40    1,20    0,00    0,00    7,60     4  antigravity
22:21:30     1000      5783   18,20    0,80    0,00    0,00   19,00     7  antigravity
22:21:30     1000      6128    1,00    1,60    0,00    0,20    2,60     1  language_server
22:21:30     1000      6237    1,00    0,20    0,00    0,00    1,20     1  antigravity
22:21:30     1000      6238    1,00    0,20    0,00    0,00    1,20     6  antigravity
22:21:30     1000      6299    0,20    0,00    0,00    0,00    0,20     6  antigravity
22:21:30     1000      7071    1,20    1,40    0,00    0,00    2,60     6  language_server
22:21:30     1000      8268    0,20    0,20    0,00    0,00    0,40     2  pidstat
22:21:30     1000      8301   21,60    4,20    0,00    0,00   25,80     1  java
22:21:30     1000     10403    2,20    0,20    0,00    0,00    2,40     2  gnome-terminal-

22:21:25      UID       PID  minflt/s  majflt/s     VSZ     RSS   %MEM  Command
22:21:30        0       372     26,40      0,20  146016   82348   0,51  systemd-journal
22:21:30      115       897     73,20      0,00 1614080   24692   0,15  prometheus-node
22:21:30      115       901      4,00      0,00 2470244  105060   0,65  prometheus
22:21:30        0      1429      2,20      0,00 2537656   72784   0,45  containerd
22:21:30        0      2497      0,40      0,00 3427484  110532   0,68  dockerd
22:21:30        0      2898     13,00      0,00 1235608   13652   0,08  containerd-shim
22:21:30        0      2899     12,40      0,00 1235608   13776   0,08  containerd-shim
22:21:30        0      2900     15,40      0,00 1235608   13268   0,08  containerd-shim
22:21:30        0      2902      9,60      0,00 1235352   13360   0,08  containerd-shim
22:21:30        0      2906     11,40      0,00 1235608   13608   0,08  containerd-shim
22:21:30       70      3489      0,20      0,00  174636    5932   0,04  postgres
22:21:30     1000      4205     89,00      0,00 5523204  307772   1,90  gnome-shell
22:21:30     1000      5426     62,60      0,00 1461669956  297992   1,84  antigravity
22:21:30     1000      5730      8,40      0,00 34353080  163316   1,01  antigravity
22:21:30     1000      5741      0,20      0,00 33914216   81552   0,50  antigravity
22:21:30     1000      5783    349,60      0,00 1463101656  468664   2,89  antigravity
22:21:30     1000      6224      0,20      0,00 50728556   64244   0,40  antigravity
22:21:30     1000      6236      4,40      0,00 1461347768  119128   0,73  antigravity
22:21:30     1000      6237     39,20      0,00 1461367108  132124   0,81  antigravity
22:21:30     1000      6238     33,60      0,00 1461351332  311952   1,92  antigravity
22:21:30     1000      6299     11,40      0,00 1461375356  125812   0,78  antigravity
22:21:30     1000      6689      0,20      0,00 1476307752  119724   0,74  antigravity
22:21:30     1000      7164      8,20      0,00 1459563320   96500   0,59  antigravity
22:21:30     1000      8301     55,00      0,00 8052884  562228   3,46  java
22:21:30     1000     10403   1030,20      0,00  571868   71356   0,44  gnome-terminal-
22:21:30     1000     10772      0,20      0,00   14436    9128   0,06  ssh

22:21:25      UID       PID   kB_rd/s   kB_wr/s kB_ccwr/s iodelay  Command
22:21:30     1000      8268      0,00      1,03      0,00       0  pidstat
22:21:30     1000      8301      0,00     22,34      0,00       0  java
22:21:30     1000     10403      1,60      0,00      0,00       0  gnome-terminal-

22:21:30      UID       PID    %usr %system  %guest   %wait    %CPU   CPU  Command
22:21:35        0        17    0,20    0,00    0,00    0,00    0,20     0  ksoftirqd/0
22:21:35        0        27    0,20    0,00    0,00    0,00    0,20     1  ksoftirqd/1
22:21:35        0        57    0,00    1,80    0,00    0,00    1,80     6  ksoftirqd/6
22:21:35        0       118    0,00    0,20    0,00    0,20    0,20     6  kworker/u33:0-rb_allocator
22:21:35        0       317    0,00    0,20    0,00    0,00    0,20     0  kworker/0:2-events
22:21:35        0       603    0,00    1,80    0,00    0,00    1,80     0  irq/130-iwlwifi
22:21:35      115       901    0,60    0,00    0,00    0,00    0,60     5  prometheus
22:21:35        0      1399    0,20    0,00    0,00    0,00    0,20     7  glances
22:21:35        0      1412    0,20    0,00    0,00    0,00    0,20     0  tailscaled
22:21:35        0      1429    0,20    0,00    0,00    0,00    0,20     0  containerd
22:21:35        0      2497    0,60    0,00    0,00    0,00    0,60     2  dockerd
22:21:35      117      2498    0,40    0,40    0,00    0,00    0,80     5  grafana
22:21:35        0      2854    0,20    0,20    0,00    0,00    0,40     1  mount.ntfs-3g
22:21:35        0      2898    0,20    0,00    0,00    0,00    0,20     7  containerd-shim
22:21:35        0      2899    0,20    0,00    0,00    0,00    0,20     4  containerd-shim
22:21:35        0      2900    0,20    0,00    0,00    0,00    0,20     7  containerd-shim
22:21:35        0      2902    0,00    0,20    0,00    0,00    0,20     6  containerd-shim
22:21:35        0      2906    0,00    0,20    0,00    0,00    0,20     0  containerd-shim
22:21:35      999      3068    0,40    0,20    0,00    0,00    0,60     6  redis-server
22:21:35        0      3749    0,00    0,60    0,00    1,00    0,60     6  kworker/6:5-i915-unordered
22:21:35     1000      4205    6,40    4,80    0,00    0,00   11,20     0  gnome-shell
22:21:35     1000      4385    0,20    0,00    0,00    0,00    0,20     5  ABDownloadManag
22:21:35     1000      5426    2,60    0,80    0,00    0,00    3,40     4  antigravity
22:21:35     1000      5730    5,80    1,60    0,00    0,00    7,40     4  antigravity
22:21:35     1000      5783    5,20    1,40    0,00    0,00    6,60     1  antigravity
22:21:35     1000      6128    2,20    1,40    0,00    0,00    3,60     0  language_server
22:21:35     1000      6237    0,60    0,20    0,00    0,00    0,80     7  antigravity
22:21:35     1000      6238    1,20    0,20    0,00    0,00    1,40     5  antigravity
22:21:35     1000      6299    0,40    0,20    0,00    0,00    0,60     5  antigravity
22:21:35     1000      7071    1,60    1,00    0,00    0,00    2,60     6  language_server
22:21:35     1000      7192   10,60    0,60    0,00    0,20   11,20     5  antigravity
22:21:35     1000      8268    0,20    0,20    0,00    0,00    0,40     3  pidstat
22:21:35     1000      8301   20,20    3,20    0,00    0,00   23,40     1  java
22:21:35     1000     10403    1,60    0,00    0,00    0,00    1,60     4  gnome-terminal-
22:21:35        0     10805    0,00    0,20    0,00    0,00    0,20     1  kworker/u33:1-i915_flip

22:21:30      UID       PID  minflt/s  majflt/s     VSZ     RSS   %MEM  Command
22:21:35      115       901     35,40      0,00 2470244  103140   0,64  prometheus
22:21:35        0      1429      6,20      0,00 2537656   72784   0,45  containerd
22:21:35      114      1529      3,40      0,00  218252   29564   0,18  postgres
22:21:35        0      2898     12,80      0,00 1235608   13908   0,09  containerd-shim
22:21:35        0      2899     11,40      0,00 1235608   14032   0,09  containerd-shim
22:21:35        0      2900     11,00      0,00 1235608   13524   0,08  containerd-shim
22:21:35        0      2902     13,80      0,00 1235352   13616   0,08  containerd-shim
22:21:35        0      2906     13,20      0,00 1235608   13736   0,08  containerd-shim
22:21:35     1000      4205      5,80      0,00 5482212  307772   1,90  gnome-shell
22:21:35     1000      5426     46,60      0,00 1461669956  297808   1,83  antigravity
22:21:35     1000      5730     16,00      0,00 34353144  163188   1,01  antigravity
22:21:35     1000      5741      0,40      0,00 33914216   81552   0,50  antigravity
22:21:35     1000      5783    191,40      0,00 1463101656  469772   2,89  antigravity
22:21:35     1000      6128      0,00      0,00 4909112  351012   2,16  language_server
22:21:35     1000      6224      0,40      0,00 50728556   64244   0,40  antigravity
22:21:35     1000      6236      3,80      0,00 1461347768  119128   0,73  antigravity
22:21:35     1000      6237     23,80      0,00 1461367108  132076   0,81  antigravity
22:21:35     1000      6238     31,60      0,00 1461351332  311936   1,92  antigravity
22:21:35     1000      6299    120,40      0,00 1461375356  125664   0,77  antigravity
22:21:35     1000      7164      0,20      0,00 1459563320   96348   0,59  antigravity
22:21:35     1000      7192    599,80      0,00 1459530536  278164   1,71  antigravity
22:21:35     1000      8301     52,80      0,00 8052884  563380   3,47  java
22:21:35     1000     10403      0,60      0,00  571868   71356   0,44  gnome-terminal-
22:21:35     1000     10772     26,20      0,00   14440    9200   0,06  ssh

22:21:30      UID       PID   kB_rd/s   kB_wr/s kB_ccwr/s iodelay  Command
22:21:35     1000      8268      0,00      1,08      0,00       0  pidstat
22:21:35     1000      8301      0,00     25,39      0,00       0  java

22:21:35      UID       PID    %usr %system  %guest   %wait    %CPU   CPU  Command
22:21:40        0        57    0,00    1,60    0,00    0,00    1,60     6  ksoftirqd/6
22:21:40        0        67    0,00    0,20    0,00    0,00    0,20     2  kworker/u32:1-events_unbound
22:21:40        0        87    0,00    0,20    0,00    0,00    0,20     5  kworker/5:1-i915-unordered
22:21:40        0       603    0,00    1,60    0,00    0,20    1,60     0  irq/130-iwlwifi
22:21:40        0      1399    0,20    0,00    0,00    0,00    0,20     7  glances
22:21:40        0      1412    0,20    0,20    0,00    0,00    0,40     0  tailscaled
22:21:40        0      1429    0,40    0,20    0,00    0,00    0,60     0  containerd
22:21:40        0      2497    0,40    0,20    0,00    0,00    0,60     2  dockerd
22:21:40      117      2498    0,60    0,00    0,00    0,00    0,60     5  grafana
22:21:40        0      2854    0,40    0,20    0,00    0,00    0,60     4  mount.ntfs-3g
22:21:40      999      3068    0,20    0,20    0,00    0,00    0,40     7  redis-server
22:21:40        0      3749    0,00    0,60    0,00    0,80    0,60     6  kworker/6:5-i915-unordered
22:21:40     1000      4205    6,40    5,20    0,00    0,20   11,60     0  gnome-shell
22:21:40     1000      4385    0,20    0,00    0,00    0,00    0,20     5  ABDownloadManag
22:21:40     1000      5426    2,40    1,20    0,00    0,00    3,60     4  antigravity
22:21:40     1000      5730    6,80    0,80    0,00    0,00    7,60     2  antigravity
22:21:40     1000      5783    5,60    0,80    0,00    0,00    6,40     0  antigravity
22:21:40     1000      6128    1,40    1,00    0,00    0,00    2,40     3  language_server
22:21:40     1000      6237    0,80    0,40    0,00    0,00    1,20     2  antigravity
22:21:40     1000      6238    1,40    0,20    0,00    0,00    1,60     1  antigravity
22:21:40     1000      6299    0,20    0,20    0,00    0,00    0,40     7  antigravity
22:21:40     1000      7071    2,40    1,20    0,00    0,00    3,60     6  language_server
22:21:40     1000      8268    0,20    0,40    0,00    0,00    0,60     5  pidstat
22:21:40     1000      8301   30,00    3,20    0,00    0,00   33,20     1  java
22:21:40     1000     10403    2,00    0,00    0,00    0,00    2,00     2  gnome-terminal-
22:21:40        0     10805    0,00    0,40    0,00    0,40    0,40     4  kworker/u33:1-rb_allocator

22:21:35      UID       PID  minflt/s  majflt/s     VSZ     RSS   %MEM  Command
22:21:40      115       901      0,40      0,00 2470244  103140   0,64  prometheus
22:21:40        0      1429      1,00      0,00 2537656   72784   0,45  containerd
22:21:40        0      2898      7,80      0,00 1235608   13908   0,09  containerd-shim
22:21:40        0      2899      5,60      0,00 1235608   14160   0,09  containerd-shim
22:21:40        0      2902      2,20      0,00 1235352   13744   0,08  containerd-shim
22:21:40        0      2906      7,60      0,00 1235608   13992   0,09  containerd-shim
22:21:40     1000      4205     14,80      0,00 5496612  307576   1,89  gnome-shell
22:21:40     1000      5426     43,80      0,00 1461669956  298032   1,84  antigravity
22:21:40     1000      5730      8,20      0,00 34353144  163188   1,01  antigravity
22:21:40     1000      5741      0,20      0,00 33914216   81552   0,50  antigravity
22:21:40     1000      5783    144,20      0,00 1463101656  471032   2,90  antigravity
22:21:40     1000      6224      0,20      0,00 50728556   64244   0,40  antigravity
22:21:40     1000      6236      8,20      0,00 1461347768  119128   0,73  antigravity
22:21:40     1000      6237     31,00      0,00 1461367108  131648   0,81  antigravity
22:21:40     1000      6238    116,60      0,00 1461351332  314064   1,93  antigravity
22:21:40     1000      6299    128,40      0,00 1461375356  125792   0,77  antigravity
22:21:40     1000      7071      2,60      0,00 4908596  286340   1,76  language_server
22:21:40     1000      8301    301,40      0,00 8053912  569268   3,51  java

22:21:35      UID       PID   kB_rd/s   kB_wr/s kB_ccwr/s iodelay  Command
22:21:40     1000      8268      0,00      1,08      0,00       0  pidstat
22:21:40     1000      8301      3,20     28,46      0,00       0  java

22:21:40      UID       PID    %usr %system  %guest   %wait    %CPU   CPU  Command
22:21:45        0         1    0,20    0,00    0,00    0,00    0,20     1  systemd
22:21:45        0        18    0,00    0,20    0,00    0,00    0,20     4  rcu_preempt
22:21:45        0        57    0,00    1,80    0,00    0,00    1,80     6  ksoftirqd/6
22:21:45        0        68    0,00    0,20    0,00    0,00    0,20     1  kworker/u32:2-events_unbound
22:21:45        0        86    0,00    0,20    0,00    0,00    0,20     1  irq/9-acpi
22:21:45        0       118    0,00    0,20    0,00    0,20    0,20     1  kworker/u33:0-i915_flip
22:21:45        0       603    0,00    1,80    0,00    0,00    1,80     0  irq/130-iwlwifi
22:21:45      990       869    0,80    0,00    0,00    0,00    0,80     4  dbus-daemon
22:21:45      115       897    1,40    0,60    0,00    0,00    2,00     3  prometheus-node
22:21:45      115       901    0,20    0,00    0,00    0,00    0,20     2  prometheus
22:21:45        0      1048    0,00    0,20    0,00    0,00    0,20     1  kworker/1:3-events
22:21:45        0      1429    0,00    0,20    0,00    0,00    0,20     0  containerd
22:21:45        0      2497    0,40    0,00    0,00    0,00    0,40     2  dockerd
22:21:45      117      2498    0,60    0,20    0,00    0,00    0,80     5  grafana
22:21:45        0      2854    0,20    0,20    0,00    0,00    0,40     2  mount.ntfs-3g
22:21:45        0      2898    0,00    0,20    0,00    0,00    0,20     7  containerd-shim
22:21:45        0      2900    0,20    0,00    0,00    0,00    0,20     7  containerd-shim
22:21:45        0      2906    0,20    0,00    0,00    0,00    0,20     0  containerd-shim
22:21:45      999      3068    0,60    0,00    0,00    0,00    0,60     2  redis-server
22:21:45        0      3749    0,00    0,60    0,00    0,40    0,60     6  kworker/6:5-i915-unordered
22:21:45     1000      4205    7,20    4,40    0,00    0,20   11,60     3  gnome-shell
22:21:45     1000      4385    0,40    0,00    0,00    0,00    0,40     5  ABDownloadManag
22:21:45     1000      4825    0,20    0,00    0,00    0,00    0,20     2  xdg-desktop-por
22:21:45     1000      4853    0,20    0,00    0,00    0,00    0,20     4  xdg-desktop-por
22:21:45     1000      5426    2,80    0,80    0,00    0,20    3,60     5  antigravity
22:21:45     1000      5730    6,40    1,20    0,00    0,20    7,60     6  antigravity
22:21:45     1000      5783    5,80    0,60    0,00    0,20    6,40     5  antigravity
22:21:45     1000      6128    1,00    1,20    0,00    0,00    2,20     5  language_server
22:21:45     1000      6237    0,40    0,20    0,00    0,00    0,60     1  antigravity
22:21:45     1000      6238    1,20    0,20    0,00    0,20    1,40     0  antigravity
22:21:45     1000      6299    0,20    0,00    0,00    0,00    0,20     7  antigravity
22:21:45     1000      7071    2,00    1,20    0,00    0,00    3,20     6  language_server
22:21:45     1000      8268    0,00    0,20    0,00    0,00    0,20     4  pidstat
22:21:45     1000      8301   53,80    4,60    0,00    0,00   58,40     1  java
22:21:45     1000     10403    1,40    0,00    0,00    0,00    1,40     2  gnome-terminal-
22:21:45        0     10805    0,00    0,40    0,00   22,60    0,40     1  kworker/u33:1-rb_allocator

22:21:40      UID       PID  minflt/s  majflt/s     VSZ     RSS   %MEM  Command
22:21:45      115       897     43,60      0,00 1614080   24632   0,15  prometheus-node
22:21:45        0      1429      0,20      0,00 2537656   72784   0,45  containerd
22:21:45        0      2497      0,40      0,00 3427484  110532   0,68  dockerd
22:21:45        0      2898      0,60      0,00 1235608   13908   0,09  containerd-shim
22:21:45        0      2899      1,20      0,00 1235608   14160   0,09  containerd-shim
22:21:45        0      2900      8,60      0,00 1235608   13780   0,08  containerd-shim
22:21:45        0      2902      0,80      0,00 1235352   13744   0,08  containerd-shim
22:21:45        0      2906      1,00      0,00 1235608   13992   0,09  containerd-shim
22:21:45     1000      4205      5,40      0,00 5496612  307576   1,89  gnome-shell
22:21:45     1000      5426     49,60      0,00 1461669956  298076   1,84  antigravity
22:21:45     1000      5730      8,20      0,00 34353080  163316   1,01  antigravity
22:21:45     1000      5741      0,20      0,00 33914216   81552   0,50  antigravity
22:21:45     1000      5783    113,20      0,00 1463101656  472952   2,91  antigravity
22:21:45     1000      6224      0,20      0,00 50728556   64244   0,40  antigravity
22:21:45     1000      6236      4,00      0,00 1461347768  119128   0,73  antigravity
22:21:45     1000      6237      9,00      0,00 1461367108  132032   0,81  antigravity
22:21:45     1000      6238     77,60      0,00 1461351332  314804   1,94  antigravity
22:21:45     1000      6299      3,20      0,00 1461375356  125792   0,77  antigravity
22:21:45     1000      7071      0,80      0,00 4908596  286340   1,76  language_server
22:21:45     1000      7207      0,60      0,00 1459530536   86924   0,54  antigravity
22:21:45     1000      8301    169,40      0,00 8053912  635868   3,92  java
22:21:45     1000     10403      1,20      0,00  571868   71356   0,44  gnome-terminal-

22:21:40      UID       PID   kB_rd/s   kB_wr/s kB_ccwr/s iodelay  Command
22:21:45     1000      8268      0,00      0,83      0,00       0  pidstat
22:21:45     1000      8301      0,00     28,47      0,00       0  java

22:21:45      UID       PID    %usr %system  %guest   %wait    %CPU   CPU  Command
22:21:50        0        57    0,00    1,80    0,00    0,00    1,80     6  ksoftirqd/6
22:21:50        0       118    0,00    0,60    0,00    0,00    0,60     7  kworker/u33:0-i915_flip
22:21:50        0       603    0,00    1,80    0,00    0,00    1,80     0  irq/130-iwlwifi
22:21:50      115       901    0,20    0,00    0,00    0,00    0,20     5  prometheus
22:21:50        0      1399    0,20    0,00    0,00    0,00    0,20     7  glances
22:21:50        0      1429    0,20    0,20    0,00    0,00    0,40     0  containerd
22:21:50        0      2497    0,20    0,40    0,00    0,00    0,60     2  dockerd
22:21:50      117      2498    0,60    0,20    0,00    0,00    0,80     5  grafana
22:21:50        0      2854    0,40    0,20    0,00    0,00    0,60     3  mount.ntfs-3g
22:21:50        0      2898    0,20    0,00    0,00    0,00    0,20     7  containerd-shim
22:21:50        0      2899    0,20    0,00    0,00    0,00    0,20     4  containerd-shim
22:21:50        0      2902    0,00    0,20    0,00    0,00    0,20     6  containerd-shim
22:21:50        0      2906    0,00    0,20    0,00    0,00    0,20     0  containerd-shim
22:21:50      999      3068    0,20    0,20    0,00    0,00    0,40     4  redis-server
22:21:50        0      3749    0,00    0,40    0,00    0,60    0,40     6  kworker/6:5-i915-unordered
22:21:50     1000      4205    7,40    4,40    0,00    0,00   11,80     3  gnome-shell
22:21:50     1000      4380    0,20    0,00    0,00    0,00    0,20     6  anydesk
22:21:50     1000      4385    0,20    0,00    0,00    0,00    0,20     5  ABDownloadManag
22:21:50     1000      5426    2,20    1,20    0,00    0,00    3,40     4  antigravity
22:21:50     1000      5730    5,80    1,80    0,00    0,00    7,60     4  antigravity
22:21:50     1000      5783    5,60    0,60    0,00    0,00    6,20     7  antigravity
22:21:50     1000      6128    1,40    1,20    0,00    0,00    2,60     1  language_server
22:21:50     1000      6237    0,60    0,60    0,00    0,00    1,20     5  antigravity
22:21:50     1000      6238   10,20    1,00    0,00    0,00   11,20     0  antigravity
22:21:50     1000      6299    0,20    0,00    0,00    0,00    0,20     5  antigravity
22:21:50     1000      7071    1,40    1,20    0,00    0,00    2,60     6  language_server
22:21:50     1000      8268    0,20    0,20    0,00    0,20    0,40     5  pidstat
22:21:50     1000      8301   32,40    3,60    0,00    0,00   36,00     1  java
22:21:50     1000     10403    1,20    0,00    0,00    0,00    1,20     5  gnome-terminal-

22:21:45      UID       PID  minflt/s  majflt/s     VSZ     RSS   %MEM  Command
22:21:50        0      2898      7,40      0,00 1235608   14164   0,09  containerd-shim
22:21:50        0      2899      1,20      0,00 1235608   14160   0,09  containerd-shim
22:21:50        0      2900      3,20      0,00 1235608   13780   0,08  containerd-shim
22:21:50        0      2902      2,40      0,00 1235352   13744   0,08  containerd-shim
22:21:50        0      2906      0,00      0,00 1235608   13816   0,09  containerd-shim
22:21:50     1000      4205     13,00      0,00 5496548  307448   1,89  gnome-shell
22:21:50     1000      5426     35,00      0,00 1461669956  297844   1,83  antigravity
22:21:50     1000      5730      8,60      0,00 34353144  163176   1,01  antigravity
22:21:50     1000      5741      0,20      0,00 33914216   81552   0,50  antigravity
22:21:50     1000      5783    148,20      0,00 1463101656  475360   2,93  antigravity
22:21:50     1000      6224      0,20      0,00 50728556   64244   0,40  antigravity
22:21:50     1000      6236      4,20      0,00 1461347768  119128   0,73  antigravity
22:21:50     1000      6237     41,20      0,00 1461367108  132376   0,82  antigravity
22:21:50     1000      6238   1288,80      0,00 1461351332  310880   1,92  antigravity
22:21:50     1000      6299      3,00      0,00 1461375356  125920   0,78  antigravity
22:21:50     1000      8301     70,40      0,00 8053912  631828   3,89  java

22:21:45      UID       PID   kB_rd/s   kB_wr/s kB_ccwr/s iodelay  Command
22:21:50     1000      8268      0,00      1,07      0,00       0  pidstat
22:21:50     1000      8301      0,00     33,31      0,00       0  java

22:21:50      UID       PID    %usr %system  %guest   %wait    %CPU   CPU  Command
22:21:55        0         1    0,40    0,20    0,00    0,00    0,60     2  systemd
22:21:55        0        57    0,00    1,80    0,00    0,00    1,80     6  ksoftirqd/6
22:21:55        0       118    0,00    0,20    0,00    0,20    0,20     6  kworker/u33:0-rb_allocator
22:21:55        0       221    0,00    0,20    0,00    0,00    0,20     5  kworker/5:1H-kblockd
22:21:55        0       317    0,00    0,20    0,00    0,20    0,20     0  kworker/0:2-events
22:21:55        0       434    0,00    0,20    0,00    0,00    0,20     5  systemd-udevd
22:21:55        0       603    0,00    2,20    0,00    0,00    2,20     0  irq/130-iwlwifi
22:21:55      102       862    0,00    0,20    0,00    0,20    0,20     3  avahi-daemon
22:21:55      990       869    0,40    0,20    0,00    0,00    0,60     5  dbus-daemon
22:21:55      986       892    0,00    0,20    0,00    0,00    0,20     2  polkitd
22:21:55      115       901    0,20    0,00    0,00    0,00    0,20     5  prometheus
22:21:55        0       910    0,20    0,00    0,00    0,00    0,20     1  udisksd
22:21:55        0      1050    0,00    0,20    0,00    0,00    0,20     0  NetworkManager
22:21:55        0      1399    0,20    0,20    0,00    0,00    0,40     7  glances
22:21:55        0      1412    0,20    0,20    0,00    0,00    0,40     0  tailscaled
22:21:55        0      1429    1,00    0,20    0,00    0,00    1,20     0  containerd
22:21:55        0      2497    1,00    0,80    0,00    0,00    1,80     2  dockerd
22:21:55      117      2498    0,80    0,20    0,00    0,00    1,00     5  grafana
22:21:55        0      2854    0,20    0,20    0,00    0,00    0,40     3  mount.ntfs-3g
22:21:55        0      2899    0,20    0,00    0,00    0,00    0,20     4  containerd-shim
22:21:55        0      2900    0,00    0,20    0,00    0,00    0,20     7  containerd-shim
22:21:55        0      2902    0,00    0,20    0,00    0,00    0,20     6  containerd-shim
22:21:55        0      2906    0,00    0,20    0,00    0,00    0,20     0  containerd-shim
22:21:55      999      3068    0,60    0,00    0,00    0,00    0,60     3  redis-server
22:21:55       70      3494    0,00    0,20    0,00    0,00    0,20     1  postgres
22:21:55        0      3749    0,00    0,60    0,00    1,00    0,60     6  kworker/6:5-i915-unordered
22:21:55     1000      4052    0,20    0,20    0,00    0,00    0,40     7  systemd
22:21:55     1000      4075    0,20    0,00    0,00    0,60    0,20     0  dbus-daemon
22:21:55     1000      4205    7,20    4,60    0,00    0,00   11,80     5  gnome-shell
22:21:55     1000      4385    0,20    0,20    0,00    0,00    0,40     5  ABDownloadManag
22:21:55     1000      4387    0,20    0,00    0,00    0,20    0,20     7  gsd-sharing
22:21:55        0      5014    0,20    0,00    0,00    0,20    0,20     4  fwupd
22:21:55     1000      5426    1,80    1,80    0,00    0,20    3,60     3  antigravity
22:21:55     1000      5730    6,00    1,40    0,00    0,00    7,40     7  antigravity
22:21:55     1000      5783   15,80    0,80    0,00    0,00   16,60     4  antigravity
22:21:55     1000      6128    1,40    0,80    0,00    0,20    2,20     3  language_server
22:21:55     1000      6236    0,00    0,20    0,00    0,00    0,20     6  antigravity
22:21:55     1000      6237    0,60    0,20    0,00    0,00    0,80     0  antigravity
22:21:55     1000      6238    1,60    0,20    0,00    0,00    1,80     3  antigravity
22:21:55     1000      6299    0,20    0,20    0,00    0,00    0,40     7  antigravity
22:21:55     1000      7071    1,40    1,00    0,00    0,00    2,40     6  language_server
22:21:55     1000      8268    0,20    0,40    0,00    0,00    0,60     1  pidstat
22:21:55     1000      8301   30,60    4,20    0,00    0,00   34,80     1  java
22:21:55     1000     10403    1,20    0,00    0,00    0,20    1,20     6  gnome-terminal-
22:21:55        0     10805    0,00    0,20    0,00    0,00    0,20     7  kworker/u33:1-i915_flip

22:21:50      UID       PID  minflt/s  majflt/s     VSZ     RSS   %MEM  Command
22:21:55        0       372     54,40      0,00  146016   82348   0,51  systemd-journal
22:21:55        0       434     92,00      0,00   37564   10916   0,07  systemd-udevd
22:21:55        0      1412      0,60      0,00 1355524  104848   0,65  tailscaled
22:21:55        0      1429      0,40      0,00 2537656   72784   0,45  containerd
22:21:55      114      1529      3,40      0,00  218252   29564   0,18  postgres
22:21:55        0      2497      0,80      0,00 3427484  110532   0,68  dockerd
22:21:55      117      2498      2,80      0,00 1765120  319596   1,97  grafana
22:21:55        0      2898      9,80      0,00 1235608   13520   0,08  containerd-shim
22:21:55        0      2899     12,00      0,00 1235608   13432   0,08  containerd-shim
22:21:55        0      2900      7,40      0,00 1235608   13156   0,08  containerd-shim
22:21:55        0      2902      8,80      0,00 1235352   13092   0,08  containerd-shim
22:21:55        0      2906      7,40      0,00 1235608   13544   0,08  containerd-shim
22:21:55     1000      4205      2,60      0,00 5496612  307448   1,89  gnome-shell
22:21:55     1000      5426     40,40      0,00 1461669956  297828   1,83  antigravity
22:21:55     1000      5730     16,20      0,00 34353144  163140   1,01  antigravity
22:21:55     1000      5741      0,40      0,00 33914216   81552   0,50  antigravity
22:21:55     1000      5783    215,20      0,00 1463101656  468280   2,88  antigravity
22:21:55     1000      6224      0,40      0,00 50728556   64244   0,40  antigravity
22:21:55     1000      6236      5,40      0,00 1461347768  119128   0,73  antigravity
22:21:55     1000      6237      7,00      0,00 1461367108  132116   0,81  antigravity
22:21:55     1000      6238    238,40      0,00 1461351332  311004   1,92  antigravity
22:21:55     1000      6299      7,20      0,00 1461375356  125920   0,78  antigravity
22:21:55     1000      8301    479,40      0,00 8054940  641300   3,95  java
22:21:55        0     10906     81,20      0,00   37568    7084   0,04  (udev-worker)
22:21:55        0     10920     26,00      0,00   37568    6764   0,04  (udev-worker)
22:21:55        0     10922     25,80      0,00   37568    6764   0,04  (udev-worker)
22:21:55        0     10923     26,20      0,00   37568    6764   0,04  (udev-worker)
22:21:55        0     10924     25,80      0,00   37568    6764   0,04  (udev-worker)
22:21:55        0     10925     25,40      0,00   37568    6764   0,04  (udev-worker)
22:21:55        0     10926     26,00      0,00   37568    6764   0,04  (udev-worker)
22:21:55        0     10927     25,20      0,00   37568    6764   0,04  (udev-worker)
22:21:55        0     10928     25,00      0,00   37568    6764   0,04  (udev-worker)
22:21:55        0     10930     26,00      0,00   37568    6636   0,04  (udev-worker)
22:21:55        0     10931     25,80      0,00   37568    6764   0,04  (udev-worker)
22:21:55        0     10932     26,40      0,00   37568    6764   0,04  (udev-worker)
22:21:55        0     10934     26,40      0,00   37568    6764   0,04  (udev-worker)
22:21:55        0     10935     25,80      0,00   37568    6764   0,04  (udev-worker)
22:21:55        0     10936     36,00      0,00   37568    6764   0,04  (udev-worker)
22:21:55        0     10937     25,80      0,00   37568    6764   0,04  (udev-worker)

22:21:50      UID       PID   kB_rd/s   kB_wr/s kB_ccwr/s iodelay  Command
22:21:55     1000      8268      0,00      0,84      0,00       0  pidstat
22:21:55     1000      8301      0,00     36,40      0,00       0  java

22:21:55      UID       PID    %usr %system  %guest   %wait    %CPU   CPU  Command
22:22:00        0         1    0,00    0,20    0,00    0,00    0,20     2  systemd
22:22:00        0        17    0,20    0,00    0,00    0,00    0,20     0  ksoftirqd/0
22:22:00        0        33    0,20    0,00    0,00    0,00    0,20     2  ksoftirqd/2
22:22:00        0        57    0,00    1,80    0,00    0,00    1,80     6  ksoftirqd/6
22:22:00        0        67    0,00    0,20    0,00    0,00    0,20     0  kworker/u32:1-events_unbound
22:22:00        0        86    0,00    0,20    0,00    0,00    0,20     1  irq/9-acpi
22:22:00        0       118    0,00    0,20    0,00    0,00    0,20     2  kworker/u33:0-rb_allocator
22:22:00        0       232    0,00    0,20    0,00    0,00    0,20     7  kworker/7:1H-kblockd
22:22:00        0       603    0,00    2,20    0,00    0,00    2,20     0  irq/130-iwlwifi
22:22:00      990       869    0,80    0,00    0,00    0,00    0,80     5  dbus-daemon
22:22:00      115       897    1,60    0,40    0,00    0,00    2,00     2  prometheus-node
22:22:00      115       901    0,20    0,00    0,00    0,00    0,20     5  prometheus
22:22:00        0      1412    0,20    0,00    0,00    0,00    0,20     0  tailscaled
22:22:00        0      1429    0,00    0,20    0,00    0,00    0,20     0  containerd
22:22:00        0      1796    0,00    0,20    0,00    0,20    0,20     7  kworker/7:3-events
22:22:00        0      2497    0,20    0,00    0,00    0,00    0,20     2  dockerd
22:22:00      117      2498    0,60    0,20    0,00    0,00    0,80     5  grafana
22:22:00        0      2854    0,20    0,60    0,00    0,20    0,80     1  mount.ntfs-3g
22:22:00        0      2898    0,00    0,20    0,00    0,00    0,20     7  containerd-shim
22:22:00        0      2900    0,20    0,00    0,00    0,00    0,20     7  containerd-shim
22:22:00      999      3068    0,40    0,00    0,00    0,00    0,40     3  redis-server
22:22:00       70      3495    0,00    0,20    0,00    0,00    0,20     2  postgres
22:22:00        0      3749    0,00    0,60    0,00    1,20    0,60     6  kworker/6:5-i915-unordered
22:22:00     1000      4205    7,20    4,40    0,00    0,20   11,60     5  gnome-shell
22:22:00     1000      4385    0,20    0,00    0,00    0,00    0,20     5  ABDownloadManag
22:22:00     1000      4825    0,20    0,00    0,00    0,00    0,20     5  xdg-desktop-por
22:22:00     1000      5426    2,80    0,80    0,00    0,00    3,60     4  antigravity
22:22:00     1000      5730    6,40    1,20    0,00    0,00    7,60     0  antigravity
22:22:00     1000      5783    6,60    0,60    0,00    0,20    7,20     6  antigravity
22:22:00     1000      6128    1,40    1,20    0,00    0,00    2,60     6  language_server
22:22:00     1000      6237    0,80    0,40    0,00    0,20    1,20     0  antigravity
22:22:00     1000      6238    1,20    0,20    0,00    0,00    1,40     0  antigravity
22:22:00     1000      6299    0,20    0,00    0,00    0,00    0,20     5  antigravity
22:22:00     1000      7071    1,40    1,20    0,00    0,00    2,60     6  language_server
22:22:00     1000      8268    0,00    0,40    0,00    0,00    0,40     3  pidstat
22:22:00     1000      8301   17,80    7,40    0,00    0,00   25,20     1  java
22:22:00     1000     10403    1,00    0,20    0,00    0,00    1,20     1  gnome-terminal-
22:22:00        0     10805    0,00    0,40    0,00    0,40    0,40     4  kworker/u33:1-i915_flip

22:21:55      UID       PID  minflt/s  majflt/s     VSZ     RSS   %MEM  Command
22:22:00        0       434      0,60      0,00   37564   10916   0,07  systemd-udevd
22:22:00      115       897     88,80      0,00 1614080   24584   0,15  prometheus-node
22:22:00        0      1429      5,20      0,00 2537656   72784   0,45  containerd
22:22:00      117      2498      0,20      0,00 1765120  319596   1,97  grafana
22:22:00        0      2898     13,00      0,00 1235608   13776   0,08  containerd-shim
22:22:00        0      2899     11,40      0,00 1235608   13560   0,08  containerd-shim
22:22:00        0      2900     12,20      0,00 1235608   13284   0,08  containerd-shim
22:22:00        0      2902     10,60      0,00 1235352   13348   0,08  containerd-shim
22:22:00        0      2906      1,60      0,00 1235608   13544   0,08  containerd-shim
22:22:00     1000      4205      8,40      0,00 5476068  307320   1,89  gnome-shell
22:22:00     1000      4385      0,20      0,00 9286580  284544   1,75  ABDownloadManag
22:22:00     1000      5426     50,80      0,00 1461669956  297876   1,84  antigravity
22:22:00     1000      5730      8,40      0,00 34353144  163140   1,01  antigravity
22:22:00     1000      5741      0,20      0,00 33914216   81552   0,50  antigravity
22:22:00     1000      5783    191,40      0,00 1463101656  469496   2,89  antigravity
22:22:00     1000      6224      0,20      0,00 50728556   64244   0,40  antigravity
22:22:00     1000      6236      7,60      0,00 1461347768  119128   0,73  antigravity
22:22:00     1000      6237      7,20      0,00 1461367108  132116   0,81  antigravity
22:22:00     1000      6238     39,60      0,00 1461351332  310720   1,91  antigravity
22:22:00     1000      6299      6,80      0,00 1461375356  125920   0,78  antigravity
22:22:00     1000      8301     90,80      0,00 8054940  729176   4,49  java

22:21:55      UID       PID   kB_rd/s   kB_wr/s kB_ccwr/s iodelay  Command
22:22:00     1000      8268      0,00      1,50      0,00       0  pidstat
22:22:00     1000      8301      0,00     36,53      0,00       0  java

22:22:00      UID       PID    %usr %system  %guest   %wait    %CPU   CPU  Command
22:22:05        0        18    0,00    0,20    0,00    0,00    0,20     1  rcu_preempt
22:22:05        0        57    0,00    1,60    0,00    0,00    1,60     6  ksoftirqd/6
22:22:05        0        68    0,00    0,20    0,00    0,00    0,20     6  kworker/u32:2-events_unbound
22:22:05        0       603    0,00    2,40    0,00    0,00    2,40     0  irq/130-iwlwifi
22:22:05        0      1399    0,20    0,00    0,00    0,00    0,20     7  glances
22:22:05        0      1412    0,20    0,00    0,00    0,00    0,20     0  tailscaled
22:22:05        0      1429    0,60    0,20    0,00    0,00    0,80     0  containerd
22:22:05        0      2497    0,60    0,00    0,00    0,00    0,60     2  dockerd
22:22:05      117      2498    0,60    0,40    0,00    0,00    1,00     5  grafana
22:22:05        0      2854    0,20    0,20    0,00    0,00    0,40     0  mount.ntfs-3g
22:22:05        0      2898    0,20    0,00    0,00    0,00    0,20     7  containerd-shim
22:22:05        0      2899    0,00    0,20    0,00    0,00    0,20     4  containerd-shim
22:22:05        0      2900    0,00    0,20    0,00    0,00    0,20     7  containerd-shim
22:22:05        0      2902    0,00    0,20    0,00    0,00    0,20     6  containerd-shim
22:22:05        0      2906    0,00    0,20    0,00    0,00    0,20     0  containerd-shim
22:22:05      999      3068    0,40    0,00    0,00    0,00    0,40     6  redis-server
22:22:05        0      3749    0,00    0,60    0,00    1,20    0,60     6  kworker/6:5-i915-unordered
22:22:05     1000      4205    6,40    4,80    0,00    0,00   11,20     0  gnome-shell
22:22:05     1000      4385    0,20    0,00    0,00    0,00    0,20     5  ABDownloadManag
22:22:05     1000      5426    2,60    0,80    0,00    0,20    3,40     2  antigravity
22:22:05     1000      5730    6,20    1,40    0,00    0,00    7,60     2  antigravity
22:22:05     1000      5783    6,20    0,60    0,00    0,00    6,80     6  antigravity
22:22:05     1000      6128    1,20    1,60    0,00    0,20    2,80     5  language_server
22:22:05     1000      6237    0,80    0,00    0,00    0,00    0,80     5  antigravity
22:22:05     1000      6238    1,60    0,00    0,00    0,00    1,60     0  antigravity
22:22:05     1000      6299    0,20    0,20    0,00    0,00    0,40     3  antigravity
22:22:05     1000      7071    1,00    1,40    0,00    0,00    2,40     6  language_server
22:22:05     1000      7207    0,20    0,00    0,00    0,00    0,20     0  antigravity
22:22:05     1000      8268    0,40    0,20    0,00    0,00    0,60     7  pidstat
22:22:05     1000      8301   23,00    2,80    0,00    0,00   25,80     1  java
22:22:05     1000     10403    1,40    0,00    0,00    0,00    1,40     6  gnome-terminal-
22:22:05     1000     10772    0,20    0,00    0,00    0,00    0,20     3  ssh
22:22:05        0     10805    0,00    0,40    0,00    0,00    0,40     6  kworker/u33:1-i915_flip

22:22:00      UID       PID  minflt/s  majflt/s     VSZ     RSS   %MEM  Command
22:22:05        0      1412      0,20      0,00 1355524  106900   0,66  tailscaled
22:22:05        0      1429      6,40      0,00 2537656   72516   0,45  containerd
22:22:05        0      2497      0,40      0,00 3427484  110532   0,68  dockerd
22:22:05        0      2898     13,60      0,00 1235608   13904   0,09  containerd-shim
22:22:05        0      2899     14,00      0,00 1235608   13816   0,09  containerd-shim
22:22:05        0      2900     13,60      0,00 1235608   13540   0,08  containerd-shim
22:22:05        0      2902     14,60      0,00 1235352   13732   0,08  containerd-shim
22:22:05        0      2906     11,20      0,00 1235608   13672   0,08  containerd-shim
22:22:05     1000      4205      1,20      0,00 5496548  307320   1,89  gnome-shell
22:22:05     1000      5426     42,20      0,00 1461669956  297644   1,83  antigravity
22:22:05     1000      5730      8,20      0,00 34353072  163140   1,01  antigravity
22:22:05     1000      5741      0,20      0,00 33914216   81552   0,50  antigravity
22:22:05     1000      5783    183,80      0,00 1463101656  471700   2,91  antigravity
22:22:05     1000      6224      0,20      0,00 50728556   64244   0,40  antigravity
22:22:05     1000      6236      4,20      0,00 1461347768  119128   0,73  antigravity
22:22:05     1000      6237      4,80      0,00 1461367108  131984   0,81  antigravity
22:22:05     1000      6238     66,40      0,00 1461351332  310916   1,92  antigravity
22:22:05     1000      6299    133,00      0,00 1461375356  125440   0,77  antigravity
22:22:05     1000      6689      0,20      0,00 1476307752  119724   0,74  antigravity
22:22:05     1000      8301     29,40      0,00 8054940  729560   4,49  java

22:22:00      UID       PID   kB_rd/s   kB_wr/s kB_ccwr/s iodelay  Command
22:22:05     1000      8268      0,00      1,09      0,00       0  pidstat
22:22:05     1000      8301      0,00     36,62      0,00       0  java

22:22:05      UID       PID    %usr %system  %guest   %wait    %CPU   CPU  Command
22:22:10        0        57    0,00    1,80    0,00    0,20    1,80     6  ksoftirqd/6
22:22:10        0        63    0,20    0,00    0,00    0,00    0,20     7  ksoftirqd/7
22:22:10        0        82    0,00    0,20    0,00    0,00    0,20     7  khugepaged
22:22:10        0       174    0,00    0,20    0,00    0,00    0,20     3  kworker/3:1H-events_highpri
22:22:10        0       185    0,00    0,20    0,00    0,00    0,20     3  kworker/3:1-i915-unordered
22:22:10        0       225    0,00    0,20    0,00    0,00    0,20     6  kworker/6:1H-events_highpri
22:22:10        0       250    0,00    0,20    0,00    0,00    0,20     4  kworker/4:2-events
22:22:10        0       603    0,00    2,40    0,00    0,00    2,40     0  irq/130-iwlwifi
22:22:10      115       901    0,20    0,00    0,00    0,00    0,20     2  prometheus
22:22:10        0      1399    0,20    0,00    0,00    0,00    0,20     7  glances
22:22:10        0      1412    0,00    0,20    0,00    0,00    0,20     0  tailscaled
22:22:10        0      1429    0,20    0,00    0,00    0,00    0,20     0  containerd
22:22:10        0      1432    0,20    0,00    0,00    0,00    0,20     7  anydesk
22:22:10        0      2497    0,40    0,20    0,00    0,00    0,60     2  dockerd
22:22:10      117      2498    0,60    0,20    0,00    0,00    0,80     5  grafana
22:22:10        0      2854    0,20    0,20    0,00    0,00    0,40     6  mount.ntfs-3g
22:22:10        0      2899    0,20    0,00    0,00    0,00    0,20     4  containerd-shim
22:22:10        0      2900    0,20    0,00    0,00    0,00    0,20     7  containerd-shim
22:22:10        0      2902    0,20    0,00    0,00    0,00    0,20     6  containerd-shim
22:22:10      999      3068    0,40    0,00    0,00    0,20    0,40     6  redis-server
22:22:10        0      3749    0,00    0,60    0,00    0,80    0,60     6  kworker/6:5-i915-unordered
22:22:10     1000      4205    7,20    4,20    0,00    0,20   11,40     7  gnome-shell
22:22:10     1000      4380    0,00    0,20    0,00    0,00    0,20     6  anydesk
22:22:10     1000      4385    0,20    0,00    0,00    0,00    0,20     5  ABDownloadManag
22:22:10     1000      5426    2,80    0,60    0,00    0,00    3,40     1  antigravity
22:22:10     1000      5730    6,20    1,20    0,00    0,20    7,40     0  antigravity
22:22:10     1000      5783    5,00    1,00    0,00    0,00    6,00     7  antigravity
22:22:10     1000      6128    1,60    0,80    0,00    0,00    2,40     1  language_server
22:22:10     1000      6237    0,60    0,20    0,00    0,00    0,80     2  antigravity
22:22:10     1000      6238    1,00    0,20    0,00    0,00    1,20     3  antigravity
22:22:10     1000      6299    0,20    0,20    0,00    0,00    0,40     0  antigravity
22:22:10     1000      7071    1,60    1,00    0,00    0,00    2,60     6  language_server
22:22:10     1000      8268    0,20    0,20    0,00    0,00    0,40     3  pidstat
22:22:10     1000      8301   19,20    3,20    0,00    0,00   22,40     1  java
22:22:10     1000     10403    1,60    0,00    0,00    0,00    1,60     7  gnome-terminal-
22:22:10        0     10805    0,00    0,60    0,00    0,40    0,60     7  kworker/u33:1-rb_allocator

22:22:05      UID       PID  minflt/s  majflt/s     VSZ     RSS   %MEM  Command
22:22:10        0      1412      0,40      0,00 1355524  109060   0,67  tailscaled
22:22:10        0      2497      0,40      0,00 3427484  110532   0,68  dockerd
22:22:10      117      2498      0,00      0,00 1765120  322156   1,98  grafana
22:22:10        0      2898      0,80      0,00 1235608   13904   0,09  containerd-shim
22:22:10        0      2899      4,00      0,00 1235608   13816   0,09  containerd-shim
22:22:10        0      2900      4,40      0,00 1235608   13668   0,08  containerd-shim
22:22:10        0      2902     10,40      0,00 1235352   13860   0,09  containerd-shim
22:22:10        0      2906      0,60      0,00 1235608   13672   0,08  containerd-shim
22:22:10     1000      4205      9,00      0,00 5496548  307448   1,89  gnome-shell
22:22:10     1000      5426     35,60      0,00 1461669956  297660   1,83  antigravity
22:22:10     1000      5730      8,20      0,00 34353136  162988   1,00  antigravity
22:22:10     1000      5741      0,20      0,00 33914216   81552   0,50  antigravity
22:22:10     1000      5783    114,40      0,00 1463101656  472540   2,91  antigravity
22:22:10     1000      6224      0,20      0,00 50728556   64244   0,40  antigravity
22:22:10     1000      6236      4,40      0,00 1461347768  119128   0,73  antigravity
22:22:10     1000      6237      4,80      0,00 1461367108  131984   0,81  antigravity
22:22:10     1000      6238    109,80      0,00 1461351332  310816   1,91  antigravity
22:22:10     1000      6299     88,80      0,00 1461375356  125568   0,77  antigravity
22:22:10     1000      8301     36,40      0,00 8054940  730072   4,50  java

22:22:05      UID       PID   kB_rd/s   kB_wr/s kB_ccwr/s iodelay  Command
22:22:10     1000      8268      0,00      0,98      0,00       0  pidstat
22:22:10     1000      8301      0,00     42,86      0,00       0  java

22:22:10      UID       PID    %usr %system  %guest   %wait    %CPU   CPU  Command
22:22:15        0         1    0,20    0,20    0,00    0,00    0,40     3  systemd
22:22:15        0        57    0,00    1,40    0,00    0,00    1,40     6  ksoftirqd/6
22:22:15        0        86    0,00    0,20    0,00    0,00    0,20     1  irq/9-acpi
22:22:15        0       118    0,00    0,40    0,00    0,60    0,40     1  kworker/u33:0-rb_allocator
22:22:15        0       317    0,00    0,20    0,00    0,00    0,20     0  kworker/0:2-events_freezable
22:22:15        0       372    0,20    0,00    0,00    0,00    0,20     2  systemd-journal
22:22:15        0       603    0,00    2,20    0,00    0,00    2,20     0  irq/130-iwlwifi
22:22:15      990       869    0,80    0,00    0,00    0,00    0,80     7  dbus-daemon
22:22:15      115       897    1,40    0,40    0,00    0,00    1,80     1  prometheus-node
22:22:15      115       901    0,20    0,00    0,00    0,00    0,20     2  prometheus
22:22:15        0      1048    0,00    0,20    0,00    0,00    0,20     1  kworker/1:3-events
22:22:15        0      1412    0,40    0,20    0,00    0,00    0,60     0  tailscaled
22:22:15        0      1429    0,20    0,20    0,00    0,00    0,40     0  containerd
22:22:15        0      2497    0,20    0,20    0,00    0,00    0,40     2  dockerd
22:22:15      117      2498    0,60    0,20    0,00    0,00    0,80     5  grafana
22:22:15        0      2854    0,40    0,20    0,00    0,00    0,60     1  mount.ntfs-3g
22:22:15        0      2898    0,00    0,20    0,00    0,00    0,20     7  containerd-shim
22:22:15        0      2906    0,20    0,00    0,00    0,00    0,20     0  containerd-shim
22:22:15      999      3068    0,40    0,20    0,00    0,00    0,60     1  redis-server
22:22:15        0      3749    0,00    0,60    0,00    0,80    0,60     6  kworker/6:5-i915-unordered
22:22:15     1000      4205    7,40    4,20    0,00    0,40   11,60     2  gnome-shell
22:22:15     1000      4385    0,20    0,20    0,00    0,00    0,40     5  ABDownloadManag
22:22:15     1000      5426    4,00    1,60    0,00    0,60    5,60     2  antigravity
22:22:15     1000      5730    6,20    1,80    0,00    0,20    8,00     2  antigravity
22:22:15     1000      5783   19,40    0,60    0,00    0,20   20,00     3  antigravity
22:22:15     1000      6128    1,60    1,40    0,00    0,00    3,00     4  language_server
22:22:15     1000      6237    0,80    0,20    0,00    0,00    1,00     7  antigravity
22:22:15     1000      6238    1,80    0,40    0,00    0,00    2,20     4  antigravity
22:22:15     1000      6299    0,20    0,20    0,00    0,00    0,40     7  antigravity
22:22:15     1000      7071    1,40    1,40    0,00    0,00    2,80     6  language_server
22:22:15     1000      8268    0,00    0,40    0,00    0,00    0,40     5  pidstat
22:22:15     1000      8301   23,40    4,80    0,00    0,00   28,20     1  java
22:22:15     1000     10403    1,20    0,00    0,00    0,00    1,20     4  gnome-terminal-

22:22:10      UID       PID  minflt/s  majflt/s     VSZ     RSS   %MEM  Command
22:22:15        0         1     50,00      0,00   24716   14988   0,09  systemd
22:22:15        0       372     13,80      0,00  146016   82348   0,51  systemd-journal
22:22:15      115       897     84,80      0,00 1614080   24744   0,15  prometheus-node
22:22:15      115       901      0,40      0,00 2470244  103140   0,64  prometheus
22:22:15        0      1429      0,40      0,00 2537656   72516   0,45  containerd
22:22:15      114      1529      3,80      0,00  218252   29564   0,18  postgres
22:22:15        0      2497      0,40      0,00 3427484  110532   0,68  dockerd
22:22:15        0      2898      1,00      0,00 1235608   13904   0,09  containerd-shim
22:22:15        0      2899      0,20      0,00 1235608   13816   0,09  containerd-shim
22:22:15        0      2900      0,20      0,00 1235608   13668   0,08  containerd-shim
22:22:15        0      2902      5,40      0,00 1235352   13860   0,09  containerd-shim
22:22:15        0      2906      4,80      0,00 1235608   13672   0,08  containerd-shim
22:22:15     1000      4205      1,20      0,00 5496612  307448   1,89  gnome-shell
22:22:15     1000      5426    202,80      0,00 1461669956  298548   1,84  antigravity
22:22:15     1000      5730     35,60      0,00 34365128  163092   1,00  antigravity
22:22:15     1000      5741      2,40      0,00 33914216   81424   0,50  antigravity
22:22:15     1000      5783    414,00      0,00 1463101592  468676   2,89  antigravity
22:22:15     1000      5829     31,80      0,00 1459611400  172908   1,07  antigravity
22:22:15     1000      6128      0,80      0,00 4909112  351012   2,16  language_server
22:22:15     1000      6224      0,40      0,00 50728556   64244   0,40  antigravity
22:22:15     1000      6236     10,60      0,00 1461347768  119128   0,73  antigravity
22:22:15     1000      6237      6,00      0,00 1461367108  131984   0,81  antigravity
22:22:15     1000      6238     86,40      0,00 1461351332  311560   1,92  antigravity
22:22:15     1000      6299     10,40      0,00 1461375356  125568   0,77  antigravity
22:22:15     1000      7164      0,20      0,00 1459563320   96348   0,59  antigravity
22:22:15     1000      8301     63,60      0,00 8054940  753772   4,64  java

22:22:10      UID       PID   kB_rd/s   kB_wr/s kB_ccwr/s iodelay  Command
22:22:15     1000      5426      0,00     11,20      0,00       0  antigravity
22:22:15     1000      5829     12,00      0,00      0,00       0  antigravity
22:22:15     1000      8268      0,00      1,02      0,00       0  pidstat
22:22:15     1000      8301      0,00     42,86      0,00       0  java

22:22:15      UID       PID    %usr %system  %guest   %wait    %CPU   CPU  Command
22:22:20        0        27    0,20    0,00    0,00    0,00    0,20     1  ksoftirqd/1
22:22:20        0        51    0,20    0,00    0,00    0,00    0,20     5  ksoftirqd/5
22:22:20        0        57    0,00    1,80    0,00    0,00    1,80     6  ksoftirqd/6
22:22:20        0        67    0,00    0,20    0,00    0,00    0,20     2  kworker/u32:1-kvfree_rcu_reclaim
22:22:20        0       603    0,00    2,40    0,00    0,00    2,40     0  irq/130-iwlwifi
22:22:20        0      1399    0,20    0,00    0,00    0,00    0,20     7  glances
22:22:20        0      1429    0,20    0,00    0,00    0,00    0,20     0  containerd
22:22:20        0      2497    0,20    0,40    0,00    0,00    0,60     2  dockerd
22:22:20      117      2498    0,60    0,00    0,00    0,00    0,60     5  grafana
22:22:20        0      2854    0,20    0,40    0,00    0,00    0,60     5  mount.ntfs-3g
22:22:20      999      3068    0,40    0,00    0,00    0,00    0,40     1  redis-server
22:22:20        0      3749    0,00    0,60    0,00    0,60    0,60     6  kworker/6:5-i915-unordered
22:22:20     1000      4205    6,40    5,60    0,00    0,20   12,00     4  gnome-shell
22:22:20     1000      4385    0,20    0,20    0,00    0,00    0,40     5  ABDownloadManag
22:22:20     1000      4825    0,20    0,00    0,00    0,00    0,20     0  xdg-desktop-por
22:22:20     1000      5426    2,60    1,00    0,00    0,00    3,60     2  antigravity
22:22:20     1000      5730    6,20    1,20    0,00    0,00    7,40     3  antigravity
22:22:20     1000      5783    5,40    1,00    0,00    0,00    6,40     1  antigravity
22:22:20     1000      6128    1,60    1,20    0,00    0,00    2,80     1  language_server
22:22:20     1000      6237    0,80    0,00    0,00    0,00    0,80     2  antigravity
22:22:20     1000      6238    1,20    0,20    0,00    0,00    1,40     2  antigravity
22:22:20     1000      7071    1,40    1,00    0,00    0,00    2,40     6  language_server
22:22:20     1000      8268    0,40    0,00    0,00    0,00    0,40     0  pidstat
22:22:20     1000      8301   18,40    4,00    0,00    0,00   22,40     1  java
22:22:20     1000     10403    2,00    0,00    0,00    0,00    2,00     5  gnome-terminal-
22:22:20        0     10805    0,00    0,40    0,00    1,00    0,40     6  kworker/u33:1-rb_allocator

22:22:15      UID       PID  minflt/s  majflt/s     VSZ     RSS   %MEM  Command
22:22:20      115       901      0,40      0,00 2470244  103140   0,64  prometheus
22:22:20        0      1429      0,20      0,00 2537656   72516   0,45  containerd
22:22:20        0      2497      0,80      0,00 3427484  110532   0,68  dockerd
22:22:20      117      2498      0,00      0,00 1765120  325484   2,01  grafana
22:22:20        0      2898      0,80      0,00 1235608   13904   0,09  containerd-shim
22:22:20        0      2899      1,20      0,00 1235608   13816   0,09  containerd-shim
22:22:20        0      2900     12,60      0,00 1235608   13924   0,09  containerd-shim
22:22:20        0      2902      3,00      0,00 1235352   13860   0,09  containerd-shim
22:22:20        0      2906      1,80      0,00 1235608   13928   0,09  containerd-shim
22:22:20     1000      4205      9,20      0,00 5496548  307448   1,89  gnome-shell
22:22:20     1000      5426     35,00      0,00 1461669956  298296   1,84  antigravity
22:22:20     1000      5730     24,40      0,00 34352776  162864   1,00  antigravity
22:22:20     1000      5741      0,60      0,00 33914216   81424   0,50  antigravity
22:22:20     1000      5783    188,20      0,00 1463101592  469852   2,89  antigravity
22:22:20     1000      6224      0,20      0,00 50728556   64244   0,40  antigravity
22:22:20     1000      6236      8,00      0,00 1461347768  119128   0,73  antigravity
22:22:20     1000      6237      7,20      0,00 1461367108  131984   0,81  antigravity
22:22:20     1000      6238    110,80      0,00 1461351332  311860   1,92  antigravity
22:22:20     1000      6299      2,40      0,00 1461375356  125568   0,77  antigravity
22:22:20     1000      8301    153,20      0,00 8054940  756844   4,66  java
22:22:20     1000     10772     26,00      0,00   14480    9192   0,06  ssh

22:22:15      UID       PID   kB_rd/s   kB_wr/s kB_ccwr/s iodelay  Command
22:22:20     1000      8268      0,00      1,11      0,00       0  pidstat
22:22:20     1000      8301      0,00     46,01      0,00       0  java

22:22:20      UID       PID    %usr %system  %guest   %wait    %CPU   CPU  Command
22:22:25        0        18    0,00    0,20    0,00    0,20    0,20     0  rcu_preempt
22:22:25        0        39    0,20    0,00    0,00    0,00    0,20     3  ksoftirqd/3
22:22:25        0        57    0,00    1,60    0,00    0,00    1,60     6  ksoftirqd/6
22:22:25        0        68    0,00    0,20    0,00    0,00    0,20     3  kworker/u32:2-events_unbound
22:22:25        0        87    0,00    0,20    0,00    0,00    0,20     5  kworker/5:1-mm_percpu_wq
22:22:25        0       603    0,00    2,60    0,00    0,00    2,60     0  irq/130-iwlwifi
22:22:25      115       901    0,20    0,00    0,00    0,00    0,20     2  prometheus
22:22:25        0      1399    0,20    0,00    0,00    0,00    0,20     7  glances
22:22:25        0      1412    0,20    0,20    0,00    0,00    0,40     4  tailscaled
22:22:25        0      1429    0,40    0,20    0,00    0,00    0,60     0  containerd
22:22:25        0      2497    0,20    0,40    0,00    0,00    0,60     2  dockerd
22:22:25      117      2498    2,20    0,20    0,00    0,00    2,40     5  grafana
22:22:25        0      2854    0,40    0,20    0,00    0,00    0,60     3  mount.ntfs-3g
22:22:25        0      2898    0,20    0,00    0,00    0,00    0,20     7  containerd-shim
22:22:25        0      2899    0,00    0,20    0,00    0,00    0,20     4  containerd-shim
22:22:25        0      2900    0,20    0,00    0,00    0,00    0,20     7  containerd-shim
22:22:25        0      2902    0,00    0,20    0,00    0,00    0,20     6  containerd-shim
22:22:25        0      2906    0,00    0,20    0,00    0,00    0,20     0  containerd-shim
22:22:25      999      3068    0,40    0,00    0,00    0,00    0,40     3  redis-server
22:22:25        0      3749    0,00    0,40    0,00    0,60    0,40     6  kworker/6:5-i915-unordered
22:22:25     1000      4205    7,00    4,00    0,00    0,00   11,00     3  gnome-shell
22:22:25     1000      4385    0,40    0,00    0,00    0,00    0,40     5  ABDownloadManag
22:22:25     1000      4853    0,00    0,20    0,00    0,00    0,20     2  xdg-desktop-por
22:22:25     1000      5426    2,60    0,80    0,00    0,00    3,40     6  antigravity
22:22:25     1000      5730    5,80    1,80    0,00    0,00    7,60     2  antigravity
22:22:25     1000      5783    6,00    0,20    0,00    0,00    6,20     5  antigravity
22:22:25     1000      6128    1,40    1,20    0,00    0,40    2,60     2  language_server
22:22:25     1000      6236    0,20    0,00    0,00    0,00    0,20     5  antigravity
22:22:25     1000      6237    0,80    0,20    0,00    0,00    1,00     1  antigravity
22:22:25     1000      6238    1,40    0,00    0,00    0,00    1,40     3  antigravity
22:22:25     1000      6299    0,00    0,20    0,00    0,00    0,20     1  antigravity
22:22:25     1000      7071    1,60    1,00    0,00    0,00    2,60     6  language_server
22:22:25     1000      8268    0,00    0,40    0,00    0,00    0,40     7  pidstat
22:22:25     1000      8301   19,20    4,20    0,00    0,00   23,40     1  java
22:22:25     1000     10403    1,40    0,00    0,00    0,00    1,40     7  gnome-terminal-
22:22:25        0     10805    0,00    0,60    0,00    0,00    0,60     2  kworker/u33:1-i915_flip

22:22:20      UID       PID  minflt/s  majflt/s     VSZ     RSS   %MEM  Command
22:22:25      115       901      0,20      0,00 2470244  103140   0,64  prometheus
22:22:25        0      1429      0,40      0,00 2537656   72516   0,45  containerd
22:22:25      117      2498      5,00      0,00 1765120  319900   1,97  grafana
22:22:25        0      2898      6,00      0,00 1235608   13448   0,08  containerd-shim
22:22:25        0      2899      7,80      0,00 1235608   13304   0,08  containerd-shim
22:22:25        0      2900      2,00      0,00 1235608   13196   0,08  containerd-shim
22:22:25        0      2902      3,60      0,00 1235352   13156   0,08  containerd-shim
22:22:25        0      2906      9,00      0,00 1235608   13376   0,08  containerd-shim
22:22:25      117      3039      2,80      0,00 1296324   33176   0,20  gpx_grafana_ela
22:22:25       70      3063      4,40      0,00  174540   25872   0,16  postgres
22:22:25     1000      4205      0,80      0,00 5476068  307448   1,89  gnome-shell
22:22:25     1000      5426     34,80      0,00 1461669956  298268   1,84  antigravity
22:22:25     1000      5730      8,20      0,00 34352840  162860   1,00  antigravity
22:22:25     1000      5741      0,20      0,00 33914216   81424   0,50  antigravity
22:22:25     1000      5783    109,00      0,00 1463101592  471644   2,91  antigravity
22:22:25     1000      6224      0,20      0,00 50728556   64244   0,40  antigravity
22:22:25     1000      6236      6,40      0,00 1461347768  119128   0,73  antigravity
22:22:25     1000      6237      4,80      0,00 1461367108  131984   0,81  antigravity
22:22:25     1000      6238    121,80      0,00 1461351332  312360   1,92  antigravity
22:22:25     1000      6299     25,20      0,00 1461375356  125568   0,77  antigravity
22:22:25     1000      8301    144,60      0,00 8054940  759916   4,68  java

22:22:20      UID       PID   kB_rd/s   kB_wr/s kB_ccwr/s iodelay  Command
22:22:25     1000      8268      0,00      0,88      0,00       0  pidstat
22:22:25     1000      8301      0,00     49,12      0,00       0  java

22:22:25      UID       PID    %usr %system  %guest   %wait    %CPU   CPU  Command
22:22:30        0         1    0,20    0,00    0,00    0,00    0,20     2  systemd
22:22:30        0        57    0,00    1,80    0,00    0,00    1,80     6  ksoftirqd/6
22:22:30        0        86    0,00    0,20    0,00    0,00    0,20     1  irq/9-acpi
22:22:30        0       118    0,00    0,20    0,00    0,20    0,20     7  kworker/u33:0-i915_flip
22:22:30        0       226    0,00    0,20    0,00    0,00    0,20     2  kworker/2:1H-events_highpri
22:22:30        0       603    0,00    2,60    0,00    0,00    2,60     0  irq/130-iwlwifi
22:22:30      990       869    0,80    0,20    0,00    0,00    1,00     7  dbus-daemon
22:22:30      115       897    1,20    0,60    0,00    0,00    1,80     6  prometheus-node
22:22:30      115       901    0,20    0,00    0,00    0,00    0,20     2  prometheus
22:22:30        0      1412    0,40    0,20    0,00    0,00    0,60     4  tailscaled
22:22:30        0      1429    0,20    0,00    0,00    0,00    0,20     0  containerd
22:22:30        0      2496    0,20    0,00    0,00    0,00    0,20     4  cups-browsed
22:22:30        0      2497    0,20    0,20    0,00    0,00    0,40     2  dockerd
22:22:30      117      2498    0,60    0,40    0,00    0,00    1,00     5  grafana
22:22:30        0      2854    0,20    0,20    0,00    0,00    0,40     7  mount.ntfs-3g
22:22:30        0      2899    0,20    0,00    0,00    0,00    0,20     4  containerd-shim
22:22:30        0      2900    0,00    0,20    0,00    0,00    0,20     7  containerd-shim
22:22:30        0      2902    0,20    0,00    0,00    0,00    0,20     6  containerd-shim
22:22:30      999      3068    0,40    0,00    0,00    0,00    0,40     4  redis-server
22:22:30        0      3749    0,00    0,60    0,00    0,80    0,60     6  kworker/6:5-i915-unordered
22:22:30     1000      4075    0,00    0,20    0,00    0,00    0,20     3  dbus-daemon
22:22:30     1000      4205    7,20    5,00    0,00    0,40   12,20     2  gnome-shell
22:22:30     1000      4385    0,20    0,00    0,00    0,00    0,20     5  ABDownloadManag
22:22:30     1000      4825    0,00    0,20    0,00    0,00    0,20     0  xdg-desktop-por
22:22:30     1000      4853    0,20    0,00    0,00    0,00    0,20     2  xdg-desktop-por
22:22:30     1000      5426    2,60    1,00    0,00    0,00    3,60     3  antigravity
22:22:30     1000      5730    5,40    2,20    0,00    0,00    7,60     2  antigravity
22:22:30     1000      5783    6,40    0,80    0,00    0,00    7,20     7  antigravity
22:22:30     1000      6128    1,40    1,20    0,00    0,00    2,60     2  language_server
22:22:30     1000      6237    0,80    0,20    0,00    0,00    1,00     4  antigravity
22:22:30     1000      6238    1,40    0,20    0,00    0,00    1,60     6  antigravity
22:22:30     1000      6299    0,00    0,40    0,00    0,00    0,40     7  antigravity
22:22:30     1000      7071    2,20    0,80    0,00    0,00    3,00     6  language_server
22:22:30     1000      8268    0,20    0,40    0,00    0,00    0,60     1  pidstat
22:22:30     1000      8301   30,20    6,60    0,00    0,00   36,80     1  java
22:22:30     1000     10403    1,40    0,00    0,00    0,00    1,40     7  gnome-terminal-
22:22:30        0     10805    0,00    0,20    0,00    0,20    0,20     0  kworker/u33:1-rb_allocator

22:22:25      UID       PID  minflt/s  majflt/s     VSZ     RSS   %MEM  Command
22:22:30        0         1      1,20      0,00   24716   14988   0,09  systemd
22:22:30        0       372      6,80      0,00  146016   82348   0,51  systemd-journal
22:22:30      115       897     58,40      0,00 1614080   25020   0,15  prometheus-node
22:22:30        0      1429      0,40      0,00 2537656   72516   0,45  containerd
22:22:30      117      2498      0,00      0,00 1765120  320028   1,97  grafana
22:22:30        0      2898     11,20      0,00 1235608   13704   0,08  containerd-shim
22:22:30        0      2899      7,20      0,00 1235608   15864   0,10  containerd-shim
22:22:30        0      2900      5,20      0,00 1235608   14604   0,09  containerd-shim
22:22:30        0      2902     10,20      0,00 1235352   13284   0,08  containerd-shim
22:22:30        0      2906     10,40      0,00 1235608   13376   0,08  containerd-shim
22:22:30     1000      4205      8,00      0,00 5496548  307448   1,89  gnome-shell
22:22:30     1000      4378      0,20      0,00  410516   21648   0,13  gsd-power
22:22:30     1000      5426     37,00      0,00 1461669956  298496   1,84  antigravity
22:22:30     1000      5730      7,80      0,00 34352840  162988   1,00  antigravity
22:22:30     1000      5741      0,20      0,00 33914216   81424   0,50  antigravity
22:22:30     1000      5783    175,20      0,00 1463101592  473772   2,92  antigravity
22:22:30     1000      6224      0,20      0,00 50728556   64244   0,40  antigravity
22:22:30     1000      6236      3,80      0,00 1461347768  119128   0,73  antigravity
22:22:30     1000      6237      4,80      0,00 1461367108  131984   0,81  antigravity
22:22:30     1000      6238     55,60      0,00 1461351332  312168   1,92  antigravity
22:22:30     1000      6299      9,80      0,00 1461375356  125696   0,77  antigravity
22:22:30     1000      7071      1,40      0,00 4908596  286340   1,76  language_server
22:22:30     1000      8301    186,60      0,00 8054940  891992   5,50  java

22:22:25      UID       PID   kB_rd/s   kB_wr/s kB_ccwr/s iodelay  Command
22:22:30     1000      8268      0,00      1,05      0,00       0  pidstat
22:22:30     1000      8301      0,00     50,74      0,00       0  java

22:22:30      UID       PID    %usr %system  %guest   %wait    %CPU   CPU  Command
22:22:35        0        17    0,20    0,00    0,00    0,00    0,20     0  ksoftirqd/0
22:22:35        0        57    0,00    1,80    0,00    0,00    1,80     6  ksoftirqd/6
22:22:35        0       118    0,00    0,60    0,00    0,40    0,60     6  kworker/u33:0-i915_flip
22:22:35        0       211    0,00    0,20    0,00    0,00    0,20     1  kworker/1:1H-events_highpri
22:22:35        0       603    0,00    2,40    0,00    0,00    2,40     0  irq/130-iwlwifi
22:22:35      115       901    0,20    0,00    0,00    0,00    0,20     5  prometheus
22:22:35        0      1399    0,20    0,00    0,00    0,00    0,20     7  glances
22:22:35        0      1412    0,20    0,00    0,00    0,00    0,20     0  tailscaled
22:22:35        0      1429    0,20    0,20    0,00    0,00    0,40     0  containerd
22:22:35        0      2497    0,20    0,40    0,00    0,00    0,60     2  dockerd
22:22:35      117      2498    0,40    0,40    0,00    0,00    0,80     5  grafana
22:22:35        0      2854    0,20    0,40    0,00    0,00    0,60     6  mount.ntfs-3g
22:22:35        0      2898    0,20    0,00    0,00    0,00    0,20     7  containerd-shim
22:22:35        0      2906    0,20    0,00    0,00    0,00    0,20     0  containerd-shim
22:22:35      999      3068    0,40    0,20    0,00    0,00    0,60     0  redis-server
22:22:35        0      3749    0,00    0,60    0,00    1,00    0,60     6  kworker/6:5-i915-unordered
22:22:35     1000      4205    7,60    3,40    0,00    0,00   11,00     1  gnome-shell
22:22:35     1000      4385    0,20    0,00    0,00    0,00    0,20     5  ABDownloadManag
22:22:35     1000      4399    0,20    0,00    0,00    0,00    0,20     5  gnome-software
22:22:35     1000      5426    2,60    0,80    0,00    0,20    3,40     2  antigravity
22:22:35     1000      5730    5,80    1,60    0,00    0,00    7,40     1  antigravity
22:22:35     1000      5783    5,60    0,60    0,00    0,00    6,20     6  antigravity
22:22:35     1000      6128    1,60    1,20    0,00    0,00    2,80     2  language_server
22:22:35     1000      6237    0,40    0,60    0,00    0,00    1,00     0  antigravity
22:22:35     1000      6238    1,00    0,00    0,00    0,00    1,00     5  antigravity
22:22:35     1000      6299    0,40    0,20    0,00    0,00    0,60     6  antigravity
22:22:35     1000      7071    1,40    1,20    0,00    0,00    2,60     6  language_server
22:22:35     1000      8268    0,00    0,40    0,00    0,00    0,40     7  pidstat
22:22:35     1000      8301   20,80    3,80    0,00    0,00   24,60     1  java
22:22:35     1000     10403    1,20    0,00    0,00    0,00    1,20     1  gnome-terminal-
22:22:35        0     10805    0,00    0,20    0,00    0,00    0,20     5  kworker/u33:1-rb_allocator

22:22:30      UID       PID  minflt/s  majflt/s     VSZ     RSS   %MEM  Command
22:22:35      114      1529      3,40      0,00  218252   29564   0,18  postgres
22:22:35        0      2898     14,20      0,00 1235608   13832   0,09  containerd-shim
22:22:35        0      2900      0,20      0,00 1235608   14604   0,09  containerd-shim
22:22:35        0      2902     12,60      0,00 1235352   13540   0,08  containerd-shim
22:22:35        0      2906     13,20      0,00 1235608   13888   0,09  containerd-shim
22:22:35     1000      4205      0,80      0,00 5496548  307448   1,89  gnome-shell
22:22:35     1000      5426     40,40      0,00 1461669956  298440   1,84  antigravity
22:22:35     1000      5730     15,80      0,00 34352904  162984   1,00  antigravity
22:22:35     1000      5741      0,40      0,00 33914216   81424   0,50  antigravity
22:22:35     1000      5783    113,00      0,00 1463101592  475820   2,93  antigravity
22:22:35     1000      6224      0,40      0,00 50728556   64244   0,40  antigravity
22:22:35     1000      6236      4,20      0,00 1461347768  119128   0,73  antigravity
22:22:35     1000      6237      6,20      0,00 1461367108  131984   0,81  antigravity
22:22:35     1000      6238     25,40      0,00 1461351332  312036   1,92  antigravity
22:22:35     1000      6299     83,20      0,00 1461375356  125696   0,77  antigravity
22:22:35     1000      8301    152,40      0,00 8054940  894808   5,51  java

22:22:30      UID       PID   kB_rd/s   kB_wr/s kB_ccwr/s iodelay  Command
22:22:35     1000      8268      0,00      1,10      0,00       0  pidstat
22:22:35     1000      8301      0,00     46,01      0,00       0  java

22:22:35      UID       PID    %usr %system  %guest   %wait    %CPU   CPU  Command
22:22:40        0        57    0,00    1,60    0,00    0,00    1,60     6  ksoftirqd/6
22:22:40        0       118    0,00    0,20    0,00    0,00    0,20     4  kworker/u33:0-rb_allocator
22:22:40        0       224    0,00    0,20    0,00    0,00    0,20     4  kworker/4:1H-events_highpri
22:22:40        0       317    0,00    0,20    0,00    0,00    0,20     0  kworker/0:2-events
22:22:40        0       603    0,00    2,60    0,00    0,20    2,60     0  irq/130-iwlwifi
22:22:40      986       892    0,20    0,00    0,00    0,00    0,20     1  polkitd
22:22:40        0      1048    0,00    0,20    0,00    0,00    0,20     1  kworker/1:3-events
22:22:40        0      1399    0,20    0,00    0,00    0,00    0,20     7  glances
22:22:40        0      1412    0,20    0,20    0,00    0,00    0,40     7  tailscaled
22:22:40        0      1429    0,40    0,20    0,00    0,00    0,60     0  containerd
22:22:40        0      2497    0,40    0,00    0,00    0,00    0,40     2  dockerd
22:22:40      117      2498    0,40    0,20    0,00    0,00    0,60     5  grafana
22:22:40        0      2854    0,40    0,20    0,00    0,20    0,60     6  mount.ntfs-3g
22:22:40        0      2898    0,00    0,20    0,00    0,00    0,20     7  containerd-shim
22:22:40        0      2899    0,20    0,00    0,00    0,00    0,20     4  containerd-shim
22:22:40        0      2900    0,20    0,00    0,00    0,00    0,20     7  containerd-shim
22:22:40        0      2902    0,20    0,00    0,00    0,00    0,20     6  containerd-shim
22:22:40        0      2906    0,00    0,20    0,00    0,00    0,20     0  containerd-shim
22:22:40      999      3068    0,40    0,00    0,00    0,00    0,40     6  redis-server
22:22:40        0      3749    0,00    0,40    0,00    0,80    0,40     6  kworker/6:5-i915-unordered
22:22:40     1000      4205    7,80    4,00    0,00    0,20   11,80     3  gnome-shell
22:22:40     1000      4385    0,20    0,00    0,00    0,00    0,20     5  ABDownloadManag
22:22:40     1000      5426    2,80    0,60    0,00    0,00    3,40     2  antigravity
22:22:40     1000      5730    6,20    1,40    0,00    0,20    7,60     5  antigravity
22:22:40     1000      5783   16,40    1,00    0,00    0,20   17,40     0  antigravity
22:22:40     1000      6128    1,80    0,80    0,00    0,20    2,60     5  language_server
22:22:40     1000      6237    0,40    0,40    0,00    0,00    0,80     7  antigravity
22:22:40     1000      6238    1,60    0,20    0,00    0,20    1,80     7  antigravity
22:22:40     1000      6299    0,20    0,20    0,00    0,00    0,40     1  antigravity
22:22:40     1000      7071    1,80    1,20    0,00    0,00    3,00     6  language_server
22:22:40     1000      8268    0,20    0,20    0,00    0,00    0,40     7  pidstat
22:22:40     1000      8301   17,20    3,20    0,00    0,00   20,40     1  java
22:22:40     1000     10403    1,60    0,20    0,00    0,00    1,80     2  gnome-terminal-

22:22:35      UID       PID  minflt/s  majflt/s     VSZ     RSS   %MEM  Command
22:22:40        0      1429      6,80      0,00 2537656   72772   0,45  containerd
22:22:40        0      2898      2,60      0,00 1235608   13960   0,09  containerd-shim
22:22:40        0      2900      0,00      0,00 1235608   16396   0,10  containerd-shim
22:22:40        0      2902     13,20      0,00 1235352   15716   0,10  containerd-shim
22:22:40        0      2906     10,20      0,00 1235608   14016   0,09  containerd-shim
22:22:40     1000      4205     13,00      0,00 5496548  307448   1,89  gnome-shell
22:22:40     1000      5426     54,80      0,00 1461669956  298240   1,84  antigravity
22:22:40     1000      5730      7,80      0,00 34352840  163112   1,00  antigravity
22:22:40     1000      5741      1,20      0,00 33914216   81552   0,50  antigravity
22:22:40     1000      5783    212,60      0,00 1463101592  467600   2,88  antigravity
22:22:40     1000      6224      0,20      0,00 50728556   64244   0,40  antigravity
22:22:40     1000      6236      8,40      0,00 1461347768  119128   0,73  antigravity
22:22:40     1000      6237      7,80      0,00 1461367108  131984   0,81  antigravity
22:22:40     1000      6238    138,80      0,00 1461351332  312068   1,92  antigravity
22:22:40     1000      6299    133,40      0,00 1461375356  125536   0,77  antigravity
22:22:40     1000      8301     72,60      0,00 8054940  896216   5,52  java

22:22:35      UID       PID   kB_rd/s   kB_wr/s kB_ccwr/s iodelay  Command
22:22:40     1000      6238      0,00      0,80      0,00       0  antigravity
22:22:40     1000      8268      0,00      0,88      0,00       0  pidstat
22:22:40     1000      8301      0,00     50,68      0,00       0  java

22:22:40      UID       PID    %usr %system  %guest   %wait    %CPU   CPU  Command
22:22:45        0         1    0,20    0,00    0,00    0,00    0,20     1  systemd
22:22:45        0        18    0,00    0,20    0,00    0,00    0,20     2  rcu_preempt
22:22:45        0        45    0,00    0,20    0,00    0,00    0,20     4  ksoftirqd/4
22:22:45        0        57    0,00    2,00    0,00    0,00    2,00     6  ksoftirqd/6
22:22:45        0        67    0,00    0,20    0,00    0,00    0,20     1  kworker/u32:1-kvfree_rcu_reclaim
22:22:45        0        86    0,00    0,20    0,00    0,00    0,20     1  irq/9-acpi
22:22:45        0       118    0,00    0,20    0,00    0,40    0,20     2  kworker/u33:0-i915_flip
22:22:45        0       603    0,00    2,60    0,00    0,00    2,60     0  irq/130-iwlwifi
22:22:45      990       869    0,60    0,00    0,00    0,00    0,60     6  dbus-daemon
22:22:45      115       897    1,00    0,60    0,00    0,00    1,60     6  prometheus-node
22:22:45      115       901    0,20    0,20    0,00    0,00    0,40     6  prometheus
22:22:45        0      1429    0,20    0,20    0,00    0,00    0,40     0  containerd
22:22:45        0      1432    0,00    0,20    0,00    0,00    0,20     7  anydesk
22:22:45        0      2497    0,40    0,20    0,00    0,00    0,60     2  dockerd
22:22:45      117      2498    0,60    0,20    0,00    0,00    0,80     5  grafana
22:22:45        0      2854    0,40    0,00    0,00    0,00    0,40     4  mount.ntfs-3g
22:22:45      999      3068    0,40    0,20    0,00    0,00    0,60     4  redis-server
22:22:45        0      3749    0,00    0,60    0,00    0,60    0,60     6  kworker/6:5-i915-unordered
22:22:45     1000      4205    6,80    4,40    0,00    0,20   11,20     5  gnome-shell
22:22:45     1000      4385    0,40    0,00    0,00    0,00    0,40     5  ABDownloadManag
22:22:45     1000      4825    0,20    0,00    0,00    0,00    0,20     4  xdg-desktop-por
22:22:45     1000      5426    2,20    1,40    0,00    0,00    3,60     7  antigravity
22:22:45     1000      5730    6,20    1,00    0,00    0,00    7,20     5  antigravity
22:22:45     1000      5783    5,40    0,80    0,00    0,00    6,20     2  antigravity
22:22:45     1000      6128    1,60    1,00    0,00    0,00    2,60     3  language_server
22:22:45     1000      6237    1,00    0,00    0,00    0,20    1,00     3  antigravity
22:22:45     1000      6238   14,00    1,00    0,00    0,00   15,00     5  antigravity
22:22:45     1000      6299    0,20    0,20    0,00    0,00    0,40     0  antigravity
22:22:45     1000      7071    1,80    1,20    0,00    0,00    3,00     6  language_server
22:22:45     1000      8268    0,20    0,40    0,00    0,00    0,60     1  pidstat
22:22:45     1000      8301   16,40    3,40    0,00    0,00   19,80     1  java
22:22:45     1000     10403    1,40    0,00    0,00    0,00    1,40     5  gnome-terminal-
22:22:45        0     10805    0,00    0,40    0,00    0,00    0,40     3  kworker/u33:1-rb_allocator

22:22:40      UID       PID  minflt/s  majflt/s     VSZ     RSS   %MEM  Command
22:22:45        0         1      0,80      0,00   24716   14988   0,09  systemd
22:22:45      115       897     50,20      0,00 1614080   24588   0,15  prometheus-node
22:22:45        0      1429      0,80      0,00 2537656   72772   0,45  containerd
22:22:45        0      2898     11,80      0,00 1235608   14088   0,09  containerd-shim
22:22:45        0      2906      1,00      0,00 1235608   14016   0,09  containerd-shim
22:22:45     1000      4205      1,60      0,00 5496612  307448   1,89  gnome-shell
22:22:45     1000      5426     44,00      0,00 1461669956  298016   1,84  antigravity
22:22:45     1000      5730     14,80      0,00 34352968  163080   1,00  antigravity
22:22:45     1000      5741      0,20      0,00 33914216   81552   0,50  antigravity
22:22:45     1000      5783    110,60      0,00 1463101656  469520   2,89  antigravity
22:22:45     1000      6224      0,20      0,00 50728556   64244   0,40  antigravity
22:22:45     1000      6236      4,20      0,00 1461347768  119128   0,73  antigravity
22:22:45     1000      6237      4,40      0,00 1461367108  131984   0,81  antigravity
22:22:45     1000      6238   3298,40      0,00 1461351332  370300   2,28  antigravity
22:22:45     1000      6299      6,20      0,00 1461375356  125664   0,77  antigravity
22:22:45     1000      6689      0,20      0,00 1476307752  119724   0,74  antigravity
22:22:45     1000      8301     47,40      0,00 8054940  897112   5,53  java

22:22:40      UID       PID   kB_rd/s   kB_wr/s kB_ccwr/s iodelay  Command
22:22:45     1000      8268      0,00      0,93      0,00       0  pidstat
22:22:45     1000      8301      0,00     50,68      0,00       0  java

22:22:45      UID       PID    %usr %system  %guest   %wait    %CPU   CPU  Command
22:22:50        0        27    0,20    0,00    0,00    0,00    0,20     1  ksoftirqd/1
22:22:50        0        57    0,00    1,60    0,00    0,20    1,60     6  ksoftirqd/6
22:22:50        0        63    0,20    0,00    0,00    0,00    0,20     7  ksoftirqd/7
22:22:50        0        68    0,00    0,20    0,00    1,20    0,20     7  kworker/u32:2-i915
22:22:50        0        82    0,00    0,20    0,00    0,00    0,20     0  khugepaged
22:22:50        0       118    0,00    0,20    0,00    0,00    0,20     4  kworker/u33:0-rb_allocator
22:22:50        0       603    0,00    2,60    0,00    0,00    2,60     0  irq/130-iwlwifi
22:22:50      115       901    0,20    0,00    0,00    0,00    0,20     3  prometheus
22:22:50        0      1050    0,20    0,00    0,00    0,00    0,20     2  NetworkManager
22:22:50        0      1399    0,20    0,00    0,00    0,00    0,20     7  glances
22:22:50        0      1429    0,20    0,00    0,00    0,00    0,20     0  containerd
22:22:50      111      1508    0,20    0,00    0,00    0,00    0,20     0  mariadbd
22:22:50        0      2497    0,20    0,40    0,00    0,00    0,60     2  dockerd
22:22:50      117      2498    0,80    0,20    0,00    0,00    1,00     5  grafana
22:22:50        0      2854    0,20    0,40    0,00    0,00    0,60     0  mount.ntfs-3g
22:22:50        0      2898    0,20    0,00    0,00    0,00    0,20     7  containerd-shim
22:22:50        0      2899    0,20    0,00    0,00    0,00    0,20     4  containerd-shim
22:22:50        0      2900    0,00    0,20    0,00    0,00    0,20     7  containerd-shim
22:22:50        0      2902    0,20    0,00    0,00    0,00    0,20     6  containerd-shim
22:22:50        0      2906    0,20    0,00    0,00    0,00    0,20     0  containerd-shim
22:22:50      999      3068    0,40    0,00    0,00    0,00    0,40     6  redis-server
22:22:50        0      3749    0,00    0,60    0,00    0,80    0,60     6  kworker/6:5-i915-unordered
22:22:50     1000      4205    6,00    5,60    0,00    0,20   11,60     5  gnome-shell
22:22:50     1000      4385    0,00    0,20    0,00    0,00    0,20     5  ABDownloadManag
22:22:50     1000      5426    3,00    0,80    0,00    0,00    3,80     4  antigravity
22:22:50     1000      5730    6,40    1,00    0,00    0,00    7,40     2  antigravity
22:22:50     1000      5783    5,80    0,60    0,00    0,00    6,40     6  antigravity
22:22:50     1000      6128    1,40    1,20    0,00    0,00    2,60     6  language_server
22:22:50     1000      6237    0,40    0,60    0,00    0,00    1,00     5  antigravity
22:22:50     1000      6238    1,20    0,00    0,00    1,80    1,20     1  antigravity
22:22:50     1000      6299    0,20    0,00    0,00    0,00    0,20     4  antigravity
22:22:50     1000      7071    1,60    0,80    0,00    0,00    2,40     6  language_server
22:22:50     1000      7164    0,20    0,00    0,00    0,00    0,20     2  antigravity
22:22:50     1000      8268    0,00    0,40    0,00    0,00    0,40     1  pidstat
22:22:50     1000      8301   20,60    4,80    0,00    0,00   25,40     1  java
22:22:50     1000     10403    1,00    0,00    0,00    0,00    1,00     2  gnome-terminal-
22:22:50        0     10805    0,00    0,40    0,00    0,20    0,40     6  kworker/u33:1+i915_flip
22:22:50        0     11015    0,20    0,00    0,00    0,00    0,20     2  kworker/2:2-i915-unordered

22:22:45      UID       PID  minflt/s  majflt/s     VSZ     RSS   %MEM  Command
22:22:50      115       901      0,60      0,00 2470244  103140   0,64  prometheus
22:22:50        0      2898      1,60      0,00 1235608   15620   0,10  containerd-shim
22:22:50        0      2902      0,20      0,00 1235352   15716   0,10  containerd-shim
22:22:50        0      2906      3,40      0,00 1235608   14912   0,09  containerd-shim
22:22:50     1000      4205      9,40      0,00 5476068  307448   1,89  gnome-shell
22:22:50     1000      5426     58,40      0,00 1461669956  298564   1,84  antigravity
22:22:50     1000      5730      8,20      0,00 34352968  163208   1,01  antigravity
22:22:50     1000      5741      0,20      0,00 33914216   81552   0,50  antigravity
22:22:50     1000      5783    149,00      0,00 1463101656  471672   2,91  antigravity
22:22:50     1000      6224      0,20      0,00 50728556   64244   0,40  antigravity
22:22:50     1000      6236      4,20      0,00 1461347768  119128   0,73  antigravity
22:22:50     1000      6237      4,80      0,00 1461367108  131984   0,81  antigravity
22:22:50     1000      6238     20,20      0,00 1461351332  370144   2,28  antigravity
22:22:50     1000      6299      2,40      0,00 1461375356  125664   0,77  antigravity
22:22:50     1000      8301     77,00      0,00 8054940  929104   5,72  java

22:22:45      UID       PID   kB_rd/s   kB_wr/s kB_ccwr/s iodelay  Command
22:22:50     1000      5426      0,80      0,80      0,00       0  antigravity
22:22:50     1000      8268      0,00      0,93      0,00       0  pidstat
22:22:50     1000      8301      0,00     56,96      0,00       0  java

22:22:50      UID       PID    %usr %system  %guest   %wait    %CPU   CPU  Command
22:22:55        0         1    0,20    0,20    0,00    0,00    0,40     0  systemd
22:22:55        0        57    0,00    1,80    0,00    0,00    1,80     6  ksoftirqd/6
22:22:55        0       317    0,00    0,20    0,00    0,00    0,20     0  kworker/0:2-events
22:22:55        0       434    0,20    0,20    0,00    0,20    0,40     6  systemd-udevd
22:22:55        0       603    0,00    2,60    0,00    0,00    2,60     0  irq/130-iwlwifi
22:22:55      990       869    0,20    0,00    0,00    0,20    0,20     2  dbus-daemon
22:22:55      115       901    0,40    0,00    0,00    0,00    0,40     5  prometheus
22:22:55        0      1050    0,00    0,20    0,00    0,00    0,20     2  NetworkManager
22:22:55        0      1399    0,20    0,00    0,00    0,00    0,20     7  glances
22:22:55        0      1412    0,00    0,20    0,00    0,00    0,20     2  tailscaled
22:22:55        0      1429    0,60    0,20    0,00    0,00    0,80     0  containerd
22:22:55        0      2497    1,00    0,40    0,00    0,00    1,40     2  dockerd
22:22:55      117      2498    0,80    0,20    0,00    0,00    1,00     5  grafana
22:22:55        0      2854    0,20    0,20    0,00    0,00    0,40     7  mount.ntfs-3g
22:22:55        0      2898    0,00    0,20    0,00    0,00    0,20     7  containerd-shim
22:22:55        0      2902    0,00    0,20    0,00    0,00    0,20     6  containerd-shim
22:22:55        0      2906    0,00    0,20    0,00    0,00    0,20     0  containerd-shim
22:22:55      999      3068    0,40    0,00    0,00    0,00    0,40     7  redis-server
22:22:55        0      3082    0,20    0,00    0,00    0,00    0,20     2  node
22:22:55        0      3749    0,00    0,60    0,00    0,60    0,60     6  kworker/6:5-i915-unordered
22:22:55     1000      4052    0,20    0,20    0,00    0,00    0,40     3  systemd
22:22:55     1000      4075    0,20    0,00    0,00    0,00    0,20     7  dbus-daemon
22:22:55     1000      4205    6,60    4,60    0,00    0,00   11,20     6  gnome-shell
22:22:55     1000      4364    0,20    0,00    0,00    0,00    0,20     0  gsd-housekeepin
22:22:55     1000      4385    0,40    0,00    0,00    0,00    0,40     5  ABDownloadManag
22:22:55     1000      4387    0,20    0,00    0,00    0,00    0,20     0  gsd-sharing
22:22:55     1000      4576    0,20    0,00    0,00    0,00    0,20     3  gvfs-udisks2-vo
22:22:55     1000      5426    2,20    1,20    0,00    0,00    3,40     5  antigravity
22:22:55     1000      5730    6,20    1,60    0,00    0,00    7,80     0  antigravity
22:22:55     1000      5783    5,60    1,00    0,00    0,00    6,60     4  antigravity
22:22:55     1000      6128    1,20    1,40    0,00    0,00    2,60     0  language_server
22:22:55     1000      6237    0,60    0,20    0,00    0,00    0,80     1  antigravity
22:22:55     1000      6238    1,20    0,20    0,00    0,00    1,40     6  antigravity
22:22:55     1000      6299    0,00    0,20    0,00    0,00    0,20     3  antigravity
22:22:55     1000      7071    1,20    1,20    0,00    0,00    2,40     6  language_server
22:22:55     1000      8268    0,20    0,40    0,00    0,00    0,60     7  pidstat
22:22:55     1000      8301   18,40    3,40    0,00    0,00   21,80     1  java
22:22:55     1000     10403    1,60    0,00    0,00    0,20    1,60     2  gnome-terminal-
22:22:55        0     10805    0,00    0,40    0,00    0,80    0,40     6  kworker/u33:1-i915_flip
22:22:55        0     11146    0,00    0,20    0,00    0,00    0,20     2  containerd-shim

22:22:50      UID       PID  minflt/s  majflt/s     VSZ     RSS   %MEM  Command
22:22:55        0         1     19,40      0,00   24716   14988   0,09  systemd
22:22:55        0       372     26,60      0,00  146016   82348   0,51  systemd-journal
22:22:55        0       434     88,80      0,00   37564   10916   0,07  systemd-udevd
22:22:55      115       901      0,40      0,00 2470244  103140   0,64  prometheus
22:22:55        0      1429      0,40      0,00 2537656   72772   0,45  containerd
22:22:55      114      1529      3,40      0,00  218252   29564   0,18  postgres
22:22:55        0      2497      0,40      0,00 3427484  110532   0,68  dockerd
22:22:55        0      2898      7,40      0,00 1235608   15124   0,09  containerd-shim
22:22:55        0      2899      7,00      0,00 1235608   15264   0,09  containerd-shim
22:22:55        0      2900      6,80      0,00 1235608   15584   0,10  containerd-shim
22:22:55        0      2902      7,60      0,00 1235352   15104   0,09  containerd-shim
22:22:55        0      2906      4,00      0,00 1235608   14404   0,09  containerd-shim
22:22:55     1000      4205      1,20      0,00 5496548  307576   1,89  gnome-shell
22:22:55     1000      5426     48,60      0,00 1461669956  298312   1,84  antigravity
22:22:55     1000      5730     15,40      0,00 34352968  163336   1,01  antigravity
22:22:55     1000      5741      0,40      0,00 33914216   81552   0,50  antigravity
22:22:55     1000      5783    103,80      0,00 1463101656  473464   2,92  antigravity
22:22:55     1000      6224      0,40      0,00 50728556   64244   0,40  antigravity
22:22:55     1000      6236      5,00      0,00 1461347768  119128   0,73  antigravity
22:22:55     1000      6237      6,00      0,00 1461367108  131984   0,81  antigravity
22:22:55     1000      6238     15,20      0,00 1461351332  370136   2,28  antigravity
22:22:55     1000      6299      7,60      0,00 1461375356  125664   0,77  antigravity
22:22:55     1000      8301     57,60      0,00 8054940  930384   5,73  java
22:22:55        0     11146    152,40      0,00 1235352   12356   0,08  containerd-shim
22:22:55        0     11178     49,80      0,00   37568    7084   0,04  (udev-worker)
22:22:55        0     11192     25,40      0,00   37568    6764   0,04  (udev-worker)
22:22:55        0     11193     25,20      0,00   37568    6764   0,04  (udev-worker)
22:22:55        0     11194     25,40      0,00   37568    6764   0,04  (udev-worker)
22:22:55        0     11195     25,40      0,00   37568    6764   0,04  (udev-worker)
22:22:55        0     11197     25,80      0,00   37568    6764   0,04  (udev-worker)
22:22:55        0     11198     25,60      0,00   37568    6764   0,04  (udev-worker)
22:22:55        0     11199     26,00      0,00   37568    6764   0,04  (udev-worker)
22:22:55        0     11200     25,80      0,00   37568    6764   0,04  (udev-worker)
22:22:55        0     11201     25,60      0,00   37568    6764   0,04  (udev-worker)
22:22:55        0     11203     26,20      0,00   37568    6764   0,04  (udev-worker)
22:22:55        0     11204     25,40      0,00   37568    6764   0,04  (udev-worker)
22:22:55        0     11206     26,20      0,00   37568    6764   0,04  (udev-worker)
22:22:55        0     11207     25,80      0,00   37568    6764   0,04  (udev-worker)
22:22:55        0     11208     25,80      0,00   37568    6764   0,04  (udev-worker)
22:22:55        0     11209     25,20      0,00   37568    6764   0,04  (udev-worker)
22:22:55        0     11218     58,40      0,00 1599260    8412   0,05  docker-proxy
22:22:55        0     11224     61,80      0,00 1812588    8444   0,05  docker-proxy

22:22:50      UID       PID   kB_rd/s   kB_wr/s kB_ccwr/s iodelay  Command
22:22:55     1000      8268      0,00      1,00      0,00       0  pidstat
22:22:55     1000      8301      0,00     47,55      0,00       0  java

22:22:55      UID       PID    %usr %system  %guest   %wait    %CPU   CPU  Command
22:23:00        0         1    0,40    0,00    0,00    0,00    0,40     6  systemd
22:23:00        0        17    0,20    0,00    0,00    0,20    0,20     0  ksoftirqd/0
22:23:00        0        18    0,00    0,20    0,00    0,20    0,20     4  rcu_preempt
22:23:00        0        57    0,00    1,80    0,00    0,00    1,80     6  ksoftirqd/6
22:23:00        0        86    0,00    0,20    0,00    0,00    0,20     1  irq/9-acpi
22:23:00        0       232    0,00    0,20    0,00    0,00    0,20     7  kworker/7:1H-events_highpri
22:23:00        0       603    0,00    3,20    0,00    0,00    3,20     0  irq/130-iwlwifi
22:23:00      990       869    1,00    0,20    0,00    0,00    1,20     2  dbus-daemon
22:23:00      115       897    1,60    0,40    0,00    0,00    2,00     6  prometheus-node
22:23:00      115       901    0,20    0,00    0,00    0,00    0,20     2  prometheus
22:23:00        0      1050    0,20    0,00    0,00    0,00    0,20     4  NetworkManager
22:23:00        0      1399    0,20    0,00    0,00    0,00    0,20     7  glances
22:23:00        0      1412    0,20    0,20    0,00    0,00    0,40     2  tailscaled
22:23:00        0      1429    0,60    0,00    0,00    0,00    0,60     0  containerd
22:23:00      108      1924    0,00    0,20    0,00    0,00    0,20     1  rtkit-daemon
22:23:00        0      2497    0,60    0,60    0,00    0,00    1,20     2  dockerd
22:23:00      117      2498    0,60    0,20    0,00    0,00    0,80     5  grafana
22:23:00        0      2854    0,40    0,60    0,00    0,00    1,00     5  mount.ntfs-3g
22:23:00        0      2899    0,20    0,00    0,00    0,00    0,20     4  containerd-shim
22:23:00        0      2900    0,00    0,20    0,00    0,00    0,20     7  containerd-shim
22:23:00        0      2902    0,00    0,20    0,00    0,00    0,20     6  containerd-shim
22:23:00        0      2906    0,20    0,00    0,00    0,00    0,20     0  containerd-shim
22:23:00      999      3068    0,40    0,00    0,00    0,00    0,40     1  redis-server
22:23:00        0      3749    0,00    0,60    0,00    0,60    0,60     6  kworker/6:5-i915-unordered
22:23:00     1000      4205    8,40    3,40    0,00    0,20   11,80     6  gnome-shell
22:23:00     1000      4364    0,20    0,00    0,00    0,00    0,20     4  gsd-housekeepin
22:23:00     1000      4385    0,20    0,00    0,00    0,00    0,20     5  ABDownloadManag
22:23:00     1000      4825    0,20    0,00    0,00    0,00    0,20     4  xdg-desktop-por
22:23:00     1000      5426    2,60    1,00    0,00    0,00    3,60     2  antigravity
22:23:00     1000      5730    5,60    1,80    0,00    0,20    7,40     2  antigravity
22:23:00     1000      5783    6,20    0,60    0,00    0,40    6,80     4  antigravity
22:23:00     1000      6128    1,40    1,20    0,00    0,20    2,60     1  language_server
22:23:00     1000      6237    0,80    0,40    0,00    0,00    1,20     6  antigravity
22:23:00     1000      6238    1,00    0,00    0,00    0,00    1,00     3  antigravity
22:23:00     1000      6299    0,40    0,00    0,00    0,00    0,40     2  antigravity
22:23:00     1000      7071    1,20    1,60    0,00    0,00    2,80     6  language_server
22:23:00     1000      8268    0,00    0,40    0,00    0,00    0,40     1  pidstat
22:23:00     1000      8301   19,00    4,00    0,00    0,00   23,00     1  java
22:23:00     1000     10403    1,40    0,00    0,00    0,00    1,40     2  gnome-terminal-
22:23:00        0     10805    0,00    0,60    0,00    0,40    0,60     0  kworker/u33:1+i915_flip

22:22:55      UID       PID  minflt/s  majflt/s     VSZ     RSS   %MEM  Command
22:23:00        0         1      0,20      0,00   24716   14988   0,09  systemd
22:23:00        0       372     22,40      0,00  146016   82348   0,51  systemd-journal
22:23:00        0       434      1,60      0,00   37564   10916   0,07  systemd-udevd
22:23:00      115       897     70,80      0,00 1614080   24676   0,15  prometheus-node
22:23:00        0      1429      0,60      0,00 2537656   72772   0,45  containerd
22:23:00        0      2898      8,00      0,00 1235608   15124   0,09  containerd-shim
22:23:00        0      2899     11,40      0,00 1235608   15520   0,10  containerd-shim
22:23:00        0      2900     10,80      0,00 1235608   15840   0,10  containerd-shim
22:23:00        0      2902     12,60      0,00 1235352   15104   0,09  containerd-shim
22:23:00        0      2906     14,60      0,00 1235608   16068   0,10  containerd-shim
22:23:00     1000      4205      8,60      0,00 5496548  307576   1,89  gnome-shell
22:23:00     1000      4825      0,40      0,00  778336   19796   0,12  xdg-desktop-por
22:23:00     1000      5426     45,20      0,00 1461669956  298568   1,84  antigravity
22:23:00     1000      5730      8,00      0,00 34352904  163200   1,01  antigravity
22:23:00     1000      5741      1,40      0,00 33914216   81552   0,50  antigravity
22:23:00     1000      5783    180,60      0,00 1463101656  476136   2,93  antigravity
22:23:00     1000      6224      0,20      0,00 50728556   64244   0,40  antigravity
22:23:00     1000      6236      8,40      0,00 1461347768  119128   0,73  antigravity
22:23:00     1000      6237      7,40      0,00 1461367108  131984   0,81  antigravity
22:23:00     1000      6238     16,80      0,00 1461351332  368916   2,27  antigravity
22:23:00     1000      6299      7,80      0,00 1461375356  125792   0,77  antigravity
22:23:00     1000      7071      0,20      0,00 4908596  286340   1,76  language_server
22:23:00     1000      8301     55,40      0,00 8054940  931664   5,74  java

22:22:55      UID       PID   kB_rd/s   kB_wr/s kB_ccwr/s iodelay  Command
22:23:00     1000      5741      0,00      3,20      0,00       0  antigravity
22:23:00     1000      8268      0,00      1,47      0,00       0  pidstat
22:23:00     1000      8301      0,00     64,82      0,00       0  java

22:23:00      UID       PID    %usr %system  %guest   %wait    %CPU   CPU  Command
22:23:05        0        57    0,00    1,80    0,00    0,00    1,80     6  ksoftirqd/6
22:23:05        0        71    0,00    0,20    0,00    0,00    0,20     5  kworker/u32:5-events_unbound
22:23:05        0       185    0,00    0,20    0,00    0,00    0,20     3  kworker/3:1-events
22:23:05        0       225    0,00    0,20    0,00    0,00    0,20     6  kworker/6:1H-events_highpri
22:23:05        0       318    0,00    0,20    0,00    0,00    0,20     4  jbd2/sda4-8
22:23:05        0       603    0,00    3,00    0,00    0,00    3,00     0  irq/130-iwlwifi
22:23:05        0      1399    0,20    0,00    0,00    0,00    0,20     7  glances
22:23:05        0      1429    0,20    0,20    0,00    0,00    0,40     0  containerd
22:23:05        0      1796    0,00    0,20    0,00    0,00    0,20     7  kworker/7:3-events
22:23:05        0      2497    0,20    0,20    0,00    0,00    0,40     2  dockerd
22:23:05      117      2498    0,60    0,00    0,00    0,00    0,60     5  grafana
22:23:05        0      2854    0,40    0,20    0,00    0,00    0,60     0  mount.ntfs-3g
22:23:05        0      2899    0,00    0,20    0,00    0,00    0,20     4  containerd-shim
22:23:05      999      3068    0,40    0,20    0,00    0,00    0,60     4  redis-server
22:23:05        0      3749    0,00    0,60    0,00    1,00    0,60     6  kworker/6:5-i915-unordered
22:23:05     1000      4205    7,20    4,40    0,00    0,00   11,60     1  gnome-shell
22:23:05     1000      4385    0,20    0,00    0,00    0,00    0,20     5  ABDownloadManag
22:23:05     1000      5426    2,60    1,00    0,00    0,20    3,60     4  antigravity
22:23:05     1000      5730    6,40    1,20    0,00    0,00    7,60     2  antigravity
22:23:05     1000      5783   15,60    1,00    0,00    0,40   16,60     6  antigravity
22:23:05     1000      6128    1,80    0,80    0,00    0,00    2,60     0  language_server
22:23:05     1000      6237    0,60    0,20    0,00    0,00    0,80     7  antigravity
22:23:05     1000      6238    1,20    0,20    0,00    0,00    1,40     0  antigravity
22:23:05     1000      6299    0,20    0,20    0,00    0,20    0,40     1  antigravity
22:23:05     1000      7071    1,80    0,60    0,00    0,00    2,40     6  language_server
22:23:05     1000      8268    0,20    0,40    0,00    0,00    0,60     7  pidstat
22:23:05     1000      8301   16,00    6,20    0,00    0,00   22,20     1  java
22:23:05     1000     10403    2,00    0,00    0,00    0,00    2,00     2  gnome-terminal-
22:23:05     1000     10772    0,20    0,00    0,00    0,20    0,20     1  ssh
22:23:05        0     10805    0,00    0,40    0,00    0,60    0,40     5  kworker/u33:1-i915_flip

22:23:00      UID       PID  minflt/s  majflt/s     VSZ     RSS   %MEM  Command
22:23:05        0      1429      0,40      0,00 2537656   72772   0,45  containerd
22:23:05        0      2898      5,20      0,00 1235608   15124   0,09  containerd-shim
22:23:05        0      2899     13,60      0,00 1235608   15776   0,10  containerd-shim
22:23:05        0      2900     14,00      0,00 1235608   16096   0,10  containerd-shim
22:23:05        0      2902     11,60      0,00 1235352   15232   0,09  containerd-shim
22:23:05        0      2906      6,60      0,00 1235608   16196   0,10  containerd-shim
22:23:05     1000      4205      1,20      0,00 5496548  307576   1,89  gnome-shell
22:23:05     1000      5426     49,60      0,00 1461669956  298676   1,84  antigravity
22:23:05     1000      5730      8,00      0,00 34352968  163200   1,01  antigravity
22:23:05     1000      5741      0,20      0,00 33914216   81552   0,50  antigravity
22:23:05     1000      5783    240,60      0,00 1463101656  468672   2,89  antigravity
22:23:05     1000      6224      0,20      0,00 50728556   64244   0,40  antigravity
22:23:05     1000      6236      4,20      0,00 1461347768  119128   0,73  antigravity
22:23:05     1000      6237      4,40      0,00 1461367108  131984   0,81  antigravity
22:23:05     1000      6238     47,40      0,00 1461351332  369152   2,27  antigravity
22:23:05     1000      6299    109,00      0,00 1461375356  125788   0,77  antigravity
22:23:05     1000      8301     70,40      0,00 8054940  986192   6,08  java

22:23:00      UID       PID   kB_rd/s   kB_wr/s kB_ccwr/s iodelay  Command
22:23:05     1000      8268      0,00      1,17      0,00       0  pidstat
22:23:05     1000      8301      0,00     55,39      0,00       0  java

22:23:05      UID       PID    %usr %system  %guest   %wait    %CPU   CPU  Command
22:23:10        0        39    0,20    0,00    0,00    0,00    0,20     3  ksoftirqd/3
22:23:10        0        57    0,00    1,60    0,00    0,00    1,60     6  ksoftirqd/6
22:23:10        0        68    0,00    0,20    0,00    0,00    0,20     5  kworker/u32:2-events_unbound
22:23:10        0       118    0,00    0,20    0,00    0,20    0,20     3  kworker/u33:0-i915_flip
22:23:10        0       250    0,00    0,20    0,00    0,00    0,20     4  kworker/4:2-events
22:23:10        0       603    0,00    3,20    0,00    0,00    3,20     0  irq/130-iwlwifi
22:23:10      115       901    0,20    0,00    0,00    0,00    0,20     5  prometheus
22:23:10        0      1412    0,00    0,20    0,00    0,00    0,20     2  tailscaled
22:23:10        0      1429    0,20    0,40    0,00    0,00    0,60     0  containerd
22:23:10        0      2497    0,20    0,40    0,00    0,00    0,60     2  dockerd
22:23:10      117      2498    0,60    0,20    0,00    0,00    0,80     5  grafana
22:23:10        0      2854    0,40    0,20    0,00    0,00    0,60     0  mount.ntfs-3g
22:23:10        0      2898    0,20    0,20    0,00    0,00    0,40     7  containerd-shim
22:23:10        0      2900    0,00    0,20    0,00    0,00    0,20     7  containerd-shim
22:23:10        0      2902    0,20    0,00    0,00    0,00    0,20     6  containerd-shim
22:23:10      999      3068    0,60    0,00    0,00    0,00    0,60     7  redis-server
22:23:10        0      3749    0,00    0,40    0,00    0,80    0,40     6  kworker/6:5-i915-unordered
22:23:10     1000      4205    5,80    5,80    0,00    0,20   11,60     6  gnome-shell
22:23:10     1000      4380    0,20    0,00    0,00    0,00    0,20     6  anydesk
22:23:10     1000      4385    0,40    0,00    0,00    0,00    0,40     5  ABDownloadManag
22:23:10     1000      5426    2,60    1,00    0,00    0,00    3,60     1  antigravity
22:23:10     1000      5730    5,60    2,00    0,00    0,00    7,60     2  antigravity
22:23:10     1000      5783    5,80    0,40    0,00    0,00    6,20     3  antigravity
22:23:10     1000      6128    2,00    0,80    0,00    0,00    2,80     6  language_server
22:23:10     1000      6237    0,80    0,20    0,00    0,00    1,00     0  antigravity
22:23:10     1000      6238    1,20    0,20    0,00    0,00    1,40     6  antigravity
22:23:10     1000      6299    0,40    0,20    0,00    0,00    0,60     7  antigravity
22:23:10     1000      7071    1,20    1,20    0,00    0,00    2,40     6  language_server
22:23:10     1000      8268    0,00    0,20    0,00    0,00    0,20     7  pidstat
22:23:10     1000      8301   22,60    8,60    0,00    0,00   31,20     1  java
22:23:10     1000     10403    1,20    0,00    0,00    0,00    1,20     0  gnome-terminal-
22:23:10        0     10805    0,00    0,40    0,00    0,20    0,40     6  kworker/u33:1-rb_allocator

22:23:05      UID       PID  minflt/s  majflt/s     VSZ     RSS   %MEM  Command
22:23:10      115       901      0,40      0,00 2470244  103140   0,64  prometheus
22:23:10      117      2498      0,20      0,00 1765120  320156   1,97  grafana
22:23:10        0      2898      0,40      0,00 1235608   15124   0,09  containerd-shim
22:23:10        0      2899      4,00      0,00 1235608   15776   0,10  containerd-shim
22:23:10        0      2900      3,00      0,00 1235608   16224   0,10  containerd-shim
22:23:10        0      2902      0,80      0,00 1235352   15232   0,09  containerd-shim
22:23:10        0      2906      0,60      0,00 1235608   16196   0,10  containerd-shim
22:23:10     1000      4205      9,00      0,00 5496548  307420   1,89  gnome-shell
22:23:10     1000      5426     61,60      0,00 1461669956  298840   1,84  antigravity
22:23:10     1000      5730      3,20      0,00 34352968  163200   1,01  antigravity
22:23:10     1000      5741      0,20      0,00 33914216   81552   0,50  antigravity
22:23:10     1000      5783    111,20      0,00 1463101656  469116   2,89  antigravity
22:23:10     1000      6224      0,20      0,00 50728556   64244   0,40  antigravity
22:23:10     1000      6236      4,20      0,00 1461347768  119128   0,73  antigravity
22:23:10     1000      6237      4,80      0,00 1461367108  131984   0,81  antigravity
22:23:10     1000      6238     67,20      0,00 1461351332  369464   2,28  antigravity
22:23:10     1000      6299     93,20      0,00 1461375356  125788   0,77  antigravity
22:23:10     1000      7164      0,20      0,00 1459563320   96348   0,59  antigravity
22:23:10     1000      8301     97,60      0,00 8054940 1122284   6,91  java

22:23:05      UID       PID   kB_rd/s   kB_wr/s kB_ccwr/s iodelay  Command
22:23:10     1000      8268      0,00      0,88      0,00       0  pidstat
22:23:10     1000      8301      0,00     65,63      0,00       0  java

22:23:10      UID       PID    %usr %system  %guest   %wait    %CPU   CPU  Command
22:23:15        0         1    0,00    0,20    0,00    0,00    0,20     2  systemd
22:23:15        0        33    0,20    0,00    0,00    0,00    0,20     2  ksoftirqd/2
22:23:15        0        57    0,00    1,80    0,00    0,00    1,80     6  ksoftirqd/6
22:23:15        0        87    0,00    0,20    0,00    0,00    0,20     5  kworker/5:1-events
22:23:15        0       118    0,00    0,20    0,00    0,00    0,20     3  kworker/u33:0-i915_flip
22:23:15        0       317    0,00    0,20    0,00    0,00    0,20     0  kworker/0:2-events
22:23:15        0       603    0,00    3,20    0,00    0,20    3,20     0  irq/130-iwlwifi
22:23:15        0       634    0,00    0,20    0,00    0,00    0,20     7  kworker/u32:11-events_unbound
22:23:15      990       869    0,80    0,00    0,00    0,00    0,80     5  dbus-daemon
22:23:15      115       897    1,40    0,40    0,00    0,00    1,80     6  prometheus-node
22:23:15      115       901    0,20    0,00    0,00    0,00    0,20     7  prometheus
22:23:15        0      1399    0,20    0,00    0,00    0,00    0,20     7  glances
22:23:15        0      1412    0,20    0,00    0,00    0,00    0,20     2  tailscaled
22:23:15        0      1429    0,40    0,00    0,00    0,00    0,40     0  containerd
22:23:15        0      2497    0,20    0,20    0,00    0,00    0,40     2  dockerd
22:23:15      117      2498    0,40    0,60    0,00    0,00    1,00     5  grafana
22:23:15        0      2854    0,20    0,20    0,00    0,00    0,40     0  mount.ntfs-3g
22:23:15        0      2900    0,20    0,00    0,00    0,00    0,20     7  containerd-shim
22:23:15        0      2906    0,20    0,20    0,00    0,00    0,40     0  containerd-shim
22:23:15      999      3068    0,20    0,20    0,00    0,00    0,40     1  redis-server
22:23:15        0      3749    0,00    0,60    0,00    0,60    0,60     6  kworker/6:5-i915-unordered
22:23:15     1000      4205    6,00    5,00    0,00    0,00   11,00     4  gnome-shell
22:23:15     1000      4825    0,20    0,00    0,00    0,00    0,20     6  xdg-desktop-por
22:23:15     1000      5426    2,40    0,80    0,00    0,00    3,20     0  antigravity
22:23:15     1000      5730    6,40    1,20    0,00    0,00    7,60     1  antigravity
22:23:15     1000      5783    5,40    0,80    0,00    0,00    6,20     0  antigravity
22:23:15     1000      6128    1,60    1,20    0,00    0,00    2,80     1  language_server
22:23:15     1000      6237    0,80    0,20    0,00    0,00    1,00     5  antigravity
22:23:15     1000      6238    1,00    0,20    0,00    0,00    1,20     3  antigravity
22:23:15     1000      6299    0,20    0,00    0,00    0,00    0,20     3  antigravity
22:23:15     1000      7071    1,40    1,00    0,00    0,00    2,40     6  language_server
22:23:15     1000      8268    0,20    0,40    0,00    0,00    0,60     7  pidstat
22:23:15     1000      8301   23,80    3,00    0,00    0,00   26,80     1  java
22:23:15     1000     10403    1,40    0,00    0,00    0,00    1,40     2  gnome-terminal-
22:23:15        0     10805    0,00    0,40    0,00    0,40    0,40     4  kworker/u33:1-rb_allocator

22:23:10      UID       PID  minflt/s  majflt/s     VSZ     RSS   %MEM  Command
22:23:15        0         1      0,40      0,00   24716   14988   0,09  systemd
22:23:15      115       897     89,60      0,00 1614080   24748   0,15  prometheus-node
22:23:15        0      1429      0,40      0,00 2537656   72772   0,45  containerd
22:23:15      114      1529      5,00      0,00  218252   29564   0,18  postgres
22:23:15        0      2497      0,40      0,00 3427484  110532   0,68  dockerd
22:23:15        0      2898      0,20      0,00 1235608   15124   0,09  containerd-shim
22:23:15        0      2899      0,20      0,00 1235608   15776   0,10  containerd-shim
22:23:15        0      2900      1,60      0,00 1235608   16224   0,10  containerd-shim
22:23:15        0      2902      1,00      0,00 1235352   15232   0,09  containerd-shim
22:23:15        0      2906      0,80      0,00 1235608   16196   0,10  containerd-shim
22:23:15     1000      4205      0,60      0,00 5476068  307420   1,89  gnome-shell
22:23:15     1000      5426     44,40      0,00 1461669956  298408   1,84  antigravity
22:23:15     1000      5730     11,40      0,00 34350920  163072   1,00  antigravity
22:23:15     1000      5741      0,40      0,00 33914216   81552   0,50  antigravity
22:23:15     1000      5783    103,40      0,00 1463101656  470780   2,90  antigravity
22:23:15     1000      5829      0,80      0,00 1459611400  172908   1,07  antigravity
22:23:15     1000      6224      0,40      0,00 50728556   64244   0,40  antigravity
22:23:15     1000      6236      4,20      0,00 1461347768  119128   0,73  antigravity
22:23:15     1000      6237      6,80      0,00 1461367108  131976   0,81  antigravity
22:23:15     1000      6238     13,60      0,00 1461351332  369176   2,27  antigravity
22:23:15     1000      6299      2,40      0,00 1461375356  125788   0,77  antigravity
22:23:15     1000      8301     50,40      0,00 8054940 1123052   6,92  java

22:23:10      UID       PID   kB_rd/s   kB_wr/s kB_ccwr/s iodelay  Command
22:23:15     1000      8268      0,00      0,95      0,00       0  pidstat
22:23:15     1000      8301      0,00     67,81      0,00       0  java

22:23:15      UID       PID    %usr %system  %guest   %wait    %CPU   CPU  Command
22:23:20        0        18    0,00    0,20    0,00    0,00    0,20     0  rcu_preempt
22:23:20        0        57    0,00    2,00    0,00    0,00    2,00     6  ksoftirqd/6
22:23:20        0        86    0,00    0,20    0,00    0,00    0,20     1  irq/9-acpi
22:23:20        0       118    0,00    0,60    0,00    0,20    0,60     6  kworker/u33:0-i915_flip
22:23:20        0       603    0,00    3,20    0,00    0,00    3,20     0  irq/130-iwlwifi
22:23:20        0      1399    0,20    0,00    0,00    0,00    0,20     7  glances
22:23:20        0      1429    0,20    0,00    0,00    0,00    0,20     0  containerd
22:23:20        0      2497    0,60    0,00    0,00    0,00    0,60     2  dockerd
22:23:20      117      2498    0,60    0,20    0,00    0,00    0,80     5  grafana
22:23:20        0      2854    0,40    0,40    0,00    0,00    0,80     7  mount.ntfs-3g
22:23:20        0      2899    0,20    0,20    0,00    0,00    0,40     4  containerd-shim
22:23:20        0      2902    0,00    0,20    0,00    0,00    0,20     6  containerd-shim
22:23:20      999      3068    0,20    0,00    0,00    0,00    0,20     2  redis-server
22:23:20        0      3749    0,00    0,60    0,00    0,60    0,60     6  kworker/6:5-i915-unordered
22:23:20     1000      4075    0,20    0,00    0,00    0,00    0,20     4  dbus-daemon
22:23:20     1000      4205    6,80    4,80    0,00    0,20   11,60     1  gnome-shell
22:23:20     1000      4385    0,40    0,00    0,00    0,00    0,40     5  ABDownloadManag
22:23:20     1000      4825    0,00    0,20    0,00    0,00    0,20     3  xdg-desktop-por
22:23:20     1000      5426    2,40    1,40    0,00    0,00    3,80     4  antigravity
22:23:20     1000      5730    6,20    1,20    0,00    0,40    7,40     2  antigravity
22:23:20     1000      5783    5,80    0,60    0,00    0,20    6,40     4  antigravity
22:23:20     1000      6128    1,40    1,00    0,00    0,00    2,40     0  language_server
22:23:20     1000      6237    0,80    0,20    0,00    0,00    1,00     1  antigravity
22:23:20     1000      6238    1,00    0,20    0,00    0,00    1,20     7  antigravity
22:23:20     1000      6299    0,40    0,00    0,00    0,00    0,40     7  antigravity
22:23:20     1000      7071    1,80    0,80    0,00    0,00    2,60     6  language_server
22:23:20     1000      8268    0,20    0,20    0,00    0,00    0,40     6  pidstat
22:23:20     1000      8301   19,80    3,40    0,00    0,00   23,20     1  java
22:23:20     1000     10403    1,40    0,00    0,00    0,00    1,40     3  gnome-terminal-

22:23:15      UID       PID  minflt/s  majflt/s     VSZ     RSS   %MEM  Command
22:23:20        0      2898      7,20      0,00 1235608   15252   0,09  containerd-shim
22:23:20        0      2899      1,00      0,00 1235608   15776   0,10  containerd-shim
22:23:20        0      2900      0,40      0,00 1235608   16352   0,10  containerd-shim
22:23:20        0      2902      7,80      0,00 1235352   15360   0,09  containerd-shim
22:23:20      117      3039      0,00      0,00 1296324   36888   0,23  gpx_grafana_ela
22:23:20     1000      4205      9,40      0,00 5496548  307420   1,89  gnome-shell
22:23:20     1000      5426     66,00      0,00 1461669956  298444   1,84  antigravity
22:23:20     1000      5730      8,00      0,00 34350856  162944   1,00  antigravity
22:23:20     1000      5741      0,20      0,00 33914216   81552   0,50  antigravity
22:23:20     1000      5783    171,20      0,00 1463101656  473980   2,92  antigravity
22:23:20     1000      6224      0,20      0,00 50728556   64244   0,40  antigravity
22:23:20     1000      6236      8,40      0,00 1461347768  119128   0,73  antigravity
22:23:20     1000      6237      7,60      0,00 1461367108  132104   0,81  antigravity
22:23:20     1000      6238     70,20      0,00 1461351332  369392   2,28  antigravity
22:23:20     1000      6299      2,40      0,00 1461375356  125788   0,77  antigravity
22:23:20     1000      7071      0,60      0,00 4908596  286340   1,76  language_server
22:23:20     1000      8301     45,20      0,00 8055072 1123948   6,92  java

22:23:15      UID       PID   kB_rd/s   kB_wr/s kB_ccwr/s iodelay  Command
22:23:20     1000      5426      0,00     16,80      0,00       0  antigravity
22:23:20     1000      8268      0,00      1,05      0,00       0  pidstat
22:23:20     1000      8301      0,00     71,03      0,00       0  java

22:23:20      UID       PID    %usr %system  %guest   %wait    %CPU   CPU  Command
22:23:25        0        45    0,00    0,20    0,00    0,00    0,20     4  ksoftirqd/4
22:23:25        0        51    0,20    0,00    0,00    0,00    0,20     5  ksoftirqd/5
22:23:25        0        57    0,00    1,60    0,00    0,00    1,60     6  ksoftirqd/6
22:23:25        0       118    0,00    0,40    0,00    0,40    0,40     5  kworker/u33:0-rb_allocator
22:23:25        0       603    0,00    3,40    0,00    0,00    3,40     0  irq/130-iwlwifi
22:23:25      115       901    0,20    0,00    0,00    0,00    0,20     5  prometheus
22:23:25        0      1429    0,40    0,00    0,00    0,00    0,40     0  containerd
22:23:25        0      2497    0,20    0,20    0,00    0,00    0,40     2  dockerd
22:23:25      117      2498    1,00    0,20    0,00    0,00    1,20     5  grafana
22:23:25        0      2854    0,00    0,40    0,00    0,20    0,40     6  mount.ntfs-3g
22:23:25        0      2898    0,20    0,00    0,00    0,00    0,20     7  containerd-shim
22:23:25        0      2900    0,20    0,00    0,00    0,00    0,20     7  containerd-shim
22:23:25        0      2902    0,20    0,00    0,00    0,00    0,20     6  containerd-shim
22:23:25        0      2906    0,20    0,00    0,00    0,00    0,20     0  containerd-shim
22:23:25      999      3068    0,60    0,00    0,00    0,00    0,60     2  redis-server
22:23:25        0      3749    0,00    0,60    0,00    0,60    0,60     6  kworker/6:5-i915-unordered
22:23:25     1000      4205    6,80    4,00    0,00    0,00   10,80     2  gnome-shell
22:23:25     1000      4385    0,20    0,00    0,00    0,00    0,20     5  ABDownloadManag
22:23:25     1000      4853    0,20    0,00    0,00    0,00    0,20     7  xdg-desktop-por
22:23:25     1000      5426    2,60    0,80    0,00    0,20    3,40     7  antigravity
22:23:25     1000      5730    5,60    1,80    0,00    0,00    7,40     3  antigravity
22:23:25     1000      5783    5,20    0,80    0,00    0,00    6,00     0  antigravity
22:23:25     1000      6128    1,40    1,20    0,00    0,00    2,60     2  language_server
22:23:25     1000      6237    0,80    0,20    0,00    0,00    1,00     0  antigravity
22:23:25     1000      6238    1,00    0,20    0,00    0,00    1,20     4  antigravity
22:23:25     1000      6299    0,40    0,20    0,00    0,00    0,60     0  antigravity
22:23:25     1000      7071    1,80    0,80    0,00    0,00    2,60     6  language_server
22:23:25     1000      8268    0,20    0,40    0,00    0,00    0,60     5  pidstat
22:23:25     1000      8301   17,80    4,20    0,00    0,00   22,00     1  java
22:23:25     1000     10403    1,40    0,00    0,00    0,00    1,40     5  gnome-terminal-

22:23:20      UID       PID  minflt/s  majflt/s     VSZ     RSS   %MEM  Command
22:23:25      115       901      0,60      0,00 2470244  103140   0,64  prometheus
22:23:25        0      1429      3,60      0,00 2537656   72772   0,45  containerd
22:23:25      117      2498      5,00      0,00 1765120  320156   1,97  grafana
22:23:25        0      2898     12,80      0,00 1235608   14924   0,09  containerd-shim
22:23:25        0      2899      0,40      0,00 1235608   15144   0,09  containerd-shim
22:23:25        0      2900      7,20      0,00 1235608   15640   0,10  containerd-shim
22:23:25        0      2902     10,80      0,00 1235352   14720   0,09  containerd-shim
22:23:25        0      2906      7,80      0,00 1235608   15380   0,09  containerd-shim
22:23:25       70      3063      5,40      0,00  174540   25872   0,16  postgres
22:23:25     1000      4205      0,60      0,00 5496612  307420   1,89  gnome-shell
22:23:25     1000      5426     49,00      0,00 1461669956  298524   1,84  antigravity
22:23:25     1000      5730      8,00      0,00 34350920  163072   1,00  antigravity
22:23:25     1000      5741      0,20      0,00 33914216   81552   0,50  antigravity
22:23:25     1000      5783    138,40      0,00 1463101656  476008   2,93  antigravity
22:23:25     1000      6224      0,20      0,00 50728556   64244   0,40  antigravity
22:23:25     1000      6236      4,20      0,00 1461347768  119128   0,73  antigravity
22:23:25     1000      6237      4,80      0,00 1461367108  132104   0,81  antigravity
22:23:25     1000      6238    182,00      0,00 1461351332  372848   2,30  antigravity
22:23:25     1000      6299     11,80      0,00 1461375356  125784   0,77  antigravity
22:23:25     1000      8301     54,00      0,00 8055072 1125228   6,93  java

22:23:20      UID       PID   kB_rd/s   kB_wr/s kB_ccwr/s iodelay  Command
22:23:25     1000      8268      0,00      0,88      0,00       0  pidstat
22:23:25     1000      8301      0,00     71,01      0,00       0  java

22:23:25      UID       PID    %usr %system  %guest   %wait    %CPU   CPU  Command
22:23:30        0         1    0,20    0,00    0,00    0,00    0,20     4  systemd
22:23:30        0        27    0,20    0,00    0,00    0,00    0,20     1  ksoftirqd/1
22:23:30        0        57    0,00    1,80    0,00    0,20    1,80     6  ksoftirqd/6
22:23:30        0       603    0,00    2,80    0,00    0,00    2,80     0  irq/130-iwlwifi
22:23:30      990       869    0,80    0,00    0,00    0,00    0,80     0  dbus-daemon
22:23:30      115       897    1,00    0,60    0,00    0,00    1,60     6  prometheus-node
22:23:30      115       901    0,20    0,00    0,00    0,00    0,20     5  prometheus
22:23:30        0      1399    0,20    0,00    0,00    0,00    0,20     7  glances
22:23:30        0      1429    0,40    0,00    0,00    0,00    0,40     0  containerd
22:23:30        0      1432    0,00    0,20    0,00    0,00    0,20     4  anydesk
22:23:30        0      2497    0,20    0,40    0,00    0,00    0,60     2  dockerd
22:23:30      117      2498    0,60    0,20    0,00    0,00    0,80     5  grafana
22:23:30        0      2854    0,40    0,20    0,00    0,00    0,60     5  mount.ntfs-3g
22:23:30      999      3068    0,40    0,20    0,00    0,00    0,60     2  redis-server
22:23:30        0      3749    0,00    0,40    0,00    0,60    0,40     6  kworker/6:5-i915-unordered
22:23:30     1000      4205    6,60    5,20    0,00    0,40   11,80     7  gnome-shell
22:23:30     1000      4385    0,20    0,00    0,00    0,00    0,20     5  ABDownloadManag
22:23:30     1000      5426    2,60    1,00    0,00    0,00    3,60     6  antigravity
22:23:30     1000      5730    5,40    2,40    0,00    0,20    7,80     2  antigravity
22:23:30     1000      5783   17,20    0,60    0,00    0,00   17,80     4  antigravity
22:23:30     1000      6128    1,40    1,40    0,00    0,00    2,80     2  language_server
22:23:30     1000      6237    0,40    0,60    0,00    0,00    1,00     6  antigravity
22:23:30     1000      6238    1,20    0,20    0,00    0,20    1,40     7  antigravity
22:23:30     1000      6299    0,20    0,00    0,00    0,00    0,20     1  antigravity
22:23:30     1000      7071    1,40    1,20    0,00    0,00    2,60     6  language_server
22:23:30     1000      8268    0,00    0,40    0,00    0,00    0,40     5  pidstat
22:23:30     1000      8301   17,40    6,00    0,00    0,00   23,40     1  java
22:23:30     1000     10403    2,00    0,00    0,00    0,00    2,00     0  gnome-terminal-
22:23:30        0     10805    0,00    0,40    0,00    0,40    0,40     2  kworker/u33:1-i915_flip
22:23:30        0     11015    0,20    0,00    0,00    0,00    0,20     2  kworker/2:2-events

22:23:25      UID       PID  minflt/s  majflt/s     VSZ     RSS   %MEM  Command
22:23:30      115       897     81,80      0,00 1614080   24644   0,15  prometheus-node
22:23:30        0      1429      6,20      0,00 2537656   72772   0,45  containerd
22:23:30        0      2898     12,60      0,00 1235608   15180   0,09  containerd-shim
22:23:30        0      2900     12,20      0,00 1235608   15640   0,10  containerd-shim
22:23:30        0      2902     10,60      0,00 1235352   14848   0,09  containerd-shim
22:23:30        0      2906     11,20      0,00 1235608   15508   0,10  containerd-shim
22:23:30     1000      4205      9,00      0,00 5496612  307548   1,89  gnome-shell
22:23:30     1000      4385      0,20      0,00 9286580  284544   1,75  ABDownloadManag
22:23:30     1000      5426     66,20      0,00 1461669956  298376   1,84  antigravity
22:23:30     1000      5730      7,80      0,00 34350856  163200   1,01  antigravity
22:23:30     1000      5741      0,20      0,00 33914216   81552   0,50  antigravity
22:23:30     1000      5783    330,00      0,00 1463101656  467588   2,88  antigravity
22:23:30     1000      6224      0,20      0,00 50728556   64244   0,40  antigravity
22:23:30     1000      6236      4,20      0,00 1461347768  119128   0,73  antigravity
22:23:30     1000      6237      5,80      0,00 1461367108  132104   0,81  antigravity
22:23:30     1000      6238    205,20      0,00 1461351332  376556   2,32  antigravity
22:23:30     1000      6299      9,60      0,00 1461375356  125784   0,77  antigravity
22:23:30     1000      6689      0,20      0,00 1476307752  119724   0,74  antigravity
22:23:30     1000      8301    104,20      0,00 8055072 1176048   7,25  java

22:23:25      UID       PID   kB_rd/s   kB_wr/s kB_ccwr/s iodelay  Command
22:23:30     1000      8268      0,00      0,93      0,00       0  pidstat
22:23:30     1000      8301      0,00     47,08      0,00       0  java

22:23:30      UID       PID    %usr %system  %guest   %wait    %CPU   CPU  Command
22:23:35        0        17    0,20    0,00    0,00    0,00    0,20     0  ksoftirqd/0
22:23:35        0        57    0,00    1,60    0,00    0,00    1,60     6  ksoftirqd/6
22:23:35        0        63    0,20    0,00    0,00    0,00    0,20     7  ksoftirqd/7
22:23:35        0        68    0,00    0,20    0,00    0,00    0,20     1  kworker/u32:2-events_unbound
22:23:35        0       317    0,00    0,20    0,00    0,00    0,20     0  kworker/0:2-events
22:23:35        0       603    0,00    2,00    0,00    0,00    2,00     0  irq/130-iwlwifi
22:23:35      115       901    0,20    0,00    0,00    0,00    0,20     5  prometheus
22:23:35        0      1399    0,20    0,00    0,00    0,00    0,20     7  glances
22:23:35        0      1412    0,00    0,20    0,00    0,00    0,20     2  tailscaled
22:23:35        0      1429    0,20    0,20    0,00    0,00    0,40     0  containerd
22:23:35        0      2497    0,20    0,20    0,00    0,00    0,40     2  dockerd
22:23:35      117      2498    0,40    0,20    0,00    0,00    0,60     5  grafana
22:23:35        0      2854    0,20    0,20    0,00    0,00    0,40     3  mount.ntfs-3g
22:23:35        0      2898    0,20    0,20    0,00    0,00    0,40     7  containerd-shim
22:23:35        0      2899    0,00    0,20    0,00    0,00    0,20     4  containerd-shim
22:23:35        0      2900    0,20    0,20    0,00    0,00    0,40     7  containerd-shim
22:23:35        0      2902    0,00    0,20    0,00    0,00    0,20     6  containerd-shim
22:23:35        0      2906    0,20    0,00    0,00    0,00    0,20     0  containerd-shim
22:23:35      999      3068    0,40    0,00    0,00    0,00    0,40     7  redis-server
22:23:35        0      3749    0,00    0,60    0,00    0,60    0,60     6  kworker/6:5-i915-unordered
22:23:35     1000      4205    6,60    4,80    0,00    0,00   11,40     5  gnome-shell
22:23:35     1000      4385    0,60    0,00    0,00    0,00    0,60     5  ABDownloadManag
22:23:35     1000      5426    2,20    1,20    0,00    0,20    3,40     6  antigravity
22:23:35     1000      5730    5,80    1,60    0,00    0,00    7,40     4  antigravity
22:23:35     1000      5783    5,80    0,40    0,00    0,00    6,20     0  antigravity
22:23:35     1000      6128    2,60    1,20    0,00    0,00    3,80     0  language_server
22:23:35     1000      6237    0,60    0,40    0,00    0,00    1,00     7  antigravity
22:23:35     1000      6238    1,20    0,20    0,00    0,00    1,40     5  antigravity
22:23:35     1000      6299    0,40    0,00    0,00    0,00    0,40     2  antigravity
22:23:35     1000      7071    1,00    1,40    0,00    0,00    2,40     6  language_server
22:23:35     1000      8268    0,20    0,20    0,00    0,00    0,40     3  pidstat
22:23:35     1000      8301    8,40    2,60    0,00    0,00   11,00     1  java
22:23:35     1000     10403    1,00    0,00    0,00    0,00    1,00     3  gnome-terminal-
22:23:35        0     10805    0,00    0,60    0,00    0,00    0,60     6  kworker/u33:1-i915_flip

22:23:30      UID       PID  minflt/s  majflt/s     VSZ     RSS   %MEM  Command
22:23:35        0      1429      6,00      0,00 2537656   72220   0,44  containerd
22:23:35      114      1529      3,40      0,00  218252   29564   0,18  postgres
22:23:35        0      2497      0,40      0,00 3427484  110532   0,68  dockerd
22:23:35        0      2898     15,20      0,00 1235608   15308   0,09  containerd-shim
22:23:35        0      2899      7,20      0,00 1235608   15272   0,09  containerd-shim
22:23:35        0      2900     15,60      0,00 1235608   16024   0,10  containerd-shim
22:23:35        0      2902     13,60      0,00 1235352   15104   0,09  containerd-shim
22:23:35        0      2906      9,00      0,00 1235608   15636   0,10  containerd-shim
22:23:35     1000      4205      1,00      0,00 5496548  307548   1,89  gnome-shell
22:23:35     1000      4385      0,20      0,00 9286580  284544   1,75  ABDownloadManag
22:23:35     1000      5426     41,40      0,00 1461669956  298380   1,84  antigravity
22:23:35     1000      5730     15,00      0,00 34350920  163328   1,01  antigravity
22:23:35     1000      5741      0,40      0,00 33914216   81552   0,50  antigravity
22:23:35     1000      5783    115,60      0,00 1463101656  469124   2,89  antigravity
22:23:35     1000      6128      0,00      0,00 4909112  301140   1,86  language_server
22:23:35     1000      6224      0,40      0,00 50728556   64244   0,40  antigravity
22:23:35     1000      6236      4,20      0,00 1461347768  119128   0,73  antigravity
22:23:35     1000      6237      4,20      0,00 1461367108  132104   0,81  antigravity
22:23:35     1000      6238    153,60      0,00 1461351332  379084   2,34  antigravity
22:23:35     1000      6299    115,60      0,00 1461375356  125912   0,78  antigravity
22:23:35     1000      8301    116,80      0,00 8056100 1178352   7,26  java

22:23:30      UID       PID   kB_rd/s   kB_wr/s kB_ccwr/s iodelay  Command
22:23:35     1000      8268      0,00      0,91      0,00       0  pidstat
22:23:35     1000      8301      0,00     27,84      0,00       0  java

22:23:35      UID       PID    %usr %system  %guest   %wait    %CPU   CPU  Command
22:23:40        0        18    0,00    0,20    0,00    0,20    0,20     1  rcu_preempt
22:23:40        0        57    0,00    1,80    0,00    0,00    1,80     6  ksoftirqd/6
22:23:40        0       118    0,00    0,40    0,00    0,00    0,40     6  kworker/u33:0-i915_flip
22:23:40        0       603    0,00    2,20    0,00    0,00    2,20     0  irq/130-iwlwifi
22:23:40        0       634    0,00    0,20    0,00    0,00    0,20     5  kworker/u32:11-events_unbound
22:23:40      115       901    0,20    0,00    0,00    0,00    0,20     7  prometheus
22:23:40        0      1048    0,00    0,20    0,00    0,00    0,20     1  kworker/1:3-mm_percpu_wq
22:23:40        0      1399    0,20    0,00    0,00    0,00    0,20     7  glances
22:23:40        0      1412    0,20    0,20    0,00    0,00    0,40     2  tailscaled
22:23:40        0      1429    0,20    0,20    0,00    0,00    0,40     0  containerd
22:23:40        0      1796    0,00    0,20    0,00    0,00    0,20     7  kworker/7:3-mm_percpu_wq
22:23:40        0      2497    0,40    0,40    0,00    0,00    0,80     2  dockerd
22:23:40      117      2498    0,60    0,40    0,00    0,00    1,00     5  grafana
22:23:40        0      2854    0,40    0,20    0,00    0,00    0,60     1  mount.ntfs-3g
22:23:40        0      2902    0,20    0,00    0,00    0,00    0,20     6  containerd-shim
22:23:40      999      3068    0,40    0,00    0,00    0,00    0,40     2  redis-server
22:23:40        0      3749    0,00    0,60    0,00    0,80    0,60     6  kworker/6:5-i915-unordered
22:23:40     1000      4205    6,60    4,60    0,00    0,00   11,20     6  gnome-shell
22:23:40     1000      4385    0,20    0,20    0,00    0,00    0,40     5  ABDownloadManag
22:23:40     1000      4853    0,00    0,20    0,00    0,00    0,20     7  xdg-desktop-por
22:23:40     1000      5426    2,80    0,80    0,00    0,00    3,60     1  antigravity
22:23:40     1000      5730    6,20    1,00    0,00    0,00    7,20     1  antigravity
22:23:40     1000      5783    5,20    1,20    0,00    0,00    6,40     0  antigravity
22:23:40     1000      6128    1,40    1,20    0,00    0,00    2,60     3  language_server
22:23:40     1000      6237    0,80    0,00    0,00    0,00    0,80     3  antigravity
22:23:40     1000      6238    1,80    0,00    0,00    0,00    1,80     1  antigravity
22:23:40     1000      6299    0,20    0,20    0,00    0,00    0,40     6  antigravity
22:23:40     1000      7071    2,80    1,40    0,00    0,00    4,20     6  language_server
22:23:40     1000      8268    0,20    0,20    0,00    0,00    0,40     5  pidstat
22:23:40     1000      8301   10,40    2,40    0,00    0,00   12,80     1  java
22:23:40     1000     10403    0,80    0,00    0,00    0,00    0,80     7  gnome-terminal-

22:23:35      UID       PID  minflt/s  majflt/s     VSZ     RSS   %MEM  Command
22:23:40        0      2497      0,40      0,00 3427484  112600   0,69  dockerd
22:23:40        0      2898      0,40      0,00 1235608   15308   0,09  containerd-shim
22:23:40        0      2899      9,40      0,00 1235608   15400   0,09  containerd-shim
22:23:40        0      2900      0,40      0,00 1235608   16024   0,10  containerd-shim
22:23:40        0      2902      6,40      0,00 1235352   15232   0,09  containerd-shim
22:23:40        0      2906      0,60      0,00 1235608   15636   0,10  containerd-shim
22:23:40     1000      4205      8,60      0,00 5476068  307548   1,89  gnome-shell
22:23:40     1000      4385      0,20      0,00 9286580  284544   1,75  ABDownloadManag
22:23:40     1000      5426     43,40      0,00 1461669956  298432   1,84  antigravity
22:23:40     1000      5730      9,40      0,00 34350856  163200   1,01  antigravity
22:23:40     1000      5741      0,20      0,00 33914216   81552   0,50  antigravity
22:23:40     1000      5783    115,80      0,00 1463101656  470588   2,90  antigravity
22:23:40     1000      6224      0,20      0,00 50728556   64244   0,40  antigravity
22:23:40     1000      6236      8,40      0,00 1461347768  119128   0,73  antigravity
22:23:40     1000      6237      7,40      0,00 1461367108  132104   0,81  antigravity
22:23:40     1000      6238    227,80      0,00 1461351332  381344   2,35  antigravity
22:23:40     1000      6299     89,00      0,00 1461375356  125868   0,78  antigravity
22:23:40     1000      7071      2,80      0,00 4908596  286340   1,76  language_server
22:23:40     1000      8301     57,60      0,00 8056100 1179504   7,27  java

22:23:35      UID       PID   kB_rd/s   kB_wr/s kB_ccwr/s iodelay  Command
22:23:40     1000      8268      0,00      1,02      0,00       0  pidstat
22:23:40     1000      8301      0,00     30,72      0,00       0  java

22:23:40      UID       PID    %usr %system  %guest   %wait    %CPU   CPU  Command
22:23:45        0         1    0,20    0,00    0,00    0,00    0,20     4  systemd
22:23:45        0        57    0,00    1,80    0,00    0,00    1,80     6  ksoftirqd/6
22:23:45        0        86    0,00    0,20    0,00    0,00    0,20     1  irq/9-acpi
22:23:45        0       109    0,00    0,20    0,00    0,00    0,20     7  hwrng
22:23:45        0       118    0,00    0,20    0,00    0,20    0,20     5  kworker/u33:0-rb_allocator
22:23:45        0       603    0,00    3,40    0,00    0,00    3,40     0  irq/130-iwlwifi
22:23:45      990       869    0,80    0,20    0,00    0,00    1,00     0  dbus-daemon
22:23:45      115       897    1,20    0,60    0,00    0,00    1,80     6  prometheus-node
22:23:45        0      1412    0,20    0,00    0,00    0,00    0,20     7  tailscaled
22:23:45        0      1429    0,20    0,40    0,00    0,00    0,60     0  containerd
22:23:45        0      2497    0,40    0,00    0,00    0,00    0,40     2  dockerd
22:23:45      117      2498    0,40    0,40    0,00    0,00    0,80     5  grafana
22:23:45        0      2854    0,20    0,20    0,00    0,00    0,40     7  mount.ntfs-3g
22:23:45        0      2899    0,00    0,20    0,00    0,00    0,20     4  containerd-shim
22:23:45        0      2900    0,00    0,20    0,00    0,00    0,20     7  containerd-shim
22:23:45        0      2906    0,00    0,20    0,00    0,00    0,20     0  containerd-shim
22:23:45      999      3068    0,40    0,20    0,00    0,00    0,60     1  redis-server
22:23:45        0      3749    0,00    0,60    0,00    0,60    0,60     6  kworker/6:5-i915-unordered
22:23:45     1000      4205    7,00    4,60    0,00    0,20   11,60     2  gnome-shell
22:23:45     1000      4385    0,20    0,00    0,00    0,00    0,20     5  ABDownloadManag
22:23:45     1000      4825    0,20    0,00    0,00    0,00    0,20     3  xdg-desktop-por
22:23:45     1000      5426    2,00    1,60    0,00    0,00    3,60     0  antigravity
22:23:45     1000      5730    6,40    1,40    0,00    0,00    7,80     1  antigravity
22:23:45     1000      5783    5,80    0,40    0,00    0,20    6,20     4  antigravity
22:23:45     1000      6128    1,20    1,40    0,00    0,00    2,60     5  language_server
22:23:45     1000      6237    0,40    0,60    0,00    0,00    1,00     0  antigravity
22:23:45     1000      6238    1,20    0,20    0,00    0,00    1,40     6  antigravity
22:23:45     1000      6299    0,20    0,20    0,00    0,00    0,40     3  antigravity
22:23:45     1000      6689    0,20    0,00    0,00    0,00    0,20     5  antigravity
22:23:45     1000      7071    1,20    1,40    0,00    0,00    2,60     6  language_server
22:23:45     1000      8268    0,20    0,20    0,00    0,00    0,40     5  pidstat
22:23:45     1000      8301   36,40    5,00    0,00    0,00   41,40     1  java
22:23:45     1000     10403    2,00    0,00    0,00    0,00    2,00     2  gnome-terminal-
22:23:45        0     10805    0,00    0,40    0,00    0,20    0,40     3  kworker/u33:1-i915_flip

22:23:40      UID       PID  minflt/s  majflt/s     VSZ     RSS   %MEM  Command
22:23:45      115       897     67,80      0,00 1614080   24864   0,15  prometheus-node
22:23:45        0      1429      0,40      0,00 2537656   72220   0,44  containerd
22:23:45        0      2898      0,40      0,00 1235608   15308   0,09  containerd-shim
22:23:45        0      2899      8,00      0,00 1235608   15372   0,09  containerd-shim
22:23:45        0      2906      2,80      0,00 1235608   15636   0,10  containerd-shim
22:23:45     1000      4205      1,20      0,00 5496548  307548   1,89  gnome-shell
22:23:45     1000      5426     42,00      0,00 1461669956  298496   1,84  antigravity
22:23:45     1000      5730      8,00      0,00 34350920  163200   1,01  antigravity
22:23:45     1000      5741      0,20      0,00 33914216   81552   0,50  antigravity
22:23:45     1000      5783    109,80      0,00 1463101656  472636   2,91  antigravity
22:23:45     1000      6224      0,20      0,00 50728556   64244   0,40  antigravity
22:23:45     1000      6236      4,20      0,00 1461347768  119128   0,73  antigravity
22:23:45     1000      6237      4,80      0,00 1461367108  132104   0,81  antigravity
22:23:45     1000      6238     30,20      0,00 1461351332  381208   2,35  antigravity
22:23:45     1000      6299     12,60      0,00 1461375356  125868   0,78  antigravity
22:23:45     1000      7071      0,40      0,00 4908596  286340   1,76  language_server
22:23:45     1000      8301   1149,20      0,00 8056212 1202416   7,41  java

22:23:40      UID       PID   kB_rd/s   kB_wr/s kB_ccwr/s iodelay  Command
22:23:45     1000      8268      0,00      0,94      0,00       0  pidstat
22:23:45     1000      8301      0,00     70,97      0,00       0  java

22:23:45      UID       PID    %usr %system  %guest   %wait    %CPU   CPU  Command
22:23:50        0        57    0,00    1,80    0,00    0,00    1,80     6  ksoftirqd/6
22:23:50        0       118    0,00    0,40    0,00    0,40    0,40     2  kworker/u33:0-i915_flip
22:23:50        0       185    0,00    0,20    0,00    0,00    0,20     3  kworker/3:1-mm_percpu_wq
22:23:50        0       225    0,00    0,20    0,00    0,00    0,20     6  kworker/6:1H-events_highpri
22:23:50        0       603    0,00    3,40    0,00    0,00    3,40     0  irq/130-iwlwifi
22:23:50      115       901    0,20    0,00    0,00    0,00    0,20     2  prometheus
22:23:50        0      1399    0,20    0,00    0,00    0,00    0,20     7  glances
22:23:50        0      1429    0,00    0,20    0,00    0,00    0,20     0  containerd
22:23:50        0      2497    0,20    0,00    0,00    0,00    0,20     2  dockerd
22:23:50      117      2498    0,80    0,00    0,00    0,00    0,80     5  grafana
22:23:50        0      2854    0,40    0,20    0,00    0,00    0,60     2  mount.ntfs-3g
22:23:50        0      2898    0,20    0,00    0,00    0,00    0,20     7  containerd-shim
22:23:50        0      2899    0,20    0,00    0,00    0,00    0,20     4  containerd-shim
22:23:50      999      3068    0,40    0,00    0,00    0,00    0,40     3  redis-server
22:23:50        0      3749    0,00    0,60    0,00    0,80    0,60     6  kworker/6:5-i915-unordered
22:23:50     1000      4205    7,60    3,80    0,00    0,00   11,40     3  gnome-shell
22:23:50     1000      4385    0,00    0,20    0,00    0,00    0,20     5  ABDownloadManag
22:23:50     1000      5426    2,40    1,00    0,00    0,00    3,40     0  antigravity
22:23:50     1000      5730    6,00    1,80    0,00    1,00    7,80     6  antigravity
22:23:50     1000      5783    5,20    1,20    0,00    0,00    6,40     1  antigravity
22:23:50     1000      6128    1,20    1,40    0,00    0,00    2,60     5  language_server
22:23:50     1000      6237    1,00    0,20    0,00    0,00    1,20     6  antigravity
22:23:50     1000      6238    1,20    0,20    0,00    0,00    1,40     6  antigravity
22:23:50     1000      6299    0,20    0,00    0,00    0,00    0,20     5  antigravity
22:23:50     1000      7071    1,60    1,00    0,00    0,00    2,60     6  language_server
22:23:50     1000      8268    0,00    0,40    0,00    0,00    0,40     2  pidstat
22:23:50     1000      8301   25,40    3,80    0,00    0,00   29,20     1  java
22:23:50     1000     10403    1,20    0,00    0,00    0,00    1,20     6  gnome-terminal-
22:23:50        0     10805    0,00    0,20    0,00    0,00    0,20     7  kworker/u33:1-rb_allocator

22:23:45      UID       PID  minflt/s  majflt/s     VSZ     RSS   %MEM  Command
22:23:50        0      1429      0,40      0,00 2537656   72220   0,44  containerd
22:23:50        0      2898      0,60      0,00 1235608   15308   0,09  containerd-shim
22:23:50        0      2899      0,40      0,00 1235608   15372   0,09  containerd-shim
22:23:50        0      2900      0,20      0,00 1235608   15848   0,10  containerd-shim
22:23:50        0      2906      3,60      0,00 1235608   15764   0,10  containerd-shim
22:23:50     1000      4205     10,60      0,00 5496548  307548   1,89  gnome-shell
22:23:50     1000      5426     42,80      0,00 1461669956  298508   1,84  antigravity
22:23:50     1000      5730      8,00      0,00 34350920  163052   1,00  antigravity
22:23:50     1000      5741      0,20      0,00 33914216   81552   0,50  antigravity
22:23:50     1000      5783    124,00      0,00 1463101656  474812   2,93  antigravity
22:23:50     1000      6224      0,20      0,00 50728556   64244   0,40  antigravity
22:23:50     1000      6236      4,20      0,00 1461347768  119128   0,73  antigravity
22:23:50     1000      6237     19,40      0,00 1461367108  132060   0,81  antigravity
22:23:50     1000      6238     26,40      0,00 1461351332  381284   2,35  antigravity
22:23:50     1000      6299      2,60      0,00 1461375356  125740   0,77  antigravity
22:23:50     1000      8301    218,60      0,00 8056212 1206896   7,44  java

22:23:45      UID       PID   kB_rd/s   kB_wr/s kB_ccwr/s iodelay  Command
22:23:50     1000      8268      0,00      0,95      0,00       0  pidstat
22:23:50     1000      8301      1,60     73,44      0,00       0  java

22:23:50      UID       PID    %usr %system  %guest   %wait    %CPU   CPU  Command
22:23:55        0        18    0,00    0,20    0,00    0,00    0,20     3  rcu_preempt
22:23:55        0        57    0,00    1,80    0,00    0,00    1,80     6  ksoftirqd/6
22:23:55        0       118    0,00    0,40    0,00    0,20    0,40     4  kworker/u33:0-rb_allocator
22:23:55        0       250    0,00    0,20    0,00    0,00    0,20     4  kworker/4:2-events
22:23:55        0       317    0,00    0,20    0,00    0,20    0,20     0  kworker/0:2-events
22:23:55        0       603    0,00    3,80    0,00    0,20    3,80     0  irq/130-iwlwifi
22:23:55      115       901    0,20    0,00    0,00    0,00    0,20     0  prometheus
22:23:55        0      1399    0,20    0,00    0,00    0,00    0,20     7  glances
22:23:55        0      1429    0,40    0,00    0,00    0,00    0,40     0  containerd
22:23:55        0      2497    0,40    0,20    0,00    0,00    0,60     2  dockerd
22:23:55      117      2498    0,80    0,20    0,00    0,00    1,00     5  grafana
22:23:55        0      2854    0,20    0,40    0,00    0,00    0,60     1  mount.ntfs-3g
22:23:55        0      2898    0,00    0,20    0,00    0,00    0,20     7  containerd-shim
22:23:55        0      2902    0,00    0,20    0,00    0,00    0,20     6  containerd-shim
22:23:55        0      2906    0,20    0,00    0,00    0,00    0,20     0  containerd-shim
22:23:55      999      3068    0,40    0,00    0,00    0,00    0,40     4  redis-server
22:23:55        0      3749    0,00    0,40    0,00    0,60    0,40     6  kworker/6:5-i915-unordered
22:23:55     1000      4075    0,20    0,00    0,00    0,00    0,20     2  dbus-daemon
22:23:55     1000      4205    7,80    3,60    0,00    0,20   11,40     6  gnome-shell
22:23:55     1000      4385    0,20    0,20    0,00    0,00    0,40     5  ABDownloadManag
22:23:55     1000      4825    0,00    0,20    0,00    0,00    0,20     4  xdg-desktop-por
22:23:55     1000      5426    2,40    1,20    0,00    0,20    3,60     6  antigravity
22:23:55     1000      5730    6,20    1,60    0,00    0,20    7,80     4  antigravity
22:23:55     1000      5783    5,80    0,60    0,00    0,00    6,40     1  antigravity
22:23:55     1000      6128    1,60    0,80    0,00    0,00    2,40     5  language_server
22:23:55     1000      6237    0,80    0,20    0,00    0,00    1,00     5  antigravity
22:23:55     1000      6238    1,20    0,00    0,00    0,00    1,20     4  antigravity
22:23:55     1000      6299    0,20    0,00    0,00    0,00    0,20     2  antigravity
22:23:55     1000      7071    1,80    1,00    0,00    0,00    2,80     6  language_server
22:23:55     1000      8268    0,00    0,40    0,00    0,00    0,40     0  pidstat
22:23:55     1000      8301   39,40    9,00    0,00    0,00   48,40     1  java
22:23:55     1000     10403    1,80    0,00    0,00    0,00    1,80     6  gnome-terminal-
22:23:55        0     10805    0,00    0,20    0,00    5,60    0,20     4  kworker/u33:1-i915_flip

22:23:50      UID       PID  minflt/s  majflt/s     VSZ     RSS   %MEM  Command
22:23:55        0      1429      0,20      0,00 2537656   72220   0,44  containerd
22:23:55      114      1529      3,40      0,00  218252   29564   0,18  postgres
22:23:55        0      2497      0,20      0,00 3427484  112600   0,69  dockerd
22:23:55      117      2498      2,40      0,00 1765120  320156   1,97  grafana
22:23:55        0      2898      5,20      0,00 1235608   14848   0,09  containerd-shim
22:23:55        0      2899      4,80      0,00 1235608   14564   0,09  containerd-shim
22:23:55        0      2900      5,00      0,00 1235608   15084   0,09  containerd-shim
22:23:55        0      2902      6,00      0,00 1235352   14668   0,09  containerd-shim
22:23:55        0      2906      7,00      0,00 1235608   14932   0,09  containerd-shim
22:23:55     1000      4205      0,40      0,00 5496548  307548   1,89  gnome-shell
22:23:55     1000      5426     39,60      0,00 1461669956  298504   1,84  antigravity
22:23:55     1000      5730     15,20      0,00 34350920  163156   1,01  antigravity
22:23:55     1000      5741      0,40      0,00 33914216   81552   0,50  antigravity
22:23:55     1000      5783    104,40      0,00 1463101656  476860   2,94  antigravity
22:23:55     1000      6224      0,40      0,00 50728556   64244   0,40  antigravity
22:23:55     1000      6236      4,20      0,00 1461347768  119128   0,73  antigravity
22:23:55     1000      6237      4,00      0,00 1461367108  132060   0,81  antigravity
22:23:55     1000      6238     25,60      0,00 1461351332  381124   2,35  antigravity
22:23:55     1000      6299      2,40      0,00 1461375356  125740   0,77  antigravity
22:23:55     1000      8301    262,60      0,00 8056212 1299572   8,01  java
22:23:55     1000     10772      0,40      0,00   14480    9192   0,06  ssh

22:23:50      UID       PID   kB_rd/s   kB_wr/s kB_ccwr/s iodelay  Command
22:23:55     1000      8268      0,00      0,85      0,00       0  pidstat
22:23:55     1000      8301      0,00     85,74      0,00       0  java

22:23:55      UID       PID    %usr %system  %guest   %wait    %CPU   CPU  Command
22:24:00        0         1    0,60    0,20    0,00    0,00    0,80     1  systemd
22:24:00        0        17    0,20    0,00    0,00    0,00    0,20     0  ksoftirqd/0
22:24:00        0        27    0,20    0,00    0,00    0,00    0,20     1  ksoftirqd/1
22:24:00        0        57    0,00    1,80    0,00    0,00    1,80     6  ksoftirqd/6
22:24:00        0        71    0,00    0,20    0,00    0,20    0,20     4  kworker/u32:5-flush-8:0
22:24:00        0        86    0,00    0,20    0,00    0,00    0,20     1  irq/9-acpi
22:24:00        0       221    0,00    0,20    0,00    0,00    0,20     5  kworker/5:1H-events_highpri
22:24:00        0       434    0,00    0,20    0,00    0,20    0,20     1  systemd-udevd
22:24:00        0       603    0,00    3,40    0,00    0,00    3,40     0  irq/130-iwlwifi
22:24:00        0       634    0,00    0,20    0,00    0,00    0,20     5  kworker/u32:11-kvfree_rcu_reclaim
22:24:00      990       869    1,40    0,20    0,00    0,20    1,60     2  dbus-daemon
22:24:00      115       897    1,40    0,80    0,00    0,00    2,20     6  prometheus-node
22:24:00      115       901    0,20    0,00    0,00    0,00    0,20     5  prometheus
22:24:00        0      1050    0,20    0,00    0,00    0,00    0,20     5  NetworkManager
22:24:00        0      1112    0,20    0,00    0,00    0,00    0,20     0  ModemManager
22:24:00        0      1412    0,20    0,20    0,00    0,20    0,40     2  tailscaled
22:24:00        0      1429    1,20    0,00    0,00    0,00    1,20     0  containerd
22:24:00        0      2497    1,40    1,40    0,00    0,00    2,80     2  dockerd
22:24:00      117      2498    0,40    0,40    0,00    0,00    0,80     5  grafana
22:24:00        0      2854    0,40    0,20    0,00    0,20    0,60     6  mount.ntfs-3g
22:24:00        0      2899    0,00    0,20    0,00    0,00    0,20     4  containerd-shim
22:24:00        0      2900    0,00    0,20    0,00    0,00    0,20     7  containerd-shim
22:24:00      999      3068    0,40    0,00    0,00    0,00    0,40     1  redis-server
22:24:00        0      3749    0,00    0,60    0,00    0,80    0,60     6  kworker/6:5-i915-unordered
22:24:00     1000      4052    0,40    0,00    0,00    0,00    0,40     3  systemd
22:24:00     1000      4205    8,00    4,20    0,00    0,20   12,20     2  gnome-shell
22:24:00     1000      4385    0,20    0,00    0,00    0,00    0,20     5  ABDownloadManag
22:24:00     1000      4387    0,20    0,00    0,00    0,00    0,20     7  gsd-sharing
22:24:00     1000      4399    0,20    0,00    0,00    0,00    0,20     4  gnome-software
22:24:00     1000      4576    0,00    0,20    0,00    0,00    0,20     0  gvfs-udisks2-vo
22:24:00     1000      4780    0,20    0,00    0,00   16,80    0,20     4  gvfsd-trash
22:24:00     1000      4825    0,20    0,00    0,00    0,00    0,20     5  xdg-desktop-por
22:24:00        0      5014    0,20    0,00    0,00    0,00    0,20     3  fwupd
22:24:00     1000      5426    2,80    0,80    0,00    0,20    3,60     1  antigravity
22:24:00     1000      5730    6,00    1,40    0,00    0,00    7,40     7  antigravity
22:24:00     1000      5783   16,60    1,00    0,00    0,20   17,60     6  antigravity
22:24:00     1000      6128    1,20    1,20    0,00    0,20    2,40     2  language_server
22:24:00     1000      6236    0,00    0,20    0,00    0,00    0,20     6  antigravity
22:24:00     1000      6237    0,80    0,20    0,00    0,00    1,00     1  antigravity
22:24:00     1000      6238    1,40    0,20    0,00    0,00    1,60     3  antigravity
22:24:00     1000      6299    0,20    0,20    0,00    0,00    0,40     7  antigravity
22:24:00     1000      7071    0,80    1,40    0,00    0,00    2,20     6  language_server
22:24:00     1000      8268    0,20    0,40    0,00    0,00    0,60     4  pidstat
22:24:00     1000      8301   45,40    4,60    0,00    0,00   50,00     1  java
22:24:00     1000     10403    1,00    0,00    0,00    0,00    1,00     7  gnome-terminal-
22:24:00        0     10805    0,00    0,40    0,00    0,20    0,40     7  kworker/u33:1-i915_flip

22:23:55      UID       PID  minflt/s  majflt/s     VSZ     RSS   %MEM  Command
22:24:00        0         1      0,20      0,00   24716   14988   0,09  systemd
22:24:00        0       372     54,20      0,00  146016   82348   0,51  systemd-journal
22:24:00        0       434     93,00      0,00   37564   10916   0,07  systemd-udevd
22:24:00      115       897     69,40      0,00 1614080   24964   0,15  prometheus-node
22:24:00      115       901      0,20      0,00 2470244  103140   0,64  prometheus
22:24:00        0      1429     22,40      0,00 2537656   72476   0,45  containerd
22:24:00        0      2497      2,20      0,00 3427484  112600   0,69  dockerd
22:24:00      117      2498      0,20      0,00 1765120  320156   1,97  grafana
22:24:00        0      2898     11,60      0,00 1235608   14976   0,09  containerd-shim
22:24:00        0      2899     13,20      0,00 1235608   14692   0,09  containerd-shim
22:24:00        0      2900     11,60      0,00 1235608   15212   0,09  containerd-shim
22:24:00        0      2902     10,40      0,00 1235352   14924   0,09  containerd-shim
22:24:00        0      2906     10,40      0,00 1235608   15060   0,09  containerd-shim
22:24:00     1000      4205      9,60      0,00 5496612  307548   1,89  gnome-shell
22:24:00     1000      5426     54,00      0,00 1461669956  298700   1,84  antigravity
22:24:00     1000      5730      8,00      0,00 34350856  163028   1,00  antigravity
22:24:00     1000      5741      0,20      0,00 33914216   81552   0,50  antigravity
22:24:00     1000      5783    273,60      0,00 1463101656  468544   2,89  antigravity
22:24:00     1000      6224      0,20      0,00 50728556   64244   0,40  antigravity
22:24:00     1000      6236      9,80      0,00 1461347768  119128   0,73  antigravity
22:24:00     1000      6237      8,80      0,00 1461367108  132188   0,81  antigravity
22:24:00     1000      6238     44,00      0,00 1461351332  381244   2,35  antigravity
22:24:00     1000      6299     14,40      0,00 1461375356  125868   0,78  antigravity
22:24:00     1000      8301    111,20      0,00 8056212 1301748   8,02  java

22:23:55      UID       PID   kB_rd/s   kB_wr/s kB_ccwr/s iodelay  Command
22:24:00     1000      8268      0,00      1,00      0,00       0  pidstat
22:24:00     1000      8301      0,00     79,76      0,00       0  java

22:24:00      UID       PID    %usr %system  %guest   %wait    %CPU   CPU  Command
22:24:05        0        18    0,00    0,20    0,00    0,00    0,20     7  rcu_preempt
22:24:05        0        39    0,20    0,00    0,00    0,00    0,20     3  ksoftirqd/3
22:24:05        0        57    0,00    1,60    0,00    0,20    1,60     6  ksoftirqd/6
22:24:05        0        68    0,00    0,20    0,00    0,00    0,20     0  kworker/u32:2-i915
22:24:05        0        87    0,00    0,20    0,00    0,00    0,20     5  kworker/5:1-events
22:24:05        0       118    0,00    0,40    0,00    0,20    0,40     3  kworker/u33:0-i915_flip
22:24:05        0       232    0,00    0,20    0,00    0,00    0,20     7  kworker/7:1H-events_highpri
22:24:05        0       603    0,00    3,20    0,00    0,00    3,20     0  irq/130-iwlwifi
22:24:05      115       901    0,40    0,20    0,00    0,00    0,60     0  prometheus
22:24:05        0      1399    0,20    0,00    0,00    0,00    0,20     7  glances
22:24:05        0      1412    0,20    0,00    0,00    0,00    0,20     7  tailscaled
22:24:05        0      1429    0,20    0,40    0,00    0,00    0,60     0  containerd
22:24:05        0      2497    0,20    0,20    0,00    0,00    0,40     2  dockerd
22:24:05      117      2498    0,40    0,40    0,00    0,00    0,80     5  grafana
22:24:05        0      2854    0,40    0,40    0,00    0,00    0,80     6  mount.ntfs-3g
22:24:05        0      2902    0,20    0,00    0,00    0,00    0,20     6  containerd-shim
22:24:05        0      2906    0,20    0,20    0,00    0,00    0,40     0  containerd-shim
22:24:05      999      3068    0,40    0,20    0,00    0,00    0,60     2  redis-server
22:24:05        0      3749    0,00    0,60    0,00    0,60    0,60     6  kworker/6:5-i915-unordered
22:24:05     1000      4205    6,20    4,80    0,00    0,00   11,00     1  gnome-shell
22:24:05     1000      4385    1,20    0,00    0,00    0,00    1,20     5  ABDownloadManag
22:24:05     1000      5426    2,80    0,80    0,00    0,00    3,60     6  antigravity
22:24:05     1000      5730    6,60    0,80    0,00    0,20    7,40     6  antigravity
22:24:05     1000      5783    5,60    0,80    0,00    0,00    6,40     3  antigravity
22:24:05     1000      6128    1,60    1,00    0,00    0,40    2,60     3  language_server
22:24:05     1000      6237    0,80    0,20    0,00    0,00    1,00     0  antigravity
22:24:05     1000      6238    1,20    0,20    0,00    0,00    1,40     1  antigravity
22:24:05     1000      6299    0,20    0,20    0,00    0,00    0,40     5  antigravity
22:24:05     1000      7071    1,60    0,80    0,00    0,00    2,40     6  language_server
22:24:05     1000      8268    0,20    0,20    0,00    0,00    0,40     2  pidstat
22:24:05     1000      8301   19,20    4,20    0,00    0,00   23,40     1  java
22:24:05     1000     10403    1,00    0,00    0,00    0,00    1,00     2  gnome-terminal-
22:24:05        0     10805    0,00    0,20    0,00    0,20    0,20     1  kworker/u33:1-rb_allocator

22:24:00      UID       PID  minflt/s  majflt/s     VSZ     RSS   %MEM  Command
22:24:05      115       901      0,60      0,00 2543976   99812   0,61  prometheus
22:24:05        0      1429      7,80      0,00 2537656   71852   0,44  containerd
22:24:05        0      2898     12,60      0,00 1235608   15232   0,09  containerd-shim
22:24:05        0      2899     14,40      0,00 1235608   14948   0,09  containerd-shim
22:24:05        0      2900     13,60      0,00 1235608   15468   0,10  containerd-shim
22:24:05        0      2902     12,60      0,00 1235352   15180   0,09  containerd-shim
22:24:05        0      2906     15,00      0,00 1235608   15188   0,09  containerd-shim
22:24:05     1000      4205      1,40      0,00 5476132  307548   1,89  gnome-shell
22:24:05     1000      4385      0,60      0,00 9286580  284544   1,75  ABDownloadManag
22:24:05     1000      5426     38,20      0,00 1461669956  298684   1,84  antigravity
22:24:05     1000      5730      8,40      0,00 34350896  162900   1,00  antigravity
22:24:05     1000      5741      0,20      0,00 33914216   81552   0,50  antigravity
22:24:05     1000      5783    111,80      0,00 1463101656  470208   2,90  antigravity
22:24:05     1000      6224      0,20      0,00 50728556   64244   0,40  antigravity
22:24:05     1000      6236      4,20      0,00 1461347768  119128   0,73  antigravity
22:24:05     1000      6237      4,80      0,00 1461367108  132188   0,81  antigravity
22:24:05     1000      6238     28,80      0,00 1461351332  380944   2,35  antigravity
22:24:05     1000      6299     96,40      0,00 1461375356  125868   0,78  antigravity
22:24:05     1000      7164      0,20      0,00 1459563320   96348   0,59  antigravity
22:24:05     1000      7207      0,20      0,00 1459530536   86924   0,54  antigravity
22:24:05     1000      8301     44,80      0,00 8056212 1297844   8,00  java

22:24:00      UID       PID   kB_rd/s   kB_wr/s kB_ccwr/s iodelay  Command
22:24:05     1000      8268      0,00      1,27      0,00       0  pidstat
22:24:05     1000      8301      0,00     78,16      0,00       0  java

22:24:05      UID       PID    %usr %system  %guest   %wait    %CPU   CPU  Command
22:24:10        0        33    0,20    0,00    0,00    0,00    0,20     2  ksoftirqd/2
22:24:10        0        57    0,00    1,80    0,00    0,00    1,80     6  ksoftirqd/6
22:24:10        0       118    0,00    0,40    0,00    0,40    0,40     7  kworker/u33:0-i915_flip
22:24:10        0       603    0,00    3,60    0,00    0,00    3,60     0  irq/130-iwlwifi
22:24:10        0      1399    0,20    0,00    0,00    0,00    0,20     7  glances
22:24:10        0      1412    0,20    0,20    0,00    0,00    0,40     5  tailscaled
22:24:10        0      1429    0,20    0,00    0,00    0,00    0,20     0  containerd
22:24:10        0      2497    0,40    0,00    0,00    0,00    0,40     2  dockerd
22:24:10      117      2498    0,80    0,20    0,00    0,00    1,00     5  grafana
22:24:10        0      2854    0,20    0,40    0,00    0,00    0,60     5  mount.ntfs-3g
22:24:10        0      2898    0,00    0,20    0,00    0,00    0,20     7  containerd-shim
22:24:10        0      2899    0,00    0,20    0,00    0,00    0,20     4  containerd-shim
22:24:10        0      2900    0,00    0,20    0,00    0,00    0,20     7  containerd-shim
22:24:10      999      3068    0,40    0,00    0,00    0,00    0,40     3  redis-server
22:24:10        0      3749    0,00    0,60    0,00    0,80    0,60     6  kworker/6:5-i915-unordered
22:24:10     1000      4205    7,00    4,60    0,00    0,20   11,60     5  gnome-shell
22:24:10     1000      4385    0,20    0,00    0,00    0,00    0,20     5  ABDownloadManag
22:24:10     1000      4825    0,20    0,00    0,00    0,00    0,20     5  xdg-desktop-por
22:24:10     1000      5426    2,60    0,80    0,00    0,00    3,40     3  antigravity
22:24:10     1000      5730    6,40    1,20    0,00    0,20    7,60     7  antigravity
22:24:10     1000      5783    5,40    0,80    0,00    0,00    6,20     6  antigravity
22:24:10     1000      6128    1,60    1,00    0,00    0,00    2,60     4  language_server
22:24:10     1000      6237    0,60    0,40    0,00    0,00    1,00     3  antigravity
22:24:10     1000      6238    1,00    0,20    0,00    0,00    1,20     3  antigravity
22:24:10     1000      6299    0,40    0,00    0,00    0,00    0,40     0  antigravity
22:24:10     1000      7071    1,80    0,80    0,00    0,00    2,60     6  language_server
22:24:10     1000      8268    0,20    0,40    0,00    0,00    0,60     2  pidstat
22:24:10     1000      8301   17,60    3,60    0,00    0,00   21,20     1  java
22:24:10     1000     10403    1,60    0,00    0,00    0,20    1,60     7  gnome-terminal-

22:24:05      UID       PID  minflt/s  majflt/s     VSZ     RSS   %MEM  Command
22:24:10        0      1412      0,00      0,00 1355524  102132   0,63  tailscaled
22:24:10        0      1429      0,40      0,00 2537656   71852   0,44  containerd
22:24:10        0      2497      0,40      0,00 3427484  112600   0,69  dockerd
22:24:10        0      2898      1,40      0,00 1235608   15360   0,09  containerd-shim
22:24:10        0      2899     10,20      0,00 1235608   15204   0,09  containerd-shim
22:24:10        0      2900      8,60      0,00 1235608   15724   0,10  containerd-shim
22:24:10        0      2902      7,20      0,00 1235352   15180   0,09  containerd-shim
22:24:10        0      2906      0,60      0,00 1235608   15188   0,09  containerd-shim
22:24:10     1000      4205      9,20      0,00 5496548  307548   1,89  gnome-shell
22:24:10     1000      5426     37,20      0,00 1461669956  298672   1,84  antigravity
22:24:10     1000      5730      8,00      0,00 34350896  163028   1,00  antigravity
22:24:10     1000      5741      0,20      0,00 33914216   81552   0,50  antigravity
22:24:10     1000      5783    127,40      0,00 1463101656  472092   2,91  antigravity
22:24:10     1000      6224      0,20      0,00 50728556   64244   0,40  antigravity
22:24:10     1000      6236      4,20      0,00 1461347768  119128   0,73  antigravity
22:24:10     1000      6237      6,40      0,00 1461367108  132316   0,82  antigravity
22:24:10     1000      6238     45,80      0,00 1461351332  381424   2,35  antigravity
22:24:10     1000      6299    119,20      0,00 1461375356  125728   0,77  antigravity
22:24:10     1000      6689      0,20      0,00 1476307752  119724   0,74  antigravity
22:24:10     1000      8301     45,40      0,00 8056212 1298740   8,00  java

22:24:05      UID       PID   kB_rd/s   kB_wr/s kB_ccwr/s iodelay  Command
22:24:10     1000      8268      0,00      1,00      0,00       0  pidstat
22:24:10     1000      8301      0,00     68,84      0,00       0  java

22:24:10      UID       PID    %usr %system  %guest   %wait    %CPU   CPU  Command
22:24:15        0         1    0,20    0,00    0,00    0,00    0,20     3  systemd
22:24:15        0        57    0,00    1,20    0,00    0,00    1,20     6  ksoftirqd/6
22:24:15        0        86    0,00    0,20    0,00    0,00    0,20     1  irq/9-acpi
22:24:15        0       118    0,00    0,60    0,00    0,60    0,60     1  kworker/u33:0-i915_flip
22:24:15        0       211    0,00    0,20    0,00    0,00    0,20     1  kworker/1:1H-events_highpri
22:24:15        0       372    0,40    0,00    0,00    0,20    0,40     0  systemd-journal
22:24:15        0       603    0,00    4,00    0,00    0,00    4,00     0  irq/130-iwlwifi
22:24:15      990       869    0,60    0,00    0,00    0,00    0,60     4  dbus-daemon
22:24:15      115       897    1,20    0,60    0,00    0,00    1,80     6  prometheus-node
22:24:15      115       901    0,20    0,00    0,00    0,00    0,20     6  prometheus
22:24:15        0      1399    0,20    0,00    0,00    0,00    0,20     7  glances
22:24:15        0      1429    0,20    0,20    0,00    0,00    0,40     0  containerd
22:24:15        0      1796    0,00    0,20    0,00    0,00    0,20     7  kworker/7:3-events
22:24:15        0      2497    0,40    0,00    0,00    0,00    0,40     2  dockerd
22:24:15      117      2498    0,60    0,20    0,00    0,00    0,80     5  grafana
22:24:15        0      2854    0,20    0,40    0,00    0,00    0,60     5  mount.ntfs-3g
22:24:15        0      2898    0,20    0,00    0,00    0,00    0,20     7  containerd-shim
22:24:15        0      2900    0,20    0,00    0,00    0,00    0,20     7  containerd-shim
22:24:15        0      2902    0,20    0,00    0,00    0,00    0,20     6  containerd-shim
22:24:15      999      3068    0,40    0,00    0,00    0,00    0,40     3  redis-server
22:24:15        0      3749    0,00    0,40    0,00    0,80    0,40     6  kworker/6:5-i915-unordered
22:24:15     1000      4075    0,20    0,00    0,00    0,00    0,20     4  dbus-daemon
22:24:15     1000      4205   14,00    5,60    0,00    0,40   19,60     7  gnome-shell
22:24:15     1000      4385    0,40    0,00    0,00    0,00    0,40     5  ABDownloadManag
22:24:15     1000      4503    0,20    0,00    0,00    0,00    0,20     1  ibus-extension-
22:24:15     1000      4853    0,20    0,00    0,00    0,00    0,20     0  xdg-desktop-por
22:24:15     1000      5426    3,40    1,40    0,00    0,40    4,80     2  antigravity
22:24:15     1000      5730    7,80    2,20    0,00    0,40   10,00     5  antigravity
22:24:15     1000      5783   23,20    1,40    0,00    0,40   24,60     2  antigravity
22:24:15     1000      6128    1,60    1,00    0,00    0,20    2,60     5  language_server
22:24:15     1000      6237    1,00    0,20    0,00    0,20    1,20     3  antigravity
22:24:15     1000      6238    1,40    0,20    0,00    0,20    1,60     3  antigravity
22:24:15     1000      6299    0,20    0,20    0,00    0,00    0,40     7  antigravity
22:24:15     1000      7071    1,80    1,00    0,00    0,00    2,80     6  language_server
22:24:15     1000      8268    0,20    0,20    0,00    0,00    0,40     4  pidstat
22:24:15     1000      8301   29,20    7,60    0,00    0,00   36,80     1  java
22:24:15     1000     10403    3,20    0,20    0,00    0,00    3,40     6  gnome-terminal-
22:24:15        0     10862    0,20    0,00    0,00    0,00    0,20     0  kworker/0:0-events

22:24:10      UID       PID  minflt/s  majflt/s     VSZ     RSS   %MEM  Command
22:24:15        0       372     40,00      0,60  146016   83360   0,51  systemd-journal
22:24:15      115       897     76,40      0,00 1614080   24840   0,15  prometheus-node
22:24:15      115       901      0,40      0,00 2543976   99812   0,61  prometheus
22:24:15        0      1429      2,00      0,00 2537656   71980   0,44  containerd
22:24:15      114      1529      3,80      0,00  218252   29564   0,18  postgres
22:24:15        0      2898      0,80      0,00 1235608   15360   0,09  containerd-shim
22:24:15        0      2899      7,00      0,00 1235608   15332   0,09  containerd-shim
22:24:15        0      2900      0,20      0,00 1235608   15724   0,10  containerd-shim
22:24:15        0      2902      0,60      0,00 1235352   15180   0,09  containerd-shim
22:24:15        0      2906      2,80      0,00 1235608   15188   0,09  containerd-shim
22:24:15     1000      4205    156,80      0,00 5503568  307804   1,90  gnome-shell
22:24:15     1000      5426     65,60      0,00 1461671044  298800   1,84  antigravity
22:24:15     1000      5730     86,20      0,00 34377724  163204   1,01  antigravity
22:24:15     1000      5741      0,40      0,00 33914216   81552   0,50  antigravity
22:24:15     1000      5783    629,20      0,00 1463104728  469720   2,89  antigravity
22:24:15     1000      5829      0,80      0,00 1459611400  172908   1,07  antigravity
22:24:15     1000      6224      0,40      0,00 50728556   64244   0,40  antigravity
22:24:15     1000      6236      6,60      0,00 1461347768  119128   0,73  antigravity
22:24:15     1000      6237     10,40      0,00 1461367108  132312   0,82  antigravity
22:24:15     1000      6238     33,40      0,00 1461351332  381800   2,35  antigravity
22:24:15     1000      6299     16,20      0,00 1461375356  125728   0,77  antigravity
22:24:15     1000      7071      1,00      0,00 4908596  286340   1,76  language_server
22:24:15     1000      8301     73,20      0,00 8056212 1357332   8,36  java
22:24:15     1000     10403      0,40      0,00  571868   71356   0,44  gnome-terminal-

22:24:10      UID       PID   kB_rd/s   kB_wr/s kB_ccwr/s iodelay  Command
22:24:15     1000      8268      0,00      0,91      0,00       0  pidstat
22:24:15     1000      8301      0,00     78,14      0,00       0  java

22:24:15      UID       PID    %usr %system  %guest   %wait    %CPU   CPU  Command
22:24:20        0        17    0,20    0,00    0,00    0,00    0,20     0  ksoftirqd/0
22:24:20        0        18    0,00    0,20    0,00    0,00    0,20     3  rcu_preempt
22:24:20        0        51    0,20    0,00    0,00    0,00    0,20     5  ksoftirqd/5
22:24:20        0        57    0,00    1,80    0,00    0,00    1,80     6  ksoftirqd/6
22:24:20        0        68    0,00    0,20    0,00    0,00    0,20     7  kworker/u32:2-events_unbound
22:24:20        0       118    0,00    0,20    0,00    0,40    0,20     7  kworker/u33:0-rb_allocator
22:24:20        0       174    0,00    0,20    0,00    0,00    0,20     3  kworker/3:1H-events_highpri
22:24:20        0       603    0,00    4,20    0,00    0,00    4,20     0  irq/130-iwlwifi
22:24:20      115       901    0,20    0,00    0,00    0,00    0,20     6  prometheus
22:24:20        0      1429    0,40    0,20    0,00    0,00    0,60     0  containerd
22:24:20        0      2126    0,00    0,20    0,00    0,00    0,20     7  upowerd
22:24:20        0      2497    0,40    0,20    0,00    0,00    0,60     2  dockerd
22:24:20      117      2498    0,60    0,20    0,00    0,00    0,80     5  grafana
22:24:20        0      2854    0,20    0,60    0,00    0,00    0,80     5  mount.ntfs-3g
22:24:20        0      2898    0,00    0,20    0,00    0,00    0,20     7  containerd-shim
22:24:20        0      2899    0,20    0,00    0,00    0,00    0,20     4  containerd-shim
22:24:20        0      2902    0,00    0,20    0,00    0,00    0,20     6  containerd-shim
22:24:20        0      2906    0,20    0,00    0,00    0,00    0,20     0  containerd-shim
22:24:20      999      3068    0,20    0,20    0,00    0,00    0,40     4  redis-server
22:24:20        0      3749    0,00    0,60    0,00    0,80    0,60     6  kworker/6:5-i915-unordered
22:24:20     1000      4205    7,20    5,00    0,00    0,00   12,20     5  gnome-shell
22:24:20     1000      5426    3,00    1,40    0,00    0,00    4,40     3  antigravity
22:24:20     1000      5730    6,60    1,40    0,00    0,00    8,00     5  antigravity
22:24:20     1000      5783   10,60    0,40    0,00    0,00   11,00     3  antigravity
22:24:20     1000      6128    1,40    1,20    0,00    0,00    2,60     5  language_server
22:24:20     1000      6237    1,00    0,00    0,00    0,00    1,00     0  antigravity
22:24:20     1000      6238    1,40    0,00    0,00    0,00    1,40     2  antigravity
22:24:20     1000      6299    0,20    0,00    0,00    0,00    0,20     6  antigravity
22:24:20     1000      7071    1,40    1,00    0,00    0,00    2,40     6  language_server
22:24:20     1000      8268    0,20    0,40    0,00    0,00    0,60     4  pidstat
22:24:20     1000      8301   26,20    6,40    0,00    0,00   32,60     1  java
22:24:20     1000     10403    1,40    0,00    0,00    0,00    1,40     3  gnome-terminal-
22:24:20        0     10805    0,00    0,40    0,00    0,00    0,40     1  kworker/u33:1-i915_flip

22:24:15      UID       PID  minflt/s  majflt/s     VSZ     RSS   %MEM  Command
22:24:20        0      1429      0,40      0,00 2537656   71980   0,44  containerd
22:24:20        0      2898      0,40      0,00 1235608   15360   0,09  containerd-shim
22:24:20        0      2899      7,20      0,00 1235608   15148   0,09  containerd-shim
22:24:20        0      2900      0,00      0,00 1235608   15580   0,10  containerd-shim
22:24:20        0      2902      8,80      0,00 1235352   15436   0,10  containerd-shim
22:24:20        0      2906      3,20      0,00 1235608   15188   0,09  containerd-shim
22:24:20     1000      4205     11,20      0,00 5500332  307676   1,90  gnome-shell
22:24:20     1000      5426     45,00      0,00 1461669956  298588   1,84  antigravity
22:24:20     1000      5730     10,00      0,00 34362360  162812   1,00  antigravity
22:24:20     1000      5741      0,20      0,00 33914216   81552   0,50  antigravity
22:24:20     1000      5783    235,80      0,00 1463101592  470016   2,90  antigravity
22:24:20     1000      6224      0,20      0,00 50728556   64244   0,40  antigravity
22:24:20     1000      6236      8,00      0,00 1461347768  119128   0,73  antigravity
22:24:20     1000      6237      7,60      0,00 1461367108  132312   0,82  antigravity
22:24:20     1000      6238     91,40      0,00 1461351332  381492   2,35  antigravity
22:24:20     1000      6299      3,20      0,00 1461375356  125728   0,77  antigravity
22:24:20     1000      8301     51,20      0,00 8056212 1358228   8,37  java
22:24:20     1000     10403      0,40      0,00  571868   71356   0,44  gnome-terminal-

22:24:15      UID       PID   kB_rd/s   kB_wr/s kB_ccwr/s iodelay  Command
22:24:20     1000      8268      0,00      1,14      0,00       0  pidstat
22:24:20     1000      8301      0,00    104,52      0,00       0  java

22:24:20      UID       PID    %usr %system  %guest   %wait    %CPU   CPU  Command
22:24:25        0        57    0,00    1,80    0,00    0,00    1,80     6  ksoftirqd/6
22:24:25        0        95    0,00    0,20    0,00    0,00    0,20     0  kworker/0:1H-events_highpri
22:24:25        0       224    0,00    0,20    0,00    0,00    0,20     4  kworker/4:1H-events_highpri
22:24:25        0       603    0,00    3,80    0,00    0,00    3,80     0  irq/130-iwlwifi
22:24:25        0       634    0,00    0,20    0,00    0,00    0,20     3  kworker/u32:11-events_unbound
22:24:25      115       901    0,20    0,00    0,00    0,00    0,20     6  prometheus
22:24:25        0      1399    0,20    0,00    0,00    0,00    0,20     7  glances
22:24:25        0      1412    0,20    0,00    0,00    0,00    0,20     5  tailscaled
22:24:25        0      1429    0,00    0,20    0,00    0,00    0,20     0  containerd
22:24:25        0      2497    0,20    0,40    0,00    0,00    0,60     2  dockerd
22:24:25      117      2498    2,40    0,00    0,00    0,00    2,40     5  grafana
22:24:25        0      2854    0,60    0,20    0,00    0,00    0,80     1  mount.ntfs-3g
22:24:25        0      2899    0,00    0,20    0,00    0,00    0,20     4  containerd-shim
22:24:25        0      2900    0,20    0,00    0,00    0,00    0,20     7  containerd-shim
22:24:25        0      2902    0,20    0,00    0,00    0,00    0,20     6  containerd-shim
22:24:25        0      2906    0,00    0,20    0,00    0,00    0,20     0  containerd-shim
22:24:25      999      3068    0,60    0,00    0,00    0,00    0,60     4  redis-server
22:24:25        0      3749    0,00    0,60    0,00    1,00    0,60     6  kworker/6:5-i915-unordered
22:24:25     1000      4205    9,40    3,40    0,00    0,20   12,80     1  gnome-shell
22:24:25     1000      4385    0,40    0,00    0,00    0,00    0,40     5  ABDownloadManag
22:24:25     1000      4825    0,20    0,00    0,00    0,00    0,20     3  xdg-desktop-por
22:24:25     1000      5426    4,40    1,00    0,00    0,20    5,40     7  antigravity
22:24:25     1000      5730    6,20    1,60    0,00    0,20    7,80     3  antigravity
22:24:25     1000      5741    0,20    0,00    0,00    0,00    0,20     4  antigravity
22:24:25     1000      5783   24,00    2,20    0,00    0,00   26,20     1  antigravity
22:24:25     1000      6128    1,20    1,40    0,00    0,20    2,60     7  language_server
22:24:25     1000      6237    0,60    0,40    0,00    0,00    1,00     0  antigravity
22:24:25     1000      6238    1,00    0,20    0,00    0,20    1,20     4  antigravity
22:24:25     1000      6299    0,20    0,20    0,00    0,00    0,40     2  antigravity
22:24:25     1000      7071    1,20    1,40    0,00    0,00    2,60     6  language_server
22:24:25     1000      8268    0,00    0,20    0,00    0,00    0,20     4  pidstat
22:24:25     1000      8301   23,80    5,00    0,00    0,00   28,80     1  java
22:24:25     1000     10403    1,20    0,00    0,00    0,00    1,20     3  gnome-terminal-
22:24:25        0     10805    0,00    0,40    0,00    0,40    0,40     6  kworker/u33:1-i915_flip

22:24:20      UID       PID  minflt/s  majflt/s     VSZ     RSS   %MEM  Command
22:24:25        0      2497      0,80      0,00 3427484  112600   0,69  dockerd
22:24:25      117      2498      4,80      0,00 1765060  320156   1,97  grafana
22:24:25        0      2898      5,80      0,00 1235608   14708   0,09  containerd-shim
22:24:25        0      2899      7,00      0,00 1235608   14456   0,09  containerd-shim
22:24:25        0      2900      7,20      0,00 1235608   15024   0,09  containerd-shim
22:24:25        0      2902      8,80      0,00 1235352   14824   0,09  containerd-shim
22:24:25        0      2906      7,60      0,00 1235608   14940   0,09  containerd-shim
22:24:25      117      3039      3,00      0,00 1296332   37016   0,23  gpx_grafana_ela
22:24:25       70      3063      4,40      0,00  174540   25872   0,16  postgres
22:24:25     1000      4205      1,80      0,00 5500396  307676   1,90  gnome-shell
22:24:25     1000      5426     52,00      0,00 1461669956  298984   1,84  antigravity
22:24:25     1000      5730     10,00      0,00 34352752  162812   1,00  antigravity
22:24:25     1000      5741      0,60      0,00 33914216   81552   0,50  antigravity
22:24:25     1000      5783    320,00      0,00 1463101592  468624   2,89  antigravity
22:24:25     1000      6224      0,20      0,00 50728556   64244   0,40  antigravity
22:24:25     1000      6236      4,20      0,00 1461347768  119128   0,73  antigravity
22:24:25     1000      6237      4,60      0,00 1461367108  132312   0,82  antigravity
22:24:25     1000      6238     14,40      0,00 1461351332  381492   2,35  antigravity
22:24:25     1000      6299      6,00      0,00 1461375356  125728   0,77  antigravity
22:24:25     1000      8301     45,00      0,00 8056212 1359252   8,37  java

22:24:20      UID       PID   kB_rd/s   kB_wr/s kB_ccwr/s iodelay  Command
22:24:25     1000      8268      0,00      0,96      0,00       0  pidstat
22:24:25     1000      8301      0,00     92,10      0,00       0  java

22:24:25      UID       PID    %usr %system  %guest   %wait    %CPU   CPU  Command
22:24:30        0         1    0,20    0,20    0,00    0,00    0,40     5  systemd
22:24:30        0        57    0,00    1,80    0,00    0,00    1,80     6  ksoftirqd/6
22:24:30        0        68    0,00    0,20    0,00    0,00    0,20     5  kworker/u32:2-events_unbound
22:24:30        0        86    0,00    0,20    0,00    0,00    0,20     1  irq/9-acpi
22:24:30        0        87    0,00    0,20    0,00    0,00    0,20     5  kworker/5:1-events
22:24:30        0       250    0,00    0,20    0,00    0,00    0,20     4  kworker/4:2-events
22:24:30        0       603    0,00    4,20    0,00    0,20    4,20     0  irq/130-iwlwifi
22:24:30      990       869    0,80    0,00    0,00    0,00    0,80     0  dbus-daemon
22:24:30      986       892    0,20    0,00    0,00    0,00    0,20     7  polkitd
22:24:30      115       897    1,40    0,60    0,00    0,00    2,00     5  prometheus-node
22:24:30      115       901    0,20    0,00    0,00    0,00    0,20     6  prometheus
22:24:30        0      1399    0,20    0,00    0,00    0,00    0,20     7  glances
22:24:30        0      1429    0,40    0,00    0,00    0,00    0,40     0  containerd
22:24:30        0      1432    0,00    0,20    0,00    0,00    0,20     4  anydesk
22:24:30        0      2497    0,40    0,00    0,00    0,00    0,40     2  dockerd
22:24:30      117      2498    0,60    0,20    0,00    0,00    0,80     5  grafana
22:24:30        0      2854    0,20    0,20    0,00    0,20    0,40     6  mount.ntfs-3g
22:24:30        0      2899    0,20    0,00    0,00    0,00    0,20     4  containerd-shim
22:24:30        0      2900    0,00    0,20    0,00    0,00    0,20     7  containerd-shim
22:24:30      999      3068    0,40    0,00    0,00    0,00    0,40     5  redis-server
22:24:30        0      3749    0,00    0,60    0,00    1,40    0,60     6  kworker/6:5-i915-unordered
22:24:30     1000      4205    8,20    4,20    0,00    0,20   12,40     1  gnome-shell
22:24:30     1000      4385    0,20    0,00    0,00    0,00    0,20     5  ABDownloadManag
22:24:30     1000      5426    2,80    1,80    0,00    0,00    4,60     4  antigravity
22:24:30     1000      5730    6,20    2,00    0,00    0,00    8,20     7  antigravity
22:24:30     1000      5783   12,80    1,40    0,00    0,20   14,20     3  antigravity
22:24:30     1000      6128    1,40    1,00    0,00    0,00    2,40     6  language_server
22:24:30     1000      6237    0,80    0,40    0,00    0,00    1,20     7  antigravity
22:24:30     1000      6238    1,40    0,20    0,00    0,00    1,60     6  antigravity
22:24:30     1000      6299    0,20    0,00    0,00    0,00    0,20     6  antigravity
22:24:30     1000      7071    1,20    1,40    0,00    0,00    2,60     6  language_server
22:24:30     1000      8268    0,20    0,40    0,00    0,00    0,60     2  pidstat
22:24:30     1000      8301   28,80    4,40    0,00    0,00   33,20     1  java
22:24:30     1000     10403    1,00    0,00    0,00    0,00    1,00     6  gnome-terminal-
22:24:30        0     10805    0,00    0,60    0,00    0,60    0,60     6  kworker/u33:1-rb_allocator

22:24:25      UID       PID  minflt/s  majflt/s     VSZ     RSS   %MEM  Command
22:24:30      115       897     69,20      0,00 1614080   25076   0,15  prometheus-node
22:24:30        0      2898     12,40      0,00 1235608   14836   0,09  containerd-shim
22:24:30        0      2899     11,40      0,00 1235608   14712   0,09  containerd-shim
22:24:30        0      2900     12,20      0,00 1235608   15152   0,09  containerd-shim
22:24:30        0      2902     11,20      0,00 1235352   14824   0,09  containerd-shim
22:24:30        0      2906     14,00      0,00 1235608   15324   0,09  containerd-shim
22:24:30     1000      4205      7,20      0,00 5479852  307628   1,90  gnome-shell
22:24:30     1000      5426     48,20      0,00 1461669956  298944   1,84  antigravity
22:24:30     1000      5730     10,00      0,00 34350640  162804   1,00  antigravity
22:24:30     1000      5741      0,20      0,00 33914216   81552   0,50  antigravity
22:24:30     1000      5783    177,40      0,00 1463101592  469388   2,89  antigravity
22:24:30     1000      6224      0,20      0,00 50728556   64244   0,40  antigravity
22:24:30     1000      6236      4,20      0,00 1461347768  119128   0,73  antigravity
22:24:30     1000      6237      5,80      0,00 1461367108  132172   0,81  antigravity
22:24:30     1000      6238     12,60      0,00 1461351332  381356   2,35  antigravity
22:24:30     1000      6299      9,60      0,00 1461375356  125856   0,78  antigravity
22:24:30     1000      7071      0,40      0,00 4908596  286340   1,76  language_server
22:24:30     1000      8301     62,80      0,00 8056212 1388944   8,56  java

22:24:25      UID       PID   kB_rd/s   kB_wr/s kB_ccwr/s iodelay  Command
22:24:30     1000      8268      0,00      1,01      0,00       0  pidstat
22:24:30     1000      8301      0,00     95,26      0,00       0  java

22:24:30      UID       PID    %usr %system  %guest   %wait    %CPU   CPU  Command
22:24:35        0        18    0,00    0,20    0,00    0,00    0,20     1  rcu_preempt
22:24:35        0        45    0,00    0,20    0,00    0,00    0,20     4  ksoftirqd/4
22:24:35        0        57    0,00    1,80    0,00    0,00    1,80     6  ksoftirqd/6
22:24:35        0        94    0,00    0,20    0,00    0,00    0,20     2  kworker/2:1-events
22:24:35        0       603    0,00    3,40    0,00    0,00    3,40     0  irq/130-iwlwifi
22:24:35        0      1412    0,20    0,20    0,00    0,00    0,40     5  tailscaled
22:24:35        0      1429    0,20    0,20    0,00    0,00    0,40     0  containerd
22:24:35        0      1432    0,20    0,00    0,00    0,00    0,20     4  anydesk
22:24:35        0      2497    0,20    0,20    0,00    0,00    0,40     2  dockerd
22:24:35      117      2498    0,60    0,20    0,00    0,00    0,80     5  grafana
22:24:35        0      2854    0,20    0,60    0,00    0,00    0,80     5  mount.ntfs-3g
22:24:35        0      2898    0,20    0,20    0,00    0,00    0,40     7  containerd-shim
22:24:35        0      2902    0,20    0,00    0,00    0,00    0,20     6  containerd-shim
22:24:35        0      2906    0,20    0,00    0,00    0,00    0,20     0  containerd-shim
22:24:35      999      3068    0,40    0,00    0,00    0,00    0,40     4  redis-server
22:24:35        0      3749    0,00    0,60    0,00    0,60    0,60     6  kworker/6:5-i915-unordered
22:24:35     1000      4205    7,60    4,20    0,00    0,20   11,80     7  gnome-shell
22:24:35     1000      4385    0,20    0,20    0,00    0,00    0,40     5  ABDownloadManag
22:24:35     1000      5426    2,40    1,20    0,00    0,20    3,60     2  antigravity
22:24:35     1000      5730    6,80    1,20    0,00    0,00    8,00     3  antigravity
22:24:35     1000      5783    6,00    0,60    0,00    0,00    6,60     5  antigravity
22:24:35     1000      6128    1,60    1,20    0,00    0,00    2,80     5  language_server
22:24:35     1000      6237    0,80    0,00    0,00    0,00    0,80     3  antigravity
22:24:35     1000      6238    1,20    0,20    0,00    0,00    1,40     2  antigravity
22:24:35     1000      6299    0,40    0,00    0,00    0,00    0,40     6  antigravity
22:24:35     1000      7071    1,40    1,00    0,00    0,00    2,40     6  language_server
22:24:35     1000      8268    0,00    0,40    0,00    0,00    0,40     6  pidstat
22:24:35     1000      8301   14,20    4,80    0,00    0,00   19,00     1  java
22:24:35     1000     10403    2,40    0,20    0,00    0,00    2,60     0  gnome-terminal-
22:24:35     1000     10772    0,20    0,00    0,00    0,00    0,20     1  ssh
22:24:35        0     10805    0,00    0,40    0,00    0,20    0,40     3  kworker/u33:1-i915_flip
22:24:35        0     10862    0,20    0,00    0,00    0,00    0,20     0  kworker/0:0-events

22:24:30      UID       PID  minflt/s  majflt/s     VSZ     RSS   %MEM  Command
22:24:35      114      1529      3,40      0,00  218252   29564   0,18  postgres
22:24:35        0      2497      0,40      0,00 3427484  112600   0,69  dockerd
22:24:35        0      2898     12,60      0,00 1235608   15092   0,09  containerd-shim
22:24:35        0      2899     13,60      0,00 1235608   14968   0,09  containerd-shim
22:24:35        0      2900     13,80      0,00 1235608   15408   0,09  containerd-shim
22:24:35        0      2902     13,60      0,00 1235352   15080   0,09  containerd-shim
22:24:35        0      2906     13,40      0,00 1235608   15452   0,10  containerd-shim
22:24:35     1000      4205      2,60      0,00 5500332  307628   1,90  gnome-shell
22:24:35     1000      4385      0,20      0,00 9286580  284544   1,75  ABDownloadManag
22:24:35     1000      5426     41,00      0,00 1461669956  298724   1,84  antigravity
22:24:35     1000      5730     18,40      0,00 34350832  162932   1,00  antigravity
22:24:35     1000      5741      0,40      0,00 33914216   81552   0,50  antigravity
22:24:35     1000      5783    138,20      0,00 1463101592  471288   2,90  antigravity
22:24:35     1000      6224      0,40      0,00 50728556   64244   0,40  antigravity
22:24:35     1000      6236      4,20      0,00 1461347768  119128   0,73  antigravity
22:24:35     1000      6237      4,80      0,00 1461367108  132172   0,81  antigravity
22:24:35     1000      6238     18,40      0,00 1461351332  381592   2,35  antigravity
22:24:35     1000      6299    195,60      0,00 1461375356  126200   0,78  antigravity
22:24:35     1000      8301     36,40      0,00 8056212 1389584   8,56  java

22:24:30      UID       PID   kB_rd/s   kB_wr/s kB_ccwr/s iodelay  Command
22:24:35     1000      8268      0,00      0,99      0,00       0  pidstat
22:24:35     1000      8301      0,00     64,21      0,00       0  java

22:24:35      UID       PID    %usr %system  %guest   %wait    %CPU   CPU  Command
22:24:40        0        57    0,00    1,80    0,00    0,20    1,80     6  ksoftirqd/6
22:24:40        0       118    0,00    0,40    0,00    0,20    0,40     6  kworker/u33:0-rb_allocator
22:24:40        0       185    0,00    0,20    0,00    0,00    0,20     3  kworker/3:1-events
22:24:40        0       225    0,00    0,20    0,00    0,00    0,20     6  kworker/6:1H-events_highpri
22:24:40        0       603    0,00    3,20    0,00    0,00    3,20     0  irq/130-iwlwifi
22:24:40      115       901    0,20    0,00    0,00    0,00    0,20     0  prometheus
22:24:40        0      1399    0,20    0,00    0,00    0,00    0,20     7  glances
22:24:40        0      1412    0,20    0,00    0,00    0,00    0,20     1  tailscaled
22:24:40        0      1429    0,40    0,00    0,00    0,00    0,40     0  containerd
22:24:40        0      2497    0,60    0,00    0,00    0,00    0,60     2  dockerd
22:24:40      117      2498    0,40    0,20    0,00    0,00    0,60     5  grafana
22:24:40        0      2854    0,20    0,20    0,00    0,00    0,40     1  mount.ntfs-3g
22:24:40      999      3068    0,60    0,00    0,00    0,00    0,60     3  redis-server
22:24:40        0      3749    0,00    0,60    0,00    0,80    0,60     6  kworker/6:5-i915-unordered
22:24:40     1000      4205    6,60    4,80    0,00    0,00   11,40     7  gnome-shell
22:24:40     1000      4385    0,20    0,00    0,00    0,00    0,20     5  ABDownloadManag
22:24:40     1000      4825    0,20    0,00    0,00    0,00    0,20     7  xdg-desktop-por
22:24:40     1000      5426    2,80    0,80    0,00    0,00    3,60     4  antigravity
22:24:40     1000      5730    6,00    1,40    0,00    0,00    7,40     2  antigravity
22:24:40     1000      5783    6,00    0,60    0,00    0,00    6,60     7  antigravity
22:24:40     1000      6128    1,60    1,00    0,00    0,20    2,60     0  language_server
22:24:40     1000      6237    0,80    0,40    0,00    0,00    1,20     3  antigravity
22:24:40     1000      6238    1,40    0,20    0,00    0,00    1,60     5  antigravity
22:24:40     1000      6299    0,00    0,40    0,00    0,00    0,40     3  antigravity
22:24:40     1000      7071    1,60    1,00    0,00    0,00    2,60     6  language_server
22:24:40     1000      8268    0,20    0,20    0,00    0,00    0,40     6  pidstat
22:24:40     1000      8301   13,80    3,20    0,00    0,00   17,00     1  java
22:24:40     1000     10403    1,40    0,00    0,00    0,00    1,40     4  gnome-terminal-
22:24:40        0     10805    0,00    0,20    0,00    0,20    0,20     7  kworker/u33:1-rb_allocator

22:24:35      UID       PID  minflt/s  majflt/s     VSZ     RSS   %MEM  Command
22:24:40      115       901      0,60      0,00 2543976   99812   0,61  prometheus
22:24:40        0      2898      1,60      0,00 1235608   15092   0,09  containerd-shim
22:24:40        0      2899      4,20      0,00 1235608   14968   0,09  containerd-shim
22:24:40        0      2900      6,40      0,00 1235608   15408   0,09  containerd-shim
22:24:40        0      2902      0,60      0,00 1235352   15080   0,09  containerd-shim
22:24:40        0      2906      1,80      0,00 1235608   15580   0,10  containerd-shim
22:24:40     1000      4205      8,60      0,00 5500332  307484   1,89  gnome-shell
22:24:40     1000      5426     37,00      0,00 1461669956  298860   1,84  antigravity
22:24:40     1000      5730      9,40      0,00 34350832  162932   1,00  antigravity
22:24:40     1000      5741      0,20      0,00 33914216   81552   0,50  antigravity
22:24:40     1000      5783    129,00      0,00 1463101592  472820   2,91  antigravity
22:24:40     1000      6224      0,20      0,00 50728556   64244   0,40  antigravity
22:24:40     1000      6236      8,40      0,00 1461347768  119128   0,73  antigravity
22:24:40     1000      6237      7,60      0,00 1461367108  132172   0,81  antigravity
22:24:40     1000      6238     28,40      0,00 1461351332  381400   2,35  antigravity
22:24:40     1000      6299    114,20      0,00 1461375356  125920   0,78  antigravity
22:24:40     1000      7071      0,20      0,00 4908596  286340   1,76  language_server
22:24:40     1000      8301    137,80      0,00 8056212 1392528   8,58  java

22:24:35      UID       PID   kB_rd/s   kB_wr/s kB_ccwr/s iodelay  Command
22:24:40     1000      8268      0,00      0,95      0,00       0  pidstat
22:24:40     1000      8301      0,00     57,99      0,00       0  java

22:24:40      UID       PID    %usr %system  %guest   %wait    %CPU   CPU  Command
22:24:45        0         1    0,20    0,00    0,00    0,00    0,20     7  systemd
22:24:45        0        27    0,20    0,00    0,00    0,00    0,20     1  ksoftirqd/1
22:24:45        0        57    0,00    1,80    0,00    0,00    1,80     6  ksoftirqd/6
22:24:45        0        86    0,00    0,20    0,00    0,00    0,20     1  irq/9-acpi
22:24:45        0       118    0,00    0,60    0,00    0,40    0,60     4  kworker/u33:0-i915_flip
22:24:45        0       603    0,00    3,20    0,00    0,00    3,20     0  irq/130-iwlwifi
22:24:45        0       634    0,00    0,20    0,00    0,00    0,20     6  kworker/u32:11-events_unbound
22:24:45      990       869    0,80    0,00    0,00    0,00    0,80     1  dbus-daemon
22:24:45      115       897    1,00    0,60    0,00    0,00    1,60     5  prometheus-node
22:24:45      115       901    0,20    0,00    0,00    0,00    0,20     3  prometheus
22:24:45        0      1399    0,20    0,00    0,00    0,00    0,20     7  glances
22:24:45        0      1429    0,40    0,20    0,00    0,00    0,60     0  containerd
22:24:45        0      2497    0,20    0,40    0,00    0,00    0,60     2  dockerd
22:24:45      117      2498    0,60    0,40    0,00    0,00    1,00     5  grafana
22:24:45        0      2854    0,20    0,40    0,00    0,00    0,60     0  mount.ntfs-3g
22:24:45        0      2899    0,20    0,20    0,00    0,00    0,40     4  containerd-shim
22:24:45        0      2900    0,20    0,00    0,00    0,00    0,20     7  containerd-shim
22:24:45        0      2902    0,20    0,00    0,00    0,00    0,20     6  containerd-shim
22:24:45        0      2906    0,20    0,20    0,00    0,00    0,40     0  containerd-shim
22:24:45      999      3068    0,40    0,00    0,00    0,00    0,40     2  redis-server
22:24:45        0      3749    0,00    0,60    0,00    0,60    0,60     6  kworker/6:5-i915-unordered
22:24:45     1000      4075    0,20    0,00    0,00    0,00    0,20     2  dbus-daemon
22:24:45     1000      4205    6,80    4,40    0,00    0,20   11,20     2  gnome-shell
22:24:45     1000      4380    0,00    0,20    0,00    0,00    0,20     6  anydesk
22:24:45     1000      4385    0,20    0,20    0,00    0,00    0,40     5  ABDownloadManag
22:24:45     1000      5426    2,60    0,80    0,00    0,00    3,40     7  antigravity
22:24:45     1000      5730    6,20    1,40    0,00    0,00    7,60     4  antigravity
22:24:45     1000      5783    6,40    0,20    0,00    0,00    6,60     0  antigravity
22:24:45     1000      6128    1,20    1,40    0,00    0,00    2,60     3  language_server
22:24:45     1000      6237    0,80    0,00    0,00    0,00    0,80     2  antigravity
22:24:45     1000      6238    1,20    0,20    0,00    0,00    1,40     1  antigravity
22:24:45     1000      6299    0,00    0,40    0,00    0,00    0,40     4  antigravity
22:24:45     1000      7071    1,20    1,20    0,00    0,00    2,40     6  language_server
22:24:45     1000      8268    0,20    0,40    0,00    0,00    0,60     6  pidstat
22:24:45     1000      8301   15,40    3,00    0,00    0,00   18,40     1  java
22:24:45     1000     10403    1,80    0,00    0,00    0,20    1,80     7  gnome-terminal-

22:24:40      UID       PID  minflt/s  majflt/s     VSZ     RSS   %MEM  Command
22:24:45      115       897     58,20      0,00 1614080   24780   0,15  prometheus-node
22:24:45      115       901      0,40      0,00 2543976   99812   0,61  prometheus
22:24:45        0      1412      0,40      0,00 1355524  102132   0,63  tailscaled
22:24:45        0      2898      8,40      0,00 1235608   15220   0,09  containerd-shim
22:24:45        0      2899      0,40      0,00 1235608   14968   0,09  containerd-shim
22:24:45        0      2900      0,60      0,00 1235608   15408   0,09  containerd-shim
22:24:45        0      2902      0,60      0,00 1235352   15080   0,09  containerd-shim
22:24:45        0      2906      5,20      0,00 1235608   15580   0,10  containerd-shim
22:24:45        0      3082      0,00      0,00  742736   78236   0,48  node
22:24:45     1000      4205      0,80      0,00 5498284  307484   1,89  gnome-shell
22:24:45     1000      5426     35,00      0,00 1461669956  298888   1,84  antigravity
22:24:45     1000      5730      9,40      0,00 34350896  162932   1,00  antigravity
22:24:45     1000      5741      0,20      0,00 33914216   81552   0,50  antigravity
22:24:45     1000      5783    141,40      0,00 1463101656  474996   2,93  antigravity
22:24:45     1000      6224      0,20      0,00 50728556   64244   0,40  antigravity
22:24:45     1000      6236      4,20      0,00 1461347768  119128   0,73  antigravity
22:24:45     1000      6237      6,20      0,00 1461367108  132172   0,81  antigravity
22:24:45     1000      6238     27,00      0,00 1461351332  381260   2,35  antigravity
22:24:45     1000      6299      2,80      0,00 1461375356  125920   0,78  antigravity
22:24:45     1000      8301     77,20      0,00 8056212 1393936   8,59  java

22:24:40      UID       PID   kB_rd/s   kB_wr/s kB_ccwr/s iodelay  Command
22:24:45     1000      8268      0,00      0,88      0,00       0  pidstat
22:24:45     1000      8301      0,00     54,89      0,00       0  java

22:24:45      UID       PID    %usr %system  %guest   %wait    %CPU   CPU  Command
22:24:50        0        18    0,00    0,20    0,00    0,00    0,20     3  rcu_preempt
22:24:50        0        57    0,00    1,60    0,00    0,00    1,60     6  ksoftirqd/6
22:24:50        0        63    0,20    0,00    0,00    0,00    0,20     7  ksoftirqd/7
22:24:50        0       118    0,00    0,40    0,00    0,00    0,40     1  kworker/u33:0-rb_allocator
22:24:50        0       226    0,00    0,20    0,00    0,00    0,20     2  kworker/2:1H-events_highpri
22:24:50        0       603    0,00    3,40    0,00    0,00    3,40     0  irq/130-iwlwifi
22:24:50      115       901    0,20    0,00    0,00    0,00    0,20     3  prometheus
22:24:50        0      1399    0,20    0,00    0,00    0,00    0,20     7  glances
22:24:50        0      1429    0,20    0,20    0,00    0,00    0,40     0  containerd
22:24:50        0      1541    0,00    0,20    0,00    0,00    0,20     3  apache2
22:24:50        0      2497    0,60    0,00    0,00    0,00    0,60     2  dockerd
22:24:50      117      2498    0,40    0,40    0,00    0,00    0,80     5  grafana
22:24:50        0      2854    0,40    0,20    0,00    0,00    0,60     4  mount.ntfs-3g
22:24:50        0      2898    0,00    0,20    0,00    0,00    0,20     7  containerd-shim
22:24:50        0      2900    0,00    0,20    0,00    0,00    0,20     7  containerd-shim
22:24:50      999      3068    0,40    0,00    0,00    0,00    0,40     3  redis-server
22:24:50        0      3749    0,00    0,40    0,00    0,80    0,40     6  kworker/6:5-i915-unordered
22:24:50     1000      4205    7,20    4,60    0,00    0,20   11,80     0  gnome-shell
22:24:50     1000      4375    0,20    0,00    0,00    0,00    0,20     2  gsd-media-keys
22:24:50     1000      4385    0,20    0,00    0,00    0,00    0,20     5  ABDownloadManag
22:24:50     1000      5426    2,80    0,80    0,00    0,00    3,60     4  antigravity
22:24:50     1000      5730    6,00    1,60    0,00    0,20    7,60     0  antigravity
22:24:50     1000      5783   17,00    0,60    0,00    0,40   17,60     2  antigravity
22:24:50     1000      6128    1,60    1,00    0,00    0,00    2,60     5  language_server
22:24:50     1000      6237    0,60    0,40    0,00    0,20    1,00     3  antigravity
22:24:50     1000      6238    1,80    0,40    0,00    0,00    2,20     3  antigravity
22:24:50     1000      6299    0,20    0,00    0,00    0,00    0,20     3  antigravity
22:24:50     1000      7071    1,40    1,60    0,00    0,00    3,00     6  language_server
22:24:50     1000      8268    0,20    0,00    0,00    0,00    0,20     3  pidstat
22:24:50     1000      8301   21,60    3,80    0,00    0,00   25,40     1  java
22:24:50     1000     10403    1,20    0,00    0,00    0,00    1,20     5  gnome-terminal-
22:24:50        0     10805    0,00    0,20    0,00    0,20    0,20     2  kworker/u33:1-i915_flip

22:24:45      UID       PID  minflt/s  majflt/s     VSZ     RSS   %MEM  Command
22:24:50        0      1429      0,40      0,00 2537656   71980   0,44  containerd
22:24:50        0      2497      0,20      0,00 3427484  112600   0,69  dockerd
22:24:50        0      2898      6,80      0,00 1235608   15080   0,09  containerd-shim
22:24:50        0      2899      8,20      0,00 1235608   15224   0,09  containerd-shim
22:24:50        0      2902      1,80      0,00 1235352   15080   0,09  containerd-shim
22:24:50        0      2906      0,20      0,00 1235608   15580   0,10  containerd-shim
22:24:50     1000      4205     12,40      0,00 5498348  307484   1,89  gnome-shell
22:24:50     1000      5426     35,20      0,00 1461669956  298968   1,84  antigravity
22:24:50     1000      5730      9,00      0,00 34350832  162932   1,00  antigravity
22:24:50     1000      5741      0,20      0,00 33914216   81552   0,50  antigravity
22:24:50     1000      5783    229,40      0,00 1463101656  468396   2,89  antigravity
22:24:50     1000      6224      0,20      0,00 50728556   64244   0,40  antigravity
22:24:50     1000      6236      4,20      0,00 1461347768  119128   0,73  antigravity
22:24:50     1000      6237      4,60      0,00 1461367108  132172   0,81  antigravity
22:24:50     1000      6238    257,00      0,00 1461351332  382376   2,36  antigravity
22:24:50     1000      6299      2,60      0,00 1461375356  125920   0,78  antigravity
22:24:50     1000      6689      0,20      0,00 1476307752  119724   0,74  antigravity
22:24:50     1000      8301     66,40      0,00 8056212 1423968   8,77  java

22:24:45      UID       PID   kB_rd/s   kB_wr/s kB_ccwr/s iodelay  Command
22:24:50     1000      4205      0,80      0,00      0,00       0  gnome-shell
22:24:50     1000      8268      0,00      1,03      0,00       0  pidstat
22:24:50     1000      8301      0,00     56,46      0,00       0  java

22:24:50      UID       PID    %usr %system  %guest   %wait    %CPU   CPU  Command
22:24:55        0        57    0,00    1,80    0,00    0,00    1,80     6  ksoftirqd/6
22:24:55        0        68    0,00    0,20    0,00    0,00    0,20     4  kworker/u32:2-events_unbound
22:24:55        0       603    0,00    3,80    0,00    0,00    3,80     0  irq/130-iwlwifi
22:24:55        0       634    0,00    0,20    0,00    0,00    0,20     6  kworker/u32:11-events_unbound
22:24:55      102       862    0,20    0,00    0,00    0,00    0,20     2  avahi-daemon
22:24:55        0      1429    0,20    0,00    0,00    0,00    0,20     0  containerd
22:24:55        0      1796    0,00    0,20    0,00    0,00    0,20     7  kworker/7:3-events
22:24:55        0      2497    0,40    0,20    0,00    0,00    0,60     2  dockerd
22:24:55      117      2498    0,80    0,20    0,00    0,00    1,00     5  grafana
22:24:55        0      2854    0,40    0,00    0,00    0,00    0,40     2  mount.ntfs-3g
22:24:55        0      2898    0,20    0,00    0,00    0,00    0,20     7  containerd-shim
22:24:55        0      2902    0,20    0,00    0,00    0,00    0,20     6  containerd-shim
22:24:55        0      2906    0,20    0,00    0,00    0,00    0,20     0  containerd-shim
22:24:55      999      3068    0,40    0,20    0,00    0,00    0,60     3  redis-server
22:24:55        0      3749    0,00    0,60    0,00    0,60    0,60     6  kworker/6:5-i915-unordered
22:24:55     1000      4205    7,00    4,60    0,00    0,00   11,60     4  gnome-shell
22:24:55     1000      4825    0,00    0,20    0,00    0,00    0,20     1  xdg-desktop-por
22:24:55     1000      5426    2,40    1,00    0,00    0,20    3,40     6  antigravity
22:24:55     1000      5730    6,00    1,60    0,00    0,00    7,60     1  antigravity
22:24:55     1000      5783    6,40    0,40    0,00    0,00    6,80     5  antigravity
22:24:55     1000      6128    1,20    1,40    0,00    0,00    2,60     2  language_server
22:24:55     1000      6237    0,80    0,20    0,00    0,00    1,00     7  antigravity
22:24:55     1000      6238    1,20    0,00    0,00    0,00    1,20     6  antigravity
22:24:55     1000      6299    0,00    0,20    0,00    0,00    0,20     3  antigravity
22:24:55     1000      7071    1,20    1,20    0,00    0,00    2,40     6  language_server
22:24:55     1000      8268    0,20    0,40    0,00    0,00    0,60     3  pidstat
22:24:55     1000      8301   20,40    4,40    0,00    0,00   24,80     1  java
22:24:55     1000     10403    1,20    0,00    0,00    0,00    1,20     2  gnome-terminal-
22:24:55        0     10805    0,00    0,40    0,00    0,00    0,40     5  kworker/u33:1-i915_flip

22:24:50      UID       PID  minflt/s  majflt/s     VSZ     RSS   %MEM  Command
22:24:55      114      1529      3,40      0,00  218252   29564   0,18  postgres
22:24:55      117      2498      0,20      0,20 1765060  320156   1,97  grafana
22:24:55        0      2898      1,60      0,00 1235608   14776   0,09  containerd-shim
22:24:55        0      2899     10,20      0,00 1235608   14400   0,09  containerd-shim
22:24:55        0      2900     10,20      0,00 1235608   14800   0,09  containerd-shim
22:24:55        0      2902      7,80      0,00 1235352   14616   0,09  containerd-shim
22:24:55        0      2906     12,00      0,00 1235608   15040   0,09  containerd-shim
22:24:55     1000      4205      0,60      0,00 5477868  307484   1,89  gnome-shell
22:24:55     1000      5426     44,20      0,00 1461669956  298960   1,84  antigravity
22:24:55     1000      5730     18,40      0,00 34350896  163060   1,00  antigravity
22:24:55     1000      5741      0,40      0,00 33914216   81552   0,50  antigravity
22:24:55     1000      5783     96,60      0,00 1463101656  468584   2,89  antigravity
22:24:55     1000      6224      0,40      0,00 50728556   64244   0,40  antigravity
22:24:55     1000      6236      4,20      0,00 1461347768  119128   0,73  antigravity
22:24:55     1000      6237      4,80      0,00 1461367108  132172   0,81  antigravity
22:24:55     1000      6238     21,00      0,00 1461351332  382104   2,35  antigravity
22:24:55     1000      6299      2,40      0,00 1461375356  125920   0,78  antigravity
22:24:55     1000      8301    161,40      0,00 8056212 1427168   8,79  java

22:24:50      UID       PID   kB_rd/s   kB_wr/s kB_ccwr/s iodelay  Command
22:24:55     1000      8268      0,00      0,95      0,00       0  pidstat
22:24:55     1000      8301      0,00     67,70      0,00       0  java

22:24:55      UID       PID    %usr %system  %guest   %wait    %CPU   CPU  Command
22:25:00        0         1    0,60    0,20    0,00    0,00    0,80     0  systemd
22:25:00        0        17    0,20    0,00    0,00    0,00    0,20     0  ksoftirqd/0
22:25:00        0        18    0,00    0,20    0,00    0,00    0,20     7  rcu_preempt
22:25:00        0        57    0,00    1,60    0,00    0,00    1,60     6  ksoftirqd/6
22:25:00        0        86    0,00    0,20    0,00    0,00    0,20     1  irq/9-acpi
22:25:00        0        87    0,00    0,20    0,00    0,00    0,20     5  kworker/5:1-events
22:25:00        0       372    0,00    0,20    0,00    0,00    0,20     7  systemd-journal
22:25:00        0       434    0,20    0,20    0,00    0,00    0,40     4  systemd-udevd
22:25:00        0       603    0,00    3,40    0,00    0,00    3,40     0  irq/130-iwlwifi
22:25:00      990       869    1,40    0,20    0,00    0,00    1,60     6  dbus-daemon
22:25:00      115       897    1,40    0,60    0,00    0,00    2,00     5  prometheus-node
22:25:00      115       901    0,20    0,00    0,00    0,00    0,20     4  prometheus
22:25:00        0      1048    0,00    0,20    0,00    0,00    0,20     1  kworker/1:3-events
22:25:00        0      1050    0,40    0,00    0,00    0,00    0,40     7  NetworkManager
22:25:00        0      1399    0,20    0,00    0,00    0,00    0,20     7  glances
22:25:00        0      1412    0,20    0,20    0,00    0,00    0,40     4  tailscaled
22:25:00        0      1429    1,00    0,20    0,00    0,00    1,20     0  containerd
22:25:00        0      2496    0,20    0,00    0,00    0,00    0,20     5  cups-browsed
22:25:00        0      2497    1,60    0,80    0,00    0,00    2,40     2  dockerd
22:25:00      117      2498    0,60    0,20    0,00    0,00    0,80     5  grafana
22:25:00        0      2854    0,40    0,20    0,00    0,00    0,60     0  mount.ntfs-3g
22:25:00        0      2898    0,00    0,20    0,00    0,00    0,20     7  containerd-shim
22:25:00        0      2899    0,00    0,20    0,00    0,00    0,20     4  containerd-shim
22:25:00        0      2900    0,00    0,20    0,00    0,00    0,20     7  containerd-shim
22:25:00      999      3068    0,40    0,00    0,00    0,00    0,40     6  redis-server
22:25:00        0      3749    0,00    0,20    0,00    0,40    0,20     6  kworker/6:5-i915-unordered
22:25:00     1000      4052    0,20    0,20    0,00    0,00    0,40     5  systemd
22:25:00     1000      4205    6,80    5,40    0,00    0,20   12,20     5  gnome-shell
22:25:00     1000      4364    0,20    0,00    0,00    0,00    0,20     4  gsd-housekeepin
22:25:00     1000      4385    0,20    0,20    0,00    0,00    0,40     5  ABDownloadManag
22:25:00     1000      4387    0,20    0,20    0,00    0,00    0,40     5  gsd-sharing
22:25:00     1000      4576    0,20    0,00    0,00    0,00    0,20     6  gvfs-udisks2-vo
22:25:00     1000      4664    0,20    0,00    0,00    0,00    0,20     5  goa-daemon
22:25:00     1000      4853    0,00    0,20    0,00    0,00    0,20     7  xdg-desktop-por
22:25:00        0      5014    0,00    0,20    0,00    0,00    0,20     7  fwupd
22:25:00     1000      5426    2,60    1,00    0,00    0,00    3,60     7  antigravity
22:25:00     1000      5730    6,00    1,60    0,00    0,00    7,60     5  antigravity
22:25:00     1000      5783    6,40    0,40    0,00    0,60    6,80     0  antigravity
22:25:00     1000      6128    1,40    1,00    0,00    0,00    2,40     2  language_server
22:25:00     1000      6236    0,20    0,00    0,00    0,00    0,20     6  antigravity
22:25:00     1000      6237    0,60    0,60    0,00    0,00    1,20     3  antigravity
22:25:00     1000      6238    1,40    0,00    0,00    0,00    1,40     7  antigravity
22:25:00     1000      6299    0,40    0,00    0,00    0,00    0,40     0  antigravity
22:25:00     1000      7071    1,60    0,60    0,00    0,00    2,20     6  language_server
22:25:00     1000      8268    0,00    0,40    0,00    0,00    0,40     2  pidstat
22:25:00     1000      8301   24,20    3,80    0,00    0,00   28,00     1  java
22:25:00     1000     10403    1,80    0,00    0,00    0,00    1,80     6  gnome-terminal-
22:25:00        0     10805    0,00    0,40    0,00    1,00    0,40     7  kworker/u33:1-i915_flip
22:25:00        0     10862    0,20    0,00    0,00    0,20    0,20     0  kworker/0:0-i915-unordered
22:25:00        0     11079    0,00    0,40    0,00    0,40    0,40     6  kworker/6:1-i915-unordered

22:24:55      UID       PID  minflt/s  majflt/s     VSZ     RSS   %MEM  Command
22:25:00        0         1      0,20      0,00   24716   14988   0,09  systemd
22:25:00        0       372     58,60      0,40  154208   84668   0,52  systemd-journal
22:25:00        0       434     90,20      0,00   37564   10916   0,07  systemd-udevd
22:25:00      115       897     62,60      0,00 1614080   24892   0,15  prometheus-node
22:25:00        0      1429      2,20      0,00 2537656   72236   0,45  containerd
22:25:00        0      2497      0,80      0,00 3427484  112600   0,69  dockerd
22:25:00        0      2898      7,60      0,00 1235608   14776   0,09  containerd-shim
22:25:00        0      2899      8,60      0,00 1235608   14528   0,09  containerd-shim
22:25:00        0      2900     10,20      0,00 1235608   15056   0,09  containerd-shim
22:25:00        0      2902      8,80      0,00 1235352   14616   0,09  containerd-shim
22:25:00        0      2906      8,20      0,00 1235608   15040   0,09  containerd-shim
22:25:00     1000      4205      8,80      0,00 5498348  307484   1,89  gnome-shell
22:25:00     1000      5426     42,00      0,00 1461669956  298940   1,84  antigravity
22:25:00     1000      5730      9,20      0,00 34350832  163044   1,00  antigravity
22:25:00     1000      5741      0,20      0,00 33914216   81552   0,50  antigravity
22:25:00     1000      5783    142,60      0,00 1463101656  470884   2,90  antigravity
22:25:00     1000      6224      0,20      0,00 50728556   64244   0,40  antigravity
22:25:00     1000      6236      9,20      0,00 1461347768  119128   0,73  antigravity
22:25:00     1000      6237     53,60      0,00 1461367108  132268   0,81  antigravity
22:25:00     1000      6238     16,00      0,00 1461351332  381844   2,35  antigravity
22:25:00     1000      6299     69,40      0,00 1461375356  126404   0,78  antigravity
22:25:00     1000      7164      0,20      0,00 1459563320   96348   0,59  antigravity
22:25:00     1000      8301    142,40      0,00 8056212 1429984   8,81  java
22:25:00        0     11713     49,80      0,00   37568    7084   0,04  (udev-worker)
22:25:00        0     11728     25,40      0,00   37568    6764   0,04  (udev-worker)
22:25:00        0     11729     26,20      0,00   37568    6764   0,04  (udev-worker)
22:25:00        0     11730     25,80      0,00   37568    6764   0,04  (udev-worker)
22:25:00        0     11731     25,60      0,00   37568    6764   0,04  (udev-worker)
22:25:00        0     11732     25,60      0,00   37568    6764   0,04  (udev-worker)
22:25:00        0     11734     25,60      0,00   37568    6764   0,04  (udev-worker)
22:25:00        0     11735     25,60      0,00   37568    6764   0,04  (udev-worker)
22:25:00        0     11736     25,40      0,00   37568    6764   0,04  (udev-worker)
22:25:00        0     11737     55,20      0,00   37568    7020   0,04  (udev-worker)
22:25:00        0     11738     25,20      0,00   37568    6764   0,04  (udev-worker)
22:25:00        0     11739     35,40      0,00   37568    6764   0,04  (udev-worker)
22:25:00        0     11740     24,60      0,00   37568    6764   0,04  (udev-worker)
22:25:00        0     11742     25,80      0,00   37568    6764   0,04  (udev-worker)
22:25:00        0     11744     24,80      0,00   37568    6764   0,04  (udev-worker)
22:25:00        0     11745     25,60      0,00   37568    6764   0,04  (udev-worker)

22:24:55      UID       PID   kB_rd/s   kB_wr/s kB_ccwr/s iodelay  Command
22:25:00     1000      8268      0,00      0,89      0,00       0  pidstat
22:25:00     1000      8301      0,00     63,00      0,00       0  java

22:25:00      UID       PID    %usr %system  %guest   %wait    %CPU   CPU  Command
22:25:05        0        57    0,00    1,80    0,00    0,00    1,80     6  ksoftirqd/6
22:25:05        0        94    0,00    0,20    0,00    0,00    0,20     2  kworker/2:1-events
22:25:05        0       118    0,00    0,60    0,00    0,20    0,60     4  kworker/u33:0-i915_flip
22:25:05        0       603    0,00    3,80    0,00    0,00    3,80     0  irq/130-iwlwifi
22:25:05      115       901    0,20    0,00    0,00    0,00    0,20     3  prometheus
22:25:05        0      1399    0,20    0,00    0,00    0,00    0,20     7  glances
22:25:05        0      1412    0,20    0,20    0,00    0,00    0,40     1  tailscaled
22:25:05        0      1429    0,40    0,00    0,00    0,00    0,40     0  containerd
22:25:05        0      2497    0,20    0,20    0,00    0,00    0,40     2  dockerd
22:25:05      117      2498    0,60    0,20    0,00    0,00    0,80     5  grafana
22:25:05        0      2854    0,60    0,40    0,00    0,20    1,00     5  mount.ntfs-3g
22:25:05        0      2899    0,20    0,00    0,00    0,00    0,20     4  containerd-shim
22:25:05        0      2900    0,20    0,00    0,00    0,00    0,20     7  containerd-shim
22:25:05        0      2902    0,20    0,00    0,00    0,00    0,20     6  containerd-shim
22:25:05        0      2906    0,00    0,20    0,00    0,00    0,20     0  containerd-shim
22:25:05      999      3068    0,40    0,00    0,00    0,00    0,40     6  redis-server
22:25:05     1000      4205    6,00    4,80    0,00    0,00   10,80     0  gnome-shell
22:25:05     1000      4385    0,20    0,20    0,00    0,00    0,40     5  ABDownloadManag
22:25:05     1000      4853    0,20    0,00    0,00    0,00    0,20     2  xdg-desktop-por
22:25:05     1000      5426    2,80    0,80    0,00    0,00    3,60     1  antigravity
22:25:05     1000      5730    5,60    2,00    0,00    0,00    7,60     1  antigravity
22:25:05     1000      5783    6,00    0,60    0,00    0,00    6,60     6  antigravity
22:25:05     1000      6128    1,20    1,40    0,00    0,20    2,60     6  language_server
22:25:05     1000      6237    1,00    0,20    0,00    0,00    1,20     5  antigravity
22:25:05     1000      6238    1,20    0,00    0,00    0,00    1,20     3  antigravity
22:25:05     1000      6299    0,20    0,20    0,00    0,00    0,40     0  antigravity
22:25:05     1000      7071    1,60    1,20    0,00    0,00    2,80     6  language_server
22:25:05     1000      8268    0,20    0,20    0,00    0,00    0,40     4  pidstat
22:25:05     1000      8301   26,20    4,20    0,00    0,00   30,40     1  java
22:25:05     1000     10403    1,20    0,00    0,00    0,00    1,20     7  gnome-terminal-
22:25:05        0     10805    0,00    0,20    0,00    0,00    0,20     2  kworker/u33:1-rb_allocator
22:25:05        0     11079    0,00    0,60    0,00    0,80    0,60     6  kworker/6:1-i915-unordered

22:25:00      UID       PID  minflt/s  majflt/s     VSZ     RSS   %MEM  Command
22:25:05        0       372      6,00      0,00  154208   84668   0,52  systemd-journal
22:25:05        0       434      1,00      0,00   37564   10916   0,07  systemd-udevd
22:25:05        0       867      1,60      0,00    6792    2508   0,02  cron
22:25:05        0      1429      1,60      0,00 2537656   72236   0,45  containerd
22:25:05        0      2898     14,20      0,00 1235608   15160   0,09  containerd-shim
22:25:05        0      2899     16,20      0,00 1235608   15040   0,09  containerd-shim
22:25:05        0      2900     13,80      0,00 1235608   15056   0,09  containerd-shim
22:25:05        0      2902     16,20      0,00 1235352   15000   0,09  containerd-shim
22:25:05        0      2906     14,60      0,00 1235608   15424   0,10  containerd-shim
22:25:05     1000      4205      0,60      0,00 5498348  307484   1,89  gnome-shell
22:25:05     1000      5426     45,20      0,00 1461669956  299000   1,84  antigravity
22:25:05     1000      5730      9,20      0,00 34350896  163172   1,01  antigravity
22:25:05     1000      5741      0,20      0,00 33914216   81552   0,50  antigravity
22:25:05     1000      5783    121,20      0,00 1463101656  472532   2,91  antigravity
22:25:05     1000      6224      0,20      0,00 50728556   64244   0,40  antigravity
22:25:05     1000      6236      4,20      0,00 1461347768  119128   0,73  antigravity
22:25:05     1000      6237      6,60      0,00 1461367108  132004   0,81  antigravity
22:25:05     1000      6238     23,20      0,00 1461351332  381828   2,35  antigravity
22:25:05     1000      6299     99,00      0,00 1461375356  125824   0,78  antigravity
22:25:05     1000      8301    130,20      0,00 8056212 1451144   8,94  java

22:25:00      UID       PID   kB_rd/s   kB_wr/s kB_ccwr/s iodelay  Command
22:25:05     1000      8268      0,00      1,60      0,00       0  pidstat
22:25:05     1000      8301      0,00     75,74      0,00       0  java

22:25:05      UID       PID    %usr %system  %guest   %wait    %CPU   CPU  Command
22:25:10        0        18    0,00    0,20    0,00    0,00    0,20     5  rcu_preempt
22:25:10        0        39    0,20    0,00    0,00    0,00    0,20     3  ksoftirqd/3
22:25:10        0        51    0,20    0,00    0,00    0,00    0,20     5  ksoftirqd/5
22:25:10        0        57    0,00    1,80    0,00    0,00    1,80     6  ksoftirqd/6
22:25:10        0       118    0,00    0,40    0,00    0,60    0,40     1  kworker/u33:0-i915_flip
22:25:10        0       603    0,00    3,40    0,00    0,20    3,40     0  irq/130-iwlwifi
22:25:10        0      1399    0,00    0,20    0,00    0,00    0,20     7  glances
22:25:10        0      1412    0,20    0,20    0,00    0,00    0,40     1  tailscaled
22:25:10        0      1429    0,00    0,20    0,00    0,00    0,20     0  containerd
22:25:10        0      2497    0,40    0,20    0,00    0,00    0,60     2  dockerd
22:25:10      117      2498    0,60    0,20    0,00    0,00    0,80     5  grafana
22:25:10        0      2854    0,20    0,20    0,00    0,00    0,40     4  mount.ntfs-3g
22:25:10        0      2900    0,00    0,20    0,00    0,00    0,20     7  containerd-shim
22:25:10        0      2902    0,00    0,20    0,00    0,00    0,20     6  containerd-shim
22:25:10      999      3068    0,40    0,00    0,00    0,00    0,40     7  redis-server
22:25:10     1000      4075    0,20    0,00    0,00    0,00    0,20     3  dbus-daemon
22:25:10     1000      4205    8,80    3,20    0,00    0,00   12,00     2  gnome-shell
22:25:10     1000      4385    0,20    0,00    0,00    0,00    0,20     5  ABDownloadManag
22:25:10     1000      5426    2,60    0,80    0,00    0,00    3,40     5  antigravity
22:25:10     1000      5730    6,00    1,60    0,00    0,00    7,60     6  antigravity
22:25:10     1000      5783    5,80    1,00    0,00    0,20    6,80     3  antigravity
22:25:10     1000      6128    1,40    1,20    0,00    0,00    2,60     3  language_server
22:25:10     1000      6237    0,60    0,20    0,00    0,00    0,80     1  antigravity
22:25:10     1000      6238    1,20    0,20    0,00    0,00    1,40     5  antigravity
22:25:10     1000      6299    0,40    0,00    0,00    0,00    0,40     0  antigravity
22:25:10     1000      7071    1,80    0,60    0,00    0,00    2,40     6  language_server
22:25:10     1000      8268    0,20    0,40    0,00    0,00    0,60     7  pidstat
22:25:10     1000      8301   19,60    3,80    0,00    0,00   23,40     1  java
22:25:10     1000     10403    2,00    0,00    0,00    0,00    2,00     4  gnome-terminal-
22:25:10        0     11079    0,00    0,40    0,00    0,60    0,40     6  kworker/6:1-i915-unordered

22:25:05      UID       PID  minflt/s  majflt/s     VSZ     RSS   %MEM  Command
22:25:10        0      1429      6,60      0,00 2537656   72236   0,45  containerd
22:25:10        0      2898      2,60      0,00 1235608   15160   0,09  containerd-shim
22:25:10        0      2899      8,40      0,00 1235608   15168   0,09  containerd-shim
22:25:10        0      2900      5,20      0,00 1235608   15056   0,09  containerd-shim
22:25:10        0      2902      1,40      0,00 1235352   15000   0,09  containerd-shim
22:25:10        0      2906     10,40      0,00 1235608   15552   0,10  containerd-shim
22:25:10     1000      4205      7,40      0,00 5498348  307484   1,89  gnome-shell
22:25:10     1000      5426     34,80      0,00 1461669956  298888   1,84  antigravity
22:25:10     1000      5730      9,00      0,00 34350832  163020   1,00  antigravity
22:25:10     1000      5741      0,20      0,00 33914216   81552   0,50  antigravity
22:25:10     1000      5783    149,80      0,00 1463101656  474964   2,93  antigravity
22:25:10     1000      6224      0,20      0,00 50728556   64244   0,40  antigravity
22:25:10     1000      6236      4,20      0,00 1461347768  119128   0,73  antigravity
22:25:10     1000      6237      4,80      0,00 1461367108  132004   0,81  antigravity
22:25:10     1000      6238     46,20      0,00 1461351332  382036   2,35  antigravity
22:25:10     1000      6299    114,80      0,00 1461375356  125952   0,78  antigravity
22:25:10     1000      8301    160,00      0,00 8056212 1454088   8,96  java

22:25:05      UID       PID   kB_rd/s   kB_wr/s kB_ccwr/s iodelay  Command
22:25:10     1000      8268      0,00      0,97      0,00       0  pidstat
22:25:10     1000      8301      0,00     62,94      0,00       0  java

22:25:10      UID       PID    %usr %system  %guest   %wait    %CPU   CPU  Command
22:25:15        0         1    0,20    0,00    0,00    0,00    0,20     5  systemd
22:25:15        0        27    0,20    0,00    0,00    0,20    0,20     1  ksoftirqd/1
22:25:15        0        33    0,20    0,00    0,00    0,00    0,20     2  ksoftirqd/2
22:25:15        0        57    0,00    1,80    0,00    0,20    1,80     6  ksoftirqd/6
22:25:15        0        86    0,00    0,20    0,00    0,00    0,20     1  irq/9-acpi
22:25:15        0       118    0,00    0,60    0,00    0,60    0,60     3  kworker/u33:0-i915_flip
22:25:15        0       250    0,00    0,20    0,00    0,20    0,20     4  kworker/4:2-events
22:25:15        0       603    0,00    3,00    0,00    0,00    3,00     0  irq/130-iwlwifi
22:25:15      990       869    0,60    0,00    0,00    0,00    0,60     7  dbus-daemon
22:25:15      115       897    1,20    0,60    0,00    0,00    1,80     3  prometheus-node
22:25:15      115       901    0,60    0,00    0,00    0,00    0,60     3  prometheus
22:25:15        0      1399    0,20    0,00    0,00    0,00    0,20     7  glances
22:25:15        0      1429    0,40    0,40    0,00    0,00    0,80     0  containerd
22:25:15        0      2497    0,20    0,20    0,00    0,00    0,40     2  dockerd
22:25:15      117      2498    0,80    0,20    0,00    0,00    1,00     5  grafana
22:25:15        0      2854    0,20    0,20    0,00    0,00    0,40     1  mount.ntfs-3g
22:25:15        0      2898    0,20    0,00    0,00    0,00    0,20     7  containerd-shim
22:25:15        0      2899    0,20    0,00    0,00    0,00    0,20     4  containerd-shim
22:25:15        0      2902    0,20    0,00    0,00    0,00    0,20     6  containerd-shim
22:25:15      999      3068    0,40    0,00    0,00    0,00    0,40     2  redis-server
22:25:15     1000      4205    7,20    4,20    0,00    0,20   11,40     5  gnome-shell
22:25:15     1000      4385    0,00    0,20    0,00    0,00    0,20     5  ABDownloadManag
22:25:15     1000      5426    2,40    1,20    0,00    0,00    3,60     3  antigravity
22:25:15     1000      5730    6,00    1,60    0,00    0,20    7,60     6  antigravity
22:25:15     1000      5783    6,00    0,60    0,00    0,00    6,60     5  antigravity
22:25:15     1000      6128    1,60    0,80    0,00    0,20    2,40     2  language_server
22:25:15     1000      6237    0,80    0,20    0,00    0,00    1,00     1  antigravity
22:25:15     1000      6238    1,00    0,20    0,00    0,00    1,20     1  antigravity
22:25:15     1000      6299    0,20    0,00    0,00    0,00    0,20     1  antigravity
22:25:15     1000      7071    1,20    1,20    0,00    0,00    2,40     6  language_server
22:25:15     1000      8268    0,20    0,20    0,00    0,00    0,40     7  pidstat
22:25:15     1000      8301   16,40    3,80    0,00    0,00   20,20     1  java
22:25:15     1000     10403    1,20    0,00    0,00    0,00    1,20     0  gnome-terminal-
22:25:15     1000     10772    0,00    0,20    0,00    0,00    0,20     5  ssh
22:25:15        0     11079    0,00    0,60    0,00    0,60    0,60     6  kworker/6:1-i915-unordered

22:25:10      UID       PID  minflt/s  majflt/s     VSZ     RSS   %MEM  Command
22:25:15      115       897     79,00      0,00 1614080   24820   0,15  prometheus-node
22:25:15      115       901      0,80      0,00 2543976   99812   0,61  prometheus
22:25:15        0      1429     13,60      0,00 2537656   71664   0,44  containerd
22:25:15      114      1529      3,80      0,00  218252   29564   0,18  postgres
22:25:15        0      2898      0,60      0,00 1235608   15160   0,09  containerd-shim
22:25:15        0      2899      4,60      0,00 1235608   15168   0,09  containerd-shim
22:25:15        0      2900      1,80      0,00 1235608   15056   0,09  containerd-shim
22:25:15        0      2906      1,60      0,00 1235608   15552   0,10  containerd-shim
22:25:15      117      3502      0,00      0,00 1284500   26984   0,17  gpx_grafana-zip
22:25:15     1000      4205      1,80      0,00 5498412  307484   1,89  gnome-shell
22:25:15     1000      5426     49,40      0,00 1461669956  298840   1,84  antigravity
22:25:15     1000      5730     18,20      0,00 34350896  163268   1,01  antigravity
22:25:15     1000      5741      0,40      0,00 33914216   81552   0,50  antigravity
22:25:15     1000      5783    124,80      0,00 1463101656  476884   2,94  antigravity
22:25:15     1000      5829      1,00      0,00 1459611400  173036   1,07  antigravity
22:25:15     1000      6224      0,40      0,00 50728556   64244   0,40  antigravity
22:25:15     1000      6236      4,20      0,00 1461347768  119128   0,73  antigravity
22:25:15     1000      6237      4,80      0,00 1461367108  132004   0,81  antigravity
22:25:15     1000      6238     11,40      0,00 1461351332  382028   2,35  antigravity
22:25:15     1000      6299      2,40      0,00 1461375356  125952   0,78  antigravity
22:25:15     1000      8301     55,60      0,00 8056212 1455240   8,96  java

22:25:10      UID       PID   kB_rd/s   kB_wr/s kB_ccwr/s iodelay  Command
22:25:15     1000      8268      0,00      0,88      0,00       0  pidstat
22:25:15     1000      8301      0,00     58,15      0,00       0  java

22:25:15      UID       PID    %usr %system  %guest   %wait    %CPU   CPU  Command
22:25:20        0        57    0,00    1,60    0,00    0,00    1,60     6  ksoftirqd/6
22:25:20        0        68    0,00    0,20    0,00    0,00    0,20     5  kworker/u32:2-events_unbound
22:25:20        0       118    0,00    0,40    0,00    0,40    0,40     4  kworker/u33:0-i915_flip
22:25:20        0       232    0,00    0,20    0,00    0,00    0,20     7  kworker/7:1H-events_highpri
22:25:20        0       603    0,00    3,20    0,00    0,00    3,20     0  irq/130-iwlwifi
22:25:20        0       634    0,00    0,20    0,00    0,00    0,20     6  kworker/u32:11-kvfree_rcu_reclaim
22:25:20      115       901    0,20    0,00    0,00    0,00    0,20     4  prometheus
22:25:20        0      1429    0,40    0,00    0,00    0,00    0,40     0  containerd
22:25:20        0      2497    0,40    0,20    0,00    0,00    0,60     2  dockerd
22:25:20      117      2498    0,60    0,20    0,00    0,00    0,80     5  grafana
22:25:20        0      2854    0,60    0,20    0,00    0,00    0,80     6  mount.ntfs-3g
22:25:20        0      2898    0,00    0,20    0,00    0,00    0,20     7  containerd-shim
22:25:20        0      2899    0,00    0,20    0,00    0,00    0,20     4  containerd-shim
22:25:20        0      2900    0,00    0,20    0,00    0,00    0,20     7  containerd-shim
22:25:20        0      2906    0,00    0,20    0,00    0,00    0,20     0  containerd-shim
22:25:20      999      3068    0,60    0,00    0,00    0,00    0,60     3  redis-server
22:25:20     1000      4075    0,00    0,20    0,00    0,00    0,20     5  dbus-daemon
22:25:20     1000      4205    7,20    4,40    0,00    0,20   11,60     6  gnome-shell
22:25:20     1000      4385    0,20    0,00    0,00    0,00    0,20     5  ABDownloadManag
22:25:20     1000      4825    0,20    0,00    0,00    0,00    0,20     7  xdg-desktop-por
22:25:20     1000      5426    2,40    1,00    0,00    0,20    3,40     0  antigravity
22:25:20     1000      5730    6,00    1,40    0,00    0,00    7,40     5  antigravity
22:25:20     1000      5783   16,40    1,00    0,00    0,20   17,40     0  antigravity
22:25:20     1000      6128    1,80    1,20    0,00    0,00    3,00     1  language_server
22:25:20     1000      6237    0,80    0,40    0,00    0,00    1,20     4  antigravity
22:25:20     1000      6238    1,20    0,40    0,00    0,00    1,60     2  antigravity
22:25:20     1000      6299    0,20    0,20    0,00    0,00    0,40     1  antigravity
22:25:20     1000      7071    1,80    1,60    0,00    0,00    3,40     6  language_server
22:25:20     1000      8268    0,20    0,40    0,00    0,00    0,60     7  pidstat
22:25:20     1000      8301   18,40    3,40    0,00    0,00   21,80     1  java
22:25:20     1000     10403    1,40    0,00    0,00    0,00    1,40     7  gnome-terminal-
22:25:20        0     11079    0,00    0,60    0,00    0,60    0,60     6  kworker/6:1-i915-unordered

22:25:15      UID       PID  minflt/s  majflt/s     VSZ     RSS   %MEM  Command
22:25:20        0      1429      2,40      0,00 2537656   71664   0,44  containerd
22:25:20        0      2898      6,00      0,00 1235608   15288   0,09  containerd-shim
22:25:20        0      2899      2,80      0,00 1235608   15168   0,09  containerd-shim
22:25:20        0      2900      0,80      0,00 1235608   15056   0,09  containerd-shim
22:25:20        0      2902      3,80      0,00 1235352   15128   0,09  containerd-shim
22:25:20        0      2906      1,20      0,00 1235608   15420   0,09  containerd-shim
22:25:20     1000      4205      7,60      0,00 5477932  307484   1,89  gnome-shell
22:25:20     1000      5426     37,80      0,00 1461669956  298800   1,84  antigravity
22:25:20     1000      5730      9,40      0,00 34350832  163140   1,01  antigravity
22:25:20     1000      5741      0,20      0,00 33914216   81552   0,50  antigravity
22:25:20     1000      5783    214,60      0,00 1463101656  468236   2,88  antigravity
22:25:20     1000      6224      0,20      0,00 50728556   64244   0,40  antigravity
22:25:20     1000      6236      8,40      0,00 1461347768  119128   0,73  antigravity
22:25:20     1000      6237      7,60      0,00 1461367108  132004   0,81  antigravity
22:25:20     1000      6238     46,60      0,00 1461351332  381852   2,35  antigravity
22:25:20     1000      6299      2,40      0,00 1461375356  125952   0,78  antigravity
22:25:20     1000      8301     49,40      0,00 8056212 1456136   8,97  java

22:25:15      UID       PID   kB_rd/s   kB_wr/s kB_ccwr/s iodelay  Command
22:25:20     1000      8268      0,00      1,03      0,00       0  pidstat
22:25:20     1000      8301      0,00     62,96      0,00       0  java

22:25:20      UID       PID    %usr %system  %guest   %wait    %CPU   CPU  Command
22:25:25        0        17    0,20    0,00    0,00    0,00    0,20     0  ksoftirqd/0
22:25:25        0        18    0,00    0,20    0,00    0,00    0,20     4  rcu_preempt
22:25:25        0        57    0,00    1,80    0,00    0,00    1,80     6  ksoftirqd/6
22:25:25        0        63    0,20    0,00    0,00    0,00    0,20     7  ksoftirqd/7
22:25:25        0        82    0,00    0,20    0,00    0,00    0,20     7  khugepaged
22:25:25        0       118    0,00    0,60    0,00    0,20    0,60     5  kworker/u33:0-rb_allocator
22:25:25        0       221    0,00    0,20    0,00    0,00    0,20     5  kworker/5:1H-events_highpri
22:25:25        0       603    0,00    3,20    0,00    0,00    3,20     0  irq/130-iwlwifi
22:25:25      115       901    0,20    0,00    0,00    0,00    0,20     4  prometheus
22:25:25        0      1399    0,20    0,00    0,00    0,00    0,20     7  glances
22:25:25        0      1429    0,20    0,20    0,00    0,00    0,40     0  containerd
22:25:25        0      2497    0,40    0,20    0,00    0,00    0,60     2  dockerd
22:25:25      117      2498    0,80    0,40    0,00    0,00    1,20     5  grafana
22:25:25        0      2854    0,20    0,40    0,00    0,00    0,60     1  mount.ntfs-3g
22:25:25        0      2898    0,20    0,00    0,00    0,00    0,20     7  containerd-shim
22:25:25        0      2902    0,20    0,00    0,00    0,00    0,20     6  containerd-shim
22:25:25        0      2906    0,20    0,20    0,00    0,00    0,40     0  containerd-shim
22:25:25      999      3068    0,40    0,00    0,00    0,00    0,40     3  redis-server
22:25:25     1000      4205    7,40    3,80    0,00    0,20   11,20     0  gnome-shell
22:25:25     1000      4385    0,20    0,20    0,00    0,00    0,40     5  ABDownloadManag
22:25:25     1000      5426    2,60    1,20    0,00    0,00    3,80     1  antigravity
22:25:25     1000      5730    6,20    1,40    0,00    0,00    7,60     6  antigravity
22:25:25     1000      5783    5,40    1,00    0,00    0,00    6,40     7  antigravity
22:25:25     1000      6128    1,40    1,00    0,00    0,20    2,40     7  language_server
22:25:25     1000      6237    0,60    0,20    0,00    0,00    0,80     4  antigravity
22:25:25     1000      6238    1,00    0,20    0,00    0,00    1,20     6  antigravity
22:25:25     1000      7071    1,60    1,20    0,00    0,00    2,80     6  language_server
22:25:25     1000      8268    0,20    0,20    0,00    0,00    0,40     4  pidstat
22:25:25     1000      8301   28,80    2,60    0,00    0,00   31,40     1  java
22:25:25     1000     10403    1,40    0,00    0,00    0,20    1,40     6  gnome-terminal-
22:25:25        0     11079    0,00    0,60    0,00    0,60    0,60     6  kworker/6:1-i915-unordered

22:25:20      UID       PID  minflt/s  majflt/s     VSZ     RSS   %MEM  Command
22:25:25        0      1429      8,20      0,00 2537656   71792   0,44  containerd
22:25:25        0      2497      0,40      0,00 3427484  112600   0,69  dockerd
22:25:25      117      2498      4,80      0,00 1765060  320156   1,97  grafana
22:25:25        0      2898      6,80      0,00 1235608   14556   0,09  containerd-shim
22:25:25        0      2899      7,00      0,00 1235608   14480   0,09  containerd-shim
22:25:25        0      2900      8,60      0,00 1235608   14536   0,09  containerd-shim
22:25:25        0      2902      6,20      0,00 1235352   14664   0,09  containerd-shim
22:25:25        0      2906      5,40      0,00 1235608   14780   0,09  containerd-shim
22:25:25       70      3063      4,40      0,00  174540   25872   0,16  postgres
22:25:25     1000      4205      1,60      0,00 5498412  307740   1,90  gnome-shell
22:25:25     1000      5426     47,80      0,00 1461669956  299140   1,84  antigravity
22:25:25     1000      5730      9,40      0,00 34350896  163132   1,00  antigravity
22:25:25     1000      5741      0,20      0,00 33914216   81552   0,50  antigravity
22:25:25     1000      5783    123,80      0,00 1463101656  470148   2,90  antigravity
22:25:25     1000      6224      0,20      0,00 50728556   64244   0,40  antigravity
22:25:25     1000      6236      4,20      0,00 1461347768  119128   0,73  antigravity
22:25:25     1000      6237      6,20      0,00 1461367108  132004   0,81  antigravity
22:25:25     1000      6238     17,20      0,00 1461351332  381980   2,35  antigravity
22:25:25     1000      6299      9,20      0,00 1461375356  125952   0,78  antigravity
22:25:25     1000      8301     63,20      0,00 8056212 1457544   8,98  java

22:25:20      UID       PID   kB_rd/s   kB_wr/s kB_ccwr/s iodelay  Command
22:25:25     1000      8268      0,00      0,93      0,00       0  pidstat
22:25:25     1000      8301      0,00     58,16      0,00       0  java

22:25:25      UID       PID    %usr %system  %guest   %wait    %CPU   CPU  Command
22:25:30        0         1    0,20    0,00    0,00    0,00    0,20     2  systemd
22:25:30        0        57    0,00    1,80    0,00    0,00    1,80     6  ksoftirqd/6
22:25:30        0        86    0,00    0,20    0,00    0,00    0,20     1  irq/9-acpi
22:25:30        0       185    0,00    0,20    0,00    0,00    0,20     3  kworker/3:1-i915-unordered
22:25:30        0       603    0,00    2,80    0,00    0,00    2,80     0  irq/130-iwlwifi
22:25:30      990       869    0,40    0,20    0,00    0,00    0,60     7  dbus-daemon
22:25:30      115       897    1,20    0,40    0,00    0,00    1,60     3  prometheus-node
22:25:30      115       901    0,20    0,00    0,00    0,00    0,20     4  prometheus
22:25:30        0      1399    0,20    0,00    0,00    0,00    0,20     7  glances
22:25:30        0      1429    0,20    0,20    0,00    0,00    0,40     0  containerd
22:25:30       33      1554    0,20    0,00    0,00    0,00    0,20     0  apache2
22:25:30        0      2497    0,20    0,20    0,00    0,00    0,40     2  dockerd
22:25:30      117      2498    0,40    0,40    0,00    0,00    0,80     5  grafana
22:25:30        0      2854    0,20    0,20    0,00    0,20    0,40     6  mount.ntfs-3g
22:25:30        0      2899    0,20    0,00    0,00    0,00    0,20     4  containerd-shim
22:25:30        0      2900    0,00    0,20    0,00    0,00    0,20     7  containerd-shim
22:25:30      999      3068    0,40    0,00    0,00    0,00    0,40     3  redis-server
22:25:30     1000      4205    7,80    3,60    0,00    0,20   11,40     3  gnome-shell
22:25:30     1000      4385    1,00    0,00    0,00    0,00    1,00     5  ABDownloadManag
22:25:30     1000      4825    0,20    0,00    0,00    0,00    0,20     4  xdg-desktop-por
22:25:30     1000      5426    2,60    0,80    0,00    0,00    3,40     7  antigravity
22:25:30     1000      5730    6,40    1,20    0,00    0,20    7,60     0  antigravity
22:25:30     1000      5783    6,40    0,40    0,00    0,00    6,80     6  antigravity
22:25:30     1000      6128    1,60    1,20    0,00    0,00    2,80     0  language_server
22:25:30     1000      6237    0,80    0,40    0,00    0,00    1,20     5  antigravity
22:25:30     1000      6238    1,20    0,20    0,00    0,20    1,40     5  antigravity
22:25:30     1000      6299    0,20    0,00    0,00    0,00    0,20     6  antigravity
22:25:30     1000      7071    1,60    1,00    0,00    0,00    2,60     6  language_server
22:25:30     1000      8268    0,20    0,20    0,00    0,00    0,40     1  pidstat
22:25:30     1000      8301   15,80    2,80    0,00    0,00   18,60     1  java
22:25:30     1000     10403    1,20    0,00    0,00    0,00    1,20     3  gnome-terminal-
22:25:30        0     10805    0,00    0,60    0,00    0,20    0,60     2  kworker/u33:1-rb_allocator
22:25:30        0     10862    0,20    0,00    0,00    0,00    0,20     0  kworker/0:0-i915-unordered
22:25:30        0     11079    0,00    0,40    0,00    0,80    0,40     6  kworker/6:1-i915-unordered

22:25:25      UID       PID  minflt/s  majflt/s     VSZ     RSS   %MEM  Command
22:25:30      115       897     72,00      0,00 1614080   24632   0,15  prometheus-node
22:25:30        0      1429      3,80      0,00 2537656   71792   0,44  containerd
22:25:30        0      2898     12,00      0,00 1235608   14812   0,09  containerd-shim
22:25:30        0      2899     11,40      0,00 1235608   14608   0,09  containerd-shim
22:25:30        0      2900     11,00      0,00 1235608   14664   0,09  containerd-shim
22:25:30        0      2902     10,40      0,00 1235352   14664   0,09  containerd-shim
22:25:30        0      2906     10,40      0,00 1235608   14908   0,09  containerd-shim
22:25:30     1000      4205      8,60      0,00 5498348  307740   1,90  gnome-shell
22:25:30     1000      4378      0,40      0,00  410516   21648   0,13  gsd-power
22:25:30     1000      4385      0,60      0,00 9286580  284544   1,75  ABDownloadManag
22:25:30     1000      5426     41,00      0,00 1461669956  298788   1,84  antigravity
22:25:30     1000      5730      9,00      0,00 34350896  163260   1,01  antigravity
22:25:30     1000      5741      0,20      0,00 33914216   81552   0,50  antigravity
22:25:30     1000      5783    157,20      0,00 1463101656  472708   2,91  antigravity
22:25:30     1000      6224      0,20      0,00 50728556   64244   0,40  antigravity
22:25:30     1000      6236      4,20      0,00 1461347768  119128   0,73  antigravity
22:25:30     1000      6237      5,00      0,00 1461367108  131876   0,81  antigravity
22:25:30     1000      6238     29,20      0,00 1461351332  382216   2,35  antigravity
22:25:30     1000      6299      9,60      0,00 1461375356  125952   0,78  antigravity
22:25:30     1000      6689      0,20      0,00 1476307752  119724   0,74  antigravity
22:25:30     1000      7071      1,00      0,00 4908596  286340   1,76  language_server
22:25:30     1000      8301     40,40      0,00 8056212 1458312   8,98  java

22:25:25      UID       PID   kB_rd/s   kB_wr/s kB_ccwr/s iodelay  Command
22:25:30     1000      8268      0,00      0,95      0,00       0  pidstat
22:25:30     1000      8301      0,00     46,29      0,00       0  java

22:25:30      UID       PID    %usr %system  %guest   %wait    %CPU   CPU  Command
22:25:35        0        18    0,00    0,20    0,00    2,20    0,20     3  rcu_preempt
22:25:35        0        57    0,00    1,60    0,00    0,00    1,60     6  ksoftirqd/6
22:25:35        0        87    0,00    0,20    0,00    0,00    0,20     5  kworker/5:1-events
22:25:35        0       603    0,00    2,80    0,00    0,00    2,80     0  irq/130-iwlwifi
22:25:35        0       634    0,00    0,20    0,00    1,20    0,20     5  kworker/u32:11-i915
22:25:35      115       901    0,20    0,00    0,00    0,00    0,20     4  prometheus
22:25:35        0      1048    0,00    0,20    0,00    0,00    0,20     1  kworker/1:3-events
22:25:35        0      1399    0,20    0,00    0,00    0,00    0,20     7  glances
22:25:35        0      1412    0,20    0,20    0,00    0,00    0,40     4  tailscaled
22:25:35        0      1429    0,20    0,00    0,00    0,00    0,20     0  containerd
22:25:35      111      1508    0,00    0,20    0,00    0,00    0,20     0  mariadbd
22:25:35        0      2497    0,20    0,20    0,00    0,00    0,40     2  dockerd
22:25:35      117      2498    0,60    0,20    0,00    0,00    0,80     5  grafana
22:25:35        0      2854    0,20    0,40    0,00    0,00    0,60     1  mount.ntfs-3g
22:25:35        0      2898    0,20    0,00    0,00    0,00    0,20     7  containerd-shim
22:25:35        0      2900    0,20    0,00    0,00    0,00    0,20     7  containerd-shim
22:25:35        0      2902    0,20    0,00    0,00    0,00    0,20     6  containerd-shim
22:25:35      999      3068    0,40    0,20    0,00    0,00    0,60     2  redis-server
22:25:35     1000      4205    6,60    5,00    0,00    0,00   11,60     5  gnome-shell
22:25:35     1000      4385    0,20    0,00    0,00    0,00    0,20     5  ABDownloadManag
22:25:35     1000      5426    2,40    1,20    0,00    0,00    3,60     0  antigravity
22:25:35     1000      5730    6,60    1,20    0,00    0,00    7,80     3  antigravity
22:25:35     1000      5783    6,40    0,80    0,00    0,00    7,20     7  antigravity
22:25:35     1000      6128    2,20    1,20    0,00    0,00    3,40     1  language_server
22:25:35     1000      6237    0,60    0,40    0,00    0,00    1,00     0  antigravity
22:25:35     1000      6238    1,20    0,00    0,00    0,00    1,20     6  antigravity
22:25:35     1000      6299    0,40    0,20    0,00    0,00    0,60     1  antigravity
22:25:35     1000      7071    1,40    1,40    0,00    0,00    2,80     6  language_server
22:25:35     1000      8268    0,40    0,00    0,00    0,00    0,40     4  pidstat
22:25:35     1000      8301   24,40    3,00    0,00    0,00   27,40     1  java
22:25:35     1000     10403    2,00    0,00    0,00    0,00    2,00     6  gnome-terminal-
22:25:35        0     10805    0,00    0,40    0,00    0,00    0,40     3  kworker/u33:1-rb_allocator
22:25:35        0     11079    0,00    0,60    0,00    0,60    0,60     6  kworker/6:1-i915-unordered

22:25:30      UID       PID  minflt/s  majflt/s     VSZ     RSS   %MEM  Command
22:25:35        0      1429      6,20      0,00 2537656   71792   0,44  containerd
22:25:35      114      1529      3,40      0,00  218252   29564   0,18  postgres
22:25:35        0      2898     16,80      0,00 1235608   14940   0,09  containerd-shim
22:25:35        0      2899     14,40      0,00 1235608   14992   0,09  containerd-shim
22:25:35        0      2900     15,80      0,00 1235608   15048   0,09  containerd-shim
22:25:35        0      2902     13,60      0,00 1235352   14792   0,09  containerd-shim
22:25:35        0      2906     15,60      0,00 1235608   15292   0,09  containerd-shim
22:25:35     1000      4205      1,20      0,00 5498348  307740   1,90  gnome-shell
22:25:35     1000      5426     47,00      0,00 1461669956  298764   1,84  antigravity
22:25:35     1000      5730     25,20      0,00 34351516  163112   1,00  antigravity
22:25:35     1000      5741      0,40      0,00 33914216   81552   0,50  antigravity
22:25:35     1000      5783    186,20      0,20 1463101656  475392   2,93  antigravity
22:25:35     1000      6128      0,00      0,00 4909112  284460   1,75  language_server
22:25:35     1000      6224      0,40      0,00 50728556   64244   0,40  antigravity
22:25:35     1000      6236      4,80      0,00 1461347768  119128   0,73  antigravity
22:25:35     1000      6237     43,60      0,00 1461367108  132516   0,82  antigravity
22:25:35     1000      6238     11,20      0,00 1461351332  381932   2,35  antigravity
22:25:35     1000      6299    150,00      0,00 1461375356  125916   0,78  antigravity
22:25:35     1000      8235      6,00      0,00    7148    3296   0,02  bash
22:25:35     1000      8301    328,00      0,00 8056212 1464584   9,02  java
22:25:35     1000     11914     23,20      0,00    5660    2068   0,01  sleep

22:25:30      UID       PID   kB_rd/s   kB_wr/s kB_ccwr/s iodelay  Command
22:25:35     1000      5783     25,60      0,00      0,00       0  antigravity
22:25:35     1000      8268      0,00      1,04      0,00       0  pidstat
22:25:35     1000      8301      0,00     49,09      0,00       0  java

22:25:35      UID       PID    %usr %system  %guest   %wait    %CPU   CPU  Command
22:25:40        0        45    0,00    0,20    0,00    0,00    0,20     4  ksoftirqd/4
22:25:40        0        57    0,00    1,80    0,00    0,00    1,80     6  ksoftirqd/6
22:25:40        0       118    0,00    0,40    0,00    0,20    0,40     7  kworker/u33:0-i915_flip
22:25:40        0       603    0,00    2,80    0,00    0,00    2,80     0  irq/130-iwlwifi
22:25:40        0      1412    0,20    0,00    0,00    0,00    0,20     4  tailscaled
22:25:40        0      1429    0,20    0,20    0,00    0,00    0,40     0  containerd
22:25:40        0      2497    0,20    0,20    0,00    0,00    0,40     2  dockerd
22:25:40      117      2498    0,40    0,40    0,00    0,00    0,80     5  grafana
22:25:40        0      2854    0,40    0,20    0,00    0,00    0,60     3  mount.ntfs-3g
22:25:40        0      2899    0,20    0,00    0,00    0,00    0,20     4  containerd-shim
22:25:40        0      2906    0,20    0,20    0,00    0,00    0,40     0  containerd-shim
22:25:40      999      3068    0,40    0,00    0,00    0,00    0,40     2  redis-server
22:25:40     1000      4205    8,40    3,40    0,00    0,20   11,80     4  gnome-shell
22:25:40     1000      4385    0,00    0,40    0,00    0,00    0,40     5  ABDownloadManag
22:25:40     1000      4853    0,20    0,00    0,00    0,00    0,20     1  xdg-desktop-por
22:25:40     1000      4903    0,20    0,00    0,00    0,00    0,20     6  gsd-xsettings
22:25:40     1000      5426    2,80    1,00    0,00    0,20    3,80     1  antigravity
22:25:40     1000      5730    6,60    1,00    0,00    0,00    7,60     3  antigravity
22:25:40     1000      5783   16,80    0,40    0,00    0,20   17,20     0  antigravity
22:25:40     1000      6128    1,20    1,40    0,00    0,20    2,60     1  language_server
22:25:40     1000      6237    0,40    0,40    0,00    0,00    0,80     1  antigravity
22:25:40     1000      6238    1,40    0,20    0,00    0,00    1,60     3  antigravity
22:25:40     1000      6299    0,20    0,20    0,00    0,00    0,40     1  antigravity
22:25:40     1000      7071    2,20    1,20    0,00    0,00    3,40     6  language_server
22:25:40     1000      8268    0,20    0,20    0,00    0,00    0,40     7  pidstat
22:25:40     1000      8301   30,80    2,80    0,00    0,00   33,60     1  java
22:25:40     1000     10403    1,20    0,00    0,00    0,00    1,20     1  gnome-terminal-
22:25:40        0     10805    0,00    0,20    0,00    0,00    0,20     0  kworker/u33:1-rb_allocator
22:25:40        0     11079    0,00    0,60    0,00    0,80    0,60     6  kworker/6:1-i915-unordered

22:25:35      UID       PID  minflt/s  majflt/s     VSZ     RSS   %MEM  Command
22:25:40        0      1429      6,60      0,00 2537656   71920   0,44  containerd
22:25:40        0      2497      0,40      0,00 3427484  112600   0,69  dockerd
22:25:40        0      2898      9,00      0,00 1235608   15068   0,09  containerd-shim
22:25:40        0      2899      2,20      0,00 1235608   14992   0,09  containerd-shim
22:25:40        0      2900      7,60      0,00 1235608   15176   0,09  containerd-shim
22:25:40        0      2902      0,40      0,00 1235352   14792   0,09  containerd-shim
22:25:40        0      2906      0,80      0,00 1235608   15292   0,09  containerd-shim
22:25:40     1000      4205      9,20      0,00 5498348  307740   1,90  gnome-shell
22:25:40     1000      5426     42,20      0,00 1461669956  298744   1,84  antigravity
22:25:40     1000      5730      9,20      0,00 34350704  162980   1,00  antigravity
22:25:40     1000      5741      0,20      0,00 33914216   81552   0,50  antigravity
22:25:40     1000      5783    265,20      0,00 1463101656  468776   2,89  antigravity
22:25:40     1000      6128     56,00      0,00 4909112  284972   1,76  language_server
22:25:40     1000      6224      0,20      0,00 50728556   64244   0,40  antigravity
22:25:40     1000      6236      8,20      0,00 1461347768  119128   0,73  antigravity
22:25:40     1000      6237      7,20      0,00 1461367108  132096   0,81  antigravity
22:25:40     1000      6238    103,40      0,00 1461351332  382520   2,36  antigravity
22:25:40     1000      6299    147,60      0,00 1461375356  125884   0,78  antigravity
22:25:40     1000      8301    352,20      0,00 8056212 1466196   9,03  java

22:25:35      UID       PID   kB_rd/s   kB_wr/s kB_ccwr/s iodelay  Command
22:25:40     1000      8268      0,00      1,01      0,00       0  pidstat
22:25:40     1000      8301      0,00     47,21      0,00       0  java

22:25:40      UID       PID    %usr %system  %guest   %wait    %CPU   CPU  Command
22:25:45        0         1    0,00    0,20    0,00    0,00    0,20     2  systemd
22:25:45        0        27    0,20    0,00    0,00    0,00    0,20     1  ksoftirqd/1
22:25:45        0        39    0,20    0,00    0,00    0,00    0,20     3  ksoftirqd/3
22:25:45        0        57    0,00    1,60    0,00    0,20    1,60     6  ksoftirqd/6
22:25:45        0        68    0,00    0,20    0,00    0,00    0,20     4  kworker/u32:2-events_unbound
22:25:45        0        82    0,00    0,20    0,00    0,00    0,20     1  khugepaged
22:25:45        0       603    0,00    2,60    0,00    0,20    2,60     0  irq/130-iwlwifi
22:25:45      990       869    1,00    0,00    0,00    0,00    1,00     1  dbus-daemon
22:25:45      115       897    1,40    0,60    0,00    0,00    2,00     7  prometheus-node
22:25:45      115       901    0,20    0,00    0,00    0,00    0,20     4  prometheus
22:25:45        0      1412    0,00    0,20    0,00    0,00    0,20     4  tailscaled
22:25:45        0      1429    0,20    0,20    0,00    0,00    0,40     0  containerd
22:25:45        0      1796    0,00    0,20    0,00    0,00    0,20     7  kworker/7:3-events
22:25:45        0      2497    0,20    0,40    0,00    0,00    0,60     2  dockerd
22:25:45      117      2498    0,60    0,20    0,00    0,00    0,80     5  grafana
22:25:45        0      2854    0,00    0,20    0,00    0,00    0,20     6  mount.ntfs-3g
22:25:45        0      2898    0,20    0,00    0,00    0,00    0,20     7  containerd-shim
22:25:45        0      2900    0,20    0,00    0,00    0,00    0,20     7  containerd-shim
22:25:45        0      2902    0,00    0,20    0,00    0,00    0,20     6  containerd-shim
22:25:45      999      3068    0,40    0,00    0,00    0,00    0,40     2  redis-server
22:25:45     1000      4075    0,20    0,00    0,00    0,00    0,20     6  dbus-daemon
22:25:45     1000      4205    6,60    4,60    0,00    0,20   11,20     5  gnome-shell
22:25:45     1000      4380    0,00    0,20    0,00    0,00    0,20     6  anydesk
22:25:45     1000      4385    0,20    0,00    0,00    0,00    0,20     5  ABDownloadManag
22:25:45     1000      4825    0,20    0,00    0,00    0,00    0,20     5  xdg-desktop-por
22:25:45     1000      5426    2,60    1,00    0,00    0,20    3,60     1  antigravity
22:25:45     1000      5730    6,20    1,20    0,00    0,00    7,40     4  antigravity
22:25:45     1000      5783    5,60    0,60    0,00    0,00    6,20     6  antigravity
22:25:45     1000      6128    1,60    1,00    0,00    0,20    2,60     3  language_server
22:25:45     1000      6237    0,40    0,20    0,00    0,00    0,60     7  antigravity
22:25:45     1000      6238    1,40    0,00    0,00    0,20    1,40     4  antigravity
22:25:45     1000      6299    0,20    0,20    0,00    0,00    0,40     5  antigravity
22:25:45     1000      7071    2,00    1,00    0,00    0,00    3,00     6  language_server
22:25:45     1000      8268    0,20    0,40    0,00    0,00    0,60     7  pidstat
22:25:45     1000      8301   18,80    2,00    0,00    0,00   20,80     1  java
22:25:45     1000     10403    1,40    0,00    0,00    0,00    1,40     2  gnome-terminal-
22:25:45        0     10805    0,00    0,40    0,00    0,20    0,40     6  kworker/u33:1-i915_flip
22:25:45        0     11079    0,00    0,60    0,00    0,60    0,60     6  kworker/6:1-i915-unordered

22:25:40      UID       PID  minflt/s  majflt/s     VSZ     RSS   %MEM  Command
22:25:45      115       897     69,00      0,00 1614080   24960   0,15  prometheus-node
22:25:45        0      2898      4,20      0,00 1235608   15196   0,09  containerd-shim
22:25:45        0      2899      0,40      0,00 1235608   14992   0,09  containerd-shim
22:25:45        0      2900      1,80      0,00 1235608   15176   0,09  containerd-shim
22:25:45        0      2902      0,40      0,00 1235352   14792   0,09  containerd-shim
22:25:45        0      2906      1,40      0,00 1235608   15292   0,09  containerd-shim
22:25:45     1000      4205      2,20      0,00 5477868  307740   1,90  gnome-shell
22:25:45     1000      5426     39,20      0,00 1461669956  298988   1,84  antigravity
22:25:45     1000      5730      9,20      0,00 34350640  163236   1,01  antigravity
22:25:45     1000      5741      0,20      0,00 33914216   81552   0,50  antigravity
22:25:45     1000      5783     78,20      0,00 1463101656  467612   2,88  antigravity
22:25:45     1000      6224      0,20      0,00 50728556   64244   0,40  antigravity
22:25:45     1000      6236      4,20      0,00 1461347768  119128   0,73  antigravity
22:25:45     1000      6237      5,60      0,00 1461367108  132224   0,81  antigravity
22:25:45     1000      6238    119,20      0,00 1461351332  382796   2,36  antigravity
22:25:45     1000      6299    162,60      0,00 1461375356  125880   0,78  antigravity
22:25:45     1000      8301     81,20      0,00 8056372 1462684   9,01  java

22:25:40      UID       PID   kB_rd/s   kB_wr/s kB_ccwr/s iodelay  Command
22:25:45     1000      4205      0,00      0,80      0,00       0  gnome-shell
22:25:45     1000      8268      0,00      0,90      0,00       0  pidstat
22:25:45     1000      8301      0,00     41,33      0,00       0  java

22:25:45      UID       PID    %usr %system  %guest   %wait    %CPU   CPU  Command
22:25:50        0        17    0,20    0,00    0,00    0,00    0,20     0  ksoftirqd/0
22:25:50        0        18    0,00    0,20    0,00    0,00    0,20     7  rcu_preempt
22:25:50        0        57    0,00    1,80    0,00    0,00    1,80     6  ksoftirqd/6
22:25:50        0        86    0,00    0,20    0,00    0,00    0,20     1  irq/9-acpi
22:25:50        0        94    0,00    0,20    0,00    0,00    0,20     2  kworker/2:1-mm_percpu_wq
22:25:50        0       118    0,00    0,40    0,00    0,40    0,40     1  kworker/u33:0-rb_allocator
22:25:50        0       224    0,00    0,20    0,00    0,00    0,20     4  kworker/4:1H-events_highpri
22:25:50        0       225    0,00    0,20    0,00    0,00    0,20     6  kworker/6:1H-events_highpri
22:25:50        0       603    0,00    2,40    0,00    0,00    2,40     0  irq/130-iwlwifi
22:25:50      115       901    0,20    0,00    0,00    0,00    0,20     4  prometheus
22:25:50        0      1399    0,20    0,00    0,00    0,00    0,20     7  glances
22:25:50        0      1412    0,00    0,20    0,00    0,00    0,20     0  tailscaled
22:25:50        0      1429    0,40    0,20    0,00    0,00    0,60     0  containerd
22:25:50        0      1432    0,20    0,00    0,00    0,00    0,20     3  anydesk
22:25:50        0      2126    0,20    0,00    0,00    0,00    0,20     6  upowerd
22:25:50        0      2497    0,40    0,20    0,00    0,00    0,60     2  dockerd
22:25:50      117      2498    0,60    0,20    0,00    0,00    0,80     5  grafana
22:25:50        0      2854    0,40    0,20    0,00    0,00    0,60     7  mount.ntfs-3g
22:25:50        0      2898    0,00    0,20    0,00    0,00    0,20     7  containerd-shim
22:25:50        0      2899    0,00    0,20    0,00    0,00    0,20     4  containerd-shim
22:25:50        0      2902    0,20    0,00    0,00    0,00    0,20     6  containerd-shim
22:25:50      999      3068    0,60    0,00    0,00    0,00    0,60     4  redis-server
22:25:50     1000      4205    6,80    4,60    0,00    0,00   11,40     5  gnome-shell
22:25:50     1000      4385    0,20    0,00    0,00    0,00    0,20     5  ABDownloadManag
22:25:50     1000      4825    0,00    0,20    0,00    0,00    0,20     1  xdg-desktop-por
22:25:50     1000      5426    2,60    1,00    0,00    0,00    3,60     0  antigravity
22:25:50     1000      5730    6,20    1,40    0,00    0,20    7,60     1  antigravity
22:25:50     1000      5783    5,80    0,60    0,00    0,00    6,40     4  antigravity
22:25:50     1000      6128    1,60    1,20    0,00    0,00    2,80     1  language_server
22:25:50     1000      6237    0,20    0,20    0,00    0,00    0,40     4  antigravity
22:25:50     1000      6238    1,20    0,20    0,00    0,00    1,40     3  antigravity
22:25:50     1000      6299    0,20    0,00    0,00    0,00    0,20     7  antigravity
22:25:50     1000      7071    1,80    0,80    0,00    0,00    2,60     6  language_server
22:25:50     1000      7207    0,20    0,00    0,00    0,00    0,20     1  antigravity
22:25:50     1000      8268    0,00    0,40    0,00    0,00    0,40     2  pidstat
22:25:50     1000      8301   11,00    2,60    0,00    0,00   13,60     1  java
22:25:50     1000     10403    1,60    0,00    0,00    0,00    1,60     2  gnome-terminal-
22:25:50        0     10862    0,20    0,00    0,00    0,00    0,20     0  kworker/0:0-events
22:25:50        0     11079    0,00    0,60    0,00    0,40    0,60     6  kworker/6:1-i915-unordered
22:25:50     1000     11969    0,40    0,20    0,00    0,00    0,60     3  gnome-screensho

22:25:45      UID       PID  minflt/s  majflt/s     VSZ     RSS   %MEM  Command
22:25:50        0      1412      0,20      0,00 1355524  102132   0,63  tailscaled
22:25:50        0      2898      0,80      0,00 1235608   15032   0,09  containerd-shim
22:25:50        0      2899      7,40      0,00 1235608   15120   0,09  containerd-shim
22:25:50        0      2900      0,60      0,00 1235608   15176   0,09  containerd-shim
22:25:50        0      2902      0,20      0,00 1235352   14792   0,09  containerd-shim
22:25:50        0      2906      8,40      0,00 1235608   15548   0,10  containerd-shim
22:25:50     1000      4075      0,20      0,00    9528    5444   0,03  dbus-daemon
22:25:50     1000      4205      8,20      0,00 5498348  307740   1,90  gnome-shell
22:25:50     1000      5426     56,60      0,00 1461669956  299404   1,84  antigravity
22:25:50     1000      5730      9,60      0,00 34350704  163108   1,00  antigravity
22:25:50     1000      5741      0,20      0,00 33914216   81552   0,50  antigravity
22:25:50     1000      5783    116,40      0,00 1463101656  469400   2,89  antigravity
22:25:50     1000      6224      0,20      0,00 50728556   64244   0,40  antigravity
22:25:50     1000      6236      4,20      0,00 1461347768  119128   0,73  antigravity
22:25:50     1000      6237      4,00      0,00 1461367108  132224   0,81  antigravity
22:25:50     1000      6238     61,60      0,00 1461351332  382492   2,36  antigravity
22:25:50     1000      6299      2,20      0,00 1461375356  125880   0,78  antigravity
22:25:50     1000      8235      6,80      0,00    7148    3296   0,02  bash
22:25:50     1000      8301     61,60      0,00 8056372 1464092   9,02  java
22:25:50     1000     11969    244,80      0,40  407592   17964   0,11  gnome-screensho

22:25:45      UID       PID   kB_rd/s   kB_wr/s kB_ccwr/s iodelay  Command
22:25:50     1000      8268      0,00      1,04      0,00       0  pidstat
22:25:50     1000      8301      0,00     42,75      0,00       0  java
22:25:50     1000     11969     17,60      0,00      0,00       0  gnome-screensho

22:25:50      UID       PID    %usr %system  %guest   %wait    %CPU   CPU  Command
22:25:55        0        57    0,00    1,60    0,00    0,00    1,60     6  ksoftirqd/6
22:25:55        0       118    0,00    0,40    0,00    0,00    0,40     3  kworker/u33:0-i915_flip
22:25:55        0       603    0,00    2,60    0,00    0,00    2,60     0  irq/130-iwlwifi
22:25:55        0       634    0,00    0,20    0,00    3,00    0,20     6  kworker/u32:11-events_unbound
22:25:55        0      1399    0,20    0,00    0,00    0,00    0,20     7  glances
22:25:55        0      1412    0,20    0,00    0,00    0,00    0,20     7  tailscaled
22:25:55        0      1429    0,20    0,20    0,00    0,00    0,40     0  containerd
22:25:55        0      1796    0,00    0,20    0,00    0,00    0,20     7  kworker/7:3-i915-unordered
22:25:55        0      2497    0,80    0,00    0,00    0,00    0,80     2  dockerd
22:25:55      117      2498    0,80    0,20    0,00    0,00    1,00     5  grafana
22:25:55        0      2854    0,40    0,20    0,00    0,00    0,60     4  mount.ntfs-3g
22:25:55        0      2899    0,20    0,00    0,00    0,00    0,20     4  containerd-shim
22:25:55        0      2900    0,00    0,20    0,00    0,00    0,20     7  containerd-shim
22:25:55        0      2906    0,20    0,20    0,00    0,00    0,40     0  containerd-shim
22:25:55      999      3068    0,40    0,00    0,00    0,00    0,40     7  redis-server
22:25:55     1000      4076    0,20    0,20    0,00    0,00    0,40     6  pipewire
22:25:55     1000      4079    0,40    0,00    0,00    0,00    0,40     4  wireplumber
22:25:55     1000      4080    0,20    0,00    0,00    0,00    0,20     5  pipewire-pulse
22:25:55     1000      4205    9,80    5,40    0,00    0,20   15,20     2  gnome-shell
22:25:55     1000      4207    0,20    0,00    0,00    0,00    0,20     6  at-spi-bus-laun
22:25:55     1000      4375    0,00    0,20    0,00    0,00    0,20     0  gsd-media-keys
22:25:55     1000      4385    0,20    0,00    0,00    0,00    0,20     5  ABDownloadManag
22:25:55     1000      5426    2,40    1,20    0,00    0,20    3,60     6  antigravity
22:25:55     1000      5730    6,20    1,60    0,00    0,00    7,80     2  antigravity
22:25:55     1000      5783    6,60    0,80    0,00    0,20    7,40     1  antigravity
22:25:55     1000      6128    1,20    1,40    0,00    0,00    2,60     6  language_server
22:25:55     1000      6237    0,60    0,00    0,00    0,00    0,60     5  antigravity
22:25:55     1000      6238    1,20    0,00    0,00    0,00    1,20     3  antigravity
22:25:55     1000      6299    0,20    0,20    0,00    0,00    0,40     7  antigravity
22:25:55     1000      7071    1,80    0,80    0,00    0,00    2,60     6  language_server
22:25:55     1000      8268    0,40    0,20    0,00    0,00    0,60     5  pidstat
22:25:55     1000      8301   20,00    2,20    0,00    0,00   22,20     1  java
22:25:55     1000     10403    0,80    0,00    0,00    0,00    0,80     7  gnome-terminal-
22:25:55        0     11079    0,00    0,60    0,00    0,60    0,60     6  kworker/6:1-i915-unordered

22:25:50      UID       PID  minflt/s  majflt/s     VSZ     RSS   %MEM  Command
22:25:55      114      1529      3,40      0,00  218252   29564   0,18  postgres
22:25:55        0      2497      1,20      0,00 3427484  112600   0,69  dockerd
22:25:55      117      2498      2,40      0,00 1765060  320156   1,97  grafana
22:25:55        0      2898      8,60      0,00 1235608   14384   0,09  containerd-shim
22:25:55        0      2899      6,20      0,00 1235608   14476   0,09  containerd-shim
22:25:55        0      2900     10,00      0,00 1235608   14900   0,09  containerd-shim
22:25:55        0      2902      7,40      0,00 1235352   14316   0,09  containerd-shim
22:25:55        0      2906     10,00      0,00 1235608   14888   0,09  containerd-shim
22:25:55     1000      4075      0,60      0,00    9528    5444   0,03  dbus-daemon
22:25:55     1000      4076     33,20      0,00  104776   13296   0,08  pipewire
22:25:55     1000      4080     73,80      0,00  105784   10868   0,07  pipewire-pulse
22:25:55     1000      4205    585,00      0,20 5563944  316760   1,95  gnome-shell
22:25:55     1000      4219      0,40      0,00    8348    4504   0,03  dbus-daemon
22:25:55     1000      4513      0,20      0,00  308612    7352   0,05  ibus-portal
22:25:55     1000      4825      1,20      0,00  778336   19924   0,12  xdg-desktop-por
22:25:55     1000      4853      0,20      0,00  673660   43508   0,27  xdg-desktop-por
22:25:55     1000      4903      0,20      0,00  632840   83172   0,51  gsd-xsettings
22:25:55     1000      4976      0,20      0,00  415564   28600   0,18  xdg-desktop-por
22:25:55     1000      5426     45,20      0,00 1461669956  298848   1,84  antigravity
22:25:55     1000      5730     20,60      0,00 34350704  162948   1,00  antigravity
22:25:55     1000      5741      0,40      0,00 33914216   81552   0,50  antigravity
22:25:55     1000      5783    217,60      0,00 1463101656  471228   2,90  antigravity
22:25:55     1000      6224      0,40      0,00 50728556   64244   0,40  antigravity
22:25:55     1000      6236      4,20      0,00 1461347768  119000   0,73  antigravity
22:25:55     1000      6237      3,40      0,00 1461367108  132224   0,81  antigravity
22:25:55     1000      6238     55,00      0,00 1461351332  382700   2,36  antigravity
22:25:55     1000      6299    171,40      0,00 1461375356  125572   0,77  antigravity
22:25:55     1000      7164      0,20      0,00 1459563320   96348   0,59  antigravity
22:25:55     1000      8235      6,80      0,00    7148    3296   0,02  bash
22:25:55     1000      8301     60,40      0,00 8056372 1465116   9,03  java

22:25:50      UID       PID   kB_rd/s   kB_wr/s kB_ccwr/s iodelay  Command
22:25:55     1000      4079      0,00      0,80      0,00       0  wireplumber
22:25:55     1000      4205     16,80    101,60      0,00       0  gnome-shell
22:25:55     1000      8235    163,20    220,95    101,60       0  bash
22:25:55     1000      8268      0,00      1,12      0,00       0  pidstat
22:25:55     1000      8301      0,00     34,20      0,00       0  java

22:25:55      UID       PID    %usr %system  %guest   %wait    %CPU   CPU  Command
22:26:00        0         1    0,60    0,20    0,00    0,00    0,80     6  systemd
22:26:00        0        18    0,00    0,20    0,00    0,20    0,20     6  rcu_preempt
22:26:00        0        57    0,00    1,20    0,00    0,00    1,20     6  ksoftirqd/6
22:26:00        0        63    0,20    0,00    0,00    0,00    0,20     7  ksoftirqd/7
22:26:00        0        68    0,00    0,20    0,00    0,20    0,20     3  kworker/u32:2-events_unbound
22:26:00        0       118    0,00    0,40    0,00    0,20    0,40     3  kworker/u33:0-rb_allocator
22:26:00        0       250    0,00    0,20    0,00    0,20    0,20     4  kworker/4:2-events
22:26:00        0       372    0,20    0,00    0,00    0,00    0,20     0  systemd-journal
22:26:00        0       434    0,20    0,20    0,00    0,20    0,40     0  systemd-udevd
22:26:00        0       603    0,00    2,40    0,00    0,00    2,40     0  irq/130-iwlwifi
22:26:00        0       634    0,00    0,20    0,00    0,00    0,20     5  kworker/u32:11-events_unbound
22:26:00      990       869    1,40    0,00    0,00    0,20    1,40     1  dbus-daemon
22:26:00      115       897    1,20    0,60    0,00    0,00    1,80     5  prometheus-node
22:26:00      115       901    0,40    0,20    0,00    0,00    0,60     4  prometheus
22:26:00        0       909    0,20    0,00    0,00    0,00    0,20     6  systemd-logind
22:26:00        0       910    0,00    0,20    0,00    0,00    0,20     3  udisksd
22:26:00        0      1050    0,20    0,00    0,00    0,00    0,20     2  NetworkManager
22:26:00        0      1399    0,00    0,20    0,00    0,00    0,20     7  glances
22:26:00        0      1412    0,40    0,00    0,00    0,00    0,40     4  tailscaled
22:26:00        0      1429    0,80    0,20    0,00    0,00    1,00     0  containerd
22:26:00      111      1508    0,20    0,00    0,00    0,00    0,20     0  mariadbd
22:26:00        0      2497    2,20    0,60    0,00    0,00    2,80     2  dockerd
22:26:00      117      2498    0,60    0,40    0,00    0,00    1,00     5  grafana
22:26:00        0      2854    0,40    0,00    0,00    0,00    0,40     4  mount.ntfs-3g
22:26:00        0      2898    0,20    0,00    0,00    0,00    0,20     7  containerd-shim
22:26:00        0      2902    0,00    0,20    0,00    0,00    0,20     6  containerd-shim
22:26:00      999      3068    0,40    0,00    0,00    0,00    0,40     2  redis-server
22:26:00     1000      4052    0,20    0,20    0,00    0,00    0,40     5  systemd
22:26:00     1000      4205   12,60    5,40    0,00    0,00   18,00     1  gnome-shell
22:26:00     1000      4355    0,20    0,00    0,00    0,00    0,20     2  ibus-daemon
22:26:00     1000      4364    0,20    0,20    0,00    0,00    0,40     4  gsd-housekeepin
22:26:00     1000      4382    0,20    0,00    0,00    0,00    0,20     3  gsd-rfkill
22:26:00     1000      4385    0,40    0,00    0,00    0,00    0,40     5  ABDownloadManag
22:26:00     1000      4387    0,20    0,00    0,00    0,00    0,20     6  gsd-sharing
22:26:00     1000      4727    0,20    0,00    0,00    0,00    0,20     0  ibus-engine-sim
22:26:00     1000      4825    0,20    0,00    0,00    0,20    0,20     3  xdg-desktop-por
22:26:00     1000      5426    2,80    1,20    0,00    0,00    4,00     3  antigravity
22:26:00     1000      5730    7,20    1,60    0,00    0,00    8,80     1  antigravity
22:26:00     1000      5783    8,20    1,20    0,00    0,00    9,40     5  antigravity
22:26:00     1000      6128    1,00    1,60    0,00    0,20    2,60     6  language_server
22:26:00     1000      6236    0,20    0,00    0,00    0,00    0,20     6  antigravity
22:26:00     1000      6237    0,40    0,00    0,00    0,00    0,40     0  antigravity
22:26:00     1000      6238    1,00    0,40    0,00    0,00    1,40     4  antigravity
22:26:00     1000      6299    0,20    0,20    0,00    0,00    0,40     3  antigravity
22:26:00     1000      7071    1,60    1,20    0,00    0,00    2,80     6  language_server
22:26:00     1000      8268    0,00    0,40    0,00    0,00    0,40     6  pidstat
22:26:00     1000      8301   11,00    2,00    0,00    0,00   13,00     1  java
22:26:00     1000     10403    2,40    0,00    0,00    0,00    2,40     5  gnome-terminal-
22:26:00        0     10805    0,00    0,20    0,00    0,00    0,20     0  kworker/u33:1-i915_flip
22:26:00        0     11079    0,00    0,60    0,00    0,80    0,60     6  kworker/6:1-i915-unordered

22:25:55      UID       PID  minflt/s  majflt/s     VSZ     RSS   %MEM  Command
22:26:00        0       372    101,00      0,60  154208   85472   0,53  systemd-journal
22:26:00        0       434     92,20      0,00   37564   10916   0,07  systemd-udevd
22:26:00      115       897     71,80      0,00 1614080   25188   0,16  prometheus-node
22:26:00        0      1412      0,40      0,00 1355524  102132   0,63  tailscaled
22:26:00        0      1429      2,80      0,00 2537656   71920   0,44  containerd
22:26:00        0      2497      1,60      0,00 3427484  112600   0,69  dockerd
22:26:00        0      2898     12,80      0,00 1235608   14640   0,09  containerd-shim
22:26:00        0      2899     11,20      0,00 1235608   14604   0,09  containerd-shim
22:26:00        0      2900     12,20      0,00 1235608   15028   0,09  containerd-shim
22:26:00        0      2902     10,60      0,00 1235352   14444   0,09  containerd-shim
22:26:00        0      2906     11,00      0,00 1235608   15144   0,09  containerd-shim
22:26:00     1000      4076      0,00      0,00  103828   13296   0,08  pipewire
22:26:00     1000      4205     59,40      0,00 5567440  317016   1,95  gnome-shell
22:26:00     1000      4825      0,20      0,00  778336   19924   0,12  xdg-desktop-por
22:26:00     1000      5426     41,80      0,00 1461669956  298836   1,84  antigravity
22:26:00     1000      5730     39,80      0,00 34381872  162940   1,00  antigravity
22:26:00     1000      5741      0,20      0,00 33914216   81552   0,50  antigravity
22:26:00     1000      5783    324,60      0,00 1463101592  472908   2,91  antigravity
22:26:00     1000      6224      0,20      0,00 50728556   64244   0,40  antigravity
22:26:00     1000      6236      9,20      0,00 1461347768  119128   0,73  antigravity
22:26:00     1000      6237      7,00      0,00 1461367108  132224   0,81  antigravity
22:26:00     1000      6238     27,00      0,00 1461351332  382244   2,35  antigravity
22:26:00     1000      6299     39,40      0,00 1461375356  125700   0,77  antigravity
22:26:00     1000      8301     39,60      0,00 8056372 1466140   9,03  java
22:26:00     1000     10403      0,20      0,00  571868   71356   0,44  gnome-terminal-
22:26:00        0     12044     48,80      0,00   37568    7084   0,04  (udev-worker)
22:26:00        0     12058     26,40      0,00   37568    6764   0,04  (udev-worker)
22:26:00        0     12059     56,80      0,00   37568    7148   0,04  (udev-worker)
22:26:00        0     12060     26,20      0,00   37568    6764   0,04  (udev-worker)
22:26:00        0     12061     25,60      0,00   37568    6764   0,04  (udev-worker)
22:26:00        0     12062     26,00      0,00   37568    6764   0,04  (udev-worker)
22:26:00        0     12063     26,20      0,00   37568    6764   0,04  (udev-worker)
22:26:00        0     12064     25,60      0,00   37568    6764   0,04  (udev-worker)
22:26:00        0     12066     26,20      0,00   37568    6764   0,04  (udev-worker)
22:26:00        0     12067     26,80      0,00   37568    6764   0,04  (udev-worker)
22:26:00        0     12068     26,40      0,00   37568    6764   0,04  (udev-worker)
22:26:00        0     12069     26,60      0,00   37568    6764   0,04  (udev-worker)
22:26:00        0     12070     26,40      0,00   37568    6764   0,04  (udev-worker)
22:26:00        0     12072     26,00      0,00   37568    6764   0,04  (udev-worker)
22:26:00        0     12073     35,60      0,00   37568    6764   0,04  (udev-worker)
22:26:00        0     12074     26,00      0,00   37568    6764   0,04  (udev-worker)

22:25:55      UID       PID   kB_rd/s   kB_wr/s kB_ccwr/s iodelay  Command
22:26:00     1000      5426      0,00      0,80      0,00       0  antigravity
22:26:00     1000      8268      0,00      1,21      0,00       0  pidstat
22:26:00     1000      8301      0,00     27,14      0,00       0  java

22:26:00      UID       PID    %usr %system  %guest   %wait    %CPU   CPU  Command
22:26:05        0        18    0,00    0,20    0,00    0,00    0,20     5  rcu_preempt
22:26:05        0        57    0,00    1,20    0,00    0,00    1,20     6  ksoftirqd/6
22:26:05        0       185    0,00    0,20    0,00    0,00    0,20     3  kworker/3:1-events
22:26:05        0       211    0,00    0,20    0,00    0,00    0,20     1  kworker/1:1H-events_highpri
22:26:05        0       372    0,20    0,20    0,00    0,00    0,40     0  systemd-journal
22:26:05        0       603    0,00    2,60    0,00    0,00    2,60     0  irq/130-iwlwifi
22:26:05        0      1399    0,20    0,00    0,00    0,00    0,20     7  glances
22:26:05        0      1412    0,00    0,20    0,00    0,00    0,20     5  tailscaled
22:26:05        0      1429    0,40    0,00    0,00    0,00    0,40     0  containerd
22:26:05        0      2497    0,20    0,20    0,00    0,00    0,40     2  dockerd
22:26:05      117      2498    0,60    0,20    0,00    0,00    0,80     5  grafana
22:26:05        0      2854    0,40    0,20    0,00    0,00    0,60     3  mount.ntfs-3g
22:26:05        0      2899    0,20    0,00    0,00    0,00    0,20     4  containerd-shim
22:26:05        0      2900    0,20    0,00    0,00    0,00    0,20     7  containerd-shim
22:26:05      999      3068    0,40    0,20    0,00    0,20    0,60     1  redis-server
22:26:05     1000      4075    0,00    0,20    0,00    0,00    0,20     5  dbus-daemon
22:26:05     1000      4205   10,60    5,80    0,00    0,40   16,40     4  gnome-shell
22:26:05     1000      4341    0,20    0,20    0,00    0,00    0,40     4  Xwayland
22:26:05     1000      4355    0,20    0,00    0,00    0,00    0,20     5  ibus-daemon
22:26:05     1000      4385    0,20    0,00    0,00    0,00    0,20     5  ABDownloadManag
22:26:05     1000      4853    0,20    0,00    0,00    0,00    0,20     3  xdg-desktop-por
22:26:05     1000      5426    3,60    1,00    0,00    0,40    4,60     7  antigravity
22:26:05     1000      5730    7,60    1,80    0,00    0,20    9,40     1  antigravity
22:26:05     1000      5783   21,60    1,20    0,00    0,20   22,80     7  antigravity
22:26:05     1000      6128    1,20    1,60    0,00    0,00    2,80     5  language_server
22:26:05     1000      6237    0,20    0,20    0,00    0,20    0,40     4  antigravity
22:26:05     1000      6238    0,80    0,20    0,00    1,60    1,00     4  antigravity
22:26:05     1000      6299    0,20    0,40    0,00    0,20    0,60     2  antigravity
22:26:05     1000      7071    2,00    0,80    0,00    0,00    2,80     6  language_server
22:26:05     1000      8268    0,40    0,00    0,00    0,00    0,40     3  pidstat
22:26:05     1000      8301   20,60    1,80    0,00    0,00   22,40     1  java
22:26:05     1000     10403    3,60    0,00    0,00    0,20    3,60     4  gnome-terminal-
22:26:05        0     10805    0,00    0,40    0,00    0,00    0,40     7  kworker/u33:1-rb_allocator
22:26:05        0     11079    0,00    0,40    0,00    1,00    0,40     6  kworker/6:1-i915-unordered

22:26:00      UID       PID  minflt/s  majflt/s     VSZ     RSS   %MEM  Command
22:26:05        0       372     32,40      1,00  154208   86220   0,53  systemd-journal
22:26:05        0       434      0,80      0,00   37564   10916   0,07  systemd-udevd
22:26:05        0       867      0,40      0,00    6792    2508   0,02  cron
22:26:05        0      2898     13,60      0,00 1235608   15024   0,09  containerd-shim
22:26:05        0      2899     15,40      0,00 1235608   14732   0,09  containerd-shim
22:26:05        0      2900     13,40      0,00 1235608   15284   0,09  containerd-shim
22:26:05        0      2902     14,60      0,00 1235352   14700   0,09  containerd-shim
22:26:05        0      2906     12,60      0,00 1235608   15272   0,09  containerd-shim
22:26:05     1000      4205     53,40      0,00 5566872  319320   1,97  gnome-shell
22:26:05     1000      5426     62,00      0,40 1461670180  300004   1,85  antigravity
22:26:05     1000      5730     66,60      0,00 34375704  163836   1,01  antigravity
22:26:05     1000      5741      0,20      0,00 33914216   81552   0,50  antigravity
22:26:05     1000      5783    526,80      0,00 1463101592  468292   2,88  antigravity
22:26:05     1000      6224      0,20      0,00 50728556   64244   0,40  antigravity
22:26:05     1000      6236      7,00      0,00 1461347768  119128   0,73  antigravity
22:26:05     1000      6237      3,80      0,00 1461367108  132224   0,81  antigravity
22:26:05     1000      6238     14,00      0,00 1461351332  382372   2,36  antigravity
22:26:05     1000      6299    118,60      0,00 1461375356  125688   0,77  antigravity
22:26:05     1000      8301     16,00      0,00 8056372 1466268   9,03  java

22:26:00      UID       PID   kB_rd/s   kB_wr/s kB_ccwr/s iodelay  Command
22:26:05     1000      5426     40,80      0,00      0,00       0  antigravity
22:26:05     1000      8268      0,00      1,65      0,00       0  pidstat
22:26:05     1000      8301      0,00     28,50      0,00       0  java

22:26:05      UID       PID    %usr %system  %guest   %wait    %CPU   CPU  Command
22:26:10        0        17    0,20    0,00    0,00    0,00    0,20     0  ksoftirqd/0
22:26:10        0        57    0,00    1,60    0,00    0,00    1,60     6  ksoftirqd/6
22:26:10        0       118    0,00    0,20    0,00    0,00    0,20     7  kworker/u33:0-rb_allocator
22:26:10        0       603    0,00    2,40    0,00    0,00    2,40     0  irq/130-iwlwifi
22:26:10      115       901    0,20    0,00    0,00    0,00    0,20     0  prometheus
22:26:10        0      1412    0,20    0,00    0,00    0,00    0,20     5  tailscaled
22:26:10        0      1429    0,20    0,20    0,00    0,00    0,40     0  containerd
22:26:10        0      2497    0,40    0,00    0,00    0,00    0,40     2  dockerd
22:26:10      117      2498    0,60    0,20    0,00    0,00    0,80     5  grafana
22:26:10        0      2854    0,20    0,20    0,00    0,00    0,40     2  mount.ntfs-3g
22:26:10        0      2898    0,00    0,20    0,00    0,00    0,20     7  containerd-shim
22:26:10        0      2902    0,20    0,00    0,00    0,00    0,20     6  containerd-shim
22:26:10        0      2906    0,20    0,00    0,00    0,00    0,20     0  containerd-shim
22:26:10      999      3068    0,40    0,00    0,00    0,00    0,40     6  redis-server
22:26:10     1000      4205    7,00    4,00    0,00    0,00   11,00     4  gnome-shell
22:26:10     1000      4385    0,20    0,20    0,00    0,00    0,40     5  ABDownloadManag
22:26:10     1000      4825    0,20    0,00    0,00    0,00    0,20     3  xdg-desktop-por
22:26:10     1000      5426    2,40    1,20    0,00    0,20    3,60     5  antigravity
22:26:10     1000      5730    5,80    1,60    0,00    0,00    7,40     6  antigravity
22:26:10     1000      5783    5,80    0,40    0,00    0,00    6,20     7  antigravity
22:26:10     1000      6128    1,40    1,20    0,00    0,20    2,60     0  language_server
22:26:10     1000      6237    0,40    0,00    0,00    0,00    0,40     0  antigravity
22:26:10     1000      6238    1,00    0,20    0,00    0,00    1,20     7  antigravity
22:26:10     1000      6299    0,20    0,20    0,00    0,00    0,40     2  antigravity
22:26:10     1000      7071    1,60    1,00    0,00    0,00    2,60     6  language_server
22:26:10     1000      8268    0,20    0,40    0,00    0,00    0,60     3  pidstat
22:26:10     1000      8301   19,00    2,60    0,00    0,00   21,60     1  java
22:26:10     1000     10403    0,80    0,00    0,00    0,00    0,80     3  gnome-terminal-
22:26:10        0     10805    0,00    0,40    0,00    0,20    0,40     2  kworker/u33:1-i915_flip
22:26:10        0     11079    0,00    0,60    0,00    0,60    0,60     6  kworker/6:1-i915-unordered

22:26:05      UID       PID  minflt/s  majflt/s     VSZ     RSS   %MEM  Command
22:26:10        0      1412      0,20      0,00 1355524  104184   0,64  tailscaled
22:26:10        0      2898      9,80      0,00 1235608   15152   0,09  containerd-shim
22:26:10        0      2899      6,20      0,00 1235608   14860   0,09  containerd-shim
22:26:10        0      2900      6,20      0,00 1235608   15412   0,09  containerd-shim
22:26:10        0      2902      1,60      0,00 1235352   14700   0,09  containerd-shim
22:26:10        0      2906      4,60      0,00 1235608   15400   0,09  containerd-shim
22:26:10     1000      4205     28,00      0,00 5546392  319260   1,97  gnome-shell
22:26:10     1000      5426     39,00      0,00 1461670180  300340   1,85  antigravity
22:26:10     1000      5730      7,80      0,00 34355544  163336   1,01  antigravity
22:26:10     1000      5741      0,20      0,00 33914216   81552   0,50  antigravity
22:26:10     1000      5783     88,40      0,00 1463101592  469036   2,89  antigravity
22:26:10     1000      6224      0,20      0,00 50728556   64244   0,40  antigravity
22:26:10     1000      6236      4,20      0,00 1461347768  119128   0,73  antigravity
22:26:10     1000      6237      3,40      0,00 1461367108  132092   0,81  antigravity
22:26:10     1000      6238     29,20      0,00 1461351332  382364   2,36  antigravity
22:26:10     1000      6299     91,20      0,00 1461375356  125688   0,77  antigravity
22:26:10     1000      8301    169,80      0,00 8056372 1469596   9,05  java
22:26:10     1000     10403      0,20      0,00  571868   71356   0,44  gnome-terminal-

22:26:05      UID       PID   kB_rd/s   kB_wr/s kB_ccwr/s iodelay  Command
22:26:10     1000      8268      0,00      1,00      0,00       0  pidstat
22:26:10     1000      8301      0,00     38,48      0,00       0  java

22:26:10      UID       PID    %usr %system  %guest   %wait    %CPU   CPU  Command
22:26:15        0         1    0,20    0,00    0,00    0,00    0,20     2  systemd
22:26:15        0        12    0,00    0,20    0,00    0,00    0,20     2  kworker/u32:0-events_unbound
22:26:15        0        27    0,20    0,00    0,00    0,00    0,20     1  ksoftirqd/1
22:26:15        0        57    0,00    1,80    0,00    0,00    1,80     6  ksoftirqd/6
22:26:15        0        82    0,00    0,20    0,00    0,00    0,20     7  khugepaged
22:26:15        0        86    0,00    0,20    0,00    0,00    0,20     1  irq/9-acpi
22:26:15        0       603    0,00    2,00    0,00    0,00    2,00     0  irq/130-iwlwifi
22:26:15      990       869    0,80    0,00    0,00    0,00    0,80     7  dbus-daemon
22:26:15      986       892    0,20    0,00    0,00    0,00    0,20     0  polkitd
22:26:15      115       897    1,40    0,40    0,00    0,00    1,80     2  prometheus-node
22:26:15      115       901    0,20    0,00    0,00    0,00    0,20     0  prometheus
22:26:15        0       910    0,60    0,00    0,00    0,00    0,60     7  udisksd
22:26:15        0      1399    0,20    0,00    0,00    0,00    0,20     7  glances
22:26:15        0      1412    0,20    0,00    0,00    0,00    0,20     2  tailscaled
22:26:15        0      1429    0,60    0,00    0,00    0,00    0,60     0  containerd
22:26:15        0      2497    0,40    0,20    0,00    0,00    0,60     2  dockerd
22:26:15      117      2498    0,60    0,20    0,00    0,00    0,80     5  grafana
22:26:15        0      2854    0,20    0,20    0,00    0,00    0,40     3  mount.ntfs-3g
22:26:15        0      2898    0,20    0,00    0,00    0,00    0,20     7  containerd-shim
22:26:15        0      2900    0,00    0,20    0,00    0,00    0,20     7  containerd-shim
22:26:15        0      2902    0,00    0,20    0,00    0,00    0,20     6  containerd-shim
22:26:15      999      3068    0,40    0,00    0,00    0,00    0,40     0  redis-server
22:26:15     1000      4075    0,20    0,00    0,00    0,00    0,20     0  dbus-daemon
22:26:15     1000      4205    6,80    4,40    0,00    0,00   11,20     2  gnome-shell
22:26:15     1000      4417    0,20    0,00    0,00    0,00    0,20     3  gsd-disk-utilit
22:26:15     1000      4576    0,20    0,00    0,00    0,00    0,20     6  gvfs-udisks2-vo
22:26:15     1000      5426    1,80    1,60    0,00    0,00    3,40     1  antigravity
22:26:15     1000      5730    6,20    1,40    0,00    0,00    7,60     2  antigravity
22:26:15     1000      5783    5,40    0,80    0,00    0,00    6,20     0  antigravity
22:26:15     1000      6128    1,40    1,40    0,00    0,00    2,80     6  language_server
22:26:15     1000      6237    0,20    0,20    0,00    0,00    0,40     5  antigravity
22:26:15     1000      6238    0,60    0,20    0,00    0,00    0,80     7  antigravity
22:26:15     1000      6299    0,20    0,00    0,00    0,00    0,20     0  antigravity
22:26:15     1000      7071    2,00    0,80    0,00    0,00    2,80     6  language_server
22:26:15     1000      8268    0,20    0,20    0,00    0,00    0,40     3  pidstat
22:26:15     1000      8301   10,00    1,40    0,00    0,00   11,40     1  java
22:26:15     1000     10403    1,60    0,00    0,00    0,00    1,60     7  gnome-terminal-
22:26:15        0     10805    0,00    0,40    0,00    0,00    0,40     7  kworker/u33:1-rb_allocator
22:26:15        0     10862    0,20    0,00    0,00    0,00    0,20     0  kworker/0:0-events
22:26:15        0     11079    0,00    0,60    0,00    0,60    0,60     6  kworker/6:1-i915-unordered

22:26:10      UID       PID  minflt/s  majflt/s     VSZ     RSS   %MEM  Command
22:26:15      115       897     44,20      0,00 1614080   25052   0,15  prometheus-node
22:26:15        0       910      2,00      0,00  470492   14864   0,09  udisksd
22:26:15        0      1429      0,80      0,00 2537656   71756   0,44  containerd
22:26:15      114      1529      3,80      0,00  218252   29564   0,18  postgres
22:26:15        0      2898      5,40      0,00 1235608   15280   0,09  containerd-shim
22:26:15        0      2899      0,20      0,00 1235608   14860   0,09  containerd-shim
22:26:15        0      2900      0,20      0,00 1235608   15412   0,09  containerd-shim
22:26:15        0      2902      2,80      0,00 1235352   14700   0,09  containerd-shim
22:26:15        0      2906      3,20      0,00 1235608   15528   0,10  containerd-shim
22:26:15     1000      4205      0,80      0,00 5566872  319260   1,97  gnome-shell
22:26:15     1000      4385      0,40      0,00 9286580  284544   1,75  ABDownloadManag
22:26:15     1000      5426     54,60      0,00 1461670180  300480   1,85  antigravity
22:26:15     1000      5730     13,80      0,00 34355480  163592   1,01  antigravity
22:26:15     1000      5741      0,40      0,00 33914216   81552   0,50  antigravity
22:26:15     1000      5783     72,00      0,00 1463101592  469924   2,89  antigravity
22:26:15     1000      5829      1,00      0,00 1459611400  173036   1,07  antigravity
22:26:15     1000      6224      0,40      0,00 50728556   64244   0,40  antigravity
22:26:15     1000      6236      4,20      0,00 1461347768  119128   0,73  antigravity
22:26:15     1000      6237      3,40      0,00 1461367108  132092   0,81  antigravity
22:26:15     1000      6238     16,80      0,00 1461351332  382472   2,36  antigravity
22:26:15     1000      6299      2,60      0,00 1461375356  125688   0,77  antigravity
22:26:15     1000      6689      0,20      0,00 1476307752  119724   0,74  antigravity
22:26:15     1000      7164      3,20      0,00 1459563320   96348   0,59  antigravity
22:26:15     1000      8301     19,60      0,00 8056372 1470108   9,06  java

22:26:10      UID       PID   kB_rd/s   kB_wr/s kB_ccwr/s iodelay  Command
22:26:15     1000      8268      0,00      0,90      0,00       0  pidstat
22:26:15     1000      8301      0,00     18,52      0,00       0  java


Rata-rata:    UID       PID    %usr %system  %guest   %wait    %CPU   CPU  Command
Rata-rata:      0         1    0,09    0,04    0,00    0,00    0,13     -  systemd
Rata-rata:      0        12    0,00    0,00    0,00    0,00    0,00     -  kworker/u32:0-events_unbound
Rata-rata:      0        17    0,04    0,00    0,00    0,02    0,04     -  ksoftirqd/0
Rata-rata:      0        18    0,00    0,06    0,00    0,21    0,06     -  rcu_preempt
Rata-rata:      0        27    0,03    0,00    0,00    0,00    0,03     -  ksoftirqd/1
Rata-rata:      0        33    0,01    0,00    0,00    0,00    0,01     -  ksoftirqd/2
Rata-rata:      0        39    0,02    0,00    0,00    0,00    0,02     -  ksoftirqd/3
Rata-rata:      0        45    0,00    0,01    0,00    0,00    0,01     -  ksoftirqd/4
Rata-rata:      0        51    0,01    0,00    0,00    0,00    0,01     -  ksoftirqd/5
Rata-rata:      0        57    0,12    1,59    0,00    0,03    1,71     -  ksoftirqd/6
Rata-rata:      0        63    0,02    0,00    0,00    0,00    0,02     -  ksoftirqd/7
Rata-rata:      0        67    0,00    0,02    0,00    0,04    0,02     -  kworker/u32:1-flush-8:0
Rata-rata:      0        68    0,00    0,04    0,00    0,06    0,04     -  kworker/u32:2-flush-8:0
Rata-rata:      0        71    0,00    0,01    0,00    0,50    0,01     -  kworker/u32:5-flush-8:0
Rata-rata:      0        80    0,00    0,00    0,00    0,15    0,00     -  kcompactd0
Rata-rata:      0        82    0,00    0,01    0,00    0,00    0,01     -  khugepaged
Rata-rata:      0        86    0,00    0,06    0,00    0,00    0,06     -  irq/9-acpi
Rata-rata:      0        87    0,00    0,02    0,00    0,02    0,02     -  kworker/5:1-events
Rata-rata:      0        94    0,00    0,01    0,00    0,01    0,01     -  kworker/2:1-events
Rata-rata:      0        95    0,00    0,01    0,00    0,00    0,01     -  kworker/0:1H-events_highpri
Rata-rata:      0       109    0,00    0,00    0,00    0,00    0,00     -  hwrng
Rata-rata:      0       118    0,00    0,24    0,00    0,17    0,24     -  kworker/u33:0-rb_allocator
Rata-rata:      0       174    0,00    0,01    0,00    0,00    0,01     -  kworker/3:1H-events_highpri
Rata-rata:      0       185    0,00    0,02    0,00    0,02    0,02     -  kworker/3:1-i915-unordered
Rata-rata:      0       211    0,00    0,01    0,00    0,00    0,01     -  kworker/1:1H-events_highpri
Rata-rata:      0       221    0,00    0,01    0,00    0,00    0,01     -  kworker/5:1H-events_highpri
Rata-rata:      0       224    0,00    0,01    0,00    0,00    0,01     -  kworker/4:1H-events_highpri
Rata-rata:      0       225    0,00    0,02    0,00    0,00    0,02     -  kworker/6:1H-events_highpri
Rata-rata:      0       226    0,00    0,01    0,00    0,00    0,01     -  kworker/2:1H-events_highpri
Rata-rata:      0       232    0,00    0,01    0,00    0,00    0,01     -  kworker/7:1H-events_highpri
Rata-rata:      0       250    0,00    0,02    0,00    0,02    0,02     -  kworker/4:2-events
Rata-rata:      0       317    0,00    0,03    0,00    0,02    0,03     -  kworker/0:2-events
Rata-rata:      0       318    0,00    0,00    0,00    0,00    0,00     -  jbd2/sda4-8
Rata-rata:      0       372    0,02    0,01    0,00    0,00    0,03     -  systemd-journal
Rata-rata:      0       384    0,00    0,03    0,00    0,06    0,03     -  kworker/6:2-cgroup_free
Rata-rata:      0       434    0,01    0,02    0,00    0,01    0,03     -  systemd-udevd
Rata-rata:      0       603    0,00    2,59    0,00    0,02    2,59     -  irq/130-iwlwifi
Rata-rata:      0       634    0,00    0,03    0,00    0,09    0,03     -  kworker/u32:11-events_unbound
Rata-rata:      0       681    0,00    0,03    0,00    0,03    0,03     -  kworker/u33:2-rb_allocator
Rata-rata:    102       862    0,01    0,00    0,00    0,00    0,01     -  avahi-daemon
Rata-rata:    990       869    0,30    0,03    0,00    0,01    0,33     -  dbus-daemon
Rata-rata:    986       892    0,01    0,00    0,00    0,00    0,01     -  polkitd
Rata-rata:    115       897    0,45    0,18    0,00    0,00    0,63     -  prometheus-node
Rata-rata:    115       901    0,17    0,01    0,00    0,00    0,18     -  prometheus
Rata-rata:      0       909    0,01    0,00    0,00    0,00    0,01     -  systemd-logind
Rata-rata:      0       910    0,01    0,00    0,00    0,00    0,01     -  udisksd
Rata-rata:      0      1048    0,00    0,02    0,00    0,01    0,02     -  kworker/1:3-events
Rata-rata:      0      1050    0,02    0,01    0,00    0,00    0,03     -  NetworkManager
Rata-rata:      0      1112    0,00    0,00    0,00    0,00    0,00     -  ModemManager
Rata-rata:      0      1399    0,14    0,01    0,00    0,00    0,15     -  glances
Rata-rata:      0      1412    0,12    0,07    0,00    0,00    0,19     -  tailscaled
Rata-rata:      0      1429    0,31    0,15    0,00    0,00    0,46     -  containerd
Rata-rata:      0      1432    0,01    0,01    0,00    0,00    0,02     -  anydesk
Rata-rata:    111      1508    0,01    0,01    0,00    0,00    0,01     -  mariadbd
Rata-rata:      0      1541    0,00    0,00    0,00    0,00    0,00     -  apache2
Rata-rata:     33      1554    0,00    0,00    0,00    0,00    0,00     -  apache2
Rata-rata:      0      1796    0,00    0,02    0,00    0,02    0,02     -  kworker/7:3-events
Rata-rata:    108      1924    0,00    0,00    0,00    0,00    0,00     -  rtkit-daemon
Rata-rata:      0      2126    0,00    0,00    0,00    0,00    0,01     -  upowerd
Rata-rata:      0      2496    0,01    0,00    0,00    0,00    0,01     -  cups-browsed
Rata-rata:      0      2497    0,42    0,24    0,00    0,00    0,66     -  dockerd
Rata-rata:    117      2498    0,64    0,25    0,00    0,00    0,89     -  grafana
Rata-rata:      0      2854    0,28    0,26    0,00    0,02    0,54     -  mount.ntfs-3g
Rata-rata:      0      2898    0,06    0,06    0,00    0,00    0,12     -  containerd-shim
Rata-rata:      0      2899    0,06    0,05    0,00    0,00    0,11     -  containerd-shim
Rata-rata:      0      2900    0,06    0,06    0,00    0,00    0,12     -  containerd-shim
Rata-rata:      0      2902    0,07    0,05    0,00    0,00    0,12     -  containerd-shim
Rata-rata:      0      2906    0,06    0,06    0,00    0,00    0,12     -  containerd-shim
Rata-rata:    999      3068    0,41    0,05    0,00    0,01    0,46     -  redis-server
Rata-rata:      0      3082    0,00    0,00    0,00    0,00    0,00     -  node
Rata-rata:     70      3494    0,00    0,00    0,00    0,00    0,00     -  postgres
Rata-rata:     70      3495    0,00    0,00    0,00    0,00    0,00     -  postgres
Rata-rata:      0      3749    0,00    0,40    0,00    0,56    0,40     -  kworker/6:5-i915-unordered
Rata-rata:   1000      4052    0,02    0,01    0,00    0,00    0,04     -  systemd
Rata-rata:   1000      4075    0,04    0,01    0,00    0,01    0,05     -  dbus-daemon
Rata-rata:   1000      4076    0,00    0,00    0,00    0,00    0,01     -  pipewire
Rata-rata:   1000      4079    0,01    0,00    0,00    0,00    0,01     -  wireplumber
Rata-rata:   1000      4080    0,00    0,00    0,00    0,00    0,00     -  pipewire-pulse
Rata-rata:   1000      4176    0,00    0,00    0,00    0,00    0,00     -  gvfsd
Rata-rata:   1000      4205    7,52    4,51    0,00    0,14   12,02     -  gnome-shell
Rata-rata:   1000      4207    0,00    0,00    0,00    0,00    0,00     -  at-spi-bus-laun
Rata-rata:   1000      4341    0,00    0,00    0,00    0,00    0,01     -  Xwayland
Rata-rata:   1000      4355    0,03    0,01    0,00    0,00    0,04     -  ibus-daemon
Rata-rata:   1000      4364    0,01    0,00    0,00    0,00    0,02     -  gsd-housekeepin
Rata-rata:   1000      4375    0,00    0,00    0,00    0,00    0,01     -  gsd-media-keys
Rata-rata:   1000      4380    0,01    0,01    0,00    0,00    0,02     -  anydesk
Rata-rata:   1000      4382    0,01    0,00    0,00    0,00    0,01     -  gsd-rfkill
Rata-rata:   1000      4385    0,24    0,06    0,00    0,00    0,30     -  ABDownloadManag
Rata-rata:   1000      4387    0,02    0,00    0,00    0,00    0,02     -  gsd-sharing
Rata-rata:   1000      4399    0,01    0,00    0,00    0,00    0,01     -  gnome-software
Rata-rata:   1000      4417    0,00    0,00    0,00    0,00    0,00     -  gsd-disk-utilit
Rata-rata:   1000      4503    0,00    0,00    0,00    0,00    0,01     -  ibus-extension-
Rata-rata:   1000      4576    0,01    0,01    0,00    0,00    0,02     -  gvfs-udisks2-vo
Rata-rata:   1000      4664    0,01    0,00    0,00    0,00    0,01     -  goa-daemon
Rata-rata:   1000      4716    0,00    0,00    0,00    0,00    0,00     -  gvfs-afc-volume
Rata-rata:   1000      4727    0,01    0,00    0,00    0,00    0,01     -  ibus-engine-sim
Rata-rata:   1000      4780    0,00    0,00    0,00    0,25    0,00     -  gvfsd-trash
Rata-rata:   1000      4825    0,06    0,02    0,00    0,00    0,08     -  xdg-desktop-por
Rata-rata:   1000      4841    0,00    0,00    0,00    0,00    0,00     -  xdg-document-po
Rata-rata:   1000      4853    0,03    0,01    0,00    0,00    0,04     -  xdg-desktop-por
Rata-rata:   1000      4903    0,00    0,00    0,00    0,00    0,00     -  gsd-xsettings
Rata-rata:      0      5014    0,01    0,00    0,00    0,00    0,01     -  fwupd
Rata-rata:   1000      5426    2,64    1,06    0,00    0,09    3,71     -  antigravity
Rata-rata:   1000      5730    6,20    1,49    0,00    0,09    7,69     -  antigravity
Rata-rata:   1000      5741    0,00    0,00    0,00    0,00    0,00     -  antigravity
Rata-rata:   1000      5783    9,11    0,76    0,00    0,10    9,87     -  antigravity
Rata-rata:   1000      6128    1,46    1,16    0,00    0,48    2,62     -  language_server
Rata-rata:   1000      6236    0,01    0,01    0,00    0,00    0,02     -  antigravity
Rata-rata:   1000      6237    0,67    0,26    0,00    0,02    0,93     -  antigravity
Rata-rata:   1000      6238    1,59    0,20    0,00    0,10    1,79     -  antigravity
Rata-rata:   1000      6299    0,21    0,13    0,00    0,01    0,34     -  antigravity
Rata-rata:   1000      6689    0,00    0,00    0,00    0,00    0,01     -  antigravity
Rata-rata:   1000      7071    1,58    1,08    0,00    0,00    2,65     -  language_server
Rata-rata:   1000      7164    0,01    0,00    0,00    0,00    0,02     -  antigravity
Rata-rata:   1000      7191    0,04    0,00    0,00    0,00    0,05     -  antigravity
Rata-rata:   1000      7192    0,16    0,01    0,00    0,00    0,16     -  antigravity
Rata-rata:   1000      7207    0,01    0,00    0,00    0,00    0,01     -  antigravity
Rata-rata:   1000      8268    0,16    0,29    0,00    0,00    0,46     -  pidstat
Rata-rata:   1000      8301   25,58    4,11    0,00    0,00   29,69     -  java
Rata-rata:   1000     10403    1,51    0,04    0,00    0,02    1,54     -  gnome-terminal-
Rata-rata:   1000     10410    0,01    0,01    0,00    0,00    0,01     -  bash
Rata-rata:   1000     10772    0,04    0,01    0,00    0,73    0,04     -  ssh
Rata-rata:      0     10805    0,00    0,23    0,00    1,01    0,23     -  kworker/u33:1-rb_allocator
Rata-rata:      0     10862    0,02    0,00    0,00    0,01    0,02     -  kworker/0:0-events
Rata-rata:      0     11015    0,01    0,00    0,00    0,01    0,01     -  kworker/2:2-events
Rata-rata:      0     11079    0,00    0,13    0,00    0,15    0,13     -  kworker/6:1-i915-unordered

Rata-rata:    UID       PID  minflt/s  majflt/s     VSZ     RSS   %MEM  Command
Rata-rata:      0         1      2,14      0,00   24716   14988   0,09  systemd
Rata-rata:      0       372      8,40      0,07  147100   83045   0,51  systemd-journal
Rata-rata:      0       434      8,13      0,00   37564   10916   0,07  systemd-udevd
Rata-rata:      0       867      0,03      0,00    6792    2508   0,02  cron
Rata-rata:    115       897     23,96      0,00 1614080   24792   0,15  prometheus-node
Rata-rata:    115       901      1,16      0,00 2499520  102118   0,63  prometheus
Rata-rata:      0       910      0,03      0,00  470492   14738   0,09  udisksd
Rata-rata:      0      1412      0,04      0,00 1355524  104926   0,65  tailscaled
Rata-rata:      0      1429      2,06      0,00 2537656   72388   0,45  containerd
Rata-rata:    114      1529      0,90      0,00  218252   29564   0,18  postgres
Rata-rata:    114      1614      0,20      0,00  218404    8617   0,05  postgres
Rata-rata:      0      2497      0,26      0,00 3427484  111484   0,69  dockerd
Rata-rata:    117      2498      0,52      0,00 1765110  320126   1,97  grafana
Rata-rata:      0      2898      7,52      0,00 1235608   14623   0,09  containerd-shim
Rata-rata:      0      2899      6,54      0,00 1235608   14758   0,09  containerd-shim
Rata-rata:      0      2900      6,51      0,00 1235608   14853   0,09  containerd-shim
Rata-rata:      0      2902      6,71      0,00 1235352   14494   0,09  containerd-shim
Rata-rata:      0      2906      6,55      0,00 1235608   14734   0,09  containerd-shim
Rata-rata:    117      3039      0,09      0,00 1296324   35223   0,22  gpx_grafana_ela
Rata-rata:     70      3063      0,34      0,00  174540   25872   0,16  postgres
Rata-rata:      0      3082      0,00      0,00  742736   77037   0,47  node
Rata-rata:     70      3488      0,16      0,00  174660    6754   0,04  postgres
Rata-rata:     70      3489      0,00      0,00  174636    5932   0,04  postgres
Rata-rata:     70      3491      0,16      0,00  174660    6595   0,04  postgres
Rata-rata:    117      3502      0,00      0,00 1284500   25431   0,16  gpx_grafana-zip
Rata-rata:   1000      4052      0,01      0,00   23516   13576   0,08  systemd
Rata-rata:   1000      4075      0,05      0,00    9528    5444   0,03  dbus-daemon
Rata-rata:   1000      4076      0,49      0,00  103727   13200   0,08  pipewire
Rata-rata:   1000      4080      1,09      0,00  101200   10071   0,06  pipewire-pulse
Rata-rata:   1000      4164      0,05      0,00   10540    6541   0,04  ssh-agent
Rata-rata:   1000      4205     48,00      0,00 5492164  306412   1,89  gnome-shell
Rata-rata:   1000      4219      0,02      0,00    8346    4504   0,03  dbus-daemon
Rata-rata:   1000      4341      0,02      0,00  539464   85444   0,53  Xwayland
Rata-rata:   1000      4357      0,00      0,00  408556   20160   0,12  gsd-color
Rata-rata:   1000      4378      0,01      0,00  410516   21648   0,13  gsd-power
Rata-rata:   1000      4385      0,05      0,00 9286580  284544   1,75  ABDownloadManag
Rata-rata:   1000      4513      0,00      0,00  308612    7352   0,05  ibus-portal
Rata-rata:   1000      4727      0,00      0,00  169392    7136   0,04  ibus-engine-sim
Rata-rata:   1000      4825      0,03      0,00  778336   19805   0,12  xdg-desktop-por
Rata-rata:   1000      4853      0,00      0,00  673660   43508   0,27  xdg-desktop-por
Rata-rata:   1000      4903      0,00      0,00  632840   83172   0,51  gsd-xsettings
Rata-rata:   1000      4976      0,00      0,00  415564   28600   0,18  xdg-desktop-por
Rata-rata:   1000      5426     49,15      0,01 1461669982  298539   1,84  antigravity
Rata-rata:   1000      5730     14,62      0,00 34354248  163133   1,00  antigravity
Rata-rata:   1000      5741      0,32      0,00 33914216   81543   0,50  antigravity
Rata-rata:   1000      5783    199,86      0,00 1463101712  471488   2,90  antigravity
Rata-rata:   1000      5829      0,55      0,00 1459611400  173030   1,07  antigravity
Rata-rata:   1000      6128      0,84      0,00 4909112  329514   2,03  language_server
Rata-rata:   1000      6224      0,25      0,00 50728556   64244   0,40  antigravity
Rata-rata:   1000      6236      5,56      0,00 1461347768  119134   0,73  antigravity
Rata-rata:   1000      6237     11,27      0,00 1461367108  132079   0,81  antigravity
Rata-rata:   1000      6238    136,87      0,00 1461351332  354397   2,18  antigravity
Rata-rata:   1000      6299     51,34      0,00 1461375356  125803   0,78  antigravity
Rata-rata:   1000      6689      0,09      0,00 1476307752  119724   0,74  antigravity
Rata-rata:   1000      7071      0,17      0,00 4908596  292487   1,80  language_server
Rata-rata:   1000      7164      1,59      0,00 1459563320   96605   0,60  antigravity
Rata-rata:   1000      7191      7,36      0,00 1459530600  146989   0,91  antigravity
Rata-rata:   1000      7192      8,82      0,00 1459530536  279633   1,72  antigravity
Rata-rata:   1000      7207      0,01      0,00 1459530536   86924   0,54  antigravity
Rata-rata:   1000      8235      0,29      0,00    7148    3296   0,02  bash
Rata-rata:   1000      8268      0,13      0,00    6308    5280   0,03  pidstat
Rata-rata:   1000      8270      0,06      0,00    2676    1848   0,01  jmeter
Rata-rata:   1000      8301    359,33      0,04 8054881 1051820   6,48  java
Rata-rata:   1000     10403     40,61      0,06  569931   69566   0,43  gnome-terminal-
Rata-rata:   1000     10410      9,02      0,00   13060    9884   0,06  bash
Rata-rata:   1000     10772      2,53      0,02   14461    9178   0,06  ssh

Rata-rata:    UID       PID   kB_rd/s   kB_wr/s kB_ccwr/s iodelay  Command
Rata-rata:   1000      4079      0,00      0,01      0,00       0  wireplumber
Rata-rata:   1000      4205      2,09      1,51      0,00       0  gnome-shell
Rata-rata:   1000      5426      0,61      0,68      0,00       0  antigravity
Rata-rata:   1000      5741      0,00      0,05      0,00       0  antigravity
Rata-rata:   1000      5783      0,38      0,00      0,00       0  antigravity
Rata-rata:   1000      5829      0,18      0,00      0,00       0  antigravity
Rata-rata:   1000      6238      0,00      0,01      0,00       0  antigravity
Rata-rata:   1000      8235      2,40      3,25      1,49       0  bash
Rata-rata:   1000      8268      0,00      1,03      0,00       0  pidstat
Rata-rata:   1000      8301     43,70     47,38      0,00       0  java
Rata-rata:   1000     10403      8,18      0,00      0,00       0  gnome-terminal-
Rata-rata:   1000     10772      2,98      0,00      0,00       0  ssh
