Linux 6.12.94+deb13-amd64 (debian) 	02/07/26 	_x86_64_	(8 CPU)

00:49:21      UID       PID    %usr %system  %guest   %wait    %CPU   CPU  Command
00:49:26        0        17    0,00    0,20    0,00    0,00    0,20     7  rcu_preempt
00:49:26      115       933    0,20    0,00    0,00    0,00    0,20     2  prometheus
00:49:26        0      1383    0,20    0,00    0,00    0,00    0,20     7  glances
00:49:26        0      1391    0,20    0,00    0,00    0,00    0,20     2  tailscaled
00:49:26        0      1423    0,40    0,00    0,00    0,00    0,40     2  containerd
00:49:26        0      2310    0,40    0,20    0,00    0,00    0,60     4  dockerd
00:49:26      117      2312    0,40    0,40    0,00    0,00    0,80     3  grafana
00:49:26        0      2932    0,00    0,20    0,00    0,00    0,20     2  mount.ntfs-3g
00:49:26        0      2976    0,20    0,00    0,00    0,00    0,20     6  containerd-shim
00:49:26        0      2981    0,00    0,20    0,00    0,00    0,20     0  containerd-shim
00:49:26        0      2982    0,20    0,00    0,00    0,00    0,20     1  containerd-shim
00:49:26      999      3130    0,40    0,00    0,00    0,00    0,40     2  redis-server
00:49:26     1000      4708    1,39    0,80    0,00    0,20    2,19     7  gnome-shell
00:49:26     1000      6317    1,00    0,00    0,00    0,20    1,00     7  antigravity
00:49:26     1000      6339    0,40    0,00    0,00    0,00    0,40     0  gnome-terminal-
00:49:26     1000      6757    2,39    0,40    0,00    0,20    2,79     5  antigravity
00:49:26     1000      6820   21,31    0,80    0,00    0,00   22,11     1  antigravity
00:49:26     1000      7059    1,39    1,39    0,00    0,00    2,79     7  language_server
00:49:26     1000      7229    0,60    0,20    0,00    0,00    0,80     7  antigravity
00:49:26     1000      7244    1,20    0,60    0,00    0,20    1,79     7  antigravity
00:49:26     1000      7260    2,19    0,20    0,00    0,00    2,39     1  antigravity
00:49:26     1000      8267    1,59    1,39    0,00    0,00    2,99     7  language_server
00:49:26     1000      9291    0,20    0,00    0,00    0,00    0,20     4  chrome
00:49:26     1000      9345    0,20    0,00    0,00    0,00    0,20     3  chrome
00:49:26        0     95637    0,00    0,20    0,00    0,00    0,20     3  kworker/3:0-events
00:49:26        0     97469    0,00    0,20    0,00    0,00    0,20     5  kworker/5:2-mm_percpu_wq
00:49:26        0     97806    0,00    0,20    0,00    0,20    0,20     6  kworker/6:2-mm_percpu_wq
00:49:26     1000     98039    0,00    0,20    0,00    0,00    0,20     2  antigravity
00:49:26        0    103884    0,00    0,20    0,00    0,00    0,20     4  kworker/4:1-mm_percpu_wq
00:49:26     1000    107542    0,20    0,20    0,00    0,00    0,40     3  pidstat
00:49:26     1000    107574  101,39    4,78    0,00    0,00  106,18     7  java

00:49:21      UID       PID  minflt/s  majflt/s     VSZ     RSS   %MEM  Command
00:49:26        0      2975      0,60      0,00 1235352   14108   0,09  containerd-shim
00:49:26        0      2976      5,18      0,00 1235608   15116   0,09  containerd-shim
00:49:26        0      2977      4,98      0,00 1235352   15328   0,09  containerd-shim
00:49:26        0      2981      3,59      0,00 1235608   14680   0,09  containerd-shim
00:49:26       70      3117      5,38      0,00  174540   25424   0,16  postgres
00:49:26     1000      4708      0,80      0,00 5454532  346772   2,14  gnome-shell
00:49:26     1000      6317     39,24      0,00 1461668528  315676   1,94  antigravity
00:49:26     1000      6757     58,96      0,00 34362364  169944   1,05  antigravity
00:49:26     1000      6771      0,60      0,00 33903964   81164   0,50  antigravity
00:49:26     1000      6820    574,30      0,00 1461417264  657224   4,05  antigravity
00:49:26     1000      7161      0,20      0,00 33951332   64332   0,40  antigravity
00:49:26     1000      7229    101,99      0,00 1461383544  129568   0,80  antigravity
00:49:26     1000      7244     19,72      0,00 1461351324  383024   2,36  antigravity
00:49:26     1000      7258      2,99      0,00 1461347760  125764   0,77  antigravity
00:49:26     1000      7260      6,18      0,00 1461367100  164172   1,01  antigravity
00:49:26     1000      8356      5,38      0,00 1459530528  100972   0,62  antigravity
00:49:26     1000      9291     15,74      0,00 55435272  374224   2,31  chrome
00:49:26     1000      9342      2,19      0,00 55467700  213584   1,32  chrome
00:49:26     1000      9345      8,37      0,00 54976356  135672   0,84  chrome
00:49:26     1000      9359      0,60      0,00 55015792   62536   0,39  chrome
00:49:26     1000     76014      0,60      0,00 1518513820  345424   2,13  chrome
00:49:26     1000     76063      0,20      0,00 55006444   86720   0,53  chrome
00:49:26     1000    107542      1,59      0,00    6184    5004   0,03  pidstat
00:49:26     1000    107543      4,18      0,00    2676    1700   0,01  jmeter
00:49:26     1000    107574   7397,21      0,00 6198124  240668   1,48  java

00:49:21      UID       PID   kB_rd/s   kB_wr/s kB_ccwr/s iodelay  Command
00:49:26     1000      9291      0,00     11,16      0,00       0  chrome
00:49:26     1000    107574      0,00      2,16      0,00       0  java

00:49:26      UID       PID    %usr %system  %guest   %wait    %CPU   CPU  Command
00:49:31        0       120    0,00    0,20    0,00    0,00    0,20     0  kworker/u33:0-i915_flip
00:49:31        0      1383    0,20    0,00    0,00    0,00    0,20     7  glances
00:49:31        0      1391    0,00    0,20    0,00    0,00    0,20     3  tailscaled
00:49:31        0      1423    0,40    0,00    0,00    0,00    0,40     2  containerd
00:49:31        0      2310    0,20    0,20    0,00    0,00    0,40     4  dockerd
00:49:31      117      2312    0,40    0,40    0,00    0,00    0,80     3  grafana
00:49:31        0      2932    0,40    0,20    0,00    0,00    0,60     7  mount.ntfs-3g
00:49:31        0      2975    0,20    0,00    0,00    0,00    0,20     7  containerd-shim
00:49:31        0      2977    0,20    0,00    0,00    0,00    0,20     7  containerd-shim
00:49:31        0      2982    0,00    0,20    0,00    0,00    0,20     1  containerd-shim
00:49:31      999      3130    0,40    0,00    0,00    0,00    0,40     2  redis-server
00:49:31     1000      4708    1,20    0,60    0,00    0,00    1,80     7  gnome-shell
00:49:31     1000      6317    0,20    0,20    0,00    0,00    0,40     7  antigravity
00:49:31     1000      6339    1,00    0,00    0,00    0,00    1,00     6  gnome-terminal-
00:49:31     1000      6757    0,00    0,20    0,00    0,00    0,20     5  antigravity
00:49:31     1000      6820    1,00    0,20    0,00    0,00    1,20     2  antigravity
00:49:31     1000      7059    1,80    1,20    0,00    0,00    3,00     7  language_server
00:49:31     1000      7229    0,40    0,00    0,00    0,00    0,40     1  antigravity
00:49:31     1000      7244    1,60    0,20    0,00    0,00    1,80     7  antigravity
00:49:31     1000      7258    0,20    0,00    0,00    0,00    0,20     7  antigravity
00:49:31     1000      7260    0,60    0,00    0,00    0,00    0,60     1  antigravity
00:49:31     1000      8267    2,60    0,60    0,00    0,00    3,20     7  language_server
00:49:31     1000      8356    0,20    0,00    0,00    0,00    0,20     4  antigravity
00:49:31     1000      9519    0,20    0,00    0,00    0,00    0,20     7  chrome
00:49:31     1000     76025    0,00    0,20    0,00    0,00    0,20     5  chrome
00:49:31     1000     91682    0,00    0,20    0,00    0,00    0,20     3  ssh
00:49:31        0     99361    0,00    0,20    0,00    0,00    0,20     5  kworker/u32:3-flush-8:0
00:49:31        0    100626    0,00    0,20    0,00    0,00    0,20     2  kworker/2:1-events
00:49:31     1000    107542    0,40    0,20    0,00    0,00    0,60     3  pidstat
00:49:31     1000    107574    6,00    0,20    0,00    0,00    6,20     7  java

00:49:26      UID       PID  minflt/s  majflt/s     VSZ     RSS   %MEM  Command
00:49:31      115       933      0,20      0,00 2711492  116028   0,71  prometheus
00:49:31        0      2975     10,60      0,00 1235352   13684   0,08  containerd-shim
00:49:31        0      2976      5,40      0,00 1235608   14292   0,09  containerd-shim
00:49:31        0      2977     11,20      0,00 1235352   15016   0,09  containerd-shim
00:49:31        0      2981      8,80      0,00 1235608   13992   0,09  containerd-shim
00:49:31        0      2982     12,00      0,00 1235608   14628   0,09  containerd-shim
00:49:31     1000      4708      7,20      0,00 5454532  346772   2,14  gnome-shell
00:49:31     1000      6317     35,80      0,00 1461668528  315636   1,94  antigravity
00:49:31     1000      6757      7,00      0,00 34350204  169944   1,05  antigravity
00:49:31     1000      6771      1,20      0,00 33903964   81164   0,50  antigravity
00:49:31     1000      6820    131,00      0,00 1461417264  657380   4,05  antigravity
00:49:31     1000      7161      0,20      0,00 33951332   64332   0,40  antigravity
00:49:31     1000      7229    131,80      0,00 1461383544  129432   0,80  antigravity
00:49:31     1000      7244     13,00      0,00 1461351324  383012   2,36  antigravity
00:49:31     1000      7258      2,60      0,00 1461347760  125764   0,77  antigravity
00:49:31     1000      7260      3,00      0,00 1461367100  164172   1,01  antigravity
00:49:31     1000      8356      5,20      0,00 1459530528  100972   0,62  antigravity
00:49:31     1000      9291      7,00      0,00 55435272  374224   2,31  chrome
00:49:31     1000      9342      2,20      0,00 55467700  213584   1,32  chrome
00:49:31     1000      9345      4,20      0,00 54976356  135672   0,84  chrome
00:49:31     1000      9359      0,60      0,00 55015792   62536   0,39  chrome
00:49:31     1000     76014      0,20      0,00 1518513820  345424   2,13  chrome
00:49:31     1000     76063      0,20      0,00 55006444   86720   0,53  chrome
00:49:31     1000    107574     55,20      0,00 6198124  237524   1,46  java

00:49:26      UID       PID   kB_rd/s   kB_wr/s kB_ccwr/s iodelay  Command
00:49:31     1000    107542      0,00      1,02      0,00       0  pidstat
00:49:31     1000    107574      0,00      0,21      0,00       0  java

00:49:31      UID       PID    %usr %system  %guest   %wait    %CPU   CPU  Command
00:49:36        0         1    0,20    0,00    0,00    0,00    0,20     1  systemd
00:49:36        0        86    0,00    0,20    0,00    0,00    0,20     1  irq/9-acpi
00:49:36      990       903    0,60    0,00    0,00    0,00    0,60     6  dbus-daemon
00:49:36      115       930    1,20    0,40    0,00    0,00    1,60     3  prometheus-node
00:49:36      115       933    0,20    0,00    0,00    0,00    0,20     2  prometheus
00:49:36        0      1391    0,20    0,20    0,00    0,00    0,40     3  tailscaled
00:49:36        0      1423    0,40    0,00    0,00    0,00    0,40     2  containerd
00:49:36        0      2310    0,40    0,20    0,00    0,00    0,60     4  dockerd
00:49:36      117      2312    0,80    0,40    0,00    0,00    1,20     3  grafana
00:49:36        0      2932    0,00    0,20    0,00    0,00    0,20     7  mount.ntfs-3g
00:49:36        0      2975    0,00    0,20    0,00    0,00    0,20     7  containerd-shim
00:49:36        0      2976    0,20    0,00    0,00    0,00    0,20     6  containerd-shim
00:49:36        0      2981    0,00    0,20    0,00    0,00    0,20     0  containerd-shim
00:49:36      999      3130    0,40    0,20    0,00    0,00    0,60     2  redis-server
00:49:36     1000      4708    0,80    0,00    0,00    0,00    0,80     4  gnome-shell
00:49:36     1000      6317    0,20    0,00    0,00    0,00    0,20     4  antigravity
00:49:36     1000      6339    0,40    0,00    0,00    0,00    0,40     6  gnome-terminal-
00:49:36     1000      6820    0,80    0,20    0,00    0,00    1,00     5  antigravity
00:49:36     1000      7059    1,60    1,20    0,00    0,20    2,80     5  language_server
00:49:36     1000      7229    0,40    0,00    0,00    0,00    0,40     2  antigravity
00:49:36     1000      7244    9,20    0,60    0,00    0,00    9,80     7  antigravity
00:49:36     1000      7260    0,60    0,00    0,00    0,00    0,60     4  antigravity
00:49:36     1000      8267    2,20    1,00    0,00    0,00    3,20     7  language_server
00:49:36     1000      9291    0,20    0,20    0,00    0,00    0,40     3  chrome
00:49:36     1000      9519    0,20    0,20    0,00    0,00    0,40     7  chrome
00:49:36        0     93905    0,00    0,20    0,00    0,00    0,20     3  kworker/u32:7-events_unbound
00:49:36        0     97830    0,20    0,00    0,00    0,00    0,20     7  kworker/7:0-mm_percpu_wq
00:49:36     1000     98039    0,20    0,00    0,00    0,00    0,20     2  antigravity
00:49:36     1000    107542    0,20    0,20    0,00    0,00    0,40     3  pidstat
00:49:36     1000    107574    6,20    0,60    0,00    0,00    6,80     7  java

00:49:31      UID       PID  minflt/s  majflt/s     VSZ     RSS   %MEM  Command
00:49:36      115       930     86,20      0,00 1762312   25704   0,16  prometheus-node
00:49:36        0      1423      1,80      0,00 2463900   70692   0,44  containerd
00:49:36      117      2312      0,20      0,00 1765360  350108   2,16  grafana
00:49:36        0      2975     11,60      0,00 1235352   13940   0,09  containerd-shim
00:49:36        0      2976     11,00      0,00 1235608   14292   0,09  containerd-shim
00:49:36        0      2977     12,40      0,00 1235352   15016   0,09  containerd-shim
00:49:36        0      2981     12,00      0,00 1235608   14120   0,09  containerd-shim
00:49:36        0      2982     11,20      0,00 1235608   14628   0,09  containerd-shim
00:49:36     1000      4708      0,00      0,00 5454468  346772   2,14  gnome-shell
00:49:36     1000      6317     33,40      0,00 1461668528  315676   1,94  antigravity
00:49:36     1000      6757      1,00      0,00 34350204  169808   1,05  antigravity
00:49:36     1000      6771      0,60      0,00 33903964   81164   0,50  antigravity
00:49:36     1000      6820    103,80      0,00 1461417264  659300   4,06  antigravity
00:49:36     1000      6924      3,00      0,00 1459611392  179928   1,11  antigravity
00:49:36     1000      7161      0,40      0,00 33951332   64332   0,40  antigravity
00:49:36     1000      7229     94,60      0,00 1461383544  129432   0,80  antigravity
00:49:36     1000      7244    873,40      0,00 1461351324  290556   1,79  antigravity
00:49:36     1000      7258      3,00      0,00 1461347760  125636   0,77  antigravity
00:49:36     1000      7260      2,80      0,00 1461367100  164172   1,01  antigravity
00:49:36     1000      8356      5,40      0,00 1459530528  100972   0,62  antigravity
00:49:36     1000      9291     14,00      0,00 55435272  374224   2,31  chrome
00:49:36     1000      9342      2,20      0,00 55467700  213584   1,32  chrome
00:49:36     1000      9345      5,20      0,00 54976356  135672   0,84  chrome
00:49:36     1000      9359      0,60      0,00 55015792   62536   0,39  chrome
00:49:36     1000     76014      0,60      0,00 1518513820  345424   2,13  chrome
00:49:36     1000     76063      0,40      0,00 55006444   86720   0,53  chrome
00:49:36     1000    107574     54,00      0,00 6198124  238804   1,47  java

00:49:31      UID       PID   kB_rd/s   kB_wr/s kB_ccwr/s iodelay  Command
00:49:36     1000    107542      0,00      0,98      0,00       0  pidstat
00:49:36     1000    107574      0,00      1,81      0,00       0  java

00:49:36      UID       PID    %usr %system  %guest   %wait    %CPU   CPU  Command
00:49:41      115       933    0,20    0,00    0,00    0,00    0,20     2  prometheus
00:49:41        0      1383    0,20    0,00    0,00    0,00    0,20     7  glances
00:49:41        0      1423    0,20    0,20    0,00    0,00    0,40     2  containerd
00:49:41        0      2310    0,60    0,00    0,00    0,00    0,60     4  dockerd
00:49:41      117      2312    0,60    0,40    0,00    0,00    1,00     3  grafana
00:49:41        0      2932    0,20    0,40    0,00    0,00    0,60     5  mount.ntfs-3g
00:49:41        0      2975    0,20    0,00    0,00    0,00    0,20     7  containerd-shim
00:49:41        0      2977    0,20    0,00    0,00    0,00    0,20     7  containerd-shim
00:49:41      999      3130    0,40    0,00    0,00    0,00    0,40     3  redis-server
00:49:41     1000      4708    1,00    0,20    0,00    0,00    1,20     0  gnome-shell
00:49:41     1000      6339    1,00    0,00    0,00    0,00    1,00     5  gnome-terminal-
00:49:41     1000      6820    0,80    0,20    0,00    0,00    1,00     5  antigravity
00:49:41     1000      7059    1,80    1,20    0,00    0,00    3,00     0  language_server
00:49:41     1000      7229    0,20    0,00    0,00    0,00    0,20     4  antigravity
00:49:41     1000      7244    1,40    0,40    0,00    0,00    1,80     2  antigravity
00:49:41     1000      7260    0,60    0,20    0,00    0,00    0,80     6  antigravity
00:49:41     1000      8267    1,20    1,80    0,00    0,00    3,00     7  language_server
00:49:41     1000      9291    0,20    0,00    0,00    0,00    0,20     4  chrome
00:49:41     1000      9359    0,20    0,00    0,00    0,00    0,20     3  chrome
00:49:41     1000      9390    0,20    0,00    0,00    0,00    0,20     1  chrome
00:49:41     1000      9519    0,40    0,00    0,00    0,00    0,40     6  chrome
00:49:41     1000     76014    0,20    0,00    0,00    0,00    0,20     0  chrome
00:49:41     1000     91682    0,20    0,00    0,00    0,00    0,20     6  ssh
00:49:41        0    103256    0,00    0,20    0,00    0,00    0,20     4  kworker/u32:4-ext4-rsv-conversion
00:49:41     1000    107542    0,00    0,40    0,00    0,00    0,40     3  pidstat
00:49:41     1000    107574    7,20    0,40    0,00    0,00    7,60     7  java

00:49:36      UID       PID  minflt/s  majflt/s     VSZ     RSS   %MEM  Command
00:49:41      115       933      0,60      0,00 2711492  116028   0,71  prometheus
00:49:41        0      1423      4,20      0,00 2463900   70820   0,44  containerd
00:49:41        0      2975      9,20      0,00 1235352   14324   0,09  containerd-shim
00:49:41        0      2976     14,60      0,00 1235608   14676   0,09  containerd-shim
00:49:41        0      2977      8,20      0,00 1235352   15272   0,09  containerd-shim
00:49:41        0      2981     15,80      0,00 1235608   14504   0,09  containerd-shim
00:49:41        0      2982     11,40      0,00 1235608   14884   0,09  containerd-shim
00:49:41     1000      4708      6,80      0,00 5454468  346772   2,14  gnome-shell
00:49:41     1000      6317     34,00      0,00 1461668528  315768   1,95  antigravity
00:49:41     1000      6757      0,80      0,00 34350204  169808   1,05  antigravity
00:49:41     1000      6771      0,60      0,00 33903964   81164   0,50  antigravity
00:49:41     1000      6820    105,40      0,00 1461417264  661476   4,08  antigravity
00:49:41     1000      7161      0,20      0,00 33951332   64332   0,40  antigravity
00:49:41     1000      7229     12,20      0,00 1461383544  129560   0,80  antigravity
00:49:41     1000      7244     69,40      0,00 1461351324  287604   1,77  antigravity
00:49:41     1000      7258      6,00      0,00 1461347760  125636   0,77  antigravity
00:49:41     1000      7260      6,00      0,00 1461367100  164300   1,01  antigravity
00:49:41     1000      8356      5,20      0,00 1459530528  100972   0,62  antigravity
00:49:41     1000      9291     12,40      0,00 55435272  374224   2,31  chrome
00:49:41     1000      9342      4,40      0,00 55467700  213584   1,32  chrome
00:49:41     1000      9345      9,40      0,00 54976356  135672   0,84  chrome
00:49:41     1000      9359      1,20      0,00 55015792   62536   0,39  chrome
00:49:41     1000      9519    357,00      0,00 1518554232  363768   2,24  chrome
00:49:41     1000     76014      0,40      0,00 1518513820  345424   2,13  chrome
00:49:41     1000     76063      0,20      0,00 55006444   86720   0,53  chrome
00:49:41     1000    107574     42,40      0,00 6198124  239572   1,48  java

00:49:36      UID       PID   kB_rd/s   kB_wr/s kB_ccwr/s iodelay  Command
00:49:41     1000      9291      0,00      3,20      0,00       0  chrome
00:49:41     1000    107542      0,00      1,04      0,00       0  pidstat
00:49:41     1000    107574      0,00      1,77      0,00       0  java

00:49:41      UID       PID    %usr %system  %guest   %wait    %CPU   CPU  Command
00:49:46      115       933    0,20    0,00    0,00    0,00    0,20     2  prometheus
00:49:46        0      1383    0,20    0,00    0,00    0,00    0,20     7  glances
00:49:46        0      1423    0,40    0,00    0,00    0,00    0,40     2  containerd
00:49:46        0      2310    0,20    0,20    0,00    0,00    0,40     4  dockerd
00:49:46      117      2312    0,40    0,40    0,00    0,00    0,80     3  grafana
00:49:46        0      2932    0,20    0,20    0,00    0,00    0,40     0  mount.ntfs-3g
00:49:46        0      2977    0,00    0,20    0,00    0,00    0,20     7  containerd-shim
00:49:46        0      2982    0,20    0,20    0,00    0,00    0,40     1  containerd-shim
00:49:46      999      3130    0,40    0,00    0,00    0,00    0,40     0  redis-server
00:49:46     1000      4708    0,80    0,40    0,00    0,00    1,20     5  gnome-shell
00:49:46     1000      6317    0,20    0,20    0,00    0,00    0,40     4  antigravity
00:49:46     1000      6339    0,80    0,00    0,00    0,00    0,80     6  gnome-terminal-
00:49:46     1000      6820    0,80    0,20    0,00    0,00    1,00     2  antigravity
00:49:46     1000      7059    1,40    2,00    0,00    0,00    3,40     0  language_server
00:49:46     1000      7229    0,20    0,00    0,00    0,00    0,20     4  antigravity
00:49:46     1000      7244    1,80    0,40    0,00    0,00    2,20     7  antigravity
00:49:46     1000      7260    0,60    0,00    0,00    0,00    0,60     5  antigravity
00:49:46     1000      8267    2,00    1,60    0,00    0,00    3,60     7  language_server
00:49:46     1000      8356    0,20    0,00    0,00    0,00    0,20     4  antigravity
00:49:46     1000      9291    0,00    0,20    0,00    0,20    0,20     4  chrome
00:49:46     1000      9519    0,20    0,00    0,00    0,00    0,20     1  chrome
00:49:46     1000    107542    0,40    0,20    0,00    0,00    0,60     3  pidstat
00:49:46     1000    107574    7,80    0,20    0,00    0,00    8,00     7  java

00:49:41      UID       PID  minflt/s  majflt/s     VSZ     RSS   %MEM  Command
00:49:46      115       933      0,20      0,00 2711492  116028   0,71  prometheus
00:49:46        0      1423      4,40      0,00 2463900   71076   0,44  containerd
00:49:46        0      2975      3,60      0,00 1235352   14324   0,09  containerd-shim
00:49:46        0      2976      7,40      0,00 1235608   14676   0,09  containerd-shim
00:49:46        0      2977      5,80      0,00 1235352   15272   0,09  containerd-shim
00:49:46        0      2981      7,20      0,00 1235608   14632   0,09  containerd-shim
00:49:46        0      2982      1,60      0,00 1235608   14884   0,09  containerd-shim
00:49:46     1000      4708      0,40      0,00 5454468  346772   2,14  gnome-shell
00:49:46     1000      6317     30,80      0,00 1461668528  315768   1,95  antigravity
00:49:46     1000      6757      0,80      0,00 34350204  169808   1,05  antigravity
00:49:46     1000      6771      0,60      0,00 33903964   81164   0,50  antigravity
00:49:46     1000      6820    109,20      0,00 1461417264  663652   4,09  antigravity
00:49:46     1000      7161      0,20      0,00 33951332   64332   0,40  antigravity
00:49:46     1000      7229     10,20      0,00 1461383544  129560   0,80  antigravity
00:49:46     1000      7244    189,00      0,00 1461351324  288384   1,78  antigravity
00:49:46     1000      7258      2,60      0,00 1461347760  125636   0,77  antigravity
00:49:46     1000      7260      3,00      0,00 1461367100  164300   1,01  antigravity
00:49:46     1000      8356      5,20      0,00 1459530528  100972   0,62  antigravity
00:49:46     1000      9291      7,20      0,00 55435272  374224   2,31  chrome
00:49:46     1000      9342      2,20      0,00 55467700  213584   1,32  chrome
00:49:46     1000      9345      7,40      0,00 54976356  135672   0,84  chrome
00:49:46     1000      9359      0,60      0,00 55015792   62536   0,39  chrome
00:49:46     1000     76014      0,40      0,00 1518513820  345424   2,13  chrome
00:49:46     1000     76063      0,20      0,00 55006444   86720   0,53  chrome
00:49:46     1000    107574     45,20      0,00 6198124  240340   1,48  java

00:49:41      UID       PID   kB_rd/s   kB_wr/s kB_ccwr/s iodelay  Command
00:49:46     1000      9291      0,00      0,80      0,00       0  chrome
00:49:46     1000    107542      0,00      0,96      0,00       0  pidstat
00:49:46     1000    107574      0,00      3,37      0,00       0  java

00:49:46      UID       PID    %usr %system  %guest   %wait    %CPU   CPU  Command
00:49:51        0         1    0,20    0,20    0,00    0,00    0,40     3  systemd
00:49:51        0        96    0,00    0,20    0,00    0,00    0,20     0  kworker/0:1H-events_highpri
00:49:51      990       903    0,80    0,00    0,00    0,00    0,80     2  dbus-daemon
00:49:51      986       924    0,20    0,00    0,00    0,00    0,20     4  polkitd
00:49:51      115       930    1,20    0,60    0,00    0,00    1,80     3  prometheus-node
00:49:51      115       933    0,20    0,00    0,00    0,00    0,20     0  prometheus
00:49:51        0      1423    0,40    0,00    0,00    0,00    0,40     2  containerd
00:49:51        0      2310    0,20    0,00    0,00    0,00    0,20     4  dockerd
00:49:51      117      2312    0,40    0,40    0,00    0,00    0,80     3  grafana
00:49:51        0      2932    0,00    0,20    0,00    0,00    0,20     2  mount.ntfs-3g
00:49:51        0      2975    0,20    0,00    0,00    0,00    0,20     7  containerd-shim
00:49:51        0      2976    0,20    0,00    0,00    0,00    0,20     6  containerd-shim
00:49:51        0      2981    0,20    0,00    0,00    0,00    0,20     0  containerd-shim
00:49:51      999      3130    0,20    0,20    0,00    0,00    0,40     7  redis-server
00:49:51     1000      4708    1,00    0,20    0,00    0,00    1,20     5  gnome-shell
00:49:51     1000      6317    0,20    0,00    0,00    0,00    0,20     2  antigravity
00:49:51     1000      6339    1,00    0,00    0,00    0,00    1,00     6  gnome-terminal-
00:49:51     1000      6820    0,80    0,20    0,00    0,00    1,00     7  antigravity
00:49:51     1000      7059    1,40    1,60    0,00    0,00    3,00     7  language_server
00:49:51     1000      7229    0,20    0,40    0,00    0,00    0,60     4  antigravity
00:49:51     1000      7244    1,40    0,20    0,00    0,00    1,60     0  antigravity
00:49:51     1000      7260    0,60    0,00    0,00    0,00    0,60     5  antigravity
00:49:51     1000      8267    1,80    1,40    0,00    0,00    3,20     7  language_server
00:49:51     1000      8356    0,00    0,20    0,00    0,00    0,20     4  antigravity
00:49:51     1000      9291    0,20    0,00    0,00    0,00    0,20     4  chrome
00:49:51     1000     98039    0,20    0,00    0,00    0,00    0,20     5  antigravity
00:49:51     1000    107542    0,00    0,40    0,00    0,00    0,40     3  pidstat
00:49:51     1000    107574   10,20    1,20    0,00    0,00   11,40     7  java

00:49:46      UID       PID  minflt/s  majflt/s     VSZ     RSS   %MEM  Command
00:49:51      115       930     71,00      0,00 1762312   25680   0,16  prometheus-node
00:49:51        0      1423      0,20      0,00 2463900   71076   0,44  containerd
00:49:51        0      2975     10,80      0,00 1235352   14452   0,09  containerd-shim
00:49:51        0      2976      3,20      0,00 1235608   14804   0,09  containerd-shim
00:49:51        0      2977      0,40      0,00 1235352   15272   0,09  containerd-shim
00:49:51        0      2981      1,80      0,00 1235608   14632   0,09  containerd-shim
00:49:51        0      2982      0,20      0,00 1235608   14884   0,09  containerd-shim
00:49:51     1000      4708      6,20      0,00 5454468  346900   2,14  gnome-shell
00:49:51     1000      6317     40,00      0,00 1461668528  315548   1,94  antigravity
00:49:51     1000      6757      0,80      0,00 34350204  169808   1,05  antigravity
00:49:51     1000      6771      1,20      0,00 33903964   81164   0,50  antigravity
00:49:51     1000      6820    102,60      0,00 1461417264  665828   4,10  antigravity
00:49:51     1000      7161      0,20      0,00 33951332   64332   0,40  antigravity
00:49:51     1000      7229      4,60      0,00 1461383544  129560   0,80  antigravity
00:49:51     1000      7244     42,00      0,00 1461351324  287836   1,77  antigravity
00:49:51     1000      7258      3,00      0,00 1461347760  125636   0,77  antigravity
00:49:51     1000      7260      3,20      0,00 1461367100  164300   1,01  antigravity
00:49:51     1000      8356      5,40      0,00 1459530528  100972   0,62  antigravity
00:49:51     1000      9291      7,00      0,00 55435272  374224   2,31  chrome
00:49:51     1000      9342      2,20      0,00 55467700  213584   1,32  chrome
00:49:51     1000      9345      4,20      0,00 54976356  135672   0,84  chrome
00:49:51     1000      9359      0,60      0,00 55015792   62536   0,39  chrome
00:49:51     1000     76014      0,40      0,00 1518513820  345424   2,13  chrome
00:49:51     1000     76063      0,20      0,00 55006444   86720   0,53  chrome
00:49:51     1000    107574     47,20      0,00 6198124  247448   1,52  java

00:49:46      UID       PID   kB_rd/s   kB_wr/s kB_ccwr/s iodelay  Command
00:49:51     1000    107542      0,00      0,89      0,00       0  pidstat
00:49:51     1000    107574      0,00      3,37      0,00       0  java

00:49:51      UID       PID    %usr %system  %guest   %wait    %CPU   CPU  Command
00:49:56        0        86    0,00    0,20    0,00    0,00    0,20     1  irq/9-acpi
00:49:56        0      1383    0,20    0,20    0,00    0,00    0,40     7  glances
00:49:56        0      1391    0,00    0,20    0,00    0,00    0,20     3  tailscaled
00:49:56        0      1423    0,40    0,20    0,00    0,00    0,60     2  containerd
00:49:56        0      2310    0,40    0,20    0,00    0,00    0,60     4  dockerd
00:49:56      117      2312    0,80    0,00    0,00    0,00    0,80     3  grafana
00:49:56        0      2932    0,00    0,20    0,00    0,00    0,20     0  mount.ntfs-3g
00:49:56        0      2982    0,00    0,20    0,00    0,00    0,20     1  containerd-shim
00:49:56      999      3130    0,40    0,00    0,00    0,00    0,40     4  redis-server
00:49:56     1000      4708    0,60    0,40    0,00    0,00    1,00     2  gnome-shell
00:49:56     1000      5364    0,00    0,20    0,00    0,00    0,20     0  gvfs-afc-volume
00:49:56     1000      6317    0,20    0,00    0,00    0,00    0,20     2  antigravity
00:49:56     1000      6339    0,60    0,00    0,00    0,00    0,60     3  gnome-terminal-
00:49:56     1000      6820   12,38    0,40    0,00    0,00   12,77     7  antigravity
00:49:56     1000      7059    1,80    1,60    0,00    0,00    3,39     5  language_server
00:49:56     1000      7229    0,20    0,00    0,00    0,00    0,20     4  antigravity
00:49:56     1000      7244   13,17    0,60    0,00    0,00   13,77     4  antigravity
00:49:56     1000      7260    0,60    0,00    0,00    0,00    0,60     1  antigravity
00:49:56     1000      8267    2,00    1,20    0,00    0,00    3,19     7  language_server
00:49:56     1000      8356    0,20    0,00    0,00    0,00    0,20     0  antigravity
00:49:56     1000      9291    0,20    0,00    0,00    0,00    0,20     4  chrome
00:49:56     1000      9519    0,20    0,00    0,00    0,00    0,20     5  chrome
00:49:56     1000     76025    0,20    0,00    0,00    0,00    0,20     1  chrome
00:49:56     1000     91682    0,00    0,20    0,00    0,00    0,20     5  ssh
00:49:56        0     97806    0,00    0,20    0,00    0,00    0,20     6  kworker/6:2-mm_percpu_wq
00:49:56     1000    107542    0,20    0,40    0,00    0,00    0,60     4  pidstat
00:49:56     1000    107574    5,39    0,40    0,00    0,00    5,79     7  java

00:49:51      UID       PID  minflt/s  majflt/s     VSZ     RSS   %MEM  Command
00:49:56      115       933      0,20      0,00 2711492  116028   0,71  prometheus
00:49:56        0      1423      4,59      0,00 2463900   71076   0,44  containerd
00:49:56        0      2975      3,19      0,00 1235352   14316   0,09  containerd-shim
00:49:56        0      2976      0,40      0,00 1235608   14804   0,09  containerd-shim
00:49:56        0      2977      2,59      0,00 1235352   15528   0,10  containerd-shim
00:49:56        0      2981      5,99      0,00 1235608   14760   0,09  containerd-shim
00:49:56        0      2982      6,59      0,00 1235608   15012   0,09  containerd-shim
00:49:56     1000      4708      0,40      0,00 5454532  346900   2,14  gnome-shell
00:49:56     1000      6317     33,53      0,00 1461668528  315664   1,94  antigravity
00:49:56     1000      6757      1,60      0,00 34350204  169808   1,05  antigravity
00:49:56     1000      6771      0,60      0,00 33903964   81164   0,50  antigravity
00:49:56     1000      6820    208,98      0,00 1461417264  655052   4,04  antigravity
00:49:56     1000      7161      0,40      0,00 33951332   64332   0,40  antigravity
00:49:56     1000      7229      2,79      0,00 1461383544  129560   0,80  antigravity
00:49:56     1000      7244   3059,68      0,00 1461351324  345004   2,13  antigravity
00:49:56     1000      7258      3,39      0,00 1461347760  125636   0,77  antigravity
00:49:56     1000      7260      3,19      0,00 1461367100  164300   1,01  antigravity
00:49:56     1000      8356      4,99      0,00 1459530528  100972   0,62  antigravity
00:49:56     1000      9291     18,96      0,00 55435272  374224   2,31  chrome
00:49:56     1000      9342      2,20      0,00 55467700  213584   1,32  chrome
00:49:56     1000      9345      5,19      0,00 54976356  135672   0,84  chrome
00:49:56     1000      9359      0,60      0,00 55015792   62536   0,39  chrome
00:49:56     1000     76014      0,60      0,00 1518513820  345424   2,13  chrome
00:49:56     1000     76063      0,40      0,00 55006444   86720   0,53  chrome
00:49:56     1000    107574     46,71      0,00 6198124  248216   1,53  java

00:49:51      UID       PID   kB_rd/s   kB_wr/s kB_ccwr/s iodelay  Command
00:49:56     1000      9291      0,00      5,59      0,00       0  chrome
00:49:56     1000    107542      0,00      0,97      0,00       0  pidstat
00:49:56     1000    107574      0,00      1,67      0,00       0  java

00:49:56      UID       PID    %usr %system  %guest   %wait    %CPU   CPU  Command
00:50:01        0        17    0,00    0,20    0,00    0,00    0,20     7  rcu_preempt
00:50:01      115       933    0,20    0,00    0,00    0,00    0,20     0  prometheus
00:50:01        0      1423    0,40    0,00    0,00    0,00    0,40     2  containerd
00:50:01        0      2310    0,20    0,40    0,00    0,00    0,60     4  dockerd
00:50:01      117      2312    0,80    0,20    0,00    0,00    1,00     3  grafana
00:50:01        0      2932    0,20    0,20    0,00    0,00    0,40     5  mount.ntfs-3g
00:50:01        0      2975    0,20    0,00    0,00    0,00    0,20     7  containerd-shim
00:50:01        0      2976    0,00    0,20    0,00    0,00    0,20     6  containerd-shim
00:50:01        0      2977    0,00    0,20    0,00    0,00    0,20     7  containerd-shim
00:50:01        0      2981    0,20    0,20    0,00    0,00    0,40     0  containerd-shim
00:50:01      999      3130    0,40    0,20    0,00    0,00    0,60     4  redis-server
00:50:01     1000      4708    1,00    0,40    0,00    0,00    1,40     5  gnome-shell
00:50:01     1000      5107    0,20    0,00    0,00    0,00    0,20     4  anydesk
00:50:01     1000      6317    0,20    0,00    0,00    0,00    0,20     2  antigravity
00:50:01     1000      6339    0,60    0,00    0,00    0,00    0,60     1  gnome-terminal-
00:50:01     1000      6820    1,20    0,00    0,00    0,00    1,20     7  antigravity
00:50:01     1000      7059    1,60    1,20    0,00    0,00    2,80     5  language_server
00:50:01     1000      7229    0,20    0,20    0,00    0,00    0,40     6  antigravity
00:50:01     1000      7244    1,20    0,40    0,00    0,00    1,60     4  antigravity
00:50:01     1000      7260    0,40    0,40    0,00    0,00    0,80     6  antigravity
00:50:01     1000      8267    3,00    0,80    0,00    0,00    3,80     7  language_server
00:50:01     1000      9291    0,20    0,00    0,00    0,00    0,20     4  chrome
00:50:01     1000      9519    0,20    0,20    0,00    0,00    0,40     6  chrome
00:50:01     1000    107542    0,20    0,20    0,00    0,00    0,40     4  pidstat
00:50:01     1000    107574    4,80    0,40    0,00    0,00    5,20     7  java

00:49:56      UID       PID  minflt/s  majflt/s     VSZ     RSS   %MEM  Command
00:50:01      115       933      0,20      0,00 2711492  116028   0,71  prometheus
00:50:01        0      1423      5,00      0,00 2463900   71076   0,44  containerd
00:50:01        0      2975      5,60      0,00 1235352   13728   0,08  containerd-shim
00:50:01        0      2976      4,40      0,00 1235608   14264   0,09  containerd-shim
00:50:01        0      2977      6,80      0,00 1235352   14808   0,09  containerd-shim
00:50:01        0      2981      5,20      0,00 1235608   14088   0,09  containerd-shim
00:50:01        0      2982      5,40      0,00 1235608   14656   0,09  containerd-shim
00:50:01     1000      4708      6,80      0,00 5454532  346764   2,14  gnome-shell
00:50:01     1000      6317     32,40      0,00 1461668528  315532   1,94  antigravity
00:50:01     1000      6757      4,20      0,00 34347260  169808   1,05  antigravity
00:50:01     1000      6771      0,60      0,00 33903964   81164   0,50  antigravity
00:50:01     1000      6820    102,40      0,00 1461417264  655384   4,04  antigravity
00:50:01     1000      7161      0,20      0,00 33951332   64332   0,40  antigravity
00:50:01     1000      7229    120,00      0,00 1461383544  129560   0,80  antigravity
00:50:01     1000      7244     22,60      0,00 1461351324  344672   2,12  antigravity
00:50:01     1000      7258      5,20      0,00 1461347760  125636   0,77  antigravity
00:50:01     1000      7260      5,80      0,00 1461367100  164300   1,01  antigravity
00:50:01     1000      8356      5,40      0,00 1459530528  100972   0,62  antigravity
00:50:01     1000      9291      7,00      0,00 55435272  374224   2,31  chrome
00:50:01     1000      9342      4,40      0,00 55467700  213584   1,32  chrome
00:50:01     1000      9345      3,80      0,00 54976356  135672   0,84  chrome
00:50:01     1000      9359      1,20      0,00 55015792   62536   0,39  chrome
00:50:01     1000      9519      0,00      0,00 1518554232  354240   2,18  chrome
00:50:01     1000     76014      0,20      0,00 1518513820  345424   2,13  chrome
00:50:01     1000     76063      0,20      0,00 55006444   86720   0,53  chrome
00:50:01     1000    107574    135,00      0,00 6198124  251160   1,55  java
00:50:01     1000    107893     27,60      0,00    2672    1644   0,01  sh
00:50:01     1000    107894     72,00      0,00    7012    3312   0,02  cpuUsage.sh
00:50:01     1000    107902     23,20      0,00    5656    1868   0,01  sleep

00:49:56      UID       PID   kB_rd/s   kB_wr/s kB_ccwr/s iodelay  Command
00:50:01     1000    107542      0,00      0,96      0,00       0  pidstat
00:50:01     1000    107574      0,00      3,24      0,00       0  java

00:50:01      UID       PID    %usr %system  %guest   %wait    %CPU   CPU  Command
00:50:06        0         1    0,40    0,20    0,00    0,00    0,60     3  systemd
00:50:06        0        19    0,00    0,20    0,00    0,00    0,20     7  rcu_exp_gp_kthread_worker
00:50:06        0       408    0,00    0,20    0,00    0,20    0,20     7  systemd-udevd
00:50:06      990       903    1,00    0,20    0,00    0,00    1,20     5  dbus-daemon
00:50:06      115       930    1,20    0,20    0,00    0,00    1,40     3  prometheus-node
00:50:06      115       933    0,20    0,20    0,00    0,00    0,40     0  prometheus
00:50:06        0      1079    0,20    0,00    0,00    0,00    0,20     7  NetworkManager
00:50:06        0      1383    0,20    0,00    0,00    0,00    0,20     7  glances
00:50:06        0      1391    0,20    0,20    0,00    0,00    0,40     4  tailscaled
00:50:06        0      1411    0,00    0,20    0,00    0,00    0,20     0  anydesk
00:50:06        0      1423    1,00    0,00    0,00    0,00    1,00     2  containerd
00:50:06        0      2310    1,00    0,60    0,00    0,00    1,60     4  dockerd
00:50:06      117      2312    0,60    0,60    0,00    0,00    1,20     3  grafana
00:50:06        0      2932    0,00    0,40    0,00    0,00    0,40     5  mount.ntfs-3g
00:50:06        0      2976    0,20    0,00    0,00    0,00    0,20     6  containerd-shim
00:50:06        0      2977    0,00    0,20    0,00    0,00    0,20     7  containerd-shim
00:50:06        0      2982    0,20    0,00    0,00    0,00    0,20     1  containerd-shim
00:50:06      999      3130    0,40    0,00    0,00    0,00    0,40     1  redis-server
00:50:06     1000      4549    0,20    0,00    0,00    0,00    0,20     6  systemd
00:50:06     1000      4569    0,20    0,00    0,00    0,00    0,20     0  dbus-daemon
00:50:06     1000      4708    1,20    0,20    0,00    0,00    1,40     0  gnome-shell
00:50:06     1000      5055    0,20    0,00    0,00    0,00    0,20     1  gsd-sharing
00:50:06     1000      5586    0,20    0,00    0,00    2,20    0,20     1  gvfsd-trash
00:50:06        0      5954    0,20    0,00    0,00    0,00    0,20     1  fwupd
00:50:06     1000      6317    0,00    0,20    0,00    0,00    0,20     0  antigravity
00:50:06     1000      6339    1,00    0,00    0,00    0,00    1,00     1  gnome-terminal-
00:50:06     1000      6820    1,00    0,20    0,00    0,00    1,20     1  antigravity
00:50:06     1000      7059    1,40    1,40    0,00    0,00    2,80     1  language_server
00:50:06     1000      7229    0,20    0,40    0,00    0,00    0,60     5  antigravity
00:50:06     1000      7244    1,60    0,40    0,00    0,00    2,00     2  antigravity
00:50:06     1000      7258    0,00    0,20    0,00    0,00    0,20     7  antigravity
00:50:06     1000      7260    0,60    0,00    0,00    0,00    0,60     7  antigravity
00:50:06     1000      8267    1,00    1,60    0,00    0,00    2,60     7  language_server
00:50:06     1000      8356    0,20    0,00    0,00    0,00    0,20     3  antigravity
00:50:06     1000      9291    0,20    0,00    0,00    0,00    0,20     4  chrome
00:50:06     1000      9345    0,20    0,00    0,00    0,00    0,20     7  chrome
00:50:06     1000      9500    0,00    0,20    0,00    0,00    0,20     6  chrome
00:50:06     1000      9519    0,20    0,00    0,00    0,00    0,20     0  chrome
00:50:06     1000     91682    0,20    0,00    0,00    0,00    0,20     5  ssh
00:50:06     1000    107542    0,20    0,20    0,00    0,00    0,40     2  pidstat
00:50:06     1000    107574    5,60    0,60    0,00    0,00    6,20     7  java

00:50:01      UID       PID  minflt/s  majflt/s     VSZ     RSS   %MEM  Command
00:50:06        0       376     35,40      0,00  188968  108820   0,67  systemd-journal
00:50:06        0       408     93,40      0,00   37544   10908   0,07  systemd-udevd
00:50:06      115       930     82,80      0,00 1762312   26012   0,16  prometheus-node
00:50:06        0      1423      7,80      0,00 2463900   71332   0,44  containerd
00:50:06      117      2312      2,40      0,00 1765300  350108   2,16  grafana
00:50:06        0      2975     10,60      0,00 1235352   13856   0,09  containerd-shim
00:50:06        0      2976     10,40      0,00 1235608   14520   0,09  containerd-shim
00:50:06        0      2977     11,80      0,00 1235352   15064   0,09  containerd-shim
00:50:06        0      2981     10,00      0,00 1235608   14216   0,09  containerd-shim
00:50:06        0      2982     13,00      0,00 1235608   14784   0,09  containerd-shim
00:50:06     1000      4708      3,00      0,00 5454468  346764   2,14  gnome-shell
00:50:06        0      5954      0,20      0,00  370300   46692   0,29  fwupd
00:50:06     1000      6317     31,80      0,00 1461668528  315600   1,94  antigravity
00:50:06     1000      6757      0,80      0,00 34347260  169808   1,05  antigravity
00:50:06     1000      6771      0,60      0,00 33903964   81164   0,50  antigravity
00:50:06     1000      6820    108,60      0,00 1461417264  657560   4,05  antigravity
00:50:06     1000      7161      0,20      0,00 33951332   64332   0,40  antigravity
00:50:06     1000      7229    104,80      0,00 1461383544  129432   0,80  antigravity
00:50:06     1000      7244     63,00      0,00 1461351324  344768   2,12  antigravity
00:50:06     1000      7258      3,40      0,00 1461347760  125636   0,77  antigravity
00:50:06     1000      7260      5,40      0,00 1461367100  164300   1,01  antigravity
00:50:06     1000      8356      5,00      0,00 1459530528  100972   0,62  antigravity
00:50:06     1000      9291      7,80      0,00 55435272  374224   2,31  chrome
00:50:06     1000      9342      2,20      0,00 55467700  213584   1,32  chrome
00:50:06     1000      9345      8,40      0,00 54976356  135672   0,84  chrome
00:50:06     1000      9359      0,60      0,00 55015792   62536   0,39  chrome
00:50:06     1000     76014      0,40      0,00 1518513820  345424   2,13  chrome
00:50:06     1000     76063      0,20      0,00 55006444   86720   0,53  chrome
00:50:06     1000    107542      1,20      0,00    6184    5004   0,03  pidstat
00:50:06     1000    107574     30,80      0,00 6198124  251544   1,55  java
00:50:06     1000    107958     27,40      0,00    2672    1520   0,01  sh
00:50:06     1000    107959     71,40      0,00    7012    3260   0,02  cpuUsage.sh
00:50:06     1000    107967     23,60      0,00    5656    2096   0,01  sleep
00:50:06        0    107969     55,20      0,00   37548    7060   0,04  (udev-worker)
00:50:06        0    107982     27,80      0,00   37548    6784   0,04  (udev-worker)
00:50:06        0    107984     27,80      0,00   37548    6784   0,04  (udev-worker)
00:50:06        0    107985     26,60      0,00   37548    6784   0,04  (udev-worker)
00:50:06        0    107986     27,60      0,00   37548    6784   0,04  (udev-worker)
00:50:06        0    107987     28,20      0,00   37548    6784   0,04  (udev-worker)
00:50:06        0    107988     27,80      0,00   37548    6784   0,04  (udev-worker)
00:50:06        0    107990     28,00      0,00   37548    6784   0,04  (udev-worker)
00:50:06        0    107991     27,60      0,00   37548    6784   0,04  (udev-worker)
00:50:06        0    107992     36,40      0,00   37548    6784   0,04  (udev-worker)
00:50:06        0    107993     28,20      0,00   37548    6656   0,04  (udev-worker)
00:50:06        0    107994     28,00      0,00   37548    6784   0,04  (udev-worker)
00:50:06        0    107995     27,80      0,00   37548    6784   0,04  (udev-worker)
00:50:06        0    107997     27,40      0,00   37548    6784   0,04  (udev-worker)
00:50:06        0    107998     27,20      0,00   37548    6784   0,04  (udev-worker)
00:50:06        0    107999     62,60      0,00   37548    7188   0,04  (udev-worker)

00:50:01      UID       PID   kB_rd/s   kB_wr/s kB_ccwr/s iodelay  Command
00:50:06     1000      9291      0,00      2,40      0,00       0  chrome
00:50:06     1000    107542      0,00      0,97      0,00       0  pidstat
00:50:06     1000    107574      0,00      3,18      0,00       0  java

00:50:06      UID       PID    %usr %system  %guest   %wait    %CPU   CPU  Command
00:50:11      115       933    0,20    0,00    0,00    0,00    0,20     0  prometheus
00:50:11        0      1383    0,20    0,00    0,00    0,00    0,20     7  glances
00:50:11        0      1391    0,20    0,00    0,00    0,00    0,20     5  tailscaled
00:50:11        0      1423    0,40    0,20    0,00    0,00    0,60     2  containerd
00:50:11        0      2310    0,40    0,20    0,00    0,00    0,60     4  dockerd
00:50:11      117      2312    0,60    0,20    0,00    0,00    0,80     3  grafana
00:50:11        0      2932    0,40    0,20    0,00    0,00    0,60     4  mount.ntfs-3g
00:50:11        0      2975    0,20    0,00    0,00    0,00    0,20     7  containerd-shim
00:50:11      999      3130    0,60    0,00    0,00    0,00    0,60     0  redis-server
00:50:11     1000      4708    1,00    0,40    0,00    0,00    1,40     5  gnome-shell
00:50:11     1000      5021    0,20    0,20    0,00    0,00    0,40     2  gsd-housekeepin
00:50:11     1000      6317    0,20    0,00    0,00    0,00    0,20     0  antigravity
00:50:11     1000      6339    0,80    0,00    0,00    0,00    0,80     3  gnome-terminal-
00:50:11     1000      6757    0,20    0,00    0,00    0,00    0,20     6  antigravity
00:50:11     1000      6820    1,00    0,00    0,00    0,00    1,00     0  antigravity
00:50:11     1000      7059    1,40    1,40    0,00    0,00    2,80     6  language_server
00:50:11     1000      7229    0,20    0,00    0,00    0,00    0,20     4  antigravity
00:50:11     1000      7244    1,20    0,40    0,00    0,00    1,60     7  antigravity
00:50:11     1000      7260    0,80    0,00    0,00    0,00    0,80     1  antigravity
00:50:11     1000      8267    1,00    2,00    0,00    0,00    3,00     7  language_server
00:50:11     1000      8356    0,00    0,20    0,00    0,00    0,20     0  antigravity
00:50:11     1000      9291    0,00    0,20    0,00    0,00    0,20     4  chrome
00:50:11     1000      9359    0,00    0,20    0,00    0,00    0,20     1  chrome
00:50:11        0     98978    0,00    0,20    0,00    0,00    0,20     0  kworker/0:1-events
00:50:11     1000    107542    0,20    0,20    0,00    0,00    0,40     0  pidstat
00:50:11     1000    107574   10,80    0,60    0,00    0,00   11,40     7  java

00:50:06      UID       PID  minflt/s  majflt/s     VSZ     RSS   %MEM  Command
00:50:11        0       376     14,40      0,00  188968  108820   0,67  systemd-journal
00:50:11        0       408      1,40      0,00   37544   10908   0,07  systemd-udevd
00:50:11        0      2975     13,60      0,00 1235352   13984   0,09  containerd-shim
00:50:11        0      2976     12,00      0,00 1235608   14776   0,09  containerd-shim
00:50:11        0      2977     12,40      0,00 1235352   15192   0,09  containerd-shim
00:50:11        0      2981     15,60      0,00 1235608   14728   0,09  containerd-shim
00:50:11        0      2982     13,60      0,00 1235608   15168   0,09  containerd-shim
00:50:11     1000      4708      6,60      0,00 5454468  346764   2,14  gnome-shell
00:50:11     1000      6317     35,20      0,00 1461668528  315532   1,94  antigravity
00:50:11     1000      6757      0,80      0,00 34347260  169808   1,05  antigravity
00:50:11     1000      6771      1,20      0,00 33903964   81164   0,50  antigravity
00:50:11     1000      6820    106,60      0,00 1461417264  659736   4,06  antigravity
00:50:11     1000      7161      0,20      0,00 33951332   64332   0,40  antigravity
00:50:11     1000      7229     11,40      0,00 1461383544  129252   0,80  antigravity
00:50:11     1000      7244     23,80      0,00 1461351324  344756   2,12  antigravity
00:50:11     1000      7258      3,00      0,00 1461347760  125636   0,77  antigravity
00:50:11     1000      7260      3,40      0,00 1461367100  164300   1,01  antigravity
00:50:11     1000      8356      5,20      0,00 1459530528  100972   0,62  antigravity
00:50:11     1000      9291     11,00      0,00 55435272  374224   2,31  chrome
00:50:11     1000      9342      2,20      0,00 55467700  213584   1,32  chrome
00:50:11     1000      9345      5,80      0,00 54976356  135672   0,84  chrome
00:50:11     1000      9359      0,60      0,00 55015792   62536   0,39  chrome
00:50:11     1000     76014      0,60      0,00 1518513820  345424   2,13  chrome
00:50:11     1000     76063      0,20      0,00 55006444   86720   0,53  chrome
00:50:11     1000    107542      8,40      0,00    6316    5132   0,03  pidstat
00:50:11     1000    107574    322,00      0,00 6198124  258200   1,59  java

00:50:06      UID       PID   kB_rd/s   kB_wr/s kB_ccwr/s iodelay  Command
00:50:11     1000      9291      0,00      1,60      0,00       0  chrome
00:50:11     1000      9345      0,00     14,40      0,00       0  chrome
00:50:11     1000    107542      0,00      1,59      0,00       0  pidstat
00:50:11     1000    107574      0,00      3,18      0,00       0  java

00:50:11      UID       PID    %usr %system  %guest   %wait    %CPU   CPU  Command
00:50:16        0      1423    0,40    0,00    0,00    0,00    0,40     2  containerd
00:50:16      111      1503    0,00    0,20    0,00    0,00    0,20     7  mariadbd
00:50:16        0      2310    0,40    0,20    0,00    0,00    0,60     4  dockerd
00:50:16      117      2312    1,60    0,40    0,00    0,00    2,00     3  grafana
00:50:16        0      2932    0,40    0,00    0,00    0,00    0,40     3  mount.ntfs-3g
00:50:16        0      2976    0,00    0,20    0,00    0,00    0,20     6  containerd-shim
00:50:16        0      2977    0,20    0,00    0,00    0,00    0,20     7  containerd-shim
00:50:16        0      2981    0,00    0,20    0,00    0,00    0,20     0  containerd-shim
00:50:16        0      2982    0,20    0,20    0,00    0,00    0,40     1  containerd-shim
00:50:16      999      3130    0,20    0,00    0,00    0,00    0,20     1  redis-server
00:50:16     1000      4708    0,60    0,40    0,00    0,00    1,00     5  gnome-shell
00:50:16     1000      6317    0,00    0,20    0,00    0,00    0,20     2  antigravity
00:50:16     1000      6339    0,80    0,00    0,00    0,00    0,80     3  gnome-terminal-
00:50:16     1000      6771    0,20    0,00    0,00    0,00    0,20     1  antigravity
00:50:16     1000      6820    1,00    0,00    0,00    0,00    1,00     1  antigravity
00:50:16     1000      7059    2,00    1,40    0,00    0,00    3,40     4  language_server
00:50:16     1000      7229    0,00    0,20    0,00    0,00    0,20     4  antigravity
00:50:16     1000      7244    1,60    0,20    0,00    0,00    1,80     5  antigravity
00:50:16     1000      7260    0,40    0,40    0,00    0,00    0,80     4  antigravity
00:50:16     1000      8267    1,80    1,20    0,00    0,00    3,00     7  language_server
00:50:16     1000      9291    0,20    0,00    0,00    0,00    0,20     3  chrome
00:50:16     1000      9519    0,20    0,00    0,00    0,00    0,20     6  chrome
00:50:16     1000     76063    0,00    0,20    0,00    0,00    0,20     0  chrome
00:50:16     1000     98039    0,20    0,00    0,00    0,00    0,20     0  antigravity
00:50:16        0     99361    0,00    0,20    0,00    0,00    0,20     6  kworker/u32:3-events_unbound
00:50:16     1000    107542    0,20    0,40    0,00    0,00    0,60     0  pidstat
00:50:16     1000    107574    5,40    1,00    0,00    0,00    6,40     7  java

00:50:11      UID       PID  minflt/s  majflt/s     VSZ     RSS   %MEM  Command
00:50:16        0      1423      0,40      0,00 2463900   71332   0,44  containerd
00:50:16      114      1526      3,80      0,00  218252   29568   0,18  postgres
00:50:16        0      2310      0,40      0,00 3498856  111800   0,69  dockerd
00:50:16        0      2975      5,60      0,00 1235352   14112   0,09  containerd-shim
00:50:16        0      2976     13,00      0,00 1235608   14776   0,09  containerd-shim
00:50:16        0      2977      0,40      0,00 1235352   15192   0,09  containerd-shim
00:50:16        0      2981      9,60      0,00 1235608   14856   0,09  containerd-shim
00:50:16        0      2982      3,00      0,00 1235608   15168   0,09  containerd-shim
00:50:16     1000      4708      0,40      0,00 5454468  346764   2,14  gnome-shell
00:50:16     1000      6317     33,40      0,00 1461668528  315524   1,94  antigravity
00:50:16     1000      6757      1,60      0,00 34347260  169808   1,05  antigravity
00:50:16     1000      6771      0,60      0,00 33903964   81164   0,50  antigravity
00:50:16     1000      6820    108,60      0,00 1461417264  661784   4,08  antigravity
00:50:16     1000      7161      0,40      0,00 33951332   64332   0,40  antigravity
00:50:16     1000      7229     10,80      0,00 1461383544  129252   0,80  antigravity
00:50:16     1000      7244     20,80      0,00 1461351324  343788   2,12  antigravity
00:50:16     1000      7258      3,00      0,00 1461347760  125636   0,77  antigravity
00:50:16     1000      7260      3,40      0,00 1461367100  164172   1,01  antigravity
00:50:16     1000      8356      5,20      0,00 1459530528  100972   0,62  antigravity
00:50:16     1000      9291     14,20      0,00 55435272  374224   2,31  chrome
00:50:16     1000      9342      2,20      0,00 55467700  213584   1,32  chrome
00:50:16     1000      9345      4,60      0,00 54976356  135672   0,84  chrome
00:50:16     1000      9359      0,60      0,00 55015792   62536   0,39  chrome
00:50:16     1000     76014      0,20      0,00 1518513820  345424   2,13  chrome
00:50:16     1000     76063      0,40      0,00 55006444   86720   0,53  chrome
00:50:16     1000    107542      0,00      0,00    6228    5132   0,03  pidstat
00:50:16     1000    107574     30,80      0,00 6198124  260868   1,61  java

00:50:11      UID       PID   kB_rd/s   kB_wr/s kB_ccwr/s iodelay  Command
00:50:16     1000      9291      0,00      0,80      0,00       0  chrome
00:50:16     1000    107542      0,00      0,98      0,00       0  pidstat
00:50:16     1000    107574      0,00      1,75      0,00       0  java

00:50:16      UID       PID    %usr %system  %guest   %wait    %CPU   CPU  Command
00:50:21        0         1    0,20    0,00    0,00    0,00    0,20     3  systemd
00:50:21        0        86    0,00    0,20    0,00    0,00    0,20     1  irq/9-acpi
00:50:21        0       120    0,00    0,20    0,00    0,00    0,20     6  kworker/u33:0-i915_flip
00:50:21      990       903    0,80    0,00    0,00    0,00    0,80     0  dbus-daemon
00:50:21      115       930    1,40    0,40    0,00    0,00    1,80     3  prometheus-node
00:50:21      115       933    0,20    0,00    0,00    0,00    0,20     0  prometheus
00:50:21        0      1383    0,20    0,00    0,00    0,00    0,20     7  glances
00:50:21        0      1411    0,20    0,00    0,00    0,00    0,20     7  anydesk
00:50:21        0      1423    0,20    0,20    0,00    0,00    0,40     2  containerd
00:50:21        0      1554    0,00    0,20    0,00    0,00    0,20     0  apache2
00:50:21        0      2310    0,20    0,20    0,00    0,00    0,40     4  dockerd
00:50:21      117      2312    0,60    0,20    0,00    0,00    0,80     3  grafana
00:50:21        0      2932    0,00    0,20    0,00    0,00    0,20     1  mount.ntfs-3g
00:50:21        0      2975    0,20    0,00    0,00    0,00    0,20     7  containerd-shim
00:50:21      999      3130    0,40    0,20    0,00    0,00    0,60     1  redis-server
00:50:21     1000      4708    1,00    0,20    0,00    0,00    1,20     5  gnome-shell
00:50:21     1000      6317    0,20    0,00    0,00    0,00    0,20     2  antigravity
00:50:21     1000      6339    0,80    0,00    0,00    0,00    0,80     3  gnome-terminal-
00:50:21     1000      6820    0,80    0,20    0,00    0,00    1,00     3  antigravity
00:50:21     1000      7059    1,60    1,40    0,00    0,00    3,00     2  language_server
00:50:21     1000      7229    0,00    0,40    0,00    0,00    0,40     2  antigravity
00:50:21     1000      7244    1,40    0,40    0,00    0,00    1,80     2  antigravity
00:50:21     1000      7260    0,40    0,20    0,00    0,00    0,60     4  antigravity
00:50:21     1000      8267    1,40    1,40    0,00    0,00    2,80     7  language_server
00:50:21     1000      8356    0,20    0,00    0,00    0,00    0,20     3  antigravity
00:50:21     1000      9291    0,20    0,00    0,00    0,00    0,20     3  chrome
00:50:21     1000      9519    0,20    0,00    0,00    0,00    0,20     2  chrome
00:50:21     1000     76014    0,00    0,20    0,00    0,00    0,20     4  chrome
00:50:21     1000     91682    0,20    0,00    0,00    0,00    0,20     0  ssh
00:50:21     1000    107542    0,20    0,20    0,00    0,00    0,40     0  pidstat
00:50:21     1000    107574    5,60    0,60    0,00    0,00    6,20     7  java

00:50:16      UID       PID  minflt/s  majflt/s     VSZ     RSS   %MEM  Command
00:50:21      115       930     69,60      0,00 1762312   25852   0,16  prometheus-node
00:50:21        0      1423      0,00      0,00 2463900   69628   0,43  containerd
00:50:21        0      2975      1,00      0,00 1235352   14112   0,09  containerd-shim
00:50:21        0      2976      9,00      0,00 1235608   14904   0,09  containerd-shim
00:50:21        0      2977      1,00      0,00 1235352   15192   0,09  containerd-shim
00:50:21        0      2982      0,60      0,00 1235608   15168   0,09  containerd-shim
00:50:21     1000      4708      6,40      0,00 5454532  346764   2,14  gnome-shell
00:50:21     1000      6317     35,80      0,00 1461668528  315684   1,94  antigravity
00:50:21     1000      6757      0,80      0,00 34347260  169808   1,05  antigravity
00:50:21     1000      6771      1,40      0,00 33903964   81292   0,50  antigravity
00:50:21     1000      6820    110,40      0,00 1461417264  663960   4,09  antigravity
00:50:21     1000      7161      0,20      0,00 33951332   64332   0,40  antigravity
00:50:21     1000      7229      3,20      0,00 1461383544  129380   0,80  antigravity
00:50:21     1000      7244     49,60      0,00 1461351324  343512   2,12  antigravity
00:50:21     1000      7258      5,60      0,00 1461347760  125636   0,77  antigravity
00:50:21     1000      7260      6,20      0,00 1461367100  164040   1,01  antigravity
00:50:21     1000      8356      5,20      0,00 1459530528  100972   0,62  antigravity
00:50:21     1000      9291      7,00      0,00 55435272  374224   2,31  chrome
00:50:21     1000      9342      4,40      0,00 55467700  213584   1,32  chrome
00:50:21     1000      9345      3,80      0,00 54976356  135672   0,84  chrome
00:50:21     1000      9359      1,20      0,00 55015792   62536   0,39  chrome
00:50:21     1000      9519      0,00      0,00 1518554232  352620   2,17  chrome
00:50:21     1000     76014      0,60      0,00 1518513820  345424   2,13  chrome
00:50:21     1000     76063      0,20      0,00 55006444   86720   0,53  chrome
00:50:21     1000    107574     33,40      0,00 6198124  261252   1,61  java

00:50:16      UID       PID   kB_rd/s   kB_wr/s kB_ccwr/s iodelay  Command
00:50:21     1000    107542      0,00      0,99      0,00       0  pidstat
00:50:21     1000    107574      0,00      3,22      0,00       0  java

00:50:21      UID       PID    %usr %system  %guest   %wait    %CPU   CPU  Command
00:50:26      115       933    0,20    0,00    0,00    0,00    0,20     0  prometheus
00:50:26        0      1383    0,20    0,00    0,00    0,00    0,20     7  glances
00:50:26        0      1423    0,20    0,20    0,00    0,00    0,40     2  containerd
00:50:26        0      2310    0,20    0,40    0,00    0,00    0,60     4  dockerd
00:50:26      117      2312    0,60    0,40    0,00    0,00    1,00     3  grafana
00:50:26        0      2932    0,20    0,40    0,00    0,00    0,60     2  mount.ntfs-3g
00:50:26        0      2975    0,00    0,20    0,00    0,00    0,20     7  containerd-shim
00:50:26        0      2976    0,20    0,00    0,00    0,00    0,20     6  containerd-shim
00:50:26        0      2977    0,20    0,00    0,00    0,00    0,20     7  containerd-shim
00:50:26        0      2981    0,00    0,20    0,00    0,00    0,20     0  containerd-shim
00:50:26        0      2982    0,00    0,20    0,00    0,00    0,20     1  containerd-shim
00:50:26      999      3130    0,40    0,00    0,00    0,00    0,40     1  redis-server
00:50:26     1000      4708    0,60    0,20    0,00    0,00    0,80     5  gnome-shell
00:50:26     1000      6317    0,20    0,00    0,00    0,00    0,20     0  antigravity
00:50:26     1000      6339    0,60    0,00    0,00    0,00    0,60     5  gnome-terminal-
00:50:26     1000      6820    0,80    0,20    0,00    0,00    1,00     6  antigravity
00:50:26     1000      7059    1,80    1,40    0,00    0,00    3,20     4  language_server
00:50:26     1000      7229    0,00    0,20    0,00    0,00    0,20     4  antigravity
00:50:26     1000      7244    1,40    0,20    0,00    0,00    1,60     1  antigravity
00:50:26     1000      7260    0,60    0,00    0,00    0,00    0,60     7  antigravity
00:50:26     1000      8267    1,60    1,40    0,00    0,00    3,00     7  language_server
00:50:26     1000      9291    0,20    0,20    0,00    0,00    0,40     4  chrome
00:50:26     1000      9390    0,00    0,20    0,00    0,00    0,20     2  chrome
00:50:26        0     97806    0,00    0,20    0,00    0,00    0,20     6  kworker/6:2-i915-unordered
00:50:26     1000    107542    0,40    0,20    0,00    0,00    0,60     6  pidstat
00:50:26     1000    107574    4,00    0,20    0,00    0,00    4,20     7  java

00:50:21      UID       PID  minflt/s  majflt/s     VSZ     RSS   %MEM  Command
00:50:26        0      2975      2,00      0,00 1235352   14112   0,09  containerd-shim
00:50:26        0      2976      8,00      0,00 1235608   15032   0,09  containerd-shim
00:50:26        0      2977      3,60      0,00 1235352   15320   0,09  containerd-shim
00:50:26        0      2981      2,20      0,00 1235608   14856   0,09  containerd-shim
00:50:26        0      2982      8,40      0,00 1235608   15296   0,09  containerd-shim
00:50:26       70      3117      4,40      0,00  174540   25424   0,16  postgres
00:50:26     1000      4708      0,60      0,00 5454532  346764   2,14  gnome-shell
00:50:26     1000      6317     32,20      0,00 1461668528  315680   1,94  antigravity
00:50:26     1000      6757      0,80      0,00 34347260  169808   1,05  antigravity
00:50:26     1000      6771      0,60      0,00 33903964   81292   0,50  antigravity
00:50:26     1000      6820    106,20      0,00 1461417264  666264   4,10  antigravity
00:50:26     1000      7161      0,20      0,00 33951332   64332   0,40  antigravity
00:50:26     1000      7229      2,80      0,00 1461383544  129380   0,80  antigravity
00:50:26     1000      7244     22,40      0,00 1461351324  343380   2,12  antigravity
00:50:26     1000      7258      3,00      0,00 1461347760  125636   0,77  antigravity
00:50:26     1000      7260      7,00      0,00 1461367100  164040   1,01  antigravity
00:50:26     1000      8356      5,40      0,00 1459530528  100972   0,62  antigravity
00:50:26     1000      9291     20,20      0,00 55435272  374200   2,31  chrome
00:50:26     1000      9342      2,20      0,00 55467700  213584   1,32  chrome
00:50:26     1000      9345      8,40      0,00 54976356  135672   0,84  chrome
00:50:26     1000      9359      0,60      0,00 55015792   62536   0,39  chrome
00:50:26     1000     76014      0,60      0,00 1518513820  345552   2,13  chrome
00:50:26     1000     76063      0,40      0,00 55006444   86720   0,53  chrome
00:50:26     1000    107574     31,20      0,00 6198124  262020   1,61  java

00:50:21      UID       PID   kB_rd/s   kB_wr/s kB_ccwr/s iodelay  Command
00:50:26     1000      9291      0,00     16,80      0,00       0  chrome
00:50:26     1000    107542      0,00      1,01      0,00       0  pidstat
00:50:26     1000    107574      0,00      3,22      0,00       0  java

00:50:26      UID       PID    %usr %system  %guest   %wait    %CPU   CPU  Command
00:50:31        0        17    0,00    0,20    0,00    0,00    0,20     7  rcu_preempt
00:50:31        0        45    0,00    0,20    0,00    0,00    0,20     4  ksoftirqd/4
00:50:31        0      1423    0,40    0,00    0,00    0,00    0,40     2  containerd
00:50:31        0      2310    0,20    0,20    0,00    0,00    0,40     4  dockerd
00:50:31      117      2312    0,40    0,40    0,00    0,00    0,80     3  grafana
00:50:31        0      2932    0,20    0,20    0,00    0,00    0,40     7  mount.ntfs-3g
00:50:31        0      2976    0,20    0,00    0,00    0,00    0,20     6  containerd-shim
00:50:31        0      2981    0,20    0,00    0,00    0,00    0,20     0  containerd-shim
00:50:31      999      3130    0,40    0,00    0,00    0,00    0,40     1  redis-server
00:50:31     1000      4708    1,40    0,40    0,00    0,00    1,80     6  gnome-shell
00:50:31     1000      6317    0,20    0,00    0,00    0,20    0,20     0  antigravity
00:50:31     1000      6339    0,80    0,00    0,00    0,20    0,80     5  gnome-terminal-
00:50:31     1000      6757    0,00    0,20    0,00    0,00    0,20     6  antigravity
00:50:31     1000      6820   12,80    0,20    0,00    0,00   13,00     5  antigravity
00:50:31     1000      7059    1,60    1,60    0,00    0,20    3,20     6  language_server
00:50:31     1000      7229    0,60    0,20    0,00    0,00    0,80     2  antigravity
00:50:31     1000      7244    1,00    0,60    0,00    0,20    1,60     2  antigravity
00:50:31     1000      7260    0,60    0,20    0,00    0,00    0,80     5  antigravity
00:50:31     1000      8267    1,40    1,80    0,00    0,00    3,20     7  language_server
00:50:31     1000      9519    0,20    0,20    0,00    0,00    0,40     3  chrome
00:50:31     1000     91682    0,00    0,20    0,00    0,00    0,20     4  ssh
00:50:31        0    100626    0,00    0,20    0,00    0,00    0,20     2  kworker/2:1-events
00:50:31     1000    107542    0,20    0,20    0,00    0,00    0,40     6  pidstat
00:50:31     1000    107574    9,80    1,00    0,00    0,00   10,80     7  java

00:50:26      UID       PID  minflt/s  majflt/s     VSZ     RSS   %MEM  Command
00:50:31        0      2975      0,40      0,00 1235352   13820   0,09  containerd-shim
00:50:31        0      2976      4,60      0,00 1235608   14092   0,09  containerd-shim
00:50:31        0      2977      3,40      0,00 1235352   14840   0,09  containerd-shim
00:50:31        0      2981      6,00      0,00 1235608   14216   0,09  containerd-shim
00:50:31        0      2982      6,00      0,00 1235608   14852   0,09  containerd-shim
00:50:31     1000      4708      7,20      0,00 5454596  346628   2,14  gnome-shell
00:50:31     1000      6317     35,80      0,00 1461668528  315552   1,94  antigravity
00:50:31     1000      6757      4,80      0,00 34347132  169808   1,05  antigravity
00:50:31     1000      6771      1,20      0,00 33903964   81292   0,50  antigravity
00:50:31     1000      6820    243,20      0,00 1461417264  654836   4,03  antigravity
00:50:31     1000      7161      0,20      0,00 33951332   64332   0,40  antigravity
00:50:31     1000      7229    117,20      0,00 1461383544  129248   0,80  antigravity
00:50:31     1000      7244     12,40      0,00 1461351324  343368   2,12  antigravity
00:50:31     1000      7258      3,00      0,00 1461347760  125636   0,77  antigravity
00:50:31     1000      7260      3,40      0,00 1461367100  164040   1,01  antigravity
00:50:31     1000      8356      5,20      0,00 1459530528  100972   0,62  antigravity
00:50:31     1000      9291      6,80      0,00 55435272  374200   2,31  chrome
00:50:31     1000      9342      2,20      0,00 55467700  213584   1,32  chrome
00:50:31     1000      9345      4,20      0,00 54976356  135672   0,84  chrome
00:50:31     1000      9359      0,60      0,00 55015792   62536   0,39  chrome
00:50:31     1000     76014      0,20      0,00 1518513820  345552   2,13  chrome
00:50:31     1000     76063      0,20      0,00 55006444   86720   0,53  chrome
00:50:31     1000    107574    216,80      0,00 6198124  266372   1,64  java
00:50:31     1000    108102     28,20      0,00    2672    1648   0,01  sh
00:50:31     1000    108103     71,60      0,00    7012    3196   0,02  cpuUsage.sh
00:50:31     1000    108111     23,40      0,00    5656    2072   0,01  sleep

00:50:26      UID       PID   kB_rd/s   kB_wr/s kB_ccwr/s iodelay  Command
00:50:31     1000    107542      0,00      0,93      0,00       0  pidstat
00:50:31     1000    107574      0,00      1,76      0,00       0  java

00:50:31      UID       PID    %usr %system  %guest   %wait    %CPU   CPU  Command
00:50:36        0         1    0,20    0,00    0,00    0,00    0,20     4  systemd
00:50:36        0        16    0,00    0,20    0,00    0,00    0,20     0  ksoftirqd/0
00:50:36        0        86    0,00    0,20    0,00    0,00    0,20     1  irq/9-acpi
00:50:36      990       903    0,60    0,00    0,00    0,00    0,60     6  dbus-daemon
00:50:36      115       930    1,00    0,60    0,00    0,00    1,60     3  prometheus-node
00:50:36      115       933    0,20    0,00    0,00    0,00    0,20     0  prometheus
00:50:36        0      1383    0,20    0,00    0,00    0,00    0,20     7  glances
00:50:36        0      1391    0,00    0,20    0,00    0,00    0,20     3  tailscaled
00:50:36        0      1423    0,20    0,20    0,00    0,00    0,40     2  containerd
00:50:36       33      1800    0,00    0,20    0,00    0,00    0,20     2  apache2
00:50:36        0      2309    0,20    0,00    0,00    0,00    0,20     1  cups-browsed
00:50:36        0      2310    0,20    0,20    0,00    0,00    0,40     4  dockerd
00:50:36      117      2312    0,60    0,40    0,00    0,00    1,00     3  grafana
00:50:36        0      2932    0,20    0,20    0,00    0,00    0,40     2  mount.ntfs-3g
00:50:36        0      2975    0,20    0,00    0,00    0,00    0,20     7  containerd-shim
00:50:36        0      2977    0,00    0,20    0,00    0,00    0,20     7  containerd-shim
00:50:36      999      3130    0,40    0,00    0,00    0,00    0,40     2  redis-server
00:50:36     1000      4708    0,60    0,20    0,00    0,00    0,80     6  gnome-shell
00:50:36     1000      6317    0,00    0,20    0,00    0,00    0,20     4  antigravity
00:50:36     1000      6339    0,60    0,00    0,00    0,00    0,60     5  gnome-terminal-
00:50:36     1000      6820    0,60    0,20    0,00    0,00    0,80     4  antigravity
00:50:36     1000      7059    1,60    1,40    0,00    0,00    3,00     1  language_server
00:50:36     1000      7229    0,20    0,20    0,00    0,00    0,40     2  antigravity
00:50:36     1000      7244    1,60    0,20    0,00    0,00    1,80     5  antigravity
00:50:36     1000      7260    0,40    0,00    0,00    0,00    0,40     3  antigravity
00:50:36     1000      8267    1,80    1,20    0,00    0,00    3,00     7  language_server
00:50:36     1000      8356    0,20    0,20    0,00    0,00    0,40     3  antigravity
00:50:36     1000      9291    0,20    0,20    0,00    0,00    0,40     6  chrome
00:50:36     1000      9359    0,20    0,00    0,00    0,00    0,20     4  chrome
00:50:36     1000      9390    0,20    0,00    0,00    0,00    0,20     2  chrome
00:50:36     1000      9519    0,20    0,00    0,00    0,00    0,20     3  chrome
00:50:36        0     93905    0,00    0,20    0,00    0,00    0,20     4  kworker/u32:7-events_unbound
00:50:36     1000     98039    0,20    0,00    0,00    0,00    0,20     1  antigravity
00:50:36     1000    107542    0,20    0,20    0,00    0,00    0,40     6  pidstat
00:50:36     1000    107574    5,20    0,00    0,00    0,00    5,20     7  java

00:50:31      UID       PID  minflt/s  majflt/s     VSZ     RSS   %MEM  Command
00:50:36      115       930     81,00      0,00 1762312   26040   0,16  prometheus-node
00:50:36      117      2312      0,20      0,00 1765300  350108   2,16  grafana
00:50:36        0      2975      6,40      0,00 1235352   13820   0,09  containerd-shim
00:50:36        0      2976     12,80      0,00 1235608   14348   0,09  containerd-shim
00:50:36        0      2977     10,00      0,00 1235352   14968   0,09  containerd-shim
00:50:36        0      2981     10,00      0,00 1235608   14344   0,09  containerd-shim
00:50:36        0      2982     11,00      0,00 1235608   14980   0,09  containerd-shim
00:50:36     1000      4708      0,80      0,00 5454468  346628   2,14  gnome-shell
00:50:36     1000      6317     33,20      0,00 1461668528  315608   1,94  antigravity
00:50:36     1000      6757      1,00      0,00 34347132  169808   1,05  antigravity
00:50:36     1000      6771      0,60      0,00 33903964   81292   0,50  antigravity
00:50:36     1000      6820    109,00      0,00 1461417264  657012   4,05  antigravity
00:50:36     1000      7161      0,40      0,00 33951332   64332   0,40  antigravity
00:50:36     1000      7229     90,60      0,00 1461383544  129376   0,80  antigravity
00:50:36     1000      7244    113,20      0,00 1461351324  343924   2,12  antigravity
00:50:36     1000      7258      2,60      0,00 1461347760  125636   0,77  antigravity
00:50:36     1000      7260      3,00      0,00 1461367100  164040   1,01  antigravity
00:50:36     1000      8356      5,40      0,00 1459530528  100972   0,62  antigravity
00:50:36     1000      9291     14,20      0,00 55435272  374200   2,31  chrome
00:50:36     1000      9342      2,20      0,00 55467700  213584   1,32  chrome
00:50:36     1000      9345      5,20      0,00 54976356  135672   0,84  chrome
00:50:36     1000      9359      0,60      0,00 55015792   62536   0,39  chrome
00:50:36     1000     76014      0,60      0,00 1518513820  345552   2,13  chrome
00:50:36     1000     76063      0,40      0,00 55006444   86720   0,53  chrome
00:50:36     1000    107574     19,80      0,00 6198124  261280   1,61  java
00:50:36     1000    108129     27,20      0,00    2672    1464   0,01  sh
00:50:36     1000    108130     72,00      0,00    7012    3212   0,02  cpuUsage.sh
00:50:36     1000    108138     23,40      0,00    5656    2076   0,01  sleep

00:50:31      UID       PID   kB_rd/s   kB_wr/s kB_ccwr/s iodelay  Command
00:50:36     1000      9291      0,00      2,40      0,00       0  chrome
00:50:36     1000    107542      0,00      0,91      0,00       0  pidstat
00:50:36     1000    107574      0,00      3,22      0,00       0  java

00:50:36      UID       PID    %usr %system  %guest   %wait    %CPU   CPU  Command
00:50:41        0       317    0,00    0,20    0,00    0,00    0,20     0  jbd2/sda6-8
00:50:41      115       933    0,20    0,00    0,00    0,00    0,20     0  prometheus
00:50:41        0      1383    0,20    0,00    0,00    0,00    0,20     7  glances
00:50:41        0      1391    0,20    0,00    0,00    0,00    0,20     2  tailscaled
00:50:41        0      1423    0,40    0,00    0,00    0,00    0,40     2  containerd
00:50:41        0      2310    0,60    0,00    0,00    0,00    0,60     4  dockerd
00:50:41      117      2312    0,60    0,40    0,00    0,00    1,00     3  grafana
00:50:41        0      2932    0,20    0,20    0,00    0,00    0,40     1  mount.ntfs-3g
00:50:41        0      2982    0,20    0,20    0,00    0,00    0,40     1  containerd-shim
00:50:41      999      3130    0,40    0,00    0,00    0,00    0,40     1  redis-server
00:50:41     1000      4708    1,00    0,40    0,00    0,00    1,40     2  gnome-shell
00:50:41     1000      6317    0,20    0,00    0,00    0,00    0,20     4  antigravity
00:50:41     1000      6339    1,00    0,00    0,00    0,00    1,00     1  gnome-terminal-
00:50:41     1000      6820    0,80    0,40    0,00    0,00    1,20     0  antigravity
00:50:41     1000      7059    1,80    1,40    0,00    0,00    3,20     1  language_server
00:50:41     1000      7229    0,20    0,00    0,00    0,00    0,20     2  antigravity
00:50:41     1000      7244    1,20    0,60    0,00    0,00    1,80     7  antigravity
00:50:41     1000      7260    0,60    0,20    0,00    0,00    0,80     0  antigravity
00:50:41     1000      8267    1,60    1,20    0,00    0,00    2,80     7  language_server
00:50:41     1000      9291    0,20    0,00    0,00    0,00    0,20     4  chrome
00:50:41     1000      9519    0,40    0,00    0,00   20,00    0,40     7  chrome
00:50:41     1000     76014    0,20    0,00    0,00    0,00    0,20     5  chrome
00:50:41        0     95637    0,00    0,20    0,00    0,00    0,20     3  kworker/3:0-events
00:50:41     1000    107542    0,20    0,40    0,00    0,00    0,60     6  pidstat
00:50:41     1000    107574    3,80    1,40    0,00    0,00    5,20     7  java

00:50:36      UID       PID  minflt/s  majflt/s     VSZ     RSS   %MEM  Command
00:50:41        0      2975     11,20      0,00 1235352   14076   0,09  containerd-shim
00:50:41        0      2976     11,60      0,00 1235608   14604   0,09  containerd-shim
00:50:41        0      2977     15,60      0,00 1235352   15224   0,09  containerd-shim
00:50:41        0      2981     13,00      0,00 1235608   14472   0,09  containerd-shim
00:50:41        0      2982     15,00      0,00 1235608   15236   0,09  containerd-shim
00:50:41     1000      4708      6,60      0,00 5454468  346756   2,14  gnome-shell
00:50:41     1000      6317     36,40      0,00 1461668528  315468   1,94  antigravity
00:50:41     1000      6757      0,60      0,00 34347132  169808   1,05  antigravity
00:50:41     1000      6771      0,60      0,00 33903964   81292   0,50  antigravity
00:50:41     1000      6820    108,80      0,00 1461417264  659188   4,06  antigravity
00:50:41     1000      7161      0,20      0,00 33951332   64332   0,40  antigravity
00:50:41     1000      7229     22,20      0,00 1461383544  129504   0,80  antigravity
00:50:41     1000      7244     64,80      0,00 1461351324  343676   2,12  antigravity
00:50:41     1000      7258      6,00      0,00 1461347760  125636   0,77  antigravity
00:50:41     1000      7260      5,60      0,00 1461367100  164040   1,01  antigravity
00:50:41     1000      8356      5,20      0,00 1459530528  100972   0,62  antigravity
00:50:41     1000      9291     12,60      0,00 55435272  374172   2,31  chrome
00:50:41     1000      9342      4,40      0,00 55467700  213584   1,32  chrome
00:50:41     1000      9345      9,40      0,00 54976356  135672   0,84  chrome
00:50:41     1000      9359      1,20      0,00 55015792   62536   0,39  chrome
00:50:41     1000      9519    357,00      0,00 1518554232  363716   2,24  chrome
00:50:41     1000     76014      0,40      0,00 1518513820  345552   2,13  chrome
00:50:41     1000     76063      0,20      0,00 55006444   86720   0,53  chrome
00:50:41     1000    107574     26,40      0,00 6198124  270240   1,66  java

00:50:36      UID       PID   kB_rd/s   kB_wr/s kB_ccwr/s iodelay  Command
00:50:41     1000      9291      0,00      6,40      0,00       0  chrome
00:50:41     1000    107542      0,00      1,14      0,00       0  pidstat
00:50:41     1000    107574      0,00      3,24      0,00       0  java

00:50:41      UID       PID    %usr %system  %guest   %wait    %CPU   CPU  Command
00:50:46        0      1423    0,40    0,00    0,00    0,00    0,40     2  containerd
00:50:46        0      2310    0,40    0,20    0,00    0,00    0,60     4  dockerd
00:50:46      117      2312    0,20    0,80    0,00    0,00    1,00     3  grafana
00:50:46        0      2932    0,20    0,20    0,00    0,00    0,40     7  mount.ntfs-3g
00:50:46        0      2975    0,20    0,20    0,00    0,00    0,40     7  containerd-shim
00:50:46        0      2976    0,20    0,20    0,00    0,00    0,40     6  containerd-shim
00:50:46        0      2977    0,20    0,20    0,00    0,00    0,40     7  containerd-shim
00:50:46        0      2981    0,20    0,00    0,00    0,00    0,20     0  containerd-shim
00:50:46      999      3130    0,40    0,20    0,00    0,00    0,60     2  redis-server
00:50:46     1000      4708    0,80    0,40    0,00    0,00    1,20     4  gnome-shell
00:50:46     1000      6317    0,20    0,00    0,00    0,00    0,20     6  antigravity
00:50:46     1000      6339    1,00    0,00    0,00    0,00    1,00     5  gnome-terminal-
00:50:46     1000      6820    0,80    0,00    0,00    0,00    0,80     4  antigravity
00:50:46     1000      7059    1,60    1,60    0,00    0,00    3,20     7  language_server
00:50:46     1000      7229    0,20    0,00    0,00    0,00    0,20     7  antigravity
00:50:46     1000      7244    1,60    0,20    0,00    0,00    1,80     5  antigravity
00:50:46     1000      7260    0,40    0,20    0,00    0,00    0,60     6  antigravity
00:50:46     1000      8267    2,20    1,20    0,00    0,00    3,40     7  language_server
00:50:46     1000      8356    0,00    0,20    0,00    0,00    0,20     3  antigravity
00:50:46     1000      9291    0,40    1,40    0,00    0,00    1,80     6  chrome
00:50:46     1000      9342    0,00    0,20    0,00    0,00    0,20     2  chrome
00:50:46     1000      9345    0,20    0,20    0,00    0,00    0,40     5  chrome
00:50:46     1000      9500    0,20    0,00    0,00    0,00    0,20     1  chrome
00:50:46     1000      9519    0,20    0,00    0,00    0,00    0,20     0  chrome
00:50:46     1000     76025    0,00    0,20    0,00    0,00    0,20     2  chrome
00:50:46     1000    107542    0,20    0,20    0,00    0,00    0,40     0  pidstat
00:50:46     1000    107574    3,00    0,40    0,00    0,00    3,40     7  java

00:50:41      UID       PID  minflt/s  majflt/s     VSZ     RSS   %MEM  Command
00:50:46        0      1423      3,40      0,00 2463900   69756   0,43  containerd
00:50:46        0      2975     11,80      0,00 1235352   14076   0,09  containerd-shim
00:50:46        0      2976      6,80      0,00 1235608   14732   0,09  containerd-shim
00:50:46        0      2977      8,80      0,00 1235352   15480   0,10  containerd-shim
00:50:46        0      2981      6,60      0,00 1235608   14600   0,09  containerd-shim
00:50:46        0      2982      1,80      0,00 1235608   15236   0,09  containerd-shim
00:50:46     1000      4708      0,40      0,00 5454532  346756   2,14  gnome-shell
00:50:46     1000      6317     31,00      0,00 1461668528  315404   1,94  antigravity
00:50:46     1000      6757      0,60      0,00 34347132  169808   1,05  antigravity
00:50:46     1000      6771      0,60      0,00 33903964   81292   0,50  antigravity
00:50:46     1000      6820    104,00      0,00 1461417264  661108   4,07  antigravity
00:50:46     1000      7161      0,20      0,00 33951332   64332   0,40  antigravity
00:50:46     1000      7229     12,60      0,00 1461383544  129504   0,80  antigravity
00:50:46     1000      7244     16,80      0,00 1461351324  343544   2,12  antigravity
00:50:46     1000      7258      3,00      0,00 1461347760  125636   0,77  antigravity
00:50:46     1000      7260      3,20      0,00 1461367100  164040   1,01  antigravity
00:50:46     1000      8356      5,40      0,00 1459530528  100972   0,62  antigravity
00:50:46     1000      9291    159,00      0,00 55435272  374956   2,31  chrome
00:50:46     1000      9342     17,00      0,00 55467700  213840   1,32  chrome
00:50:46     1000      9345     16,20      0,00 54976356  135672   0,84  chrome
00:50:46     1000      9359      6,20      0,00 55015792   62664   0,39  chrome
00:50:46     1000      9519      6,20      0,00 1518554232  363844   2,24  chrome
00:50:46     1000     76014      1,00      0,00 1518513820  345680   2,13  chrome
00:50:46     1000     76063      3,60      0,00 55006444   86720   0,53  chrome
00:50:46     1000     98130     19,80      0,00 1518448596   80840   0,50  chrome
00:50:46     1000    107574     15,20      0,00 6198124  270368   1,67  java

00:50:41      UID       PID   kB_rd/s   kB_wr/s kB_ccwr/s iodelay  Command
00:50:46     1000      7244      0,00      0,80      0,00       0  antigravity
00:50:46     1000      9291      0,00     74,40      0,00       0  chrome
00:50:46     1000    107542      0,00      0,91      0,00       0  pidstat
00:50:46     1000    107574      0,00      3,23      0,00       0  java

00:50:46      UID       PID    %usr %system  %guest   %wait    %CPU   CPU  Command
00:50:51        0         1    0,00    0,20    0,00    0,00    0,20     3  systemd
00:50:51        0        86    0,00    0,20    0,00    0,00    0,20     1  irq/9-acpi
00:50:51      990       903    0,40    0,20    0,00    0,00    0,60     6  dbus-daemon
00:50:51      115       930    1,20    0,40    0,00    0,00    1,60     4  prometheus-node
00:50:51      115       933    0,20    0,00    0,00    0,00    0,20     0  prometheus
00:50:51        0      1383    0,20    0,00    0,00    0,00    0,20     7  glances
00:50:51        0      1391    0,00    0,20    0,00    0,00    0,20     2  tailscaled
00:50:51        0      1423    0,40    0,20    0,00    0,00    0,60     2  containerd
00:50:51        0      2310    0,20    0,40    0,00    0,00    0,60     4  dockerd
00:50:51      117      2312    0,40    0,40    0,00    0,00    0,80     3  grafana
00:50:51        0      2932    0,20    0,20    0,00    0,00    0,40     3  mount.ntfs-3g
00:50:51        0      2982    0,00    0,20    0,00    0,00    0,20     1  containerd-shim
00:50:51      999      3130    0,40    0,00    0,00    0,00    0,40     3  redis-server
00:50:51     1000      4708    0,80    0,20    0,00    0,00    1,00     4  gnome-shell
00:50:51     1000      6317    0,20    0,20    0,00    0,00    0,40     4  antigravity
00:50:51     1000      6339    0,60    0,20    0,00    0,00    0,80     1  gnome-terminal-
00:50:51     1000      6820    0,80    0,20    0,00    0,00    1,00     5  antigravity
00:50:51     1000      7059    3,00    1,00    0,00    0,00    4,00     0  language_server
00:50:51     1000      7229    0,20    0,00    0,00    0,00    0,20     2  antigravity
00:50:51     1000      7244    1,20    0,40    0,00    0,00    1,60     0  antigravity
00:50:51     1000      7260    0,60    0,00    0,00    0,00    0,60     0  antigravity
00:50:51     1000      8267    1,40    1,40    0,00    0,00    2,80     7  language_server
00:50:51     1000      9291    0,20    0,00    0,00    0,00    0,20     4  chrome
00:50:51     1000      9519    0,20    0,00    0,00    0,00    0,20     6  chrome
00:50:51     1000     91682    0,00    0,20    0,00    0,00    0,20     3  ssh
00:50:51     1000    107542    0,20    0,20    0,00    0,00    0,40     6  pidstat
00:50:51     1000    107574    2,00    0,60    0,00    0,00    2,60     7  java

00:50:46      UID       PID  minflt/s  majflt/s     VSZ     RSS   %MEM  Command
00:50:51      115       930     73,60      0,00 1762312   25696   0,16  prometheus-node
00:50:51      115       933      0,20      0,00 2711492  116028   0,71  prometheus
00:50:51        0      1423     10,00      0,00 2463900   69756   0,43  containerd
00:50:51        0      2975      6,20      0,00 1235352   14076   0,09  containerd-shim
00:50:51        0      2976      1,00      0,00 1235608   14732   0,09  containerd-shim
00:50:51        0      2977      6,40      0,00 1235352   15608   0,10  containerd-shim
00:50:51        0      2981      1,60      0,00 1235608   14728   0,09  containerd-shim
00:50:51        0      2982      4,60      0,00 1235608   15236   0,09  containerd-shim
00:50:51     1000      4708      6,60      0,00 5454532  346756   2,14  gnome-shell
00:50:51     1000      6317     35,60      0,00 1461668528  315300   1,94  antigravity
00:50:51     1000      6757      0,60      0,00 34347132  169808   1,05  antigravity
00:50:51     1000      6771      1,20      0,00 33903964   81292   0,50  antigravity
00:50:51     1000      6820    108,20      0,00 1461417264  663284   4,09  antigravity
00:50:51     1000      7161      0,20      0,00 33951332   64332   0,40  antigravity
00:50:51     1000      7229      2,20      0,00 1461383544  129504   0,80  antigravity
00:50:51     1000      7244     12,80      0,00 1461351324  343404   2,12  antigravity
00:50:51     1000      7258      2,60      0,00 1461347760  125636   0,77  antigravity
00:50:51     1000      7260      3,20      0,00 1461367100  164040   1,01  antigravity
00:50:51     1000      8356      5,20      0,00 1459530528  100972   0,62  antigravity
00:50:51     1000      9291      0,80      0,00 55435272  374092   2,30  chrome
00:50:51     1000      9342      0,00      0,00 55467700  213696   1,32  chrome
00:50:51     1000     76014      0,60      0,00 1518513820  345680   2,13  chrome
00:50:51     1000    107574     18,40      0,00 6198124  270752   1,67  java

00:50:46      UID       PID   kB_rd/s   kB_wr/s kB_ccwr/s iodelay  Command
00:50:51     1000      9291      0,00      2,40      0,00       0  chrome
00:50:51     1000    107542      0,00      0,99      0,00       0  pidstat
00:50:51     1000    107574      0,00      1,71      0,00       0  java

00:50:51      UID       PID    %usr %system  %guest   %wait    %CPU   CPU  Command
00:50:56      115       933    0,20    0,00    0,00    0,00    0,20     0  prometheus
00:50:56        0      1383    0,20    0,00    0,00    0,00    0,20     7  glances
00:50:56        0      1391    0,20    0,00    0,00    0,00    0,20     4  tailscaled
00:50:56        0      1423    0,20    0,00    0,00    0,00    0,20     2  containerd
00:50:56        0      2310    0,40    0,20    0,00    0,00    0,60     4  dockerd
00:50:56      117      2312    0,60    0,20    0,00    0,00    0,80     3  grafana
00:50:56        0      2932    0,00    0,20    0,00    0,00    0,20     7  mount.ntfs-3g
00:50:56        0      2981    0,20    0,00    0,00    0,00    0,20     0  containerd-shim
00:50:56      999      3130    0,40    0,00    0,00    0,00    0,40     6  redis-server
00:50:56     1000      4708    0,80    0,40    0,00    0,00    1,20     7  gnome-shell
00:50:56     1000      6339    0,80    0,00    0,00    0,00    0,80     5  gnome-terminal-
00:50:56     1000      6820    1,00    0,20    0,00    0,00    1,20     5  antigravity
00:50:56     1000      7059    1,40    1,80    0,00    0,00    3,20     1  language_server
00:50:56     1000      7229    0,00    0,20    0,00    0,00    0,20     2  antigravity
00:50:56     1000      7244   11,80    0,60    0,00    0,00   12,40     3  antigravity
00:50:56     1000      7260    0,40    0,20    0,00    0,00    0,60     0  antigravity
00:50:56     1000      8267    1,60    1,80    0,00    0,00    3,40     7  language_server
00:50:56     1000      8356    0,20    0,00    0,00    0,00    0,20     0  antigravity
00:50:56     1000      9291    0,00    0,20    0,00    0,00    0,20     4  chrome
00:50:56     1000      9519    0,00    0,20    0,00   20,20    0,20     0  chrome
00:50:56        0     97806    0,00    0,20    0,00    0,00    0,20     6  kworker/6:2-i915-unordered
00:50:56     1000     98039    0,20    0,00    0,00    0,00    0,20     1  antigravity
00:50:56     1000    107542    0,20    0,40    0,00    0,00    0,60     6  pidstat
00:50:56     1000    107574    2,80    0,40    0,00    0,00    3,20     7  java

00:50:51      UID       PID  minflt/s  majflt/s     VSZ     RSS   %MEM  Command
00:50:56        0      1423      3,60      0,00 2463900   70012   0,43  containerd
00:50:56        0      2976      0,80      0,00 1235608   14732   0,09  containerd-shim
00:50:56        0      2977      3,60      0,00 1235352   15476   0,10  containerd-shim
00:50:56        0      2981      2,20      0,00 1235608   14856   0,09  containerd-shim
00:50:56        0      2982      5,00      0,00 1235608   15364   0,09  containerd-shim
00:50:56     1000      4708      0,80      0,00 5454532  346756   2,14  gnome-shell
00:50:56     1000      6317     41,20      0,00 1461668528  315436   1,94  antigravity
00:50:56     1000      6757      1,20      0,00 34347132  169808   1,05  antigravity
00:50:56     1000      6771      0,60      0,00 33903964   81292   0,50  antigravity
00:50:56     1000      6820    132,40      0,00 1461417264  664676   4,09  antigravity
00:50:56     1000      7161      0,40      0,00 33951332   64332   0,40  antigravity
00:50:56     1000      7229      2,80      0,00 1461383544  129504   0,80  antigravity
00:50:56     1000      7244   1441,20      0,00 1461351324  366792   2,26  antigravity
00:50:56     1000      7258      3,00      0,00 1461347760  125636   0,77  antigravity
00:50:56     1000      7260      3,20      0,00 1461367100  164040   1,01  antigravity
00:50:56     1000      8356      5,20      0,00 1459530528  101100   0,62  antigravity
00:50:56     1000      9291     17,60      0,00 55435272  374220   2,31  chrome
00:50:56     1000      9342      2,20      0,00 55467700  213696   1,32  chrome
00:50:56     1000      9345      5,20      0,00 54976356  135672   0,84  chrome
00:50:56     1000      9359      0,60      0,00 55015792   62664   0,39  chrome
00:50:56     1000     76014      0,20      0,00 1518513820  345680   2,13  chrome
00:50:56     1000     76063      0,40      0,00 55006444   86720   0,53  chrome
00:50:56     1000    107574     13,60      0,00 6198124  270880   1,67  java

00:50:51      UID       PID   kB_rd/s   kB_wr/s kB_ccwr/s iodelay  Command
00:50:56     1000      9291      0,00      1,60      0,00       0  chrome
00:50:56     1000    107542      0,00      0,93      0,00       0  pidstat
00:50:56     1000    107574      0,00      3,23      0,00       0  java

00:50:56      UID       PID    %usr %system  %guest   %wait    %CPU   CPU  Command
00:51:01      115       933    0,20    0,00    0,00    0,00    0,20     0  prometheus
00:51:01        0      1423    0,40    0,00    0,00    0,00    0,40     2  containerd
00:51:01        0      2310    0,20    0,20    0,00    0,00    0,40     4  dockerd
00:51:01      117      2312    0,40    0,60    0,00    0,00    1,00     3  grafana
00:51:01        0      2932    0,20    0,20    0,00    0,00    0,40     1  mount.ntfs-3g
00:51:01        0      2975    0,20    0,00    0,00    0,00    0,20     7  containerd-shim
00:51:01        0      2976    0,00    0,20    0,00    0,00    0,20     6  containerd-shim
00:51:01        0      2977    0,20    0,20    0,00    0,00    0,40     7  containerd-shim
00:51:01        0      2981    0,00    0,20    0,00    0,00    0,20     0  containerd-shim
00:51:01        0      2982    0,20    0,00    0,00    0,00    0,20     1  containerd-shim
00:51:01      999      3130    0,40    0,00    0,00    0,00    0,40     1  redis-server
00:51:01     1000      4708    1,00    0,40    0,00    0,00    1,40     3  gnome-shell
00:51:01     1000      6317    0,20    0,00    0,00    0,00    0,20     7  antigravity
00:51:01     1000      6339    0,40    0,00    0,00    0,00    0,40     5  gnome-terminal-
00:51:01     1000      6757    0,20    0,00    0,00    0,00    0,20     6  antigravity
00:51:01     1000      6820   12,40    0,60    0,00    0,00   13,00     1  antigravity
00:51:01     1000      7059    1,20    2,00    0,00    0,20    3,20     1  language_server
00:51:01     1000      7229    0,40    0,00    0,00    0,00    0,40     3  antigravity
00:51:01     1000      7244    1,40    0,40    0,00    0,20    1,80     7  antigravity
00:51:01     1000      7260    0,40    0,20    0,00    0,00    0,60     7  antigravity
00:51:01     1000      8267    1,80    1,40    0,00    0,00    3,20     7  language_server
00:51:01     1000      9291    0,20    0,00    0,00    0,00    0,20     6  chrome
00:51:01     1000      9519    0,20    0,00    0,00    0,00    0,20     4  chrome
00:51:01        0     99361    0,00    0,20    0,00    0,00    0,20     5  kworker/u32:3-i915
00:51:01     1000    107542    0,20    0,20    0,00    0,00    0,40     6  pidstat
00:51:01     1000    107574    2,40    0,20    0,00    0,00    2,60     7  java

00:50:56      UID       PID  minflt/s  majflt/s     VSZ     RSS   %MEM  Command
00:51:01      115       933      0,20      0,00 2711492  116028   0,71  prometheus
00:51:01        0      1423      1,20      0,00 2463900   70012   0,43  containerd
00:51:01        0      2975      9,60      0,00 1235352   13588   0,08  containerd-shim
00:51:01        0      2976      6,80      0,00 1235608   14464   0,09  containerd-shim
00:51:01        0      2977      6,40      0,00 1235352   15200   0,09  containerd-shim
00:51:01        0      2981      8,00      0,00 1235608   14304   0,09  containerd-shim
00:51:01        0      2982     11,40      0,00 1235608   14896   0,09  containerd-shim
00:51:01     1000      4708      6,60      0,00 5454596  346756   2,14  gnome-shell
00:51:01     1000      6317     32,80      0,00 1461668528  315492   1,94  antigravity
00:51:01     1000      6757      7,80      0,00 34347260  170064   1,05  antigravity
00:51:01     1000      6771      0,60      0,00 33903964   81292   0,50  antigravity
00:51:01     1000      6820    221,60      0,00 1461417264  655456   4,04  antigravity
00:51:01     1000      7161      0,20      0,00 33951332   64332   0,40  antigravity
00:51:01     1000      7229    106,20      0,00 1461383544  129504   0,80  antigravity
00:51:01     1000      7244     18,80      0,00 1461351324  366100   2,26  antigravity
00:51:01     1000      7258      6,00      0,00 1461347760  125636   0,77  antigravity
00:51:01     1000      7260     15,80      0,00 1461367100  164168   1,01  antigravity
00:51:01     1000      8356      5,20      0,00 1459530528  101100   0,62  antigravity
00:51:01     1000      9291      6,80      0,00 55435272  374220   2,31  chrome
00:51:01     1000      9342      4,40      0,00 55467700  213696   1,32  chrome
00:51:01     1000      9345      3,80      0,00 54976356  135672   0,84  chrome
00:51:01     1000      9359      1,20      0,00 55015792   62664   0,39  chrome
00:51:01     1000      9519      0,00      0,00 1518554232  354256   2,18  chrome
00:51:01     1000     76014      0,40      0,00 1518513820  345680   2,13  chrome
00:51:01     1000     76063      0,20      0,00 55006444   86720   0,53  chrome
00:51:01     1000     99008      6,40      0,00    7664    3936   0,02  bash
00:51:01     1000    107574     13,20      0,00 6198124  271264   1,67  java
00:51:01     1000    108157     27,20      0,00    2672    1464   0,01  sh
00:51:01     1000    108158     72,40      0,00    7012    3348   0,02  cpuUsage.sh
00:51:01     1000    108166     23,40      0,00    5656    1984   0,01  sleep
00:51:01     1000    108167     24,20      0,00    5660    2052   0,01  sleep

00:50:56      UID       PID   kB_rd/s   kB_wr/s kB_ccwr/s iodelay  Command
00:51:01     1000    107542      0,00      0,88      0,00       0  pidstat
00:51:01     1000    107574      0,00      3,30      0,00       0  java

00:51:01      UID       PID    %usr %system  %guest   %wait    %CPU   CPU  Command
00:51:06        0         1    0,40    0,00    0,00    0,00    0,40     3  systemd
00:51:06        0        17    0,00    0,20    0,00    0,20    0,20     7  rcu_preempt
00:51:06        0        50    0,00    0,20    0,00    0,00    0,20     5  migration/5
00:51:06        0       408    0,00    0,20    0,00    0,00    0,20     7  systemd-udevd
00:51:06      990       903    0,80    0,20    0,00    0,00    1,00     5  dbus-daemon
00:51:06      115       930    1,20    0,40    0,00    0,00    1,60     6  prometheus-node
00:51:06      115       933    0,40    0,00    0,00    0,00    0,40     0  prometheus
00:51:06        0       943    0,00    0,20    0,00    0,00    0,20     2  udisksd
00:51:06        0      1383    0,20    0,00    0,00    0,00    0,20     7  glances
00:51:06        0      1391    0,00    0,40    0,00    0,20    0,40     2  tailscaled
00:51:06        0      1423    0,60    0,40    0,00    0,00    1,00     2  containerd
00:51:06        0      2310    0,60    0,40    0,00    0,00    1,00     4  dockerd
00:51:06      117      2312    0,80    0,40    0,00    0,00    1,20     3  grafana
00:51:06        0      2932    0,60    0,20    0,00    0,00    0,80     6  mount.ntfs-3g
00:51:06        0      2975    0,00    0,20    0,00    0,00    0,20     7  containerd-shim
00:51:06        0      2976    0,20    0,00    0,00    0,00    0,20     6  containerd-shim
00:51:06      999      3130    0,40    0,00    0,00    0,00    0,40     2  redis-server
00:51:06     1000      4549    0,20    0,20    0,00    0,00    0,40     2  systemd
00:51:06     1000      4708    1,00    0,40    0,00    0,00    1,40     1  gnome-shell
00:51:06     1000      5043    0,20    0,00    0,00    0,00    0,20     6  gnome-software
00:51:06     1000      5268    0,00    0,20    0,00    0,00    0,20     5  gvfs-udisks2-vo
00:51:06     1000      5504    0,00    0,20    0,00    0,00    0,20     2  xdg-desktop-por
00:51:06        0      5954    0,00    0,20    0,00    0,00    0,20     3  fwupd
00:51:06     1000      6317    0,20    0,20    0,00    0,00    0,40     0  antigravity
00:51:06     1000      6339    1,00    0,00    0,00    0,00    1,00     5  gnome-terminal-
00:51:06     1000      6757    0,00    0,20    0,00    0,00    0,20     1  antigravity
00:51:06     1000      6820    1,40    0,20    0,00    0,00    1,60     0  antigravity
00:51:06     1000      7059    1,40    1,40    0,00    0,00    2,80     7  language_server
00:51:06     1000      7229    0,20    0,40    0,00    0,00    0,60     1  antigravity
00:51:06     1000      7244    1,40    0,40    0,00    0,00    1,80     3  antigravity
00:51:06     1000      7260    0,60    0,00    0,00    0,00    0,60     7  antigravity
00:51:06     1000      8267    1,60    1,40    0,00    0,00    3,00     7  language_server
00:51:06     1000      9291    0,20    0,00    0,00    0,00    0,20     4  chrome
00:51:06     1000      9519    0,20    0,00    0,00    0,00    0,20     0  chrome
00:51:06     1000     76014    0,20    0,00    0,00    0,00    0,20     0  chrome
00:51:06     1000     91682    0,20    0,00    0,00    0,00    0,20     6  ssh
00:51:06        0    102824    0,20    0,00    0,00    0,00    0,20     1  kworker/1:1-events
00:51:06     1000    107542    0,20    0,00    0,00    0,00    0,20     6  pidstat
00:51:06     1000    107574    1,60    0,40    0,00    0,00    2,00     7  java
00:51:06        0    108206    0,20    0,00    0,00    0,00    0,20     5  containerd-shim
00:51:06        0    108231    0,80    0,40    0,00    0,00    1,20     0  node

00:51:01      UID       PID  minflt/s  majflt/s     VSZ     RSS   %MEM  Command
00:51:06        0       376     26,60      0,00  188968  108820   0,67  systemd-journal
00:51:06        0       408     95,40      0,00   37544   10908   0,07  systemd-udevd
00:51:06      115       930     55,60      0,00 1762312   25908   0,16  prometheus-node
00:51:06        0      1423      3,80      0,00 2463900   70140   0,43  containerd
00:51:06      117      2312      2,40      0,00 1765300  350108   2,16  grafana
00:51:06        0      2975     11,40      0,00 1235352   13844   0,09  containerd-shim
00:51:06        0      2976     16,00      0,00 1235608   14720   0,09  containerd-shim
00:51:06        0      2977     11,40      0,00 1235352   15456   0,10  containerd-shim
00:51:06        0      2981     12,00      0,00 1235608   14432   0,09  containerd-shim
00:51:06        0      2982     10,20      0,00 1235608   15024   0,09  containerd-shim
00:51:06     1000      4708      2,80      0,00 5454468  346756   2,14  gnome-shell
00:51:06        0      5954      0,20      0,00  370300   46820   0,29  fwupd
00:51:06     1000      6317     32,60      0,00 1461668528  315620   1,94  antigravity
00:51:06     1000      6757      7,80      0,00 34359732  170064   1,05  antigravity
00:51:06     1000      6771      0,60      0,00 33903964   81292   0,50  antigravity
00:51:06     1000      6820    278,80      0,00 1461417264  656292   4,04  antigravity
00:51:06     1000      7161      0,20      0,00 33951332   64332   0,40  antigravity
00:51:06     1000      7229    121,80      0,00 1461383544  129360   0,80  antigravity
00:51:06     1000      7244    222,00      0,00 1461351324  366228   2,26  antigravity
00:51:06     1000      7258      3,00      0,00 1461347760  125636   0,77  antigravity
00:51:06     1000      7260     16,20      0,00 1461367100  163828   1,01  antigravity
00:51:06     1000      8356      5,00      0,00 1459530528  101100   0,62  antigravity
00:51:06     1000      9291      7,00      0,00 55435272  374220   2,31  chrome
00:51:06     1000      9342      2,20      0,00 55467700  213696   1,32  chrome
00:51:06     1000      9345      8,40      0,00 54976356  135672   0,84  chrome
00:51:06     1000      9359      0,60      0,00 55015792   62664   0,39  chrome
00:51:06     1000     76014      0,40      0,00 1518513820  345680   2,13  chrome
00:51:06     1000     76063      0,20      0,00 55006444   86720   0,53  chrome
00:51:06     1000    107574      6,00      0,00 6198124  271392   1,67  java
00:51:06     1000    108188     27,40      0,00    2672    1464   0,01  sh
00:51:06     1000    108189     72,20      0,00    7012    3300   0,02  cpuUsage.sh
00:51:06     1000    108197     23,40      0,00    5656    1960   0,01  sleep
00:51:06        0    108206    151,40      0,00 1235608   12744   0,08  containerd-shim
00:51:06        0    108231    659,20      0,00  685392   38664   0,24  node
00:51:06        0    108240     54,40      0,00   37548    7188   0,04  (udev-worker)
00:51:06        0    108254     27,40      0,00   37548    6784   0,04  (udev-worker)
00:51:06        0    108255     27,40      0,00   37548    6784   0,04  (udev-worker)
00:51:06        0    108257     27,00      0,00   37548    6784   0,04  (udev-worker)
00:51:06        0    108258     27,00      0,00   37548    6784   0,04  (udev-worker)
00:51:06        0    108259     27,20      0,00   37548    6784   0,04  (udev-worker)
00:51:06        0    108260     27,40      0,00   37548    6784   0,04  (udev-worker)
00:51:06        0    108261     27,40      0,00   37548    6784   0,04  (udev-worker)
00:51:06        0    108263     26,60      0,00   37548    6784   0,04  (udev-worker)
00:51:06        0    108264     27,60      0,00   37548    6784   0,04  (udev-worker)
00:51:06        0    108265     28,20      0,00   37548    6784   0,04  (udev-worker)
00:51:06        0    108266     28,20      0,00   37548    6784   0,04  (udev-worker)
00:51:06        0    108267     27,20      0,00   37548    6784   0,04  (udev-worker)
00:51:06        0    108269     27,20      0,00   37548    6784   0,04  (udev-worker)
00:51:06        0    108270     27,00      0,00   37548    6528   0,04  (udev-worker)
00:51:06        0    108271     27,20      0,00   37548    6784   0,04  (udev-worker)
00:51:06        0    108279     56,60      0,00 1673248    8372   0,05  docker-proxy
00:51:06        0    108286     61,20      0,00 1746980    8424   0,05  docker-proxy

00:51:01      UID       PID   kB_rd/s   kB_wr/s kB_ccwr/s iodelay  Command
00:51:06     1000      7244      0,00      0,80      0,00       0  antigravity
00:51:06     1000    107542      0,00      1,03      0,00       0  pidstat
00:51:06     1000    107574      0,00      1,56      0,00       0  java

00:51:06      UID       PID    %usr %system  %guest   %wait    %CPU   CPU  Command
00:51:11        0         1    0,20    0,00    0,00    0,00    0,20     1  systemd
00:51:11        0        57    0,00    0,20    0,00    0,00    0,20     6  ksoftirqd/6
00:51:11        0       408    0,20    0,00    0,00    0,00    0,20     5  systemd-udevd
00:51:11      990       903    0,20    0,00    0,00    0,00    0,20     5  dbus-daemon
00:51:11      115       933    0,20    0,20    0,00    0,00    0,40     0  prometheus
00:51:11        0      1079    0,20    0,00    0,00    0,00    0,20     2  NetworkManager
00:51:11        0      1383    0,20    0,00    0,00    0,00    0,20     7  glances
00:51:11        0      1391    0,00    0,20    0,00    0,00    0,20     5  tailscaled
00:51:11        0      1423    0,60    0,00    0,00    0,00    0,60     2  containerd
00:51:11        0      2310    0,20    0,60    0,00    0,00    0,80     4  dockerd
00:51:11      117      2312    0,80    0,20    0,00    0,00    1,00     3  grafana
00:51:11        0      2932    0,20    0,60    0,00    0,00    0,80     1  mount.ntfs-3g
00:51:11        0      2981    0,00    0,20    0,00    0,00    0,20     0  containerd-shim
00:51:11        0      2982    0,00    0,20    0,00    0,00    0,20     1  containerd-shim
00:51:11      999      3130    0,40    0,00    0,00    0,00    0,40     1  redis-server
00:51:11     1000      4708    1,20    0,20    0,00    0,00    1,40     6  gnome-shell
00:51:11     1000      5055    0,20    0,00    0,00    0,20    0,20     0  gsd-sharing
00:51:11     1000      6317    0,20    0,20    0,00    0,00    0,40     3  antigravity
00:51:11     1000      6339    0,40    0,00    0,00    0,00    0,40     1  gnome-terminal-
00:51:11     1000      6757    0,20    0,00    0,00    0,00    0,20     7  antigravity
00:51:11     1000      6820    1,20    0,20    0,00    0,00    1,40     7  antigravity
00:51:11     1000      7059    1,40    1,60    0,00    0,00    3,00     7  language_server
00:51:11     1000      7229    0,20    0,20    0,00    0,00    0,40     3  antigravity
00:51:11     1000      7244    1,40    0,40    0,00    0,00    1,80     6  antigravity
00:51:11     1000      7260    0,60    0,20    0,00    0,00    0,80     6  antigravity
00:51:11     1000      8267    1,40    1,60    0,00    0,00    3,00     7  language_server
00:51:11     1000      8356    0,20    0,00    0,00    0,00    0,20     0  antigravity
00:51:11     1000      8393    0,20    0,00    0,00    0,00    0,20     7  antigravity
00:51:11     1000      9291    0,20    0,00    0,00    0,00    0,20     4  chrome
00:51:11        0     98978    0,00    0,20    0,00    0,00    0,20     0  kworker/0:1-events
00:51:11     1000    107542    0,20    0,60    0,00    0,00    0,80     4  pidstat
00:51:11     1000    107574    2,20    0,40    0,00    0,00    2,60     7  java

00:51:06      UID       PID  minflt/s  majflt/s     VSZ     RSS   %MEM  Command
00:51:11        0       376     19,00      0,00  188968  108820   0,67  systemd-journal
00:51:11        0       408      1,80      0,00   37544   10908   0,07  systemd-udevd
00:51:11        0      1423      6,60      0,00 2463900   70000   0,43  containerd
00:51:11        0      2975     11,20      0,00 1235352   14100   0,09  containerd-shim
00:51:11        0      2976     10,00      0,00 1235608   14848   0,09  containerd-shim
00:51:11        0      2977     14,60      0,00 1235352   15712   0,10  containerd-shim
00:51:11        0      2981     11,40      0,00 1235608   14560   0,09  containerd-shim
00:51:11        0      2982     12,60      0,00 1235608   15152   0,09  containerd-shim
00:51:11     1000      4708      6,60      0,00 5454532  346756   2,14  gnome-shell
00:51:11        0      5954      0,20      0,00  370300   46820   0,29  fwupd
00:51:11     1000      6317     39,80      0,00 1461668528  315436   1,94  antigravity
00:51:11     1000      6757      7,00      0,00 34359692  170064   1,05  antigravity
00:51:11     1000      6771      1,20      0,00 33903964   81292   0,50  antigravity
00:51:11     1000      6820    203,00      0,00 1461417264  658508   4,06  antigravity
00:51:11     1000      7161      0,20      0,00 33951332   64332   0,40  antigravity
00:51:11     1000      7229     24,40      0,00 1461383544  129192   0,80  antigravity
00:51:11     1000      7244    218,40      0,00 1461351324  366228   2,26  antigravity
00:51:11     1000      7258      3,00      0,00 1461347760  125636   0,77  antigravity
00:51:11     1000      7260     21,40      0,00 1461367100  164084   1,01  antigravity
00:51:11     1000      8356      5,40      0,00 1459530528  101100   0,62  antigravity
00:51:11     1000      9291     11,40      0,00 55435272  374220   2,31  chrome
00:51:11     1000      9342      2,20      0,00 55467700  213696   1,32  chrome
00:51:11     1000      9345      5,60      0,00 54976356  135672   0,84  chrome
00:51:11     1000      9359      0,60      0,00 55015792   62664   0,39  chrome
00:51:11     1000     76014      0,60      0,00 1518513820  345680   2,13  chrome
00:51:11     1000     76063      0,20      0,00 55006444   86720   0,53  chrome
00:51:11     1000    107542      3,80      0,00    6360    5132   0,03  pidstat
00:51:11     1000    107574      9,40      0,00 6198124  279876   1,72  java

00:51:06      UID       PID   kB_rd/s   kB_wr/s kB_ccwr/s iodelay  Command
00:51:11     1000      7244      0,00      0,80      0,00       0  antigravity
00:51:11     1000      9291      0,00      4,00      0,00       0  chrome
00:51:11     1000      9345      0,00     14,40      0,00       0  chrome
00:51:11     1000    107542      0,00      1,64      0,00       0  pidstat
00:51:11     1000    107574      0,00      3,06      0,00       0  java

00:51:11      UID       PID    %usr %system  %guest   %wait    %CPU   CPU  Command
00:51:16        0       120    0,00    0,20    0,00    0,00    0,20     6  kworker/u33:0-i915_flip
00:51:16        0      1423    0,40    0,20    0,00    0,00    0,60     2  containerd
00:51:16        0      2310    0,40    0,20    0,00    0,00    0,60     4  dockerd
00:51:16      117      2312    0,60    0,20    0,00    0,00    0,80     3  grafana
00:51:16        0      2932    0,20    0,40    0,00    0,00    0,60     6  mount.ntfs-3g
00:51:16        0      2975    0,00    0,20    0,00    0,00    0,20     7  containerd-shim
00:51:16        0      2982    0,20    0,00    0,00    0,00    0,20     1  containerd-shim
00:51:16      999      3130    0,40    0,20    0,00    0,00    0,60     2  redis-server
00:51:16     1000      4708    0,80    0,40    0,00    0,00    1,20     0  gnome-shell
00:51:16     1000      5523    0,00    0,20    0,00    0,00    0,20     6  xdg-document-po
00:51:16     1000      6317    0,20    0,00    0,00    0,00    0,20     2  antigravity
00:51:16     1000      6339    1,00    0,00    0,00    0,00    1,00     5  gnome-terminal-
00:51:16     1000      6820    1,60    0,00    0,00    0,20    1,60     7  antigravity
00:51:16     1000      7059    1,80    1,00    0,00    0,00    2,80     3  language_server
00:51:16     1000      7244    1,20    0,80    0,00    0,00    2,00     3  antigravity
00:51:16     1000      7260    0,60    0,00    0,00    0,00    0,60     3  antigravity
00:51:16     1000      8267    1,40    1,80    0,00    0,00    3,20     7  language_server
00:51:16     1000      9291    0,00    0,20    0,00    0,00    0,20     4  chrome
00:51:16     1000      9519    0,20    0,20    0,00    0,00    0,40     2  chrome
00:51:16        0     97469    0,00    0,20    0,00    0,00    0,20     5  kworker/5:2-mm_percpu_wq
00:51:16     1000     98039    0,20    0,00    0,00    0,00    0,20     1  antigravity
00:51:16        0    103256    0,00    0,20    0,00    0,00    0,20     1  kworker/u32:4-events_unbound
00:51:16     1000    107542    0,00    0,40    0,00    0,00    0,40     4  pidstat
00:51:16     1000    107574    3,20    2,00    0,00    0,00    5,20     7  java
00:51:16     1000    108377    0,60    0,00    0,00    0,00    0,60     2  gnome-screensho

00:51:11      UID       PID  minflt/s  majflt/s     VSZ     RSS   %MEM  Command
00:51:16        0      1423      1,80      0,00 2463900   70000   0,43  containerd
00:51:16      114      1526      3,80      0,00  218252   29568   0,18  postgres
00:51:16        0      2975      5,40      0,00 1235352   14228   0,09  containerd-shim
00:51:16        0      2976      0,40      0,00 1235608   14848   0,09  containerd-shim
00:51:16        0      2977      1,00      0,00 1235352   15712   0,10  containerd-shim
00:51:16        0      2981      1,00      0,00 1235608   14560   0,09  containerd-shim
00:51:16        0      2982      8,60      0,00 1235608   15280   0,09  containerd-shim
00:51:16     1000      4708      1,20      0,00 5455044  346756   2,14  gnome-shell
00:51:16     1000      6317     34,20      0,00 1461668528  315408   1,94  antigravity
00:51:16     1000      6757      6,20      0,00 34359692  169932   1,05  antigravity
00:51:16     1000      6771      0,60      0,00 33903964   81292   0,50  antigravity
00:51:16     1000      6820    145,20      0,00 1461417264  661068   4,07  antigravity
00:51:16     1000      7161      0,40      0,00 33951332   64332   0,40  antigravity
00:51:16     1000      7229      2,40      0,00 1461383544  129192   0,80  antigravity
00:51:16     1000      7244    243,20      0,00 1461351324  366484   2,26  antigravity
00:51:16     1000      7258      3,00      0,00 1461347760  125636   0,77  antigravity
00:51:16     1000      7260     18,40      0,00 1461367100  163988   1,01  antigravity
00:51:16     1000      8356      5,20      0,00 1459530528  101100   0,62  antigravity
00:51:16     1000      9291     13,80      0,00 55435272  374072   2,30  chrome
00:51:16     1000      9342      2,20      0,00 55467700  213696   1,32  chrome
00:51:16     1000      9345      4,60      0,00 54976356  135672   0,84  chrome
00:51:16     1000      9359      0,60      0,00 55015792   62664   0,39  chrome
00:51:16     1000     76014      0,40      0,00 1518513820  345680   2,13  chrome
00:51:16     1000     76063      0,40      0,00 55006444   86720   0,53  chrome
00:51:16     1000     99008      7,00      0,00    7664    3936   0,02  bash
00:51:16     1000    107542      0,00      0,00    6248    5132   0,03  pidstat
00:51:16     1000    107574     15,60      0,00 6198124  302732   1,86  java
00:51:16     1000    108377    282,60      0,00  408384   19428   0,12  gnome-screensho

00:51:11      UID       PID   kB_rd/s   kB_wr/s kB_ccwr/s iodelay  Command
00:51:16     1000      9291      0,00      0,80      0,00       0  chrome
00:51:16     1000    107542      0,00      1,13      0,00       0  pidstat
00:51:16     1000    107574      0,00      3,07      0,00       0  java

00:51:16      UID       PID    %usr %system  %guest   %wait    %CPU   CPU  Command
00:51:21        0         1    1,00    0,60    0,00    0,00    1,60     5  systemd
00:51:21        0        39    0,00    0,20    0,00    0,00    0,20     3  ksoftirqd/3
00:51:21        0        86    0,00    0,20    0,00    0,00    0,20     1  irq/9-acpi
00:51:21        0       376    0,20    0,00    0,00    0,20    0,20     6  systemd-journal
00:51:21      102       898    0,20    0,20    0,00    0,00    0,40     7  avahi-daemon
00:51:21      990       903    1,00    0,20    0,00    0,20    1,20     6  dbus-daemon
00:51:21      115       930    1,40    0,60    0,00    0,00    2,00     0  prometheus-node
00:51:21      115       933    0,20    0,00    0,00    0,00    0,20     0  prometheus
00:51:21        0      1383    0,20    0,00    0,00    0,00    0,20     7  glances
00:51:21        0      1391    0,80    0,40    0,00    0,00    1,20     0  tailscaled
00:51:21        0      1423    0,20    0,00    0,00    0,00    0,20     2  containerd
00:51:21        0      1554    0,60    0,40    0,00    0,00    1,00     6  apache2
00:51:21        0      2310    0,60    0,20    0,00    0,00    0,80     4  dockerd
00:51:21      117      2312    0,60    0,40    0,00    0,00    1,00     3  grafana
00:51:21        0      2932    0,40    0,40    0,00    0,00    0,80     6  mount.ntfs-3g
00:51:21        0      2976    0,20    0,20    0,00    0,00    0,40     6  containerd-shim
00:51:21        0      2977    0,20    0,00    0,00    0,00    0,20     7  containerd-shim
00:51:21        0      2981    0,20    0,00    0,00    0,00    0,20     0  containerd-shim
00:51:21      999      3130    0,20    0,00    0,00    0,00    0,20     4  redis-server
00:51:21     1000      4569    0,20    0,00    0,00    0,00    0,20     3  dbus-daemon
00:51:21     1000      4570    0,20    0,00    0,00    0,00    0,20     2  pipewire
00:51:21     1000      4573    0,40    0,00    0,00    0,00    0,40     7  wireplumber
00:51:21     1000      4574    0,20    0,00    0,00    0,00    0,20     4  pipewire-pulse
00:51:21     1000      4683    0,20    0,00    0,00    0,00    0,20     2  gvfsd
00:51:21     1000      4708    5,60    1,40    0,00    0,00    7,00     2  gnome-shell
00:51:21     1000      5039    0,20    0,00    0,00    0,00    0,20     6  gsd-media-keys
00:51:21     1000      6317    0,20    0,00    0,00    0,00    0,20     1  antigravity
00:51:21     1000      6339    0,60    0,00    0,00    0,00    0,60     4  gnome-terminal-
00:51:21     1000      6757    0,20    0,20    0,00    0,00    0,40     7  antigravity
00:51:21     1000      6820    1,20    0,40    0,00    0,00    1,60     5  antigravity
00:51:21     1000      7059    1,40    1,40    0,00    0,00    2,80     7  language_server
00:51:21     1000      7229    0,20    0,40    0,00    0,00    0,60     2  antigravity
00:51:21     1000      7244    1,40    0,60    0,00    0,00    2,00     7  antigravity
00:51:21     1000      7260    0,80    0,20    0,00    0,00    1,00     4  antigravity
00:51:21     1000      8267    1,80    1,00    0,00    0,00    2,80     7  language_server
00:51:21     1000      8356    0,00    0,20    0,00    0,00    0,20     2  antigravity
00:51:21     1000      9291    0,20    0,00    0,00    0,00    0,20     7  chrome
00:51:21     1000      9345    0,20    0,00    0,00    0,00    0,20     6  chrome
00:51:21     1000      9390    0,20    0,00    0,00    0,00    0,20     2  chrome
00:51:21     1000     76063    0,20    0,00    0,00    0,00    0,20     5  chrome
00:51:21        0     93905    0,00    0,20    0,00    0,00    0,20     4  kworker/u32:7-kvfree_rcu_reclaim
00:51:21     1000    107542    0,40    0,00    0,00    0,00    0,40     4  pidstat
00:51:21     1000    107574    5,20    0,40    0,00    0,00    5,60     7  java
00:51:21        0    108412    0,20    0,00    0,00    0,00    0,20     6  cupsd
00:51:21        0    108416    0,20    0,20    0,00    0,00    0,40     3  cups-browsed

00:51:16      UID       PID  minflt/s  majflt/s     VSZ     RSS   %MEM  Command
00:51:21        0         1    191,60      0,00   24788   14916   0,09  systemd
00:51:21        0       376     29,80      0,00  188968  108820   0,67  systemd-journal
00:51:21      115       930     93,60      0,00 1762312   25668   0,16  prometheus-node
00:51:21        0      1391     45,40      0,00 1421316   96600   0,60  tailscaled
00:51:21        0      1423      4,20      0,00 2463900   70000   0,43  containerd
00:51:21        0      1554    604,60      0,20  293896   38572   0,24  apache2
00:51:21        0      2975      1,80      0,00 1235352   14228   0,09  containerd-shim
00:51:21        0      2976      6,40      0,00 1235608   15104   0,09  containerd-shim
00:51:21        0      2981      0,20      0,00 1235608   14688   0,09  containerd-shim
00:51:21        0      2982      2,00      0,00 1235608   15280   0,09  containerd-shim
00:51:21     1000      4570     37,20      0,00  105040   14368   0,09  pipewire
00:51:21     1000      4574     38,20      0,00  110852   15664   0,10  pipewire-pulse
00:51:21     1000      4683      0,20      0,00  312988    8156   0,05  gvfsd
00:51:21     1000      4708     13,20      0,00 5454660  346884   2,14  gnome-shell
00:51:21     1000      5504      0,20      0,00  778332   19920   0,12  xdg-desktop-por
00:51:21     1000      6317     32,80      0,00 1461668528  315420   1,94  antigravity
00:51:21     1000      6757     25,00      0,00 34359756  170188   1,05  antigravity
00:51:21     1000      6771      0,60      0,00 33903964   81292   0,50  antigravity
00:51:21     1000      6820    209,80      0,00 1461417264  663640   4,09  antigravity
00:51:21     1000      7161      0,20      0,00 33951332   64332   0,40  antigravity
00:51:21     1000      7229     94,00      0,00 1461383544  129448   0,80  antigravity
00:51:21     1000      7244    517,00      0,00 1461351324  364668   2,25  antigravity
00:51:21     1000      7258      6,00      0,00 1461347760  125636   0,77  antigravity
00:51:21     1000      7260     20,60      0,00 1461367100  163940   1,01  antigravity
00:51:21     1000      8356      5,40      0,00 1459530528  101100   0,62  antigravity
00:51:21     1000      9291      6,80      0,00 55435272  374072   2,30  chrome
00:51:21     1000      9342      4,40      0,00 55467700  213696   1,32  chrome
00:51:21     1000      9345      3,80      0,00 54976356  135672   0,84  chrome
00:51:21     1000      9359      1,20      0,00 55015792   62664   0,39  chrome
00:51:21     1000      9519      0,00      0,00 1518554232  352632   2,17  chrome
00:51:21     1000     76014      0,40      0,00 1518513820  345680   2,13  chrome
00:51:21     1000     76063      0,20      0,00 55006444   86720   0,53  chrome
00:51:21     1000     99008      0,80      0,00    7664    3936   0,02  bash
00:51:21     1000    107574      7,00      0,00 6198124  302860   1,87  java
00:51:21        0    108412    207,80      0,00   16948    7792   0,05  cupsd
00:51:21        0    108416    324,20      0,00  192640   15876   0,10  cups-browsed
00:51:21       33    108423     65,80      0,00  294488   18224   0,11  apache2
00:51:21       33    108424     63,40      0,00  294496   18300   0,11  apache2
00:51:21       33    108425     63,40      0,00  294496   18300   0,11  apache2
00:51:21       33    108426     63,40      0,00  294496   18300   0,11  apache2
00:51:21       33    108427     63,40      0,00  294496   18300   0,11  apache2
00:51:21       33    108428     63,40      0,00  294496   18300   0,11  apache2

00:51:16      UID       PID   kB_rd/s   kB_wr/s kB_ccwr/s iodelay  Command
00:51:21     1000      4573      0,00      0,80      0,00       0  wireplumber
00:51:21     1000      4708      0,00     76,80      0,00       0  gnome-shell
00:51:21     1000     99008      0,00    182,22     76,80       0  bash
00:51:21     1000    107542      0,00      0,98      0,00       0  pidstat
00:51:21     1000    107574      0,00      4,61      0,00       0  java

00:51:21      UID       PID    %usr %system  %guest   %wait    %CPU   CPU  Command
00:51:26        0        17    0,00    0,20    0,00    0,40    0,20     5  rcu_preempt
00:51:26      102       898    0,20    0,00    0,00    0,00    0,20     7  avahi-daemon
00:51:26      115       933    0,20    0,00    0,00    0,00    0,20     0  prometheus
00:51:26        0      1383    0,20    0,00    0,00    0,00    0,20     7  glances
00:51:26        0      1411    0,20    0,00    0,00    0,00    0,20     7  anydesk
00:51:26        0      1423    0,40    0,20    0,00    0,00    0,60     2  containerd
00:51:26      111      1503    0,20    0,00    0,00    0,00    0,20     7  mariadbd
00:51:26        0      2310    0,40    0,20    0,00    0,00    0,60     4  dockerd
00:51:26      117      2312    0,40    0,40    0,00    0,00    0,80     3  grafana
00:51:26        0      2932    0,60    0,40    0,00    0,00    1,00     4  mount.ntfs-3g
00:51:26        0      2975    0,20    0,00    0,00    0,00    0,20     7  containerd-shim
00:51:26        0      2981    0,00    0,20    0,00    0,00    0,20     0  containerd-shim
00:51:26        0      2982    0,00    0,20    0,00    0,00    0,20     1  containerd-shim
00:51:26      999      3130    0,40    0,00    0,00    0,00    0,40     2  redis-server
00:51:26     1000      4570    0,20    0,20    0,00    0,00    0,40     2  pipewire
00:51:26     1000      4708    0,40    0,40    0,00    0,00    0,80     2  gnome-shell
00:51:26     1000      6317    0,20    0,20    0,00    0,00    0,40     1  antigravity
00:51:26     1000      6339    0,60    0,00    0,00    0,00    0,60     1  gnome-terminal-
00:51:26     1000      6757    0,20    0,00    0,00    0,00    0,20     7  antigravity
00:51:26     1000      6820    0,80    0,40    0,00    0,00    1,20     6  antigravity
00:51:26     1000      7059    1,20    2,20    0,00    0,00    3,40     7  language_server
00:51:26     1000      7229    0,20    0,00    0,00    0,00    0,20     2  antigravity
00:51:26     1000      7244    1,40    0,60    0,00    0,00    2,00     1  antigravity
00:51:26     1000      7260    0,80    0,00    0,00    0,00    0,80     6  antigravity
00:51:26     1000      8267    2,00    1,20    0,00    0,00    3,20     7  language_server
00:51:26     1000      9291    0,20    0,00    0,00    0,00    0,20     7  chrome
00:51:26     1000      9342    0,20    0,00    0,00    0,00    0,20     3  chrome
00:51:26     1000      9519    0,20    0,00    0,00    0,00    0,20     0  chrome
00:51:26     1000     91682    0,20    0,20    0,00    0,00    0,40     5  ssh
00:51:26     1000    107542    0,20    0,40    0,00    0,00    0,60     5  pidstat
00:51:26     1000    107574    1,60    0,40    0,00    0,00    2,00     7  java

00:51:21      UID       PID  minflt/s  majflt/s     VSZ     RSS   %MEM  Command
00:51:26        0      1423      5,60      0,00 2463900   70128   0,43  containerd
00:51:26        0      2975      6,00      0,00 1235352   14356   0,09  containerd-shim
00:51:26        0      2976      4,40      0,00 1235608   15104   0,09  containerd-shim
00:51:26        0      2977      2,60      0,00 1235352   15132   0,09  containerd-shim
00:51:26        0      2981      7,20      0,00 1235608   14688   0,09  containerd-shim
00:51:26        0      2982      1,20      0,00 1235608   15144   0,09  containerd-shim
00:51:26       70      3117      4,40      0,00  174540   25424   0,16  postgres
00:51:26        0      3144      0,20      0,00  743676   80044   0,49  node
00:51:26     1000      4570      0,00      0,00  104092   14368   0,09  pipewire
00:51:26     1000      4708      2,00      0,00 5454532  346884   2,14  gnome-shell
00:51:26     1000      6317     32,20      0,00 1461668528  315472   1,94  antigravity
00:51:26     1000      6757      8,40      0,00 34359692  170444   1,05  antigravity
00:51:26     1000      6771      0,60      0,00 33903964   81292   0,50  antigravity
00:51:26     1000      6820    169,00      0,00 1461417264  665640   4,10  antigravity
00:51:26     1000      7161      0,20      0,00 33951332   64332   0,40  antigravity
00:51:26     1000      7229     12,60      0,00 1461383544  129448   0,80  antigravity
00:51:26     1000      7244    326,80      0,00 1461351324  364772   2,25  antigravity
00:51:26     1000      7258      2,80      0,00 1461347760  125636   0,77  antigravity
00:51:26     1000      7260     21,60      0,00 1461367100  164068   1,01  antigravity
00:51:26     1000      8356      5,20      0,00 1459530528  101100   0,62  antigravity
00:51:26     1000      9291     14,20      0,00 55435272  374200   2,31  chrome
00:51:26     1000      9342      2,20      0,00 55467700  213696   1,32  chrome
00:51:26     1000      9345      8,40      0,00 54976356  135672   0,84  chrome
00:51:26     1000      9359      0,60      0,00 55015792   62664   0,39  chrome
00:51:26     1000     76014      0,40      0,00 1518513820  345680   2,13  chrome
00:51:26     1000     76063      0,40      0,00 55006444   86720   0,53  chrome
00:51:26     1000    107574      2,00      0,00 6198124  302860   1,87  java

00:51:21      UID       PID   kB_rd/s   kB_wr/s kB_ccwr/s iodelay  Command
00:51:26     1000      9291      0,00      6,40      0,00       0  chrome
00:51:26     1000    107542      0,00      1,57      0,00       0  pidstat
00:51:26     1000    107574      0,00      3,08      0,00       0  java

00:51:26      UID       PID    %usr %system  %guest   %wait    %CPU   CPU  Command
00:51:31        0      1383    0,20    0,00    0,00    0,00    0,20     7  glances
00:51:31        0      1391    0,00    0,20    0,00    0,00    0,20     6  tailscaled
00:51:31        0      1423    0,20    0,00    0,00    0,00    0,20     2  containerd
00:51:31        0      2310    0,20    0,20    0,00    0,00    0,40     4  dockerd
00:51:31      117      2312    0,60    0,40    0,00    0,00    1,00     3  grafana
00:51:31        0      2932    0,20    0,40    0,00    0,00    0,60     1  mount.ntfs-3g
00:51:31        0      2975    0,20    0,00    0,00    0,00    0,20     7  containerd-shim
00:51:31        0      2977    0,00    0,20    0,00    0,00    0,20     7  containerd-shim
00:51:31      999      3130    0,40    0,20    0,00    0,00    0,60     4  redis-server
00:51:31     1000      4708    1,20    0,40    0,00    0,00    1,60     6  gnome-shell
00:51:31     1000      6317    0,20    0,00    0,00    0,00    0,20     5  antigravity
00:51:31     1000      6339    0,80    0,00    0,00    0,00    0,80     1  gnome-terminal-
00:51:31     1000      6757    0,20    0,20    0,00    0,20    0,40     6  antigravity
00:51:31     1000      6820   12,60    0,60    0,00    0,00   13,20     6  antigravity
00:51:31     1000      7059    1,60    1,40    0,00    0,00    3,00     3  language_server
00:51:31     1000      7229    0,20    0,20    0,00    0,00    0,40     4  antigravity
00:51:31     1000      7244    1,40    0,80    0,00    0,00    2,20     1  antigravity
00:51:31     1000      7260    0,40    0,00    0,00    0,00    0,40     5  antigravity
00:51:31     1000      8267    1,80    1,40    0,00    0,00    3,20     7  language_server
00:51:31     1000      8356    0,20    0,20    0,00    0,00    0,40     2  antigravity
00:51:31     1000      9291    0,20    0,00    0,00    0,00    0,20     7  chrome
00:51:31     1000      9519    0,20    0,00    0,00    0,00    0,20     0  chrome
00:51:31     1000     76025    0,00    0,20    0,00    0,00    0,20     5  chrome
00:51:31        0     97830    0,20    0,00    0,00    0,00    0,20     7  kworker/7:0-events
00:51:31     1000     98039    0,00    0,20    0,00    0,00    0,20     1  antigravity
00:51:31        0    104961    0,00    0,20    0,00    0,20    0,20     6  kworker/6:0-events
00:51:31     1000    107542    0,20    0,20    0,00    0,00    0,40     5  pidstat
00:51:31     1000    107574    2,20    0,80    0,00    0,00    3,00     7  java

00:51:26      UID       PID  minflt/s  majflt/s     VSZ     RSS   %MEM  Command
00:51:31        0      2975      7,00      0,00 1235352   13532   0,08  containerd-shim
00:51:31        0      2976      2,60      0,00 1235608   14364   0,09  containerd-shim
00:51:31        0      2977     10,20      0,00 1235352   14436   0,09  containerd-shim
00:51:31        0      2981     12,00      0,00 1235608   14080   0,09  containerd-shim
00:51:31        0      2982      0,60      0,00 1235608   14636   0,09  containerd-shim
00:51:31     1000      4708      2,20      0,00 5454532  346884   2,14  gnome-shell
00:51:31     1000      6317     36,00      0,00 1461668528  315356   1,94  antigravity
00:51:31     1000      6757      5,80      0,00 34359820  170060   1,05  antigravity
00:51:31     1000      6771      1,20      0,00 33903964   81292   0,50  antigravity
00:51:31     1000      6820    350,60      0,00 1461417264  654516   4,03  antigravity
00:51:31     1000      7161      0,20      0,00 33951332   64332   0,40  antigravity
00:51:31     1000      7229    123,20      0,00 1461383544  129320   0,80  antigravity
00:51:31     1000      7244    265,40      0,00 1461351324  364756   2,25  antigravity
00:51:31     1000      7258      2,80      0,00 1461347760  125636   0,77  antigravity
00:51:31     1000      7260     18,20      0,00 1461367100  164324   1,01  antigravity
00:51:31     1000      8356      5,20      0,00 1459530528  101100   0,62  antigravity
00:51:31     1000      9291      7,00      0,00 55435272  374200   2,31  chrome
00:51:31     1000      9342      2,20      0,00 55467700  213696   1,32  chrome
00:51:31     1000      9345      4,20      0,00 54976356  135672   0,84  chrome
00:51:31     1000      9359      0,60      0,00 55015792   62664   0,39  chrome
00:51:31     1000     76014      0,40      0,00 1518513820  345680   2,13  chrome
00:51:31     1000     76063      0,20      0,00 55006444   86720   0,53  chrome
00:51:31     1000    107574      1,20      0,00 6198124  302860   1,87  java
00:51:31     1000    108470     27,80      0,00    2672    1636   0,01  sh
00:51:31     1000    108471     66,60      0,00    7012    3256   0,02  cpuUsage.sh
00:51:31     1000    108478     23,80      0,00    5656    2140   0,01  sleep

00:51:26      UID       PID   kB_rd/s   kB_wr/s kB_ccwr/s iodelay  Command
00:51:31     1000    107542      0,00      1,05      0,00       0  pidstat
00:51:31     1000    107574      0,00      3,14      0,00       0  java

00:51:31      UID       PID    %usr %system  %guest   %wait    %CPU   CPU  Command
00:51:36        0         1    0,20    0,00    0,00    0,00    0,20     7  systemd
00:51:36        0        86    0,00    0,20    0,00    0,00    0,20     1  irq/9-acpi
00:51:36      990       903    0,60    0,00    0,00    0,00    0,60     5  dbus-daemon
00:51:36      115       930    1,00    0,60    0,00    0,00    1,60     0  prometheus-node
00:51:36      115       933    0,40    0,00    0,00    0,00    0,40     0  prometheus
00:51:36        0      1423    0,40    0,20    0,00    0,00    0,60     2  containerd
00:51:36        0      2310    0,20    0,20    0,00    0,00    0,40     4  dockerd
00:51:36      117      2312    0,60    0,20    0,00    0,00    0,80     3  grafana
00:51:36        0      2932    0,40    0,40    0,00    0,00    0,80     3  mount.ntfs-3g
00:51:36        0      2976    0,20    0,00    0,00    0,00    0,20     6  containerd-shim
00:51:36        0      2977    0,20    0,00    0,00    0,00    0,20     7  containerd-shim
00:51:36        0      2981    0,00    0,20    0,00    0,00    0,20     0  containerd-shim
00:51:36        0      2982    0,20    0,00    0,00    0,00    0,20     1  containerd-shim
00:51:36      999      3130    0,60    0,00    0,00    0,00    0,60     2  redis-server
00:51:36     1000      4708    0,80    0,20    0,00    0,00    1,00     7  gnome-shell
00:51:36     1000      6317    0,40    0,20    0,00    0,00    0,60     1  antigravity
00:51:36     1000      6339    0,40    0,00    0,00    0,00    0,40     1  gnome-terminal-
00:51:36     1000      6757    0,00    0,20    0,00    0,00    0,20     1  antigravity
00:51:36     1000      6820    1,00    0,40    0,00    0,00    1,40     7  antigravity
00:51:36     1000      7059    2,00    1,40    0,00    0,00    3,40     6  language_server
00:51:36     1000      7229    0,20    0,20    0,00    0,00    0,40     4  antigravity
00:51:36     1000      7244    1,40    0,40    0,00    0,00    1,80     6  antigravity
00:51:36     1000      7260    0,60    0,00    0,00    0,00    0,60     0  antigravity
00:51:36     1000      8267    2,00    1,00    0,00    0,00    3,00     7  language_server
00:51:36     1000      9291    0,20    0,20    0,00    0,00    0,40     7  chrome
00:51:36     1000      9359    0,20    0,00    0,00    0,00    0,20     4  chrome
00:51:36     1000      9519    0,00    0,20    0,00    0,00    0,20     4  chrome
00:51:36        0     95637    0,00    0,20    0,00    0,00    0,20     3  kworker/3:0-events
00:51:36     1000     98039    0,20    0,00    0,00    0,00    0,20     2  antigravity
00:51:36        0    100626    0,00    0,20    0,00    0,00    0,20     2  kworker/2:1-events
00:51:36        0    103256    0,00    0,20    0,00    0,00    0,20     5  kworker/u32:4-events_unbound
00:51:36     1000    107542    0,00    0,40    0,00    0,00    0,40     5  pidstat
00:51:36     1000    107574    6,00    1,00    0,00    0,00    7,00     7  java

00:51:31      UID       PID  minflt/s  majflt/s     VSZ     RSS   %MEM  Command
00:51:36        0         1     16,00      0,00   24788   14916   0,09  systemd
00:51:36      115       930    102,40      0,00 1762312   25840   0,16  prometheus-node
00:51:36        0      1423      0,20      0,00 2463900   70128   0,43  containerd
00:51:36        0      2975     11,00      0,00 1235352   13660   0,08  containerd-shim
00:51:36        0      2976     10,40      0,00 1235608   14620   0,09  containerd-shim
00:51:36        0      2977     11,00      0,00 1235352   14692   0,09  containerd-shim
00:51:36        0      2981     11,20      0,00 1235608   14208   0,09  containerd-shim
00:51:36        0      2982     13,40      0,00 1235608   15020   0,09  containerd-shim
00:51:36     1000      4708      4,80      0,00 5454468  346884   2,14  gnome-shell
00:51:36     1000      6317     37,20      0,00 1461668528  315508   1,94  antigravity
00:51:36     1000      6757      7,20      0,00 34359564  169932   1,05  antigravity
00:51:36     1000      6771      0,60      0,00 33903964   81292   0,50  antigravity
00:51:36     1000      6820    191,80      0,00 1461417264  656680   4,05  antigravity
00:51:36     1000      7161      0,40      0,00 33951332   64332   0,40  antigravity
00:51:36     1000      7229     95,40      0,00 1461383544  129276   0,80  antigravity
00:51:36     1000      7244    245,20      0,00 1461351324  364752   2,25  antigravity
00:51:36     1000      7258      3,40      0,00 1461347760  125636   0,77  antigravity
00:51:36     1000      7260     18,60      0,00 1461367100  164276   1,01  antigravity
00:51:36     1000      8356      5,40      0,00 1459530528  101100   0,62  antigravity
00:51:36     1000      9291     14,60      0,00 55435272  374200   2,31  chrome
00:51:36     1000      9342      2,20      0,00 55467700  213696   1,32  chrome
00:51:36     1000      9345      5,20      0,00 54976356  135672   0,84  chrome
00:51:36     1000      9359      0,60      0,00 55015792   62664   0,39  chrome
00:51:36     1000     76014      0,60      0,00 1518513820  345680   2,13  chrome
00:51:36     1000     76063      0,40      0,00 55006444   86720   0,53  chrome
00:51:36     1000    107574    473,60      0,00 6198124  312076   1,92  java
00:51:36     1000    108498     27,60      0,00    2672    1644   0,01  sh
00:51:36     1000    108499     65,80      0,00    7012    3284   0,02  cpuUsage.sh
00:51:36     1000    108506     23,60      0,00    5656    1996   0,01  sleep

00:51:31      UID       PID   kB_rd/s   kB_wr/s kB_ccwr/s iodelay  Command
00:51:36     1000      7244      0,00      0,80      0,00       0  antigravity
00:51:36     1000      9291      0,00      2,40      0,00       0  chrome
00:51:36     1000    107542      0,00      0,98      0,00       0  pidstat
00:51:36     1000    107574      0,00      3,08      0,00       0  java

00:51:36      UID       PID    %usr %system  %guest   %wait    %CPU   CPU  Command
00:51:41        0       233    0,00    0,20    0,00    0,00    0,20     6  kworker/6:1H-events_highpri
00:51:41        0      1383    0,20    0,00    0,00    0,00    0,20     7  glances
00:51:41        0      1391    0,00    0,20    0,00    0,00    0,20     0  tailscaled
00:51:41        0      1411    0,00    0,20    0,00    0,00    0,20     7  anydesk
00:51:41        0      1423    0,20    0,40    0,00    0,00    0,60     2  containerd
00:51:41        0      2310    0,40    0,00    0,00    0,00    0,40     4  dockerd
00:51:41      117      2312    0,60    0,40    0,00    0,00    1,00     3  grafana
00:51:41        0      2932    0,40    0,40    0,00    0,00    0,80     1  mount.ntfs-3g
00:51:41        0      2981    0,20    0,00    0,00    0,00    0,20     0  containerd-shim
00:51:41        0      2982    0,20    0,00    0,00    0,00    0,20     1  containerd-shim
00:51:41      999      3130    0,20    0,00    0,00    0,00    0,20     4  redis-server
00:51:41     1000      4708    1,00    0,20    0,00    0,00    1,20     7  gnome-shell
00:51:41     1000      5107    0,00    0,20    0,00    0,00    0,20     6  anydesk
00:51:41     1000      6317    0,20    0,00    0,00    0,00    0,20     1  antigravity
00:51:41     1000      6339    0,60    0,00    0,00    0,00    0,60     6  gnome-terminal-
00:51:41     1000      6820    1,20    0,20    0,00    0,00    1,40     7  antigravity
00:51:41     1000      7059    1,80    1,60    0,00    0,00    3,40     6  language_server
00:51:41     1000      7229    0,20    0,20    0,00    0,00    0,40     3  antigravity
00:51:41     1000      7244    1,00    1,00    0,00    0,00    2,00     5  antigravity
00:51:41     1000      7260    0,60    0,00    0,00    0,00    0,60     5  antigravity
00:51:41     1000      8267    1,60    1,20    0,00    0,00    2,80     7  language_server
00:51:41     1000      8356    0,20    0,00    0,00    0,00    0,20     3  antigravity
00:51:41     1000      9500    0,20    0,00    0,00    0,00    0,20     1  chrome
00:51:41     1000      9519    0,60    0,00    0,00    0,00    0,60     0  chrome
00:51:41     1000    107542    0,20    0,20    0,00    0,00    0,40     6  pidstat
00:51:41     1000    107574    2,00    0,40    0,00    0,00    2,40     7  java

00:51:36      UID       PID  minflt/s  majflt/s     VSZ     RSS   %MEM  Command
00:51:41        0         1      0,20      0,00   24788   14916   0,09  systemd
00:51:41        0      1423      0,80      0,00 2463900   70128   0,43  containerd
00:51:41        0      2975     13,00      0,00 1235352   13916   0,09  containerd-shim
00:51:41        0      2976     12,00      0,00 1235608   14620   0,09  containerd-shim
00:51:41        0      2977     12,80      0,00 1235352   14692   0,09  containerd-shim
00:51:41        0      2981     16,60      0,00 1235608   14592   0,09  containerd-shim
00:51:41        0      2982     14,40      0,00 1235608   15148   0,09  containerd-shim
00:51:41     1000      4708      0,60      0,00 5454468  346884   2,14  gnome-shell
00:51:41     1000      6317     36,20      0,00 1461668528  315576   1,94  antigravity
00:51:41     1000      6757      6,60      0,00 34359692  169932   1,05  antigravity
00:51:41     1000      6771      0,60      0,00 33903964   81292   0,50  antigravity
00:51:41     1000      6820    193,00      0,00 1461417264  658880   4,06  antigravity
00:51:41     1000      7161      0,20      0,00 33951332   64332   0,40  antigravity
00:51:41     1000      7229     21,20      0,00 1461383544  129276   0,80  antigravity
00:51:41     1000      7244    271,20      0,00 1461351324  364972   2,25  antigravity
00:51:41     1000      7258      5,20      0,00 1461347760  125636   0,77  antigravity
00:51:41     1000      7260     18,60      0,00 1461367100  164048   1,01  antigravity
00:51:41     1000      8356      5,20      0,00 1459530528  101100   0,62  antigravity
00:51:41     1000      9291     12,40      0,00 55435272  374188   2,31  chrome
00:51:41     1000      9342      4,40      0,00 55467700  213696   1,32  chrome
00:51:41     1000      9345      9,20      0,00 54976356  135672   0,84  chrome
00:51:41     1000      9359      1,20      0,00 55015792   62664   0,39  chrome
00:51:41     1000      9519    357,00      0,00 1518554232  363776   2,24  chrome
00:51:41     1000     76014      0,40      0,00 1518513820  345680   2,13  chrome
00:51:41     1000     76063      0,20      0,00 55006444   86720   0,53  chrome
00:51:41     1000    107574      1,20      0,00 6198124  308108   1,90  java

00:51:36      UID       PID   kB_rd/s   kB_wr/s kB_ccwr/s iodelay  Command
00:51:41     1000      9291      0,00      3,20      0,00       0  chrome
00:51:41     1000    107542      0,00      1,15      0,00       0  pidstat
00:51:41     1000    107574      0,00      3,08      0,00       0  java

00:51:41      UID       PID    %usr %system  %guest   %wait    %CPU   CPU  Command
00:51:46        0        80    0,00    0,20    0,00    0,00    0,20     0  kcompactd0
00:51:46        0       120    0,00    0,20    0,00    0,00    0,20     1  kworker/u33:0-i915_flip
00:51:46      115       933    0,20    0,00    0,00    0,00    0,20     0  prometheus
00:51:46        0      1383    0,20    0,00    0,00    0,00    0,20     7  glances
00:51:46        0      1423    0,20    0,20    0,00    0,00    0,40     2  containerd
00:51:46        0      2310    0,40    0,40    0,00    0,00    0,80     4  dockerd
00:51:46      117      2312    0,20    0,60    0,00    0,00    0,80     3  grafana
00:51:46        0      2932    0,40    0,00    0,00    0,00    0,40     2  mount.ntfs-3g
00:51:46        0      2975    0,00    0,20    0,00    0,00    0,20     7  containerd-shim
00:51:46        0      2976    0,20    0,00    0,00    0,00    0,20     6  containerd-shim
00:51:46        0      2977    0,00    0,20    0,00    0,00    0,20     7  containerd-shim
00:51:46      999      3130    0,40    0,00    0,00    0,00    0,40     2  redis-server
00:51:46     1000      4708    1,00    0,20    0,00    0,00    1,20     7  gnome-shell
00:51:46     1000      5107    0,20    0,00    0,00    0,00    0,20     6  anydesk
00:51:46     1000      6317    0,00    0,20    0,00    0,00    0,20     7  antigravity
00:51:46     1000      6339    0,40    0,20    0,00    0,00    0,60     0  gnome-terminal-
00:51:46     1000      6757    0,00    0,20    0,00    0,00    0,20     1  antigravity
00:51:46     1000      6820    1,20    0,20    0,00    0,00    1,40     1  antigravity
00:51:46     1000      7059    1,60    1,80    0,00    0,20    3,40     0  language_server
00:51:46     1000      7161    0,20    0,00    0,00    0,00    0,20     5  antigravity
00:51:46     1000      7229    0,20    0,00    0,00    0,00    0,20     2  antigravity
00:51:46     1000      7244    1,40    0,60    0,00    0,00    2,00     2  antigravity
00:51:46     1000      7260    0,40    0,00    0,00    0,00    0,40     0  antigravity
00:51:46     1000      8267    2,60    0,80    0,00    0,00    3,40     7  language_server
00:51:46     1000      9291    0,20    0,00    0,00    0,00    0,20     7  chrome
00:51:46     1000      9345    0,20    0,00    0,00    0,00    0,20     4  chrome
00:51:46     1000      9519    0,20    0,00    0,00    0,00    0,20     6  chrome
00:51:46     1000    107542    0,20    0,40    0,00    0,00    0,60     7  pidstat
00:51:46     1000    107574    1,80    0,20    0,00    0,00    2,00     7  java

00:51:41      UID       PID  minflt/s  majflt/s     VSZ     RSS   %MEM  Command
00:51:46        0      2975      7,60      0,00 1235352   13916   0,09  containerd-shim
00:51:46        0      2976      9,40      0,00 1235608   14748   0,09  containerd-shim
00:51:46        0      2977      2,20      0,00 1235352   14820   0,09  containerd-shim
00:51:46        0      2981      9,40      0,00 1235608   14720   0,09  containerd-shim
00:51:46        0      2982      0,60      0,00 1235608   15148   0,09  containerd-shim
00:51:46     1000      4708      6,20      0,00 5454468  346884   2,14  gnome-shell
00:51:46     1000      6317     30,60      0,00 1461668528  315700   1,94  antigravity
00:51:46     1000      6757     26,40      0,00 34359436  170188   1,05  antigravity
00:51:46     1000      6771      0,60      0,00 33903964   81292   0,50  antigravity
00:51:46     1000      6820    134,40      0,00 1461417264  661184   4,07  antigravity
00:51:46     1000      7161      0,20      0,00 33951332   64332   0,40  antigravity
00:51:46     1000      7229     10,60      0,00 1461383544  129276   0,80  antigravity
00:51:46     1000      7244    320,00      0,00 1461351324  365056   2,25  antigravity
00:51:46     1000      7258      3,00      0,00 1461347760  125636   0,77  antigravity
00:51:46     1000      7260     19,20      0,00 1461367100  163952   1,01  antigravity
00:51:46     1000      8356      5,40      0,00 1459530528  101100   0,62  antigravity
00:51:46     1000      9291      7,00      0,00 55435272  374060   2,30  chrome
00:51:46     1000      9342      2,20      0,00 55467700  213696   1,32  chrome
00:51:46     1000      9345      7,60      0,00 54976356  135672   0,84  chrome
00:51:46     1000      9359      0,60      0,00 55015792   62664   0,39  chrome
00:51:46     1000     76014      0,20      0,00 1518513820  345680   2,13  chrome
00:51:46     1000     76063      0,20      0,00 55006444   86720   0,53  chrome
00:51:46     1000    107574      1,80      0,00 6198124  308236   1,90  java

00:51:41      UID       PID   kB_rd/s   kB_wr/s kB_ccwr/s iodelay  Command
00:51:46     1000      7244      0,00      0,80      0,00       0  antigravity
00:51:46     1000    107542      0,00      0,96      0,00       0  pidstat
00:51:46     1000    107574      0,00      1,54      0,00       0  java

00:51:46      UID       PID    %usr %system  %guest   %wait    %CPU   CPU  Command
00:51:51        0         1    0,20    0,20    0,00    0,00    0,40     7  systemd
00:51:51        0        17    0,00    0,20    0,00    0,00    0,20     2  rcu_preempt
00:51:51        0        86    0,00    0,20    0,00    0,00    0,20     1  irq/9-acpi
00:51:51      990       903    1,00    0,00    0,00    0,00    1,00     5  dbus-daemon
00:51:51      115       930    1,00    0,40    0,00    0,00    1,40     0  prometheus-node
00:51:51      115       933    0,20    0,00    0,00    0,00    0,20     0  prometheus
00:51:51        0      1391    0,00    0,20    0,00    0,00    0,20     3  tailscaled
00:51:51        0      1423    0,00    0,20    0,00    0,00    0,20     2  containerd
00:51:51        0      2310    0,20    0,20    0,00    0,00    0,40     4  dockerd
00:51:51      117      2312    1,00    0,00    0,00    0,00    1,00     3  grafana
00:51:51        0      2932    0,60    0,20    0,00    0,00    0,80     5  mount.ntfs-3g
00:51:51        0      2975    0,20    0,00    0,00    0,00    0,20     7  containerd-shim
00:51:51        0      2976    0,00    0,20    0,00    0,00    0,20     6  containerd-shim
00:51:51      999      3130    0,40    0,00    0,00    0,00    0,40     4  redis-server
00:51:51     1000      4708    0,80    0,40    0,00    0,00    1,20     1  gnome-shell
00:51:51     1000      6317    0,20    0,20    0,00    0,00    0,40     1  antigravity
00:51:51     1000      6339    1,00    0,00    0,00    0,00    1,00     6  gnome-terminal-
00:51:51     1000      6820    1,20    0,20    0,00    0,00    1,40     3  antigravity
00:51:51     1000      7059    1,80    1,60    0,00    0,00    3,40     1  language_server
00:51:51     1000      7229    0,20    0,20    0,00    0,00    0,40     2  antigravity
00:51:51     1000      7244    1,60    0,60    0,00    0,00    2,20     4  antigravity
00:51:51     1000      7260    0,40    0,00    0,00    0,00    0,40     0  antigravity
00:51:51     1000      8267    1,80    1,00    0,00    0,00    2,80     7  language_server
00:51:51     1000      8356    0,20    0,00    0,00    0,00    0,20     3  antigravity
00:51:51     1000      9291    0,00    0,20    0,00    0,20    0,20     7  chrome
00:51:51     1000     91682    0,20    0,00    0,00    0,00    0,20     3  ssh
00:51:51     1000    107542    0,00    0,40    0,00    0,00    0,40     7  pidstat
00:51:51     1000    107574    2,20    0,60    0,00    0,00    2,80     7  java

00:51:46      UID       PID  minflt/s  majflt/s     VSZ     RSS   %MEM  Command
00:51:51        0         1      0,60      0,00   24788   14916   0,09  systemd
00:51:51      115       930     61,60      0,00 1762312   25816   0,16  prometheus-node
00:51:51        0      2975      0,60      0,00 1235352   13916   0,09  containerd-shim
00:51:51        0      2976      0,60      0,00 1235608   14748   0,09  containerd-shim
00:51:51        0      2977      6,20      0,00 1235352   14948   0,09  containerd-shim
00:51:51        0      2981      7,60      0,00 1235608   14720   0,09  containerd-shim
00:51:51        0      2982      0,40      0,00 1235608   15276   0,09  containerd-shim
00:51:51     1000      4708      0,60      0,00 5454468  346884   2,14  gnome-shell
00:51:51     1000      6317     38,80      0,00 1461668528  315500   1,94  antigravity
00:51:51     1000      6757      6,60      0,00 34359436  169848   1,05  antigravity
00:51:51     1000      6771      1,20      0,00 33903964   81292   0,50  antigravity
00:51:51     1000      6820    197,40      0,00 1461417264  663516   4,09  antigravity
00:51:51     1000      7161      0,20      0,00 33951332   64332   0,40  antigravity
00:51:51     1000      7229      4,60      0,00 1461383544  129276   0,80  antigravity
00:51:51     1000      7244    322,20      0,00 1461351324  365420   2,25  antigravity
00:51:51     1000      7258      3,40      0,00 1461347760  125636   0,77  antigravity
00:51:51     1000      7260     20,80      0,00 1461367100  164080   1,01  antigravity
00:51:51     1000      8356      5,20      0,00 1459530528  101100   0,62  antigravity
00:51:51     1000      9291      7,60      0,00 55435272  374060   2,30  chrome
00:51:51     1000      9342      2,20      0,00 55467700  213696   1,32  chrome
00:51:51     1000      9345      4,20      0,00 54976356  135672   0,84  chrome
00:51:51     1000      9359      0,60      0,00 55015792   62664   0,39  chrome
00:51:51     1000     76014      0,60      0,00 1518513820  345680   2,13  chrome
00:51:51     1000     76063      0,20      0,00 55006444   86720   0,53  chrome
00:51:51     1000    107574      3,00      0,00 6198124  308236   1,90  java
00:51:51        0    108412      0,40      0,00   16948    7792   0,05  cupsd

00:51:46      UID       PID   kB_rd/s   kB_wr/s kB_ccwr/s iodelay  Command
00:51:51     1000      9291      0,00      2,40      0,00       0  chrome
00:51:51     1000    107542      0,00      0,96      0,00       0  pidstat
00:51:51     1000    107574      0,00      3,08      0,00       0  java

00:51:51      UID       PID    %usr %system  %guest   %wait    %CPU   CPU  Command
00:51:56      115       933    0,20    0,00    0,00    0,00    0,20     0  prometheus
00:51:56        0      1383    0,20    0,00    0,00    0,00    0,20     7  glances
00:51:56        0      1423    0,40    0,00    0,00    0,00    0,40     2  containerd
00:51:56        0      2310    0,20    0,20    0,00    0,00    0,40     4  dockerd
00:51:56      117      2312    0,40    0,40    0,00    0,00    0,80     3  grafana
00:51:56        0      2932    0,20    0,20    0,00    0,00    0,40     2  mount.ntfs-3g
00:51:56        0      2977    0,00    0,20    0,00    0,00    0,20     7  containerd-shim
00:51:56        0      2981    0,00    0,20    0,00    0,00    0,20     0  containerd-shim
00:51:56        0      2982    0,20    0,20    0,00    0,00    0,40     1  containerd-shim
00:51:56      999      3130    0,40    0,00    0,00    0,00    0,40     4  redis-server
00:51:56     1000      4708    0,60    0,60    0,00    0,00    1,20     1  gnome-shell
00:51:56     1000      6317    0,20    0,00    0,00    0,00    0,20     7  antigravity
00:51:56     1000      6339    0,40    0,00    0,00    0,00    0,40     6  gnome-terminal-
00:51:56     1000      6757    0,20    0,00    0,00    0,00    0,20     7  antigravity
00:51:56     1000      6820    1,20    0,20    0,00    0,00    1,40     1  antigravity
00:51:56     1000      7059    1,40    2,00    0,00    0,00    3,40     6  language_server
00:51:56     1000      7244   12,60    0,60    0,00    0,00   13,20     3  antigravity
00:51:56     1000      7260    0,60    0,20    0,00    0,00    0,80     0  antigravity
00:51:56     1000      8267    1,40    1,80    0,00    0,00    3,20     7  language_server
00:51:56     1000      9291    0,20    0,00    0,00    0,00    0,20     4  chrome
00:51:56     1000      9519    0,20    0,00    0,00    0,00    0,20     1  chrome
00:51:56     1000    107542    0,00    0,40    0,00    0,00    0,40     2  pidstat
00:51:56     1000    107574    2,60    1,20    0,00    0,00    3,80     7  java

00:51:51      UID       PID  minflt/s  majflt/s     VSZ     RSS   %MEM  Command
00:51:56        0      2975      3,80      0,00 1235352   13916   0,09  containerd-shim
00:51:56        0      2976      0,40      0,00 1235608   14748   0,09  containerd-shim
00:51:56        0      2977      9,20      0,00 1235352   15076   0,09  containerd-shim
00:51:56        0      2981     13,80      0,00 1235608   14976   0,09  containerd-shim
00:51:56        0      2982     16,40      0,00 1235608   15660   0,10  containerd-shim
00:51:56     1000      4708      7,40      0,00 5454596  346884   2,14  gnome-shell
00:51:56     1000      6317     33,40      0,00 1461668528  315524   1,94  antigravity
00:51:56     1000      6757     24,40      0,00 34359436  170104   1,05  antigravity
00:51:56     1000      6771      0,60      0,00 33903964   81292   0,50  antigravity
00:51:56     1000      6820    191,60      0,00 1461417264  665500   4,10  antigravity
00:51:56     1000      7161      0,40      0,00 33951332   64332   0,40  antigravity
00:51:56     1000      7229      2,40      0,00 1461383544  129276   0,80  antigravity
00:51:56     1000      7244   1905,20      0,00 1461351324  381188   2,35  antigravity
00:51:56     1000      7258      2,60      0,00 1461347760  125636   0,77  antigravity
00:51:56     1000      7260     18,80      0,00 1461367100  164252   1,01  antigravity
00:51:56     1000      8356      5,20      0,00 1459530528  101100   0,62  antigravity
00:51:56     1000      9291     18,60      0,00 55435272  374060   2,30  chrome
00:51:56     1000      9342      2,20      0,00 55467700  213696   1,32  chrome
00:51:56     1000      9345      5,20      0,00 54976356  135672   0,84  chrome
00:51:56     1000      9359      0,60      0,00 55015792   62664   0,39  chrome
00:51:56     1000     76014      0,60      0,00 1518513820  345680   2,13  chrome
00:51:56     1000     76063      0,40      0,00 55006444   86720   0,53  chrome
00:51:56     1000    107574      9,20      0,00 6198124  324868   2,00  java

00:51:51      UID       PID   kB_rd/s   kB_wr/s kB_ccwr/s iodelay  Command
00:51:56     1000      9291      0,00      4,00      0,00       0  chrome
00:51:56     1000    107542      0,00      0,99      0,00       0  pidstat
00:51:56     1000    107574      0,00      3,05      0,00       0  java

00:51:56      UID       PID    %usr %system  %guest   %wait    %CPU   CPU  Command
00:52:01        0      1383    0,20    0,00    0,00    0,00    0,20     7  glances
00:52:01        0      1391    0,20    0,20    0,00    0,00    0,40     2  tailscaled
00:52:01        0      1423    0,40    0,20    0,00    0,00    0,60     2  containerd
00:52:01        0      2310    0,20    0,20    0,00    0,00    0,40     4  dockerd
00:52:01      117      2312    0,60    0,40    0,00    0,00    1,00     3  grafana
00:52:01        0      2932    0,40    0,40    0,00    0,00    0,80     7  mount.ntfs-3g
00:52:01        0      2975    0,20    0,00    0,00    0,00    0,20     7  containerd-shim
00:52:01        0      2976    0,20    0,00    0,00    0,00    0,20     6  containerd-shim
00:52:01        0      2977    0,00    0,20    0,00    0,00    0,20     7  containerd-shim
00:52:01        0      2981    0,20    0,00    0,00    0,00    0,20     0  containerd-shim
00:52:01      999      3130    0,40    0,20    0,00    0,00    0,60     4  redis-server
00:52:01     1000      4708    1,00    0,40    0,00    0,00    1,40     5  gnome-shell
00:52:01     1000      6317    0,20    0,20    0,00    0,20    0,40     3  antigravity
00:52:01     1000      6339    0,60    0,00    0,00    0,00    0,60     2  gnome-terminal-
00:52:01     1000      6757    0,40    0,00    0,00    0,00    0,40     7  antigravity
00:52:01     1000      6820   13,20    0,60    0,00    0,00   13,80     5  antigravity
00:52:01     1000      7059    1,40    1,80    0,00    0,00    3,20     0  language_server
00:52:01     1000      7229    0,20    0,20    0,00    0,00    0,40     4  antigravity
00:52:01     1000      7244    1,60    0,40    0,00    0,00    2,00     3  antigravity
00:52:01     1000      7260    0,80    0,00    0,00    0,00    0,80     5  antigravity
00:52:01     1000      8267    2,80    1,20    0,00    0,00    4,00     7  language_server
00:52:01     1000      8356    0,20    0,00    0,00    0,00    0,20     0  antigravity
00:52:01     1000      9291    0,20    0,20    0,00    0,00    0,40     7  chrome
00:52:01     1000      9519    0,00    0,20    0,00    0,00    0,20     6  chrome
00:52:01     1000     76014    0,20    0,00    0,00    0,00    0,20     7  chrome
00:52:01     1000     91682    0,20    0,00    0,00    0,00    0,20     3  ssh
00:52:01        0     93905    0,00    0,20    0,00    0,00    0,20     5  kworker/u32:7-events_unbound
00:52:01     1000     98039    0,20    0,00    0,00    0,00    0,20     2  antigravity
00:52:01        0    104961    0,00    0,20    0,00    0,20    0,20     6  kworker/6:0-events
00:52:01     1000    107542    0,20    0,20    0,00    0,00    0,40     3  pidstat
00:52:01     1000    107574    2,60    0,80    0,00    0,00    3,40     7  java

00:51:56      UID       PID  minflt/s  majflt/s     VSZ     RSS   %MEM  Command
00:52:01        0      1423      0,20      0,00 2463900   70128   0,43  containerd
00:52:01        0      2975     10,60      0,00 1235352   13452   0,08  containerd-shim
00:52:01        0      2976      8,60      0,00 1235608   14380   0,09  containerd-shim
00:52:01        0      2977      4,00      0,00 1235352   14484   0,09  containerd-shim
00:52:01        0      2981     13,20      0,00 1235608   14432   0,09  containerd-shim
00:52:01        0      2982     11,60      0,00 1235608   14928   0,09  containerd-shim
00:52:01     1000      4708      1,00      0,00 5454532  346884   2,14  gnome-shell
00:52:01     1000      6317     32,80      0,00 1461668528  315524   1,94  antigravity
00:52:01     1000      6757      5,80      0,00 34359564  170104   1,05  antigravity
00:52:01     1000      6771      0,60      0,00 33903964   81292   0,50  antigravity
00:52:01     1000      6820    341,60      0,00 1461417264  655340   4,04  antigravity
00:52:01     1000      7161      0,20      0,00 33951332   64332   0,40  antigravity
00:52:01     1000      7229    116,60      0,00 1461383544  129276   0,80  antigravity
00:52:01     1000      7244    275,60      0,00 1461351324  380488   2,34  antigravity
00:52:01     1000      7258      5,60      0,00 1461347760  125636   0,77  antigravity
00:52:01     1000      7260     53,20      0,00 1461367100  164316   1,01  antigravity
00:52:01     1000      8356      5,20      0,00 1459530528  101100   0,62  antigravity
00:52:01     1000      9291      7,00      0,00 55435272  374060   2,30  chrome
00:52:01     1000      9342      4,40      0,00 55467700  213696   1,32  chrome
00:52:01     1000      9345      3,80      0,00 54976356  135672   0,84  chrome
00:52:01     1000      9359      1,20      0,00 55015792   62664   0,39  chrome
00:52:01     1000      9519      0,00      0,00 1518554232  354188   2,18  chrome
00:52:01     1000     76014      0,20      0,00 1518513820  345680   2,13  chrome
00:52:01     1000     76063      0,20      0,00 55006444   86720   0,53  chrome
00:52:01     1000    107574     15,20      0,00 6198124  324020   2,00  java
00:52:01     1000    108542     27,80      0,00    2672    1624   0,01  sh
00:52:01     1000    108543     67,00      0,00    7012    3340   0,02  cpuUsage.sh
00:52:01     1000    108550     23,80      0,00    5656    1996   0,01  sleep

00:51:56      UID       PID   kB_rd/s   kB_wr/s kB_ccwr/s iodelay  Command
00:52:01     1000    107542      0,00      0,86      0,00       0  pidstat
00:52:01     1000    107574      0,00      5,07      0,00       0  java

Rata-rata:    UID       PID    %usr %system  %guest   %wait    %CPU   CPU  Command
Rata-rata:      0         1    0,10    0,04    0,00    0,00    0,14     -  systemd
Rata-rata:      0        16    0,00    0,01    0,00    0,01    0,01     -  ksoftirqd/0
Rata-rata:      0        17    0,00    0,04    0,00    0,04    0,04     -  rcu_preempt
Rata-rata:      0        19    0,00    0,01    0,00    0,00    0,01     -  rcu_exp_gp_kthread_worker
Rata-rata:      0        39    0,00    0,01    0,00    0,01    0,01     -  ksoftirqd/3
Rata-rata:      0        45    0,00    0,01    0,00    0,00    0,01     -  ksoftirqd/4
Rata-rata:      0        50    0,00    0,01    0,00    0,00    0,01     -  migration/5
Rata-rata:      0        57    0,00    0,01    0,00    0,01    0,01     -  ksoftirqd/6
Rata-rata:      0        80    0,00    0,01    0,00    0,32    0,01     -  kcompactd0
Rata-rata:      0        86    0,00    0,05    0,00    0,00    0,05     -  irq/9-acpi
Rata-rata:      0        96    0,00    0,01    0,00    0,00    0,01     -  kworker/0:1H-kblockd
Rata-rata:      0       120    0,00    0,02    0,00    0,01    0,02     -  kworker/u33:0-i915_flip
Rata-rata:      0       233    0,00    0,01    0,00    0,00    0,01     -  kworker/6:1H-events_highpri
Rata-rata:      0       317    0,00    0,01    0,00    0,00    0,01     -  jbd2/sda6-8
Rata-rata:      0       376    0,01    0,00    0,00    0,01    0,01     -  systemd-journal
Rata-rata:      0       408    0,01    0,01    0,00    0,01    0,02     -  systemd-udevd
Rata-rata:    102       898    0,01    0,01    0,00    0,01    0,02     -  avahi-daemon
Rata-rata:    990       903    0,24    0,02    0,00    0,01    0,27     -  dbus-daemon
Rata-rata:    986       924    0,01    0,00    0,00    0,00    0,01     -  polkitd
Rata-rata:    115       930    0,37    0,14    0,00    0,00    0,51     -  prometheus-node
Rata-rata:    115       933    0,16    0,01    0,00    0,00    0,17     -  prometheus
Rata-rata:      0       943    0,00    0,01    0,00    0,00    0,01     -  udisksd
Rata-rata:      0      1079    0,01    0,00    0,00    0,00    0,01     -  NetworkManager
Rata-rata:      0      1383    0,14    0,01    0,00    0,00    0,14     -  glances
Rata-rata:      0      1391    0,07    0,09    0,00    0,01    0,16     -  tailscaled
Rata-rata:      0      1411    0,01    0,01    0,00    0,00    0,02     -  anydesk
Rata-rata:      0      1423    0,36    0,11    0,00    0,00    0,47     -  containerd
Rata-rata:    111      1503    0,01    0,01    0,00    0,00    0,01     -  mariadbd
Rata-rata:      0      1554    0,02    0,02    0,00    0,00    0,04     -  apache2
Rata-rata:      0      2310    0,34    0,23    0,00    0,00    0,57     -  dockerd
Rata-rata:    117      2312    0,59    0,36    0,00    0,00    0,96     -  grafana
Rata-rata:      0      2932    0,24    0,26    0,00    0,00    0,51     -  mount.ntfs-3g
Rata-rata:      0      2975    0,08    0,04    0,00    0,00    0,12     -  containerd-shim
Rata-rata:      0      2976    0,07    0,04    0,00    0,00    0,11     -  containerd-shim
Rata-rata:      0      2977    0,05    0,06    0,00    0,00    0,11     -  containerd-shim
Rata-rata:      0      2981    0,05    0,06    0,00    0,00    0,11     -  containerd-shim
Rata-rata:      0      2982    0,06    0,06    0,00    0,00    0,12     -  containerd-shim
Rata-rata:    999      3130    0,39    0,05    0,00    0,00    0,44     -  redis-server
Rata-rata:   1000      4549    0,01    0,01    0,00    0,00    0,02     -  systemd
Rata-rata:   1000      4569    0,01    0,00    0,00    0,00    0,01     -  dbus-daemon
Rata-rata:   1000      4570    0,01    0,01    0,00    0,00    0,02     -  pipewire
Rata-rata:   1000      4573    0,01    0,00    0,00    0,00    0,01     -  wireplumber
Rata-rata:   1000      4574    0,01    0,00    0,00    0,00    0,01     -  pipewire-pulse
Rata-rata:   1000      4683    0,01    0,00    0,00    0,00    0,01     -  gvfsd
Rata-rata:   1000      4708    1,06    0,37    0,00    0,01    1,44     -  gnome-shell
Rata-rata:   1000      5021    0,01    0,01    0,00    0,00    0,01     -  gsd-housekeepin
Rata-rata:   1000      5039    0,01    0,00    0,00    0,00    0,01     -  gsd-media-keys
Rata-rata:   1000      5043    0,01    0,00    0,00    0,00    0,01     -  gnome-software
Rata-rata:   1000      5055    0,01    0,00    0,00    0,01    0,01     -  gsd-sharing
Rata-rata:   1000      5107    0,01    0,01    0,00    0,00    0,02     -  anydesk
Rata-rata:   1000      5268    0,00    0,01    0,00    0,00    0,01     -  gvfs-udisks2-vo
Rata-rata:   1000      5364    0,00    0,01    0,00    0,00    0,01     -  gvfs-afc-volume
Rata-rata:   1000      5504    0,00    0,01    0,00    0,00    0,01     -  xdg-desktop-por
Rata-rata:   1000      5523    0,00    0,01    0,00    0,00    0,01     -  xdg-document-po
Rata-rata:   1000      5586    0,01    0,00    0,00    0,07    0,01     -  gvfsd-trash
Rata-rata:      0      5954    0,01    0,01    0,00    0,00    0,01     -  fwupd
Rata-rata:   1000      6317    0,19    0,08    0,00    0,02    0,27     -  antigravity
Rata-rata:   1000      6339    0,71    0,01    0,00    0,01    0,72     -  gnome-terminal-
Rata-rata:   1000      6757    0,13    0,06    0,00    0,01    0,19     -  antigravity
Rata-rata:   1000      6771    0,01    0,00    0,00    0,00    0,01     -  antigravity
Rata-rata:   1000      6820    3,46    0,26    0,00    0,01    3,72     -  antigravity
Rata-rata:   1000      7059    1,62    1,51    0,00    0,02    3,14     -  language_server
Rata-rata:   1000      7161    0,01    0,00    0,00    0,00    0,01     -  antigravity
Rata-rata:   1000      7229    0,21    0,14    0,00    0,00    0,35     -  antigravity
Rata-rata:   1000      7244    2,68    0,47    0,00    0,02    3,16     -  antigravity
Rata-rata:   1000      7258    0,01    0,01    0,00    0,00    0,01     -  antigravity
Rata-rata:   1000      7260    0,61    0,09    0,00    0,00    0,71     -  antigravity
Rata-rata:   1000      8267    1,79    1,34    0,00    0,00    3,12     -  language_server
Rata-rata:   1000      8356    0,07    0,04    0,00    0,00    0,11     -  antigravity
Rata-rata:   1000      8393    0,01    0,00    0,00    0,00    0,01     -  antigravity
Rata-rata:   1000      9291    0,16    0,11    0,00    0,01    0,26     -  chrome
Rata-rata:   1000      9342    0,01    0,01    0,00    0,00    0,01     -  chrome
Rata-rata:   1000      9345    0,03    0,01    0,00    2,37    0,04     -  chrome
Rata-rata:   1000      9359    0,02    0,01    0,00    0,63    0,02     -  chrome
Rata-rata:   1000      9390    0,02    0,01    0,00    0,63    0,02     -  chrome
Rata-rata:   1000      9500    0,01    0,01    0,00    1,25    0,02     -  chrome
Rata-rata:   1000      9519    0,16    0,04    0,00    1,26    0,21     -  chrome
Rata-rata:   1000     76014    0,02    0,01    0,00    0,00    0,03     -  chrome
Rata-rata:   1000     76025    0,01    0,02    0,00    0,63    0,02     -  chrome
Rata-rata:   1000     76063    0,01    0,01    0,00    0,01    0,01     -  chrome
Rata-rata:   1000     91682    0,04    0,03    0,00    0,00    0,07     -  ssh
Rata-rata:      0     93905    0,00    0,02    0,00    0,32    0,02     -  kworker/u32:7-events_unbound
Rata-rata:      0     95637    0,00    0,02    0,00    0,01    0,02     -  kworker/3:0-events
Rata-rata:      0     97469    0,00    0,01    0,00    0,01    0,01     -  kworker/5:2-events
Rata-rata:      0     97806    0,00    0,02    0,00    0,03    0,02     -  kworker/6:2-events
Rata-rata:      0     97830    0,01    0,00    0,00    0,00    0,01     -  kworker/7:0-events
Rata-rata:   1000     98039    0,05    0,01    0,00    0,00    0,06     -  antigravity
Rata-rata:      0     98978    0,00    0,01    0,00    0,01    0,01     -  kworker/0:1-events
Rata-rata:      0     99361    0,00    0,02    0,00    0,01    0,02     -  kworker/u32:3-flush-8:0
Rata-rata:      0    100626    0,00    0,02    0,00    0,02    0,02     -  kworker/2:1-events
Rata-rata:      0    102824    0,01    0,00    0,00    0,01    0,01     -  kworker/1:1-events
Rata-rata:      0    103256    0,00    0,02    0,00    0,00    0,02     -  kworker/u32:4-kvfree_rcu_reclaim
Rata-rata:      0    103884    0,00    0,01    0,00    0,01    0,01     -  kworker/4:1-events
Rata-rata:      0    104961    0,00    0,01    0,00    0,01    0,01     -  kworker/6:0-events
Rata-rata:   1000    107542    0,19    0,27    0,00    0,00    0,46     -  pidstat
Rata-rata:   1000    107574    7,59    0,74    0,00    0,00    8,34     -  java
Rata-rata:      0    108412    0,01    0,00    0,00    0,00    0,01     -  cupsd
Rata-rata:      0    108416    0,01    0,01    0,00    0,00    0,01     -  cups-browsed

Rata-rata:    UID       PID  minflt/s  majflt/s     VSZ     RSS   %MEM  Command
Rata-rata:      0         1      6,51      0,00   24690   14916   0,09  systemd
Rata-rata:      0       376      3,91      0,00  188968  108820   0,67  systemd-journal
Rata-rata:      0       408      6,00      0,00   37544   10908   0,07  systemd-udevd
Rata-rata:    115       930     24,29      0,00 1762312   25812   0,16  prometheus-node
Rata-rata:    115       933      0,06      0,00 2711492  116028   0,71  prometheus
Rata-rata:      0      1391      1,42      0,00 1421316   96140   0,59  tailscaled
Rata-rata:      0      1423      2,18      0,00 2463900   70314   0,43  containerd
Rata-rata:    114      1526      0,24      0,00  218252   29568   0,18  postgres
Rata-rata:      0      1554     18,89      0,01  293876   38161   0,24  apache2
Rata-rata:      0      2310      0,01      0,00 3498856  111800   0,69  dockerd
Rata-rata:    117      2312      0,16      0,00 1765315  350108   2,16  grafana
Rata-rata:      0      2975      6,97      0,00 1235352   13989   0,09  containerd-shim
Rata-rata:      0      2976      7,17      0,00 1235608   14672   0,09  containerd-shim
Rata-rata:      0      2977      6,90      0,00 1235352   15161   0,09  containerd-shim
Rata-rata:      0      2981      8,15      0,00 1235608   14534   0,09  containerd-shim
Rata-rata:      0      2982      7,30      0,00 1235608   15069   0,09  containerd-shim
Rata-rata:     70      3117      0,44      0,00  174540   25424   0,16  postgres
Rata-rata:      0      3144      0,01      0,00  743676   80044   0,49  node
Rata-rata:   1000      4570      1,16      0,00  104122   14451   0,09  pipewire
Rata-rata:   1000      4574      1,19      0,00  110852   15733   0,10  pipewire-pulse
Rata-rata:   1000      4683      0,01      0,00  312988    8156   0,05  gvfsd
Rata-rata:   1000      4708      3,85      0,00 5454530  346797   2,14  gnome-shell
Rata-rata:   1000      5504      0,01      0,00  778332   19920   0,12  xdg-desktop-por
Rata-rata:      0      5954      0,02      0,00  370300   46740   0,29  fwupd
Rata-rata:   1000      6317     34,69      0,00 1461668528  315550   1,94  antigravity
Rata-rata:   1000      6757      7,31      0,00 34352897  169923   1,05  antigravity
Rata-rata:   1000      6771      0,77      0,00 33903964   81248   0,50  antigravity
Rata-rata:   1000      6820    175,41      0,00 1461417264  660029   4,07  antigravity
Rata-rata:   1000      6924      0,09      0,00 1459611392  179936   1,11  antigravity
Rata-rata:   1000      7161      0,25      0,00 33951332   64332   0,40  antigravity
Rata-rata:   1000      7229     49,82      0,00 1461383544  129396   0,80  antigravity
Rata-rata:   1000      7244    352,65      0,00 1461351324  349879   2,16  antigravity
Rata-rata:   1000      7258      3,65      0,00 1461347760  125644   0,77  antigravity
Rata-rata:   1000      7260     11,30      0,00 1461367100  164138   1,01  antigravity
Rata-rata:   1000      8356      5,25      0,00 1459530528  101028   0,62  antigravity
Rata-rata:   1000      9291     15,46      0,00 55435272  374205   2,31  chrome
Rata-rata:   1000      9342      3,14      0,00 55467700  213644   1,32  chrome
Rata-rata:   1000      9345      6,03      0,00 54976356  135672   0,84  chrome
Rata-rata:   1000      9359      0,91      0,00 55015792   62600   0,39  chrome
Rata-rata:   1000      9519     33,66      0,00 1518554232  357257   2,20  chrome
Rata-rata:   1000     76014      0,45      0,00 1518513820  345568   2,13  chrome
Rata-rata:   1000     76063      0,36      0,00 55006444   86720   0,53  chrome
Rata-rata:   1000     98130      0,62      0,00 1518444498   80270   0,49  chrome
Rata-rata:   1000     99008      0,44      0,00    7664    3936   0,02  bash
Rata-rata:   1000    107542      0,47      0,00    6229    5096   0,03  pidstat
Rata-rata:   1000    107543      0,13      0,00    2676    1700   0,01  jmeter
Rata-rata:   1000    107574    286,49      0,00 6198124  273966   1,69  java
Rata-rata:      0    108412      6,51      0,00   16948    7792   0,05  cupsd
Rata-rata:      0    108416     10,13      0,00  192640   15876   0,10  cups-browsed
Rata-rata:     33    108423      2,06      0,00  294488   18224   0,11  apache2
Rata-rata:     33    108424      1,98      0,00  294496   18300   0,11  apache2
Rata-rata:     33    108425      1,98      0,00  294496   18300   0,11  apache2
Rata-rata:     33    108426      1,98      0,00  294496   18300   0,11  apache2
Rata-rata:     33    108427      1,98      0,00  294496   18300   0,11  apache2
Rata-rata:     33    108428      1,98      0,00  294496   18300   0,11  apache2
Rata-rata:   1000    108542      0,87      0,00    2672    1624   0,01  sh
Rata-rata:   1000    108543      2,09      0,00    7012    3340   0,02  cpuUsage.sh
Rata-rata:   1000    108550      0,74      0,00    5656    1996   0,01  sleep

Rata-rata:    UID       PID   kB_rd/s   kB_wr/s kB_ccwr/s iodelay  Command
Rata-rata:   1000      4573      0,00      0,02      0,00       0  wireplumber
Rata-rata:   1000      4708      0,00      2,40      0,00       0  gnome-shell
Rata-rata:   1000      7244      0,00      0,12      0,00       0  antigravity
Rata-rata:   1000      9291      0,00      4,77      0,00       0  chrome
Rata-rata:   1000      9345      0,00      0,90      0,00       0  chrome
Rata-rata:   1000     99008      0,00      5,69      2,40       0  bash
Rata-rata:   1000    107542      0,00      1,01      0,00       0  pidstat
Rata-rata:   1000    107574      0,00      2,79      0,00       0  java
