Linux 6.12.94+deb13-amd64 (debian) 	02/07/26 	_x86_64_	(8 CPU)

00:46:24      UID       PID    %usr %system  %guest   %wait    %CPU   CPU  Command
00:46:29      115       933    0,20    0,00    0,00    0,00    0,20     1  prometheus
00:46:29        0      1391    0,20    0,00    0,00    0,00    0,20     1  tailscaled
00:46:29        0      1423    0,20    0,20    0,00    0,00    0,40     2  containerd
00:46:29        0      2310    0,60    0,20    0,00    0,00    0,80     4  dockerd
00:46:29      117      2312    0,60    0,00    0,00    0,00    0,60     3  grafana
00:46:29        0      2932    0,20    0,20    0,00    0,00    0,40     1  mount.ntfs-3g
00:46:29        0      2975    0,00    0,20    0,00    0,00    0,20     7  containerd-shim
00:46:29        0      2976    0,20    0,00    0,00    0,00    0,20     6  containerd-shim
00:46:29        0      2977    0,00    0,20    0,00    0,00    0,20     7  containerd-shim
00:46:29        0      2981    0,00    0,20    0,00    0,00    0,20     0  containerd-shim
00:46:29      999      3130    0,60    0,00    0,00    0,00    0,60     1  redis-server
00:46:29     1000      4708    1,39    1,19    0,00    0,00    2,58     1  gnome-shell
00:46:29     1000      6317    0,40    0,40    0,00    0,00    0,80     2  antigravity
00:46:29     1000      6339    0,80    0,00    0,00    0,00    0,80     7  gnome-terminal-
00:46:29     1000      6757    1,99    0,40    0,00    0,20    2,39     1  antigravity
00:46:29     1000      6820    8,35    0,80    0,00    0,00    9,15     1  antigravity
00:46:29     1000      7059    1,19    1,99    0,00    0,00    3,18     0  language_server
00:46:29     1000      7229    0,20    0,40    0,00    0,00    0,60     5  antigravity
00:46:29     1000      7244    1,39    0,40    0,00    0,00    1,79     4  antigravity
00:46:29     1000      7260    2,19    0,20    0,00    0,00    2,39     4  antigravity
00:46:29     1000      8267    0,99    1,59    0,00    0,00    2,58     7  language_server
00:46:29     1000      8356    0,20    0,20    0,00    0,00    0,40     6  antigravity
00:46:29     1000      9291    0,00    0,20    0,00    0,00    0,20     5  chrome
00:46:29     1000      9519    0,20    0,00    0,00    0,00    0,20     6  chrome
00:46:29        0     49776    0,00    0,20    0,00    0,00    0,20     2  kworker/u32:0-flush-8:0
00:46:29        0     97806    0,00    0,20    0,00    0,20    0,20     6  kworker/6:2-i915-unordered
00:46:29        0    100626    0,00    0,20    0,00    0,00    0,20     2  kworker/2:1-events
00:46:29     1000    106517    0,20    0,00    0,00    0,00    0,20     3  pidstat
00:46:29     1000    106549   82,31    5,17    0,00    0,00   87,48     3  java

00:46:24      UID       PID  minflt/s  majflt/s     VSZ     RSS   %MEM  Command
00:46:29        0      2975      9,94      0,00 1235352   13620   0,08  containerd-shim
00:46:29        0      2976      6,36      0,00 1235608   14364   0,09  containerd-shim
00:46:29        0      2977     11,13      0,00 1235352   14592   0,09  containerd-shim
00:46:29        0      2981      8,35      0,00 1235608   14052   0,09  containerd-shim
00:46:29        0      2982      4,77      0,00 1235608   14612   0,09  containerd-shim
00:46:29        0      3144      0,20      0,00  743676   80044   0,49  node
00:46:29     1000      4708      1,99      0,00 5454468  346800   2,14  gnome-shell
00:46:29     1000      6317     36,78      0,00 1461668528  314912   1,94  antigravity
00:46:29     1000      6757     63,02      0,00 34362364  169980   1,05  antigravity
00:46:29     1000      6771      0,60      0,00 33903964   81164   0,50  antigravity
00:46:29     1000      6820    414,31      0,00 1461417264  660376   4,07  antigravity
00:46:29     1000      7161      0,20      0,00 33951332   64332   0,40  antigravity
00:46:29     1000      7229    100,60      0,00 1461383544  129320   0,80  antigravity
00:46:29     1000      7244     61,03      0,00 1461351324  289324   1,78  antigravity
00:46:29     1000      7258      5,96      0,00 1461347760  125764   0,77  antigravity
00:46:29     1000      7260     12,72      0,00 1461367100  164260   1,01  antigravity
00:46:29     1000      8356      5,37      0,00 1459530528  100972   0,62  antigravity
00:46:29     1000      9291      7,36      0,00 55435272  374600   2,31  chrome
00:46:29     1000      9342      4,37      0,00 55467700  213584   1,32  chrome
00:46:29     1000      9345      3,98      0,00 54976356  135860   0,84  chrome
00:46:29     1000      9359      1,19      0,00 55015792   62536   0,39  chrome
00:46:29     1000     76014      0,40      0,00 1518513820  345040   2,13  chrome
00:46:29     1000     76063      0,20      0,00 55006444   86720   0,53  chrome
00:46:29     1000    106517      1,59      0,00    6052    5144   0,03  pidstat
00:46:29     1000    106518      4,17      0,00    2676    1812   0,01  jmeter
00:46:29     1000    106549   5356,66      0,00 6095324  211820   1,30  java

00:46:24      UID       PID   kB_rd/s   kB_wr/s kB_ccwr/s iodelay  Command
00:46:29     1000      9291      0,00      1,59      0,00       0  chrome
00:46:29     1000    106549      0,00      2,15      0,00       0  java

00:46:29      UID       PID    %usr %system  %guest   %wait    %CPU   CPU  Command
00:46:34        0         1    0,20    0,00    0,00    0,00    0,20     6  systemd
00:46:34        0        80    0,00    0,20    0,00    0,00    0,20     0  kcompactd0
00:46:34      990       903    0,80    0,00    0,00    0,00    0,80     3  dbus-daemon
00:46:34      115       930    1,00    0,20    0,00    0,00    1,20     7  prometheus-node
00:46:34      115       933    0,20    0,00    0,00    0,00    0,20     1  prometheus
00:46:34        0      1383    0,20    0,00    0,00    0,00    0,20     7  glances
00:46:34        0      1391    0,20    0,00    0,00    0,00    0,20     1  tailscaled
00:46:34        0      1423    0,20    0,20    0,00    0,00    0,40     2  containerd
00:46:34        0      2310    0,00    0,40    0,00    0,00    0,40     4  dockerd
00:46:34      117      2312    1,00    0,20    0,00    0,00    1,20     3  grafana
00:46:34        0      2975    0,20    0,00    0,00    0,00    0,20     7  containerd-shim
00:46:34        0      2976    0,20    0,00    0,00    0,00    0,20     6  containerd-shim
00:46:34        0      2977    0,20    0,00    0,00    0,00    0,20     7  containerd-shim
00:46:34        0      2982    0,20    0,00    0,00    0,00    0,20     1  containerd-shim
00:46:34      999      3130    0,20    0,00    0,00    0,00    0,20     1  redis-server
00:46:34     1000      4708    1,00    0,20    0,00    0,00    1,20     7  gnome-shell
00:46:34     1000      6317    0,40    0,00    0,00    0,00    0,40     2  antigravity
00:46:34     1000      6339    0,60    0,00    0,00    0,00    0,60     3  gnome-terminal-
00:46:34     1000      6757    0,00    0,20    0,00    0,00    0,20     0  antigravity
00:46:34     1000      6820    1,00    0,20    0,00    0,00    1,20     2  antigravity
00:46:34     1000      7059    1,40    2,20    0,00    0,20    3,60     6  language_server
00:46:34     1000      7229    0,20    0,20    0,00    0,00    0,40     4  antigravity
00:46:34     1000      7244    1,60    0,20    0,00    0,00    1,80     5  antigravity
00:46:34     1000      7260    0,40    0,20    0,00    0,00    0,60     1  antigravity
00:46:34     1000      8267    1,80    1,20    0,00    0,00    3,00     7  language_server
00:46:34     1000      9291    0,20    0,00    0,00    0,00    0,20     6  chrome
00:46:34     1000      9359    0,00    0,20    0,00    0,00    0,20     0  chrome
00:46:34     1000     76014    0,20    0,00    0,00    0,00    0,20     3  chrome
00:46:34     1000    106517    0,20    0,40    0,00    0,00    0,60     4  pidstat
00:46:34     1000    106549    6,00    0,20    0,00    0,00    6,20     3  java

00:46:29      UID       PID  minflt/s  majflt/s     VSZ     RSS   %MEM  Command
00:46:34      115       930     59,80      0,00 1762312   25404   0,16  prometheus-node
00:46:34        0      2975     10,80      0,00 1235352   13748   0,08  containerd-shim
00:46:34        0      2976     13,40      0,00 1235608   14492   0,09  containerd-shim
00:46:34        0      2977     12,20      0,00 1235352   14848   0,09  containerd-shim
00:46:34        0      2981     10,20      0,00 1235608   14180   0,09  containerd-shim
00:46:34        0      2982     12,20      0,00 1235608   14740   0,09  containerd-shim
00:46:34     1000      4708      5,20      0,00 5454468  346800   2,14  gnome-shell
00:46:34     1000      6317     32,80      0,00 1461668528  315296   1,94  antigravity
00:46:34     1000      6757      6,20      0,00 34354300  169848   1,05  antigravity
00:46:34     1000      6771      0,60      0,00 33903964   81164   0,50  antigravity
00:46:34     1000      6820    138,40      0,00 1461417264  661352   4,07  antigravity
00:46:34     1000      7161      0,20      0,00 33951332   64332   0,40  antigravity
00:46:34     1000      7229    129,20      0,00 1461383544  129320   0,80  antigravity
00:46:34     1000      7244     32,20      0,00 1461351324  289308   1,78  antigravity
00:46:34     1000      7258      2,80      0,00 1461347760  125764   0,77  antigravity
00:46:34     1000      7260      5,60      0,00 1461367100  164260   1,01  antigravity
00:46:34     1000      8356      5,20      0,00 1459530528  100972   0,62  antigravity
00:46:34     1000      9291      7,00      0,00 55435272  374600   2,31  chrome
00:46:34     1000      9342      2,20      0,00 55467700  213584   1,32  chrome
00:46:34     1000      9345      8,00      0,00 54976356  135860   0,84  chrome
00:46:34     1000      9359      0,60      0,00 55015792   62536   0,39  chrome
00:46:34     1000     76014      0,60      0,00 1518513820  345040   2,13  chrome
00:46:34     1000     76063      0,20      0,00 55006444   86720   0,53  chrome
00:46:34     1000    106549    327,80      0,00 6095324  218220   1,34  java

00:46:29      UID       PID   kB_rd/s   kB_wr/s kB_ccwr/s iodelay  Command
00:46:34     1000    106517      0,00      1,00      0,00       0  pidstat
00:46:34     1000    106549      0,00      0,21      0,00       0  java

00:46:34      UID       PID    %usr %system  %guest   %wait    %CPU   CPU  Command
00:46:39        0        16    0,00    0,20    0,00    0,00    0,20     0  ksoftirqd/0
00:46:39        0      1383    0,20    0,00    0,00    0,00    0,20     7  glances
00:46:39        0      1391    0,20    0,00    0,00    0,00    0,20     1  tailscaled
00:46:39        0      1423    0,20    0,00    0,00    0,00    0,20     2  containerd
00:46:39        0      2310    0,40    0,00    0,00    0,00    0,40     4  dockerd
00:46:39      117      2312    0,60    0,20    0,00    0,00    0,80     3  grafana
00:46:39        0      2932    0,40    0,20    0,00    0,00    0,60     6  mount.ntfs-3g
00:46:39        0      2981    0,20    0,00    0,00    0,00    0,20     0  containerd-shim
00:46:39      999      3130    0,40    0,20    0,00    0,00    0,60     1  redis-server
00:46:39     1000      4708    0,40    0,40    0,00    0,00    0,80     1  gnome-shell
00:46:39     1000      6339    0,60    0,00    0,00    0,00    0,60     3  gnome-terminal-
00:46:39     1000      6820    1,00    0,20    0,00    0,00    1,20     3  antigravity
00:46:39     1000      7059    2,20    1,40    0,00    0,00    3,60     2  language_server
00:46:39     1000      7229    0,40    0,00    0,00    0,00    0,40     2  antigravity
00:46:39     1000      7244    1,60    0,20    0,00    0,00    1,80     5  antigravity
00:46:39     1000      7260    0,40    0,20    0,00    0,00    0,60     1  antigravity
00:46:39     1000      8267    1,60    1,20    0,00    0,00    2,80     7  language_server
00:46:39     1000      9291    0,20    0,00    0,00    0,00    0,20     6  chrome
00:46:39     1000      9519    0,20    0,00    0,00    0,00    0,20     1  chrome
00:46:39        0     78088    0,00    0,20    0,00    0,00    0,20     5  kworker/u32:6-flush-8:0
00:46:39     1000     98039    0,20    0,00    0,00    0,00    0,20     2  antigravity
00:46:39     1000    106517    0,20    0,20    0,00    0,00    0,40     3  pidstat
00:46:39     1000    106549    6,60    0,60    0,00    0,00    7,20     3  java

00:46:34      UID       PID  minflt/s  majflt/s     VSZ     RSS   %MEM  Command
00:46:39        0      2975     11,20      0,00 1235352   14004   0,09  containerd-shim
00:46:39        0      2976      9,60      0,00 1235608   14620   0,09  containerd-shim
00:46:39        0      2977      9,80      0,00 1235352   14976   0,09  containerd-shim
00:46:39        0      2981      9,80      0,00 1235608   14436   0,09  containerd-shim
00:46:39        0      2982      9,20      0,00 1235608   14868   0,09  containerd-shim
00:46:39     1000      4708      1,00      0,00 5454532  346800   2,14  gnome-shell
00:46:39     1000      6317     38,40      0,00 1461668528  314916   1,94  antigravity
00:46:39     1000      6757      0,60      0,00 34354300  169848   1,05  antigravity
00:46:39     1000      6771      1,20      0,00 33903964   81164   0,50  antigravity
00:46:39     1000      6820    105,40      0,00 1461417264  663400   4,09  antigravity
00:46:39     1000      6924      0,80      0,00 1459611392  180056   1,11  antigravity
00:46:39     1000      7161      0,20      0,00 33951332   64332   0,40  antigravity
00:46:39     1000      7229     92,40      0,00 1461383544  129320   0,80  antigravity
00:46:39     1000      7244    103,80      0,00 1461351324  290140   1,79  antigravity
00:46:39     1000      7258      2,80      0,00 1461347760  125764   0,77  antigravity
00:46:39     1000      7260      3,20      0,00 1461367100  164260   1,01  antigravity
00:46:39     1000      8356      5,20      0,00 1459530528  100972   0,62  antigravity
00:46:39     1000      9291     10,60      0,00 55435272  374600   2,31  chrome
00:46:39     1000      9342      2,20      0,00 55467700  213584   1,32  chrome
00:46:39     1000      9345      4,60      0,00 54976356  135860   0,84  chrome
00:46:39     1000      9359      0,60      0,00 55015792   62536   0,39  chrome
00:46:39     1000     76014      0,40      0,00 1518513820  345040   2,13  chrome
00:46:39     1000     76063      0,20      0,00 55006444   86720   0,53  chrome
00:46:39     1000    106549    140,40      0,00 6095324  215288   1,33  java

00:46:34      UID       PID   kB_rd/s   kB_wr/s kB_ccwr/s iodelay  Command
00:46:39     1000    106517      0,00      0,98      0,00       0  pidstat
00:46:39     1000    106549      0,00      1,77      0,00       0  java

00:46:39      UID       PID    %usr %system  %guest   %wait    %CPU   CPU  Command
00:46:44      115       933    0,00    0,20    0,00    0,00    0,20     1  prometheus
00:46:44        0      1423    0,20    0,40    0,00    0,00    0,60     2  containerd
00:46:44        0      2310    0,40    0,20    0,00    0,00    0,60     4  dockerd
00:46:44      117      2312    0,60    0,60    0,00    0,00    1,20     3  grafana
00:46:44        0      2932    0,00    0,20    0,00    0,00    0,20     7  mount.ntfs-3g
00:46:44        0      2975    0,20    0,00    0,00    0,00    0,20     7  containerd-shim
00:46:44        0      2982    0,20    0,00    0,00    0,00    0,20     1  containerd-shim
00:46:44      999      3130    0,40    0,20    0,00    0,00    0,60     1  redis-server
00:46:44     1000      4708    1,20    0,20    0,00    0,00    1,40     5  gnome-shell
00:46:44     1000      5107    0,00    0,20    0,00    0,00    0,20     4  anydesk
00:46:44     1000      6317    0,20    0,20    0,00    0,00    0,40     2  antigravity
00:46:44     1000      6339    0,60    0,20    0,00    0,00    0,80     7  gnome-terminal-
00:46:44     1000      6820    0,80    0,20    0,00    0,00    1,00     4  antigravity
00:46:44     1000      7059    1,60    1,80    0,00    0,00    3,40     2  language_server
00:46:44     1000      7229    0,20    0,20    0,00    0,00    0,40     4  antigravity
00:46:44     1000      7244    1,40    0,40    0,00    0,00    1,80     7  antigravity
00:46:44     1000      7260    0,60    0,00    0,00    0,00    0,60     1  antigravity
00:46:44     1000      8267    1,80    1,20    0,00    0,00    3,00     7  language_server
00:46:44     1000      8356    0,20    0,00    0,00    0,00    0,20     1  antigravity
00:46:44     1000      9291    0,20    0,00    0,00    0,00    0,20     5  chrome
00:46:44     1000      9345    0,00    0,20    0,00    0,00    0,20     4  chrome
00:46:44     1000      9519    0,60    0,00    0,00    0,20    0,60     1  chrome
00:46:44     1000     91682    0,20    0,00    0,00    0,00    0,20     6  ssh
00:46:44        0     95637    0,00    0,20    0,00    0,00    0,20     3  kworker/3:0-events
00:46:44     1000    106517    0,00    0,20    0,00    0,00    0,20     3  pidstat
00:46:44     1000    106549    6,20    0,40    0,00    0,00    6,60     3  java

00:46:39      UID       PID  minflt/s  majflt/s     VSZ     RSS   %MEM  Command
00:46:44        0      1423      0,00      0,00 2463900   70540   0,43  containerd
00:46:44        0      2975     11,40      0,00 1235352   14260   0,09  containerd-shim
00:46:44        0      2976     11,20      0,00 1235608   14876   0,09  containerd-shim
00:46:44        0      2977      8,20      0,00 1235352   15360   0,09  containerd-shim
00:46:44        0      2981      7,20      0,00 1235608   14564   0,09  containerd-shim
00:46:44        0      2982     11,40      0,00 1235608   15124   0,09  containerd-shim
00:46:44     1000      4708      6,40      0,00 5454532  346672   2,14  gnome-shell
00:46:44     1000      6317     39,00      0,00 1461668528  314824   1,94  antigravity
00:46:44     1000      6757      1,20      0,00 34354300  169848   1,05  antigravity
00:46:44     1000      6771      0,60      0,00 33903964   81164   0,50  antigravity
00:46:44     1000      6820    109,00      0,00 1461417264  665448   4,10  antigravity
00:46:44     1000      7161      0,40      0,00 33951332   64332   0,40  antigravity
00:46:44     1000      7229     13,40      0,00 1461383544  129448   0,80  antigravity
00:46:44     1000      7244     31,40      0,00 1461351324  289580   1,78  antigravity
00:46:44     1000      7258      3,40      0,00 1461347760  125764   0,77  antigravity
00:46:44     1000      7260      3,60      0,00 1461367100  164260   1,01  antigravity
00:46:44     1000      8356      5,40      0,00 1459530528  100972   0,62  antigravity
00:46:44     1000      9291     16,20      0,00 55435272  374420   2,31  chrome
00:46:44     1000      9342      2,20      0,00 55467700  213584   1,32  chrome
00:46:44     1000      9345      8,40      0,00 54976356  135860   0,84  chrome
00:46:44     1000      9359      0,60      0,00 55015792   62536   0,39  chrome
00:46:44     1000      9519    357,40      0,00 1518554232  364600   2,25  chrome
00:46:44     1000     76014      0,40      0,00 1518513820  345168   2,13  chrome
00:46:44     1000     76063      0,40      0,00 55006444   86720   0,53  chrome
00:46:44     1000    106549     45,80      0,00 6095324  216184   1,33  java

00:46:39      UID       PID   kB_rd/s   kB_wr/s kB_ccwr/s iodelay  Command
00:46:44     1000      9291      0,00      3,20      0,00       0  chrome
00:46:44     1000    106517      0,00      0,86      0,00       0  pidstat
00:46:44     1000    106549      0,00      1,77      0,00       0  java

00:46:44      UID       PID    %usr %system  %guest   %wait    %CPU   CPU  Command
00:46:49        0         1    0,20    0,20    0,00    0,00    0,40     5  systemd
00:46:49        0        86    0,00    0,20    0,00    0,00    0,20     1  irq/9-acpi
00:46:49        0       120    0,00    0,20    0,00    0,00    0,20     0  kworker/u33:0-i915_flip
00:46:49      990       903    0,40    0,20    0,00    0,00    0,60     3  dbus-daemon
00:46:49      115       930    1,20    0,40    0,00    0,00    1,60     5  prometheus-node
00:46:49      115       933    0,20    0,00    0,00    0,00    0,20     1  prometheus
00:46:49        0      1383    0,20    0,00    0,00    0,00    0,20     7  glances
00:46:49        0      1423    0,40    0,00    0,00    0,00    0,40     2  containerd
00:46:49        0      2310    0,40    0,00    0,00    0,00    0,40     4  dockerd
00:46:49      117      2312    0,60    0,00    0,00    0,00    0,60     3  grafana
00:46:49        0      2932    0,40    0,20    0,00    0,00    0,60     7  mount.ntfs-3g
00:46:49        0      2976    0,00    0,20    0,00    0,00    0,20     6  containerd-shim
00:46:49        0      2977    0,20    0,00    0,00    0,00    0,20     7  containerd-shim
00:46:49        0      2981    0,00    0,20    0,00    0,00    0,20     0  containerd-shim
00:46:49        0      2982    0,00    0,20    0,00    0,00    0,20     1  containerd-shim
00:46:49      999      3130    0,40    0,00    0,00    0,00    0,40     1  redis-server
00:46:49     1000      4708    0,60    0,40    0,00    0,00    1,00     5  gnome-shell
00:46:49     1000      6317    0,20    0,00    0,00    0,00    0,20     2  antigravity
00:46:49     1000      6339    0,60    0,00    0,00    0,00    0,60     3  gnome-terminal-
00:46:49     1000      6820    0,80    0,20    0,00    0,00    1,00     6  antigravity
00:46:49     1000      7059    2,40    1,80    0,00    0,00    4,20     0  language_server
00:46:49     1000      7229    0,40    0,00    0,00    0,00    0,40     5  antigravity
00:46:49     1000      7244    1,40    0,40    0,00    0,00    1,80     4  antigravity
00:46:49     1000      7260    0,60    0,20    0,00    0,00    0,80     6  antigravity
00:46:49     1000      8267    1,80    1,40    0,00    0,00    3,20     7  language_server
00:46:49     1000      9291    0,20    0,00    0,00    0,00    0,20     5  chrome
00:46:49     1000      9345    0,20    0,00    0,00    0,00    0,20     2  chrome
00:46:49     1000      9500    0,00    0,20    0,00    0,00    0,20     7  chrome
00:46:49     1000      9519    0,20    0,20    0,00    0,00    0,40     4  chrome
00:46:49     1000     91682    0,00    0,20    0,00    0,00    0,20     3  ssh
00:46:49     1000    106517    0,40    0,40    0,00    0,00    0,80     3  pidstat
00:46:49     1000    106549    6,60    0,80    0,00    0,00    7,40     3  java

00:46:44      UID       PID  minflt/s  majflt/s     VSZ     RSS   %MEM  Command
00:46:49      115       930     56,20      0,00 1762312   25432   0,16  prometheus-node
00:46:49        0      2975      9,00      0,00 1235352   14388   0,09  containerd-shim
00:46:49        0      2976      5,80      0,00 1235608   15004   0,09  containerd-shim
00:46:49        0      2977      1,00      0,00 1235352   15360   0,09  containerd-shim
00:46:49        0      2981      0,80      0,00 1235608   14564   0,09  containerd-shim
00:46:49        0      2982      5,80      0,00 1235608   15124   0,09  containerd-shim
00:46:49     1000      4708      0,40      0,00 5454468  346672   2,14  gnome-shell
00:46:49     1000      6317     32,20      0,00 1461668528  314816   1,94  antigravity
00:46:49     1000      6757      0,60      0,00 34354300  169848   1,05  antigravity
00:46:49     1000      6771      0,60      0,00 33903964   81164   0,50  antigravity
00:46:49     1000      6820    113,40      0,00 1461417264  667880   4,11  antigravity
00:46:49     1000      7161      0,20      0,00 33951332   64332   0,40  antigravity
00:46:49     1000      7229      5,80      0,00 1461383544  129448   0,80  antigravity
00:46:49     1000      7244     52,40      0,00 1461351324  289560   1,78  antigravity
00:46:49     1000      7258      5,20      0,00 1461347760  125764   0,77  antigravity
00:46:49     1000      7260      3,40      0,00 1461367100  164132   1,01  antigravity
00:46:49     1000      8356      5,20      0,00 1459530528  100972   0,62  antigravity
00:46:49     1000      9291      7,00      0,00 55435272  374420   2,31  chrome
00:46:49     1000      9342      4,40      0,00 55467700  213584   1,32  chrome
00:46:49     1000      9345      4,00      0,00 54976356  135860   0,84  chrome
00:46:49     1000      9359      1,20      0,00 55015792   62536   0,39  chrome
00:46:49     1000      9519      0,00      0,00 1518554232  363644   2,24  chrome
00:46:49     1000     76014      0,60      0,00 1518513820  345296   2,13  chrome
00:46:49     1000     76063      0,20      0,00 55006444   86720   0,53  chrome
00:46:49     1000    106549    124,00      0,00 6095324  222656   1,37  java

00:46:44      UID       PID   kB_rd/s   kB_wr/s kB_ccwr/s iodelay  Command
00:46:49     1000    106517      0,00      0,94      0,00       0  pidstat
00:46:49     1000    106549      0,00      3,33      0,00       0  java

00:46:49      UID       PID    %usr %system  %guest   %wait    %CPU   CPU  Command
00:46:54        0        17    0,00    0,20    0,00    0,00    0,20     7  rcu_preempt
00:46:54      115       933    0,20    0,00    0,00    0,00    0,20     1  prometheus
00:46:54        0      1383    0,20    0,00    0,00    0,00    0,20     7  glances
00:46:54        0      1391    0,00    0,20    0,00    0,00    0,20     1  tailscaled
00:46:54        0      1423    0,20    0,00    0,00    0,00    0,20     2  containerd
00:46:54        0      2310    0,40    0,20    0,00    0,00    0,60     4  dockerd
00:46:54      117      2312    0,80    0,20    0,00    0,00    1,00     3  grafana
00:46:54        0      2932    0,00    0,40    0,00    0,00    0,40     4  mount.ntfs-3g
00:46:54        0      2976    0,20    0,00    0,00    0,00    0,20     6  containerd-shim
00:46:54        0      2977    0,00    0,20    0,00    0,00    0,20     7  containerd-shim
00:46:54        0      2981    0,20    0,00    0,00    0,00    0,20     0  containerd-shim
00:46:54      999      3130    0,20    0,20    0,00    0,00    0,40     2  redis-server
00:46:54     1000      4708    1,20    0,20    0,00    0,00    1,40     5  gnome-shell
00:46:54     1000      6317    0,20    0,00    0,00    0,00    0,20     1  antigravity
00:46:54     1000      6339    1,20    0,00    0,00    0,00    1,20     6  gnome-terminal-
00:46:54     1000      6820   12,80    0,20    0,00    0,00   13,00     6  antigravity
00:46:54     1000      7059    1,40    1,80    0,00    0,00    3,20     4  language_server
00:46:54     1000      7244   11,60    1,20    0,00    0,20   12,80     2  antigravity
00:46:54     1000      7258    0,00    0,20    0,00    0,00    0,20     7  antigravity
00:46:54     1000      7260    0,40    0,20    0,00    0,20    0,60     7  antigravity
00:46:54     1000      8267    1,20    1,80    0,00    0,00    3,00     7  language_server
00:46:54     1000      8356    0,20    0,00    0,00    0,00    0,20     1  antigravity
00:46:54     1000      8393    0,20    0,00    0,00    0,00    0,20     6  antigravity
00:46:54     1000      9291    0,00    0,20    0,00    0,20    0,20     2  chrome
00:46:54        0     97806    0,00    0,20    0,00    0,00    0,20     6  kworker/6:2-i915-unordered
00:46:54        0    103256    0,00    0,20    0,00    0,00    0,20     4  kworker/u32:4-events_unbound
00:46:54     1000    106517    0,00    0,40    0,00    0,00    0,40     3  pidstat
00:46:54     1000    106549    6,00    0,40    0,00    0,00    6,40     3  java

00:46:49      UID       PID  minflt/s  majflt/s     VSZ     RSS   %MEM  Command
00:46:54        0      1423      2,80      0,00 2463900   70540   0,43  containerd
00:46:54        0      2975      7,80      0,00 1235352   14516   0,09  containerd-shim
00:46:54        0      2976      1,00      0,00 1235608   15004   0,09  containerd-shim
00:46:54        0      2977      7,20      0,00 1235352   15360   0,09  containerd-shim
00:46:54        0      2981      7,40      0,00 1235608   14820   0,09  containerd-shim
00:46:54        0      2982      2,20      0,00 1235608   15252   0,09  containerd-shim
00:46:54     1000      4708      6,80      0,00 5454468  346672   2,14  gnome-shell
00:46:54     1000      6317     32,80      0,00 1461668528  315328   1,94  antigravity
00:46:54     1000      6757      0,60      0,00 34354300  169848   1,05  antigravity
00:46:54     1000      6771      0,60      0,00 33903964   81164   0,50  antigravity
00:46:54     1000      6820    278,40      0,00 1461417264  654668   4,03  antigravity
00:46:54     1000      7161      0,20      0,00 33951332   64332   0,40  antigravity
00:46:54     1000      7229      4,60      0,00 1461383544  129448   0,80  antigravity
00:46:54     1000      7244   2810,40      0,00 1461351324  333580   2,06  antigravity
00:46:54     1000      7258      3,00      0,00 1461347760  125764   0,77  antigravity
00:46:54     1000      7260      5,80      0,00 1461367100  164132   1,01  antigravity
00:46:54     1000      8356      5,20      0,00 1459530528  100972   0,62  antigravity
00:46:54     1000      9291     12,40      0,00 55435272  374420   2,31  chrome
00:46:54     1000      9342      2,20      0,00 55467700  213584   1,32  chrome
00:46:54     1000      9345      8,00      0,00 54976356  135860   0,84  chrome
00:46:54     1000      9359      0,60      0,00 55015792   62536   0,39  chrome
00:46:54     1000     76014      0,40      0,00 1518513820  345296   2,13  chrome
00:46:54     1000     76063      0,20      0,00 55006444   86720   0,53  chrome
00:46:54     1000    106549     37,40      0,00 6095324  223424   1,38  java

00:46:49      UID       PID   kB_rd/s   kB_wr/s kB_ccwr/s iodelay  Command
00:46:54     1000      9291      0,00      7,20      0,00       0  chrome
00:46:54     1000    106517      0,00      1,03      0,00       0  pidstat
00:46:54     1000    106549      0,00      1,68      0,00       0  java

00:46:54      UID       PID    %usr %system  %guest   %wait    %CPU   CPU  Command
00:46:59      115       933    0,20    0,00    0,00    0,00    0,20     1  prometheus
00:46:59        0      1423    0,20    0,20    0,00    0,00    0,40     2  containerd
00:46:59      111      1503    0,00    0,20    0,00    0,00    0,20     7  mariadbd
00:46:59        0      2310    0,40    0,00    0,00    0,00    0,40     4  dockerd
00:46:59      117      2312    0,60    0,20    0,00    0,00    0,80     3  grafana
00:46:59        0      2932    0,20    0,00    0,00    0,00    0,20     1  mount.ntfs-3g
00:46:59        0      2975    0,20    0,20    0,00    0,00    0,40     7  containerd-shim
00:46:59        0      2982    0,20    0,00    0,00    0,00    0,20     1  containerd-shim
00:46:59      999      3130    0,40    0,00    0,00    0,00    0,40     1  redis-server
00:46:59     1000      4708    0,40    0,60    0,00    0,00    1,00     5  gnome-shell
00:46:59     1000      6317    0,20    0,00    0,00    0,00    0,20     2  antigravity
00:46:59     1000      6339    0,40    0,00    0,00    0,00    0,40     1  gnome-terminal-
00:46:59     1000      6771    0,20    0,00    0,00    0,00    0,20     7  antigravity
00:46:59     1000      6820    1,00    0,00    0,00    0,00    1,00     1  antigravity
00:46:59     1000      7059    1,20    2,00    0,00    0,20    3,20     2  language_server
00:46:59     1000      7229    0,20    0,20    0,00    0,00    0,40     1  antigravity
00:46:59     1000      7244    1,20    0,60    0,00    0,00    1,80     3  antigravity
00:46:59     1000      7260    0,40    0,20    0,00    0,00    0,60     0  antigravity
00:46:59     1000      8267    1,40    1,60    0,00    0,00    3,00     7  language_server
00:46:59     1000      9291    0,20    0,00    0,00    0,00    0,20     2  chrome
00:46:59     1000      9345    0,20    0,00    0,00    0,00    0,20     3  chrome
00:46:59     1000      9519    0,20    0,00    0,00    0,00    0,20     2  chrome
00:46:59     1000    106517    0,20    0,20    0,00    0,00    0,40     1  pidstat
00:46:59     1000    106549    7,60    0,40    0,00    0,00    8,00     3  java

00:46:54      UID       PID  minflt/s  majflt/s     VSZ     RSS   %MEM  Command
00:46:59        0      1423      5,00      0,00 2463900   70540   0,43  containerd
00:46:59        0      2975      2,00      0,00 1235352   13536   0,08  containerd-shim
00:46:59        0      2976      0,80      0,00 1235608   14328   0,09  containerd-shim
00:46:59        0      2977      9,40      0,00 1235352   14684   0,09  containerd-shim
00:46:59        0      2981      8,40      0,00 1235608   14264   0,09  containerd-shim
00:46:59        0      2982      1,80      0,00 1235608   14828   0,09  containerd-shim
00:46:59     1000      4708      0,40      0,00 5454468  346672   2,14  gnome-shell
00:46:59     1000      6317     38,00      0,00 1461668528  314784   1,94  antigravity
00:46:59     1000      6757      0,60      0,00 34354300  169848   1,05  antigravity
00:46:59     1000      6771      1,20      0,00 33903964   81164   0,50  antigravity
00:46:59     1000      6820    109,60      0,00 1461417264  656972   4,05  antigravity
00:46:59     1000      7161      0,20      0,00 33951332   64332   0,40  antigravity
00:46:59     1000      7229      2,60      0,00 1461383544  129448   0,80  antigravity
00:46:59     1000      7244     99,60      0,00 1461351324  335244   2,07  antigravity
00:46:59     1000      7258      3,40      0,00 1461347760  125764   0,77  antigravity
00:46:59     1000      7260      3,40      0,00 1461367100  164132   1,01  antigravity
00:46:59     1000      8356      5,20      0,00 1459530528  100972   0,62  antigravity
00:46:59     1000      9291     13,00      0,00 55435272  374420   2,31  chrome
00:46:59     1000      9342      2,20      0,00 55467700  213584   1,32  chrome
00:46:59     1000      9345     38,40      0,00 54976356  136204   0,84  chrome
00:46:59     1000      9359      0,60      0,00 55015792   62536   0,39  chrome
00:46:59     1000     76014      0,60      0,00 1518513820  345296   2,13  chrome
00:46:59     1000     76025      1,40      0,00 1518490664  121120   0,75  chrome
00:46:59     1000     76063      0,20      0,00 55006444   86720   0,53  chrome
00:46:59     1000    106549    111,40      0,00 6095324  225728   1,39  java

00:46:54      UID       PID   kB_rd/s   kB_wr/s kB_ccwr/s iodelay  Command
00:46:59     1000      9291      0,00     10,40      0,00       0  chrome
00:46:59     1000      9345      0,00     19,20      0,00       0  chrome
00:46:59     1000    106517      0,00      0,97      0,00       0  pidstat
00:46:59     1000    106549      0,00      3,18      0,00       0  java

00:46:59      UID       PID    %usr %system  %guest   %wait    %CPU   CPU  Command
00:47:04        0         1    0,60    0,00    0,00    0,00    0,60     4  systemd
00:47:04        0        27    0,00    0,20    0,00    0,00    0,20     1  ksoftirqd/1
00:47:04        0        33    0,20    0,00    0,00    0,00    0,20     2  ksoftirqd/2
00:47:04        0        86    0,00    0,20    0,00    0,00    0,20     1  irq/9-acpi
00:47:04        0       408    0,20    0,20    0,00    0,20    0,40     2  systemd-udevd
00:47:04      990       903    1,20    0,00    0,00    0,20    1,20     6  dbus-daemon
00:47:04      986       924    0,00    0,20    0,00    0,00    0,20     5  polkitd
00:47:04      115       930    0,80    0,80    0,00    0,00    1,60     5  prometheus-node
00:47:04      115       933    0,40    0,00    0,00    0,00    0,40     1  prometheus
00:47:04        0      1079    0,20    0,00    0,00    0,00    0,20     7  NetworkManager
00:47:04        0      1383    0,20    0,00    0,00    0,00    0,20     7  glances
00:47:04        0      1391    0,40    0,20    0,00    0,00    0,60     1  tailscaled
00:47:04        0      1411    0,00    0,20    0,00    0,00    0,20     7  anydesk
00:47:04        0      1423    1,00    0,20    0,00    0,00    1,20     2  containerd
00:47:04        0      2310    1,40    0,40    0,00    0,00    1,80     4  dockerd
00:47:04      117      2312    1,00    0,40    0,00    0,00    1,40     3  grafana
00:47:04        0      2932    0,20    0,20    0,00    0,20    0,40     3  mount.ntfs-3g
00:47:04        0      2976    0,20    0,00    0,00    0,00    0,20     6  containerd-shim
00:47:04        0      2977    0,00    0,20    0,00    0,00    0,20     7  containerd-shim
00:47:04        0      2981    0,20    0,00    0,00    0,00    0,20     0  containerd-shim
00:47:04        0      2982    0,00    0,20    0,00    0,00    0,20     1  containerd-shim
00:47:04      999      3130    0,40    0,00    0,00    0,00    0,40     1  redis-server
00:47:04     1000      4549    0,20    0,00    0,00    0,00    0,20     3  systemd
00:47:04     1000      4708    1,40    0,20    0,00    0,00    1,60     4  gnome-shell
00:47:04     1000      5021    0,20    0,00    0,00    0,00    0,20     2  gsd-housekeepin
00:47:04     1000      5055    0,20    0,00    0,00    0,00    0,20     3  gsd-sharing
00:47:04     1000      5268    0,20    0,00    0,00    0,00    0,20     7  gvfs-udisks2-vo
00:47:04     1000      5504    0,20    0,00    0,00    0,00    0,20     3  xdg-desktop-por
00:47:04        0      5954    0,20    0,00    0,00    0,00    0,20     3  fwupd
00:47:04     1000      6317    0,20    0,00    0,00    0,00    0,20     2  antigravity
00:47:04     1000      6339    0,40    0,00    0,00    0,00    0,40     1  gnome-terminal-
00:47:04     1000      6757    0,20    0,00    0,00    0,00    0,20     1  antigravity
00:47:04     1000      6820    1,00    0,20    0,00    0,00    1,20     0  antigravity
00:47:04     1000      7059    1,20    1,40    0,00    0,00    2,60     2  language_server
00:47:04     1000      7229    0,20    0,20    0,00    0,00    0,40     6  antigravity
00:47:04     1000      7244    1,60    0,40    0,00    0,00    2,00     5  antigravity
00:47:04     1000      7260    0,80    0,00    0,00    0,00    0,80     2  antigravity
00:47:04     1000      8267    1,60    1,20    0,00    0,00    2,80     7  language_server
00:47:04     1000      8356    0,00    0,20    0,00    0,00    0,20     5  antigravity
00:47:04     1000      9291    0,20    0,20    0,00    0,00    0,40     6  chrome
00:47:04     1000      9390    0,20    0,00    0,00    0,00    0,20     5  chrome
00:47:04     1000      9519    0,20    0,00    0,00    0,00    0,20     5  chrome
00:47:04     1000     98039    0,20    0,00    0,00    0,00    0,20     5  antigravity
00:47:04        0     98978    0,00    0,20    0,00    0,00    0,20     0  kworker/0:1-mld
00:47:04     1000    106517    0,20    0,20    0,00    0,00    0,40     6  pidstat
00:47:04     1000    106549    5,20    0,40    0,00    0,00    5,60     3  java

00:46:59      UID       PID  minflt/s  majflt/s     VSZ     RSS   %MEM  Command
00:47:04        0       376     44,40      0,00  188968  108820   0,67  systemd-journal
00:47:04        0       408     96,80      0,00   37544   10908   0,07  systemd-udevd
00:47:04      115       930     48,20      0,00 1762312   25372   0,16  prometheus-node
00:47:04      115       933      0,00      0,00 2711492  113852   0,70  prometheus
00:47:04        0      1423     32,40      0,00 2463900   71176   0,44  containerd
00:47:04        0      2310      0,40      0,00 3498856  111800   0,69  dockerd
00:47:04      117      2312      0,00      0,00 1765480  350108   2,16  grafana
00:47:04        0      2975      9,80      0,00 1235352   13792   0,08  containerd-shim
00:47:04        0      2976      8,00      0,00 1235608   14456   0,09  containerd-shim
00:47:04        0      2977      8,80      0,00 1235352   14684   0,09  containerd-shim
00:47:04        0      2981      9,60      0,00 1235608   14392   0,09  containerd-shim
00:47:04        0      2982      8,60      0,00 1235608   15084   0,09  containerd-shim
00:47:04     1000      4708      9,40      0,00 5454532  346528   2,13  gnome-shell
00:47:04        0      5954      0,20      0,00  370300   46692   0,29  fwupd
00:47:04     1000      6317     34,60      0,00 1461668528  314760   1,94  antigravity
00:47:04     1000      6757      4,60      0,00 34350204  169848   1,05  antigravity
00:47:04     1000      6771      0,60      0,00 33903964   81164   0,50  antigravity
00:47:04     1000      6820    150,60      0,00 1461417264  658616   4,06  antigravity
00:47:04     1000      7161      0,40      0,00 33951332   64332   0,40  antigravity
00:47:04     1000      7229     99,00      0,00 1461383544  129576   0,80  antigravity
00:47:04     1000      7244    158,00      0,00 1461351324  337648   2,08  antigravity
00:47:04     1000      7258      3,00      0,00 1461347760  125764   0,77  antigravity
00:47:04     1000      7260      3,40      0,00 1461367100  164132   1,01  antigravity
00:47:04     1000      8356      5,00      0,00 1459530528  100972   0,62  antigravity
00:47:04     1000      9291     14,40      0,00 55435272  374420   2,31  chrome
00:47:04     1000      9342      2,20      0,00 55467700  213584   1,32  chrome
00:47:04     1000      9345      2,40      0,00 54976356  135940   0,84  chrome
00:47:04     1000      9359      0,60      0,00 55015792   62536   0,39  chrome
00:47:04     1000      9519      0,00      0,00 1518554232  354112   2,18  chrome
00:47:04     1000     76014      0,20      0,00 1518513820  345296   2,13  chrome
00:47:04     1000     76063      0,40      0,00 55006444   86720   0,53  chrome
00:47:04     1000    106549     42,60      0,00 6095324  226368   1,39  java
00:47:04        0    106831     92,80      0,00   37548    7188   0,04  (udev-worker)
00:47:04        0    106845     36,40      0,00   37548    6784   0,04  (udev-worker)
00:47:04        0    106847     27,00      0,00   37548    6784   0,04  (udev-worker)
00:47:04        0    106848     26,20      0,00   37548    6784   0,04  (udev-worker)
00:47:04        0    106849     26,80      0,00   37548    6784   0,04  (udev-worker)
00:47:04        0    106850     27,00      0,00   37548    6784   0,04  (udev-worker)
00:47:04        0    106851     27,00      0,00   37548    6784   0,04  (udev-worker)
00:47:04        0    106852     27,00      0,00   37548    6784   0,04  (udev-worker)
00:47:04        0    106853     27,40      0,00   37548    6784   0,04  (udev-worker)
00:47:04        0    106854     26,20      0,00   37548    6784   0,04  (udev-worker)
00:47:04        0    106855     27,80      0,00   37548    6784   0,04  (udev-worker)
00:47:04        0    106856     27,60      0,00   37548    6784   0,04  (udev-worker)
00:47:04        0    106857     27,60      0,00   37548    6784   0,04  (udev-worker)
00:47:04        0    106858     28,00      0,00   37548    6784   0,04  (udev-worker)
00:47:04        0    106860     27,60      0,00   37548    6784   0,04  (udev-worker)
00:47:04        0    106861     27,80      0,00   37548    6784   0,04  (udev-worker)

00:46:59      UID       PID   kB_rd/s   kB_wr/s kB_ccwr/s iodelay  Command
00:47:04     1000      9359      0,00      0,80      0,00       0  chrome
00:47:04     1000    106517      0,00      0,92      0,00       0  pidstat
00:47:04     1000    106549      0,00      3,24      0,00       0  java

00:47:04      UID       PID    %usr %system  %guest   %wait    %CPU   CPU  Command
00:47:09      115       933    0,20    0,00    0,00    0,00    0,20     1  prometheus
00:47:09        0      1383    0,20    0,00    0,00    0,00    0,20     7  glances
00:47:09        0      1391    0,00    0,20    0,00    0,00    0,20     1  tailscaled
00:47:09        0      1423    0,40    0,20    0,00    0,00    0,60     2  containerd
00:47:09        0      2310    0,40    0,00    0,00    0,00    0,40     4  dockerd
00:47:09      117      2312    0,40    0,40    0,00    0,00    0,80     3  grafana
00:47:09        0      2932    0,40    0,20    0,00    0,00    0,60     4  mount.ntfs-3g
00:47:09      999      3130    0,20    0,20    0,00    0,00    0,40     2  redis-server
00:47:09     1000      4708    0,60    0,60    0,00    0,00    1,20     2  gnome-shell
00:47:09     1000      6317    0,20    0,20    0,00    0,00    0,40     5  antigravity
00:47:09     1000      6339    0,80    0,00    0,00    0,00    0,80     1  gnome-terminal-
00:47:09     1000      6820    0,60    0,40    0,00    0,00    1,00     2  antigravity
00:47:09     1000      7059    1,20    1,80    0,00    0,20    3,00     0  language_server
00:47:09     1000      7229    0,00    0,40    0,00    0,00    0,40     6  antigravity
00:47:09     1000      7244    1,40    0,20    0,00    0,00    1,60     7  antigravity
00:47:09     1000      7260    0,60    0,20    0,00    0,00    0,80     0  antigravity
00:47:09     1000      8267    2,20    0,80    0,00    0,00    3,00     7  language_server
00:47:09     1000      8356    0,20    0,00    0,00    0,00    0,20     5  antigravity
00:47:09     1000      9291    0,20    0,00    0,00   15,80    0,20     2  chrome
00:47:09     1000      9519    0,20    0,00    0,00    0,00    0,20     4  chrome
00:47:09     1000     91682    0,20    0,00    0,00    0,00    0,20     3  ssh
00:47:09        0     99362    0,00    0,20    0,00    0,00    0,20     7  kworker/u32:5-kvfree_rcu_reclaim
00:47:09     1000    106517    0,20    0,40    0,00    0,00    0,60     6  pidstat
00:47:09     1000    106549    5,40    0,40    0,00    0,00    5,80     3  java

00:47:04      UID       PID  minflt/s  majflt/s     VSZ     RSS   %MEM  Command
00:47:09        0       408      1,40      0,00   37544   10908   0,07  systemd-udevd
00:47:09      115       933     20,40      0,00 2711492  114236   0,70  prometheus
00:47:09        0      1391      0,40      0,00 1421316   97524   0,60  tailscaled
00:47:09        0      1423      1,60      0,00 2463900   71176   0,44  containerd
00:47:09        0      2975     13,60      0,00 1235352   14048   0,09  containerd-shim
00:47:09        0      2976     12,00      0,00 1235608   14456   0,09  containerd-shim
00:47:09        0      2977     12,60      0,00 1235352   14940   0,09  containerd-shim
00:47:09        0      2981     12,00      0,00 1235608   14392   0,09  containerd-shim
00:47:09        0      2982     11,00      0,00 1235608   15084   0,09  containerd-shim
00:47:09     1000      4708      0,80      0,00 5454468  346528   2,13  gnome-shell
00:47:09     1000      6317     32,80      0,00 1461668528  314884   1,94  antigravity
00:47:09     1000      6757      0,60      0,00 34350204  169848   1,05  antigravity
00:47:09     1000      6771      0,60      0,00 33903964   81164   0,50  antigravity
00:47:09     1000      6820    113,00      0,00 1461417264  660792   4,07  antigravity
00:47:09     1000      6924      0,20      0,00 1459611392  180056   1,11  antigravity
00:47:09     1000      7161      0,20      0,00 33951332   64332   0,40  antigravity
00:47:09     1000      7229    139,80      0,00 1461383544  129576   0,80  antigravity
00:47:09     1000      7244    105,60      0,00 1461351324  339052   2,09  antigravity
00:47:09     1000      7258      5,60      0,00 1461347760  125764   0,77  antigravity
00:47:09     1000      7260      4,00      0,00 1461367100  164132   1,01  antigravity
00:47:09     1000      8356      5,20      0,00 1459530528  100972   0,62  antigravity
00:47:09     1000      9291     11,00      0,00 55435272  374420   2,31  chrome
00:47:09     1000      9342      4,40      0,00 55467700  213584   1,32  chrome
00:47:09     1000      9345      3,60      0,00 54976356  135940   0,84  chrome
00:47:09     1000      9359      1,20      0,00 55015792   62536   0,39  chrome
00:47:09     1000     76014      0,60      0,00 1518513820  345424   2,13  chrome
00:47:09     1000     76063      0,20      0,00 55006444   86720   0,53  chrome
00:47:09     1000    106517      7,40      0,00    6316    5272   0,03  pidstat
00:47:09     1000    106549     55,80      0,00 6095324  227648   1,40  java

00:47:04      UID       PID   kB_rd/s   kB_wr/s kB_ccwr/s iodelay  Command
00:47:09     1000      9291      0,00      1,60      0,00       0  chrome
00:47:09     1000    106517      0,00      1,67      0,00       0  pidstat
00:47:09     1000    106549      0,00      3,18      0,00       0  java

00:47:09      UID       PID    %usr %system  %guest   %wait    %CPU   CPU  Command
00:47:14      115       933    0,20    0,00    0,00    0,00    0,20     1  prometheus
00:47:14        0      1423    0,20    0,00    0,00    0,00    0,20     2  containerd
00:47:14        0      2310    0,20    0,40    0,00    0,00    0,60     4  dockerd
00:47:14      117      2312    0,40    0,40    0,00    0,00    0,80     3  grafana
00:47:14        0      2932    0,20    0,20    0,00    0,00    0,40     4  mount.ntfs-3g
00:47:14        0      2975    0,20    0,00    0,00    0,00    0,20     7  containerd-shim
00:47:14        0      2976    0,00    0,20    0,00    0,00    0,20     6  containerd-shim
00:47:14        0      2981    0,00    0,20    0,00    0,00    0,20     0  containerd-shim
00:47:14        0      2982    0,20    0,00    0,00    0,00    0,20     1  containerd-shim
00:47:14      999      3130    0,40    0,00    0,00    0,00    0,40     1  redis-server
00:47:14     1000      4708    1,00    0,20    0,00    0,00    1,20     4  gnome-shell
00:47:14     1000      6339    0,40    0,00    0,00    0,00    0,40     1  gnome-terminal-
00:47:14     1000      6820    0,80    0,20    0,00    0,00    1,00     5  antigravity
00:47:14     1000      7059    1,60    1,60    0,00    0,00    3,20     7  language_server
00:47:14     1000      7229    0,40    0,00    0,00    0,00    0,40     5  antigravity
00:47:14     1000      7244    1,40    0,40    0,00    0,00    1,80     0  antigravity
00:47:14     1000      7260    0,40    0,20    0,00    0,00    0,60     0  antigravity
00:47:14     1000      8267    2,00    0,80    0,00    0,00    2,80     7  language_server
00:47:14     1000      9390    0,00    0,20    0,00    0,20    0,20     3  chrome
00:47:14     1000      9519    0,20    0,00    0,00    0,00    0,20     7  chrome
00:47:14     1000     76014    0,00    0,20    0,00    0,00    0,20     5  chrome
00:47:14     1000    106517    0,20    0,00    0,00    0,00    0,20     6  pidstat
00:47:14     1000    106549    6,00    0,40    0,00    0,00    6,40     3  java

00:47:09      UID       PID  minflt/s  majflt/s     VSZ     RSS   %MEM  Command
00:47:14        0      1423      4,20      0,00 2463900   71176   0,44  containerd
00:47:14      114      1526      3,80      0,00  218252   29568   0,18  postgres
00:47:14        0      2975     10,60      0,00 1235352   14304   0,09  containerd-shim
00:47:14        0      2976     11,60      0,00 1235608   14712   0,09  containerd-shim
00:47:14        0      2977     12,00      0,00 1235352   15068   0,09  containerd-shim
00:47:14        0      2981     11,80      0,00 1235608   14648   0,09  containerd-shim
00:47:14        0      2982      7,20      0,00 1235608   15212   0,09  containerd-shim
00:47:14     1000      4708      7,00      0,00 5454468  346400   2,13  gnome-shell
00:47:14     1000      6317     32,80      0,00 1461668528  315396   1,94  antigravity
00:47:14     1000      6757      4,00      0,00 34350204  169976   1,05  antigravity
00:47:14     1000      6771      0,60      0,00 33903964   81164   0,50  antigravity
00:47:14     1000      6820    132,40      0,00 1461417264  662840   4,08  antigravity
00:47:14     1000      7161      0,20      0,00 33951332   64332   0,40  antigravity
00:47:14     1000      7229     12,20      0,00 1461383544  129576   0,80  antigravity
00:47:14     1000      7244    103,20      0,00 1461351324  340716   2,10  antigravity
00:47:14     1000      7258      3,40      0,00 1461347760  125764   0,77  antigravity
00:47:14     1000      7260      5,60      0,00 1461367100  164132   1,01  antigravity
00:47:14     1000      8356      5,20      0,00 1459530528  100972   0,62  antigravity
00:47:14     1000      9291      7,20      0,00 55435272  374420   2,31  chrome
00:47:14     1000      9342      2,20      0,00 55467700  213584   1,32  chrome
00:47:14     1000      9345     11,00      0,00 54976356  135940   0,84  chrome
00:47:14     1000      9359      0,60      0,00 55015792   62536   0,39  chrome
00:47:14     1000     76014      0,60      0,00 1518513820  345424   2,13  chrome
00:47:14     1000     76063      0,20      0,00 55006444   86720   0,53  chrome
00:47:14     1000     99008      6,60      0,00    7664    3936   0,02  bash
00:47:14     1000    106549     41,00      0,00 6095324  232600   1,43  java
00:47:14     1000    106974     23,80      0,00    5660    2076   0,01  sleep

00:47:09      UID       PID   kB_rd/s   kB_wr/s kB_ccwr/s iodelay  Command
00:47:14     1000      9291      0,00      0,80      0,00       0  chrome
00:47:14     1000      9345      0,00     36,00      0,00       0  chrome
00:47:14     1000    106517      0,00      0,97      0,00       0  pidstat
00:47:14     1000    106549      0,00      1,68      0,00       0  java

00:47:14      UID       PID    %usr %system  %guest   %wait    %CPU   CPU  Command
00:47:19        0         1    0,20    0,00    0,00    0,00    0,20     4  systemd
00:47:19        0       317    0,00    0,20    0,00    0,00    0,20     7  jbd2/sda6-8
00:47:19      990       903    0,80    0,00    0,00    0,00    0,80     0  dbus-daemon
00:47:19      115       930    1,20    0,40    0,00    0,00    1,60     3  prometheus-node
00:47:19      115       933    0,20    0,00    0,00    0,00    0,20     1  prometheus
00:47:19        0      1383    0,20    0,00    0,00    0,00    0,20     7  glances
00:47:19        0      1391    0,20    0,00    0,00    0,00    0,20     1  tailscaled
00:47:19        0      1423    0,40    0,20    0,00    0,00    0,60     2  containerd
00:47:19        0      2310    0,40    0,20    0,00    0,00    0,60     4  dockerd
00:47:19      117      2312    0,60    0,40    0,00    0,00    1,00     3  grafana
00:47:19        0      2932    0,40    0,20    0,00    0,00    0,60     1  mount.ntfs-3g
00:47:19        0      2975    0,00    0,20    0,00    0,00    0,20     7  containerd-shim
00:47:19        0      2976    0,20    0,00    0,00    0,00    0,20     6  containerd-shim
00:47:19        0      2977    0,00    0,20    0,00    0,00    0,20     7  containerd-shim
00:47:19        0      2981    0,20    0,00    0,00    0,00    0,20     0  containerd-shim
00:47:19      999      3130    0,40    0,00    0,00    0,00    0,40     2  redis-server
00:47:19     1000      4708    1,20    0,20    0,00    0,00    1,40     4  gnome-shell
00:47:19     1000      6317    0,20    0,20    0,00    0,00    0,40     1  antigravity
00:47:19     1000      6339    1,00    0,00    0,00    0,00    1,00     6  gnome-terminal-
00:47:19     1000      6757    0,20    0,20    0,00    0,00    0,40     1  antigravity
00:47:19     1000      6820    1,40    0,20    0,00    0,00    1,60     0  antigravity
00:47:19     1000      7059    2,20    1,20    0,00    0,00    3,40     4  language_server
00:47:19     1000      7229    0,00    0,40    0,00    0,00    0,40     5  antigravity
00:47:19     1000      7244    1,80    0,40    0,00    0,00    2,20     2  antigravity
00:47:19     1000      7260    0,60    0,00    0,00    0,00    0,60     3  antigravity
00:47:19     1000      8267    1,40    1,40    0,00    0,00    2,80     7  language_server
00:47:19     1000      9291    0,20    0,00    0,00    0,00    0,20     6  chrome
00:47:19     1000     76025    0,20    0,00    0,00    0,00    0,20     1  chrome
00:47:19        0     97806    0,00    0,20    0,00    0,00    0,20     6  kworker/6:2-events
00:47:19     1000    106517    0,20    0,20    0,00    0,00    0,40     3  pidstat
00:47:19     1000    106549    5,20    0,20    0,00    0,00    5,40     3  java

00:47:14      UID       PID  minflt/s  majflt/s     VSZ     RSS   %MEM  Command
00:47:19      115       930     86,20      0,00 1762312   25560   0,16  prometheus-node
00:47:19        0      1423     11,20      0,00 2463900   70060   0,43  containerd
00:47:19        0      2975      2,80      0,00 1235352   14304   0,09  containerd-shim
00:47:19        0      2977      6,80      0,00 1235352   15196   0,09  containerd-shim
00:47:19        0      2981     11,80      0,00 1235608   14904   0,09  containerd-shim
00:47:19        0      2982      1,20      0,00 1235608   15212   0,09  containerd-shim
00:47:19     1000      4708      0,80      0,00 5454468  346400   2,13  gnome-shell
00:47:19     1000      6317     35,60      0,00 1461668528  314872   1,94  antigravity
00:47:19     1000      6757     10,80      0,00 34359860  169976   1,05  antigravity
00:47:19     1000      6771      1,20      0,00 33903964   81164   0,50  antigravity
00:47:19     1000      6820    293,60      0,00 1461417264  667140   4,11  antigravity
00:47:19     1000      7161      0,20      0,00 33951332   64332   0,40  antigravity
00:47:19     1000      7229     92,60      0,00 1461383544  129576   0,80  antigravity
00:47:19     1000      7244    324,20      0,00 1461351324  339652   2,09  antigravity
00:47:19     1000      7258      2,60      0,00 1461347760  125764   0,77  antigravity
00:47:19     1000      7260     20,20      0,00 1461367100  164260   1,01  antigravity
00:47:19     1000      8356      5,40      0,00 1459530528  100972   0,62  antigravity
00:47:19     1000      9291      7,40      0,00 55435272  374420   2,31  chrome
00:47:19     1000      9342      2,20      0,00 55467700  213584   1,32  chrome
00:47:19     1000      9345      4,20      0,00 54976356  135940   0,84  chrome
00:47:19     1000      9359      0,60      0,00 55015792   62536   0,39  chrome
00:47:19     1000     76063      0,20      0,00 55006444   86720   0,53  chrome
00:47:19     1000    106549     39,80      0,00 6097380  233240   1,44  java

00:47:14      UID       PID   kB_rd/s   kB_wr/s kB_ccwr/s iodelay  Command
00:47:19     1000      7244      0,00      0,80      0,00       0  antigravity
00:47:19     1000      9291      0,00      1,60      0,00       0  chrome
00:47:19     1000    106517      0,00      0,94      0,00       0  pidstat
00:47:19     1000    106549      0,00      3,10      0,00       0  java

00:47:19      UID       PID    %usr %system  %guest   %wait    %CPU   CPU  Command
00:47:24        0        32    0,00    0,20    0,00    0,00    0,20     2  migration/2
00:47:24        0        86    0,00    0,20    0,00    0,00    0,20     1  irq/9-acpi
00:47:24        0      1383    0,20    0,00    0,00    0,00    0,20     7  glances
00:47:24        0      1423    0,20    0,40    0,00    0,00    0,60     2  containerd
00:47:24        0      2310    0,40    0,00    0,00    0,00    0,40     4  dockerd
00:47:24      117      2312    0,80    0,00    0,00    0,00    0,80     3  grafana
00:47:24        0      2932    0,20    0,40    0,00    0,00    0,60     5  mount.ntfs-3g
00:47:24        0      2976    0,00    0,20    0,00    0,00    0,20     6  containerd-shim
00:47:24        0      2982    0,20    0,00    0,00    0,00    0,20     1  containerd-shim
00:47:24      999      3130    0,40    0,00    0,00    0,00    0,40     3  redis-server
00:47:24      117      3601    0,20    0,00    0,00    0,00    0,20     7  gpx_grafana_ela
00:47:24     1000      4708    1,00    0,20    0,00    0,00    1,20     4  gnome-shell
00:47:24     1000      6317    0,20    0,00    0,00    0,00    0,20     1  antigravity
00:47:24     1000      6339    0,80    0,00    0,00    0,00    0,80     6  gnome-terminal-
00:47:24     1000      6757    0,20    0,00    0,00    0,00    0,20     1  antigravity
00:47:24     1000      6820   12,80    0,40    0,00    0,00   13,20     0  antigravity
00:47:24     1000      7059    1,80    1,40    0,00    0,00    3,20     2  language_server
00:47:24     1000      7229    0,20    0,00    0,00    0,00    0,20     4  antigravity
00:47:24     1000      7244    1,40    0,40    0,00    0,00    1,80     4  antigravity
00:47:24     1000      7260    0,20    0,20    0,00    0,00    0,40     0  antigravity
00:47:24     1000      8267    2,00    0,80    0,00    0,00    2,80     7  language_server
00:47:24     1000      8356    0,20    0,00    0,00    0,00    0,20     5  antigravity
00:47:24     1000      9291    0,20    0,20    0,00    0,00    0,40     6  chrome
00:47:24     1000      9519    0,20    0,00    0,00    0,00    0,20     3  chrome
00:47:24     1000     91682    0,20    0,00    0,00    0,00    0,20     7  ssh
00:47:24     1000     98039    0,00    0,20    0,00    0,00    0,20     2  antigravity
00:47:24        0    100626    0,00    0,20    0,00    0,00    0,20     2  kworker/2:1-events_power_efficient
00:47:24     1000    106517    0,20    0,40    0,00    0,00    0,60     3  pidstat
00:47:24     1000    106549    4,20    0,60    0,00    0,00    4,80     3  java

00:47:19      UID       PID  minflt/s  majflt/s     VSZ     RSS   %MEM  Command
00:47:24        0      1423      6,00      0,00 2463900   70060   0,43  containerd
00:47:24        0      2975      2,20      0,00 1235352   14304   0,09  containerd-shim
00:47:24        0      2976      6,20      0,00 1235608   14712   0,09  containerd-shim
00:47:24        0      2977      5,20      0,00 1235352   15324   0,09  containerd-shim
00:47:24        0      2981     13,00      0,00 1235608   14636   0,09  containerd-shim
00:47:24        0      2982      6,00      0,00 1235608   15340   0,09  containerd-shim
00:47:24       70      3117      4,40      0,00  174540   25424   0,16  postgres
00:47:24     1000      4708      6,20      0,00 5454532  346400   2,13  gnome-shell
00:47:24     1000      6317     34,00      0,00 1461668528  314852   1,94  antigravity
00:47:24     1000      6757      7,00      0,00 34359756  169848   1,05  antigravity
00:47:24     1000      6771      0,60      0,00 33903964   81164   0,50  antigravity
00:47:24     1000      6820    252,00      0,00 1461417264  656068   4,04  antigravity
00:47:24     1000      7161      0,40      0,00 33951332   64332   0,40  antigravity
00:47:24     1000      7229      9,00      0,00 1461383544  129576   0,80  antigravity
00:47:24     1000      7244    287,40      0,00 1461351324  339636   2,09  antigravity
00:47:24     1000      7258      2,80      0,00 1461347760  125764   0,77  antigravity
00:47:24     1000      7260     18,60      0,00 1461367100  164388   1,01  antigravity
00:47:24     1000      8356      5,20      0,00 1459530528  100972   0,62  antigravity
00:47:24     1000      9291     21,80      0,00 55435272  374548   2,31  chrome
00:47:24     1000      9342      2,20      0,00 55467700  213584   1,32  chrome
00:47:24     1000      9345      3,60      0,00 54976356  135940   0,84  chrome
00:47:24     1000      9359      0,60      0,00 55015792   62536   0,39  chrome
00:47:24     1000      9519      0,00      0,00 1518554232  352488   2,17  chrome
00:47:24     1000     76014      0,60      0,00 1518513820  345424   2,13  chrome
00:47:24     1000     76063      0,40      0,00 55006444   86720   0,53  chrome
00:47:24     1000    106549     13,40      0,00 6097380  233496   1,44  java

00:47:19      UID       PID   kB_rd/s   kB_wr/s kB_ccwr/s iodelay  Command
00:47:24     1000      9291      0,00      8,00      0,00       0  chrome
00:47:24     1000    106517      0,00      1,01      0,00       0  pidstat
00:47:24     1000    106549      0,00      4,56      0,00       0  java

00:47:24      UID       PID    %usr %system  %guest   %wait    %CPU   CPU  Command
00:47:29        0        17    0,00    0,20    0,00    0,00    0,20     5  rcu_preempt
00:47:29      115       933    0,20    0,00    0,00    0,00    0,20     1  prometheus
00:47:29        0      1391    0,00    0,20    0,00    0,00    0,20     1  tailscaled
00:47:29        0      1423    0,20    0,00    0,00    0,00    0,20     2  containerd
00:47:29        0      2310    0,40    0,00    0,00    0,00    0,40     4  dockerd
00:47:29      117      2312    0,40    0,60    0,00    0,00    1,00     3  grafana
00:47:29        0      2932    0,40    0,20    0,00    0,00    0,60     0  mount.ntfs-3g
00:47:29        0      2975    0,20    0,00    0,00    0,00    0,20     7  containerd-shim
00:47:29        0      2977    0,20    0,20    0,00    0,00    0,40     7  containerd-shim
00:47:29        0      2981    0,00    0,20    0,00    0,00    0,20     0  containerd-shim
00:47:29      999      3130    0,40    0,00    0,00    0,00    0,40     3  redis-server
00:47:29     1000      4708    0,60    0,60    0,00    0,00    1,20     2  gnome-shell
00:47:29     1000      6317    0,00    0,20    0,00    0,00    0,20     2  antigravity
00:47:29     1000      6339    0,60    0,00    0,00    0,00    0,60     1  gnome-terminal-
00:47:29     1000      6820    1,00    0,40    0,00    0,00    1,40     7  antigravity
00:47:29     1000      7059    1,60    1,60    0,00    0,00    3,20     6  language_server
00:47:29     1000      7229    0,20    0,20    0,00    0,00    0,40     2  antigravity
00:47:29     1000      7244    1,40    0,60    0,00    0,00    2,00     0  antigravity
00:47:29     1000      7260    0,60    0,00    0,00    0,00    0,60     3  antigravity
00:47:29     1000      8267    1,80    1,00    0,00    0,00    2,80     7  language_server
00:47:29     1000      9519    0,20    0,00    0,00    0,00    0,20     7  chrome
00:47:29     1000     91682    0,00    0,20    0,00    0,00    0,20     7  ssh
00:47:29        0     97469    0,00    0,20    0,00    0,00    0,20     5  kworker/5:2-events
00:47:29     1000     98039    0,20    0,00    0,00    0,00    0,20     5  antigravity
00:47:29     1000    106517    0,20    0,40    0,00    0,00    0,60     3  pidstat
00:47:29     1000    106549    9,40    0,40    0,00    0,00    9,80     3  java
00:47:29     1000    107017    0,40    0,20    0,00    0,00    0,60     1  gnome-screensho

00:47:24      UID       PID  minflt/s  majflt/s     VSZ     RSS   %MEM  Command
00:47:29      115       933      9,20      0,00 2711492  114236   0,70  prometheus
00:47:29        0      1423      1,00      0,00 2463900   70060   0,43  containerd
00:47:29        0      2975      0,20      0,00 1235352   13844   0,09  containerd-shim
00:47:29        0      2976      3,00      0,00 1235608   14060   0,09  containerd-shim
00:47:29        0      2977      2,00      0,00 1235352   14812   0,09  containerd-shim
00:47:29        0      2981      2,80      0,00 1235608   14148   0,09  containerd-shim
00:47:29        0      2982      1,60      0,00 1235608   14740   0,09  containerd-shim
00:47:29     1000      4708      1,60      0,00 5455044  346400   2,13  gnome-shell
00:47:29     1000      6317     35,00      0,00 1461668528  314764   1,94  antigravity
00:47:29     1000      6757     23,40      0,00 34359756  170104   1,05  antigravity
00:47:29     1000      6771      0,60      0,00 33903964   81164   0,50  antigravity
00:47:29     1000      6820    136,00      0,00 1461417264  658372   4,06  antigravity
00:47:29     1000      7161      0,20      0,00 33951332   64332   0,40  antigravity
00:47:29     1000      7229      2,60      0,00 1461383544  129576   0,80  antigravity
00:47:29     1000      7244    312,20      0,00 1461351324  339212   2,09  antigravity
00:47:29     1000      7258      5,80      0,00 1461347760  125764   0,77  antigravity
00:47:29     1000      7260     19,00      0,00 1461367100  164164   1,01  antigravity
00:47:29     1000      8356      5,40      0,00 1459530528  100972   0,62  antigravity
00:47:29     1000      9291      7,20      0,00 55435272  374548   2,31  chrome
00:47:29     1000      9342      4,40      0,00 55467700  213584   1,32  chrome
00:47:29     1000      9345      3,60      0,00 54976356  135940   0,84  chrome
00:47:29     1000      9359      1,20      0,00 55015792   62536   0,39  chrome
00:47:29     1000     76014      0,40      0,00 1518513820  345424   2,13  chrome
00:47:29     1000     76063      0,20      0,00 55006444   86720   0,53  chrome
00:47:29     1000     99008      6,20      0,00    7664    3936   0,02  bash
00:47:29     1000    106549    287,20      0,00 6097380  239384   1,47  java
00:47:29     1000    107017    273,40      0,00  408256   19312   0,12  gnome-screensho

00:47:24      UID       PID   kB_rd/s   kB_wr/s kB_ccwr/s iodelay  Command
00:47:29     1000    106517      0,00      1,01      0,00       0  pidstat
00:47:29     1000    106549      0,00      1,52      0,00       0  java

00:47:29      UID       PID    %usr %system  %guest   %wait    %CPU   CPU  Command
00:47:34        0         1    0,20    0,00    0,00    0,00    0,20     4  systemd
00:47:34        0       120    0,00    0,20    0,00    0,00    0,20     6  kworker/u33:0-i915_flip
00:47:34      990       903    0,40    0,20    0,00    0,00    0,60     6  dbus-daemon
00:47:34      115       930    1,20    0,40    0,00    0,00    1,60     3  prometheus-node
00:47:34      115       933    0,20    0,00    0,00    0,00    0,20     1  prometheus
00:47:34        0      1383    0,20    0,00    0,00    0,00    0,20     7  glances
00:47:34        0      1391    0,20    0,00    0,00    0,00    0,20     1  tailscaled
00:47:34        0      1423    0,40    0,00    0,00    0,00    0,40     2  containerd
00:47:34        0      2310    0,40    0,20    0,00    0,00    0,60     4  dockerd
00:47:34      117      2312    0,60    0,40    0,00    0,00    1,00     3  grafana
00:47:34        0      2932    0,80    0,20    0,00    0,00    1,00     0  mount.ntfs-3g
00:47:34        0      2981    0,20    0,00    0,00    0,00    0,20     0  containerd-shim
00:47:34        0      2982    0,00    0,20    0,00    0,00    0,20     1  containerd-shim
00:47:34      999      3130    0,40    0,00    0,00    0,00    0,40     3  redis-server
00:47:34     1000      4569    0,20    0,00    0,00    0,00    0,20     2  dbus-daemon
00:47:34     1000      4570    0,20    0,40    0,00    0,00    0,60     2  pipewire
00:47:34     1000      4573    0,40    0,00    0,00    0,00    0,40     0  wireplumber
00:47:34     1000      4574    0,40    0,00    0,00    0,00    0,40     3  pipewire-pulse
00:47:34     1000      4708    5,80    1,40    0,00    0,00    7,20     7  gnome-shell
00:47:34     1000      5549    0,20    0,00    0,00    0,00    0,20     6  xdg-desktop-por
00:47:34     1000      6317    0,40    0,40    0,00    0,00    0,80     6  antigravity
00:47:34     1000      6339    0,60    0,00    0,00    0,00    0,60     1  gnome-terminal-
00:47:34     1000      6757    1,00    0,20    0,00    0,00    1,20     4  antigravity
00:47:34     1000      6820    3,80    0,20    0,00    0,00    4,00     7  antigravity
00:47:34     1000      7059    1,60    1,20    0,00    0,00    2,80     6  language_server
00:47:34     1000      7229    0,20    0,20    0,00    0,00    0,40     6  antigravity
00:47:34     1000      7244    1,60    0,40    0,00    0,00    2,00     1  antigravity
00:47:34     1000      7260    0,80    0,20    0,00    0,00    1,00     3  antigravity
00:47:34     1000      8267    0,60    2,00    0,00    0,00    2,60     7  language_server
00:47:34     1000      8356    0,20    0,00    0,00    0,00    0,20     5  antigravity
00:47:34     1000      9291    0,20    0,20    0,00    0,00    0,40     3  chrome
00:47:34     1000      9500    0,00    0,20    0,00    0,00    0,20     7  chrome
00:47:34     1000      9519    0,00    0,20    0,00    0,00    0,20     5  chrome
00:47:34        0     97806    0,00    0,20    0,00    0,20    0,20     6  kworker/6:2-i915-unordered
00:47:34     1000    106517    0,20    0,20    0,00    0,00    0,40     7  pidstat
00:47:34     1000    106549    5,80    0,40    0,00    0,00    6,20     3  java

00:47:29      UID       PID  minflt/s  majflt/s     VSZ     RSS   %MEM  Command
00:47:34      115       930     87,00      0,00 1762312   25352   0,16  prometheus-node
00:47:34      115       933     32,40      0,00 2711492  114876   0,71  prometheus
00:47:34        0      1423      4,60      0,00 2463900   70060   0,43  containerd
00:47:34        0      2975      3,60      0,00 1235352   13972   0,09  containerd-shim
00:47:34        0      2976     15,60      0,00 1235608   14316   0,09  containerd-shim
00:47:34        0      2977     11,40      0,00 1235352   15068   0,09  containerd-shim
00:47:34        0      2981     10,40      0,00 1235608   14148   0,09  containerd-shim
00:47:34        0      2982     12,80      0,00 1235608   14740   0,09  containerd-shim
00:47:34     1000      4570     37,40      0,00  105040   14484   0,09  pipewire
00:47:34     1000      4574     38,00      0,00  110852   15760   0,10  pipewire-pulse
00:47:34     1000      4708     14,00      0,00 5454596  346400   2,13  gnome-shell
00:47:34     1000      5504      0,20      0,00  778332   19920   0,12  xdg-desktop-por
00:47:34     1000      6317     34,00      0,00 1461668528  315276   1,94  antigravity
00:47:34     1000      6757     45,40      0,00 34367052  170496   1,05  antigravity
00:47:34     1000      6771      0,60      0,00 33903964   81164   0,50  antigravity
00:47:34     1000      6820    332,40      0,00 1461417264  662148   4,08  antigravity
00:47:34     1000      7161      0,20      0,00 33951332   64332   0,40  antigravity
00:47:34     1000      7229    127,00      0,00 1461383544  129576   0,80  antigravity
00:47:34     1000      7244    296,00      0,00 1461351324  339212   2,09  antigravity
00:47:34     1000      7258      3,00      0,00 1461347760  125764   0,77  antigravity
00:47:34     1000      7260     18,20      0,00 1461367100  164252   1,01  antigravity
00:47:34     1000      8356      5,20      0,00 1459530528  100972   0,62  antigravity
00:47:34     1000      9291      7,60      0,00 55435272  374548   2,31  chrome
00:47:34     1000      9342      2,20      0,00 55467700  213584   1,32  chrome
00:47:34     1000      9345      7,60      0,00 54976356  135940   0,84  chrome
00:47:34     1000      9359      0,60      0,00 55015792   62536   0,39  chrome
00:47:34     1000     76014      0,40      0,00 1518513820  345424   2,13  chrome
00:47:34     1000     76063      0,20      0,00 55006444   86720   0,53  chrome
00:47:34     1000     99008      0,60      0,00    7664    3936   0,02  bash
00:47:34     1000    106549     81,00      0,00 6097380  235732   1,45  java

00:47:29      UID       PID   kB_rd/s   kB_wr/s kB_ccwr/s iodelay  Command
00:47:34     1000      4573      0,00      0,80      0,00       0  wireplumber
00:47:34     1000      4708      0,00     76,00      0,00       0  gnome-shell
00:47:34     1000      7244      0,00      0,80      0,00       0  antigravity
00:47:34     1000      9291      0,00      1,60      0,00       0  chrome
00:47:34     1000     99008      0,00    180,84     76,00       0  bash
00:47:34     1000    106517      0,00      0,98      0,00       0  pidstat
00:47:34     1000    106549      0,00      3,10      0,00       0  java

00:47:34      UID       PID    %usr %system  %guest   %wait    %CPU   CPU  Command
00:47:39      115       933    0,00    0,20    0,00    0,00    0,20     1  prometheus
00:47:39        0      1383    0,20    0,00    0,00    0,00    0,20     7  glances
00:47:39        0      1391    0,20    0,20    0,00    0,00    0,40     1  tailscaled
00:47:39        0      1423    0,00    0,40    0,00    0,00    0,40     2  containerd
00:47:39      111      1503    0,20    0,00    0,00    0,00    0,20     7  mariadbd
00:47:39        0      2310    0,20    0,20    0,00    0,00    0,40     4  dockerd
00:47:39      117      2312    0,80    0,20    0,00    0,00    1,00     3  grafana
00:47:39        0      2932    0,20    0,40    0,00    0,00    0,60     2  mount.ntfs-3g
00:47:39        0      2975    0,20    0,00    0,00    0,00    0,20     7  containerd-shim
00:47:39        0      2976    0,00    0,20    0,00    0,00    0,20     6  containerd-shim
00:47:39        0      2977    0,20    0,00    0,00    0,00    0,20     7  containerd-shim
00:47:39      999      3130    0,40    0,20    0,00    0,00    0,60     4  redis-server
00:47:39     1000      4708    0,60    0,60    0,00    0,00    1,20     7  gnome-shell
00:47:39     1000      6317    0,20    0,00    0,00    0,00    0,20     5  antigravity
00:47:39     1000      6339    0,80    0,00    0,00    0,00    0,80     1  gnome-terminal-
00:47:39     1000      6757    0,20    0,20    0,00    0,00    0,40     0  antigravity
00:47:39     1000      6820    1,20    0,40    0,00    0,00    1,60     6  antigravity
00:47:39     1000      6924    0,20    0,00    0,00    0,00    0,20     7  antigravity
00:47:39     1000      7059    1,40    1,60    0,00    0,20    3,00     1  language_server
00:47:39     1000      7229    0,40    0,20    0,00    0,00    0,60     7  antigravity
00:47:39     1000      7244    1,60    0,60    0,00    0,00    2,20     2  antigravity
00:47:39     1000      7260    0,60    0,00    0,00    0,00    0,60     3  antigravity
00:47:39     1000      8267    1,80    1,20    0,00    0,00    3,00     7  language_server
00:47:39     1000      8356    0,20    0,00    0,00    0,00    0,20     6  antigravity
00:47:39     1000      9291    0,20    0,00    0,00    0,00    0,20     3  chrome
00:47:39     1000      9519    0,20    0,00    0,00    0,00    0,20     5  chrome
00:47:39     1000     76014    0,20    0,00    0,00    0,00    0,20     5  chrome
00:47:39     1000     76063    0,00    0,20    0,00    0,00    0,20     7  chrome
00:47:39        0     99362    0,00    0,20    0,00    0,00    0,20     1  kworker/u32:5-events_unbound
00:47:39     1000    106517    0,20    0,20    0,00    0,00    0,40     6  pidstat
00:47:39     1000    106549    1,80    0,60    0,00    0,00    2,40     3  java

00:47:34      UID       PID  minflt/s  majflt/s     VSZ     RSS   %MEM  Command
00:47:39        0      1391      0,00      0,00 1421316   95960   0,59  tailscaled
00:47:39        0      1423      5,00      0,00 2463900   70060   0,43  containerd
00:47:39        0      2975     11,00      0,00 1235352   13972   0,09  containerd-shim
00:47:39        0      2976     11,80      0,00 1235608   14316   0,09  containerd-shim
00:47:39        0      2977     11,80      0,00 1235352   15196   0,09  containerd-shim
00:47:39        0      2981     11,40      0,00 1235608   14404   0,09  containerd-shim
00:47:39        0      2982     11,40      0,00 1235608   14996   0,09  containerd-shim
00:47:39     1000      4570      0,00      0,00  104092   14484   0,09  pipewire
00:47:39     1000      4708      0,80      0,00 5454596  346400   2,13  gnome-shell
00:47:39     1000      6317     35,00      0,00 1461668528  314884   1,94  antigravity
00:47:39     1000      6757      8,60      0,00 34367180  170244   1,05  antigravity
00:47:39     1000      6771      1,20      0,00 33903964   81164   0,50  antigravity
00:47:39     1000      6820    136,80      0,00 1461417264  664364   4,09  antigravity
00:47:39     1000      6924      0,80      0,00 1459611392  180056   1,11  antigravity
00:47:39     1000      7161      0,20      0,00 33951332   64332   0,40  antigravity
00:47:39     1000      7229    103,40      0,00 1461383544  129576   0,80  antigravity
00:47:39     1000      7244    307,40      0,00 1461351324  339416   2,09  antigravity
00:47:39     1000      7258      2,80      0,00 1461347760  125764   0,77  antigravity
00:47:39     1000      7260     21,60      0,00 1461367100  164508   1,01  antigravity
00:47:39     1000      8356      5,40      0,00 1459530528  100972   0,62  antigravity
00:47:39     1000      9291     10,80      0,00 55435272  374548   2,31  chrome
00:47:39     1000      9342      2,20      0,00 55467700  213584   1,32  chrome
00:47:39     1000      9345      4,60      0,00 54976356  135940   0,84  chrome
00:47:39     1000      9359      0,60      0,00 55015792   62536   0,39  chrome
00:47:39     1000     76014      0,80      0,00 1518513820  345424   2,13  chrome
00:47:39     1000     76063      0,20      0,00 55006444   86720   0,53  chrome
00:47:39     1000    106549      4,80      0,00 6097380  235732   1,45  java

00:47:34      UID       PID   kB_rd/s   kB_wr/s kB_ccwr/s iodelay  Command
00:47:39     1000    106517      0,00      1,26      0,00       0  pidstat
00:47:39     1000    106549      0,00      3,05      0,00       0  java

00:47:39      UID       PID    %usr %system  %guest   %wait    %CPU   CPU  Command
00:47:44        0      1423    0,20    0,20    0,00    0,00    0,40     2  containerd
00:47:44        0      2310    0,00    0,60    0,00    0,00    0,60     4  dockerd
00:47:44      117      2312    0,40    0,40    0,00    0,00    0,80     3  grafana
00:47:44        0      2932    0,60    0,20    0,00    0,00    0,80     0  mount.ntfs-3g
00:47:44        0      2976    0,20    0,00    0,00    0,00    0,20     6  containerd-shim
00:47:44        0      2982    0,00    0,20    0,00    0,00    0,20     1  containerd-shim
00:47:44      999      3130    0,40    0,00    0,00    0,00    0,40     3  redis-server
00:47:44     1000      4708    1,00    0,40    0,00    0,00    1,40     7  gnome-shell
00:47:44     1000      6317    0,40    0,00    0,00    0,00    0,40     5  antigravity
00:47:44     1000      6339    0,80    0,20    0,00    0,00    1,00     4  gnome-terminal-
00:47:44     1000      6820    1,20    0,20    0,00    0,00    1,40     0  antigravity
00:47:44     1000      7059    1,60    1,40    0,00    0,00    3,00     0  language_server
00:47:44     1000      7229    0,00    0,20    0,00    0,00    0,20     7  antigravity
00:47:44     1000      7244    1,20    0,60    0,00    0,00    1,80     5  antigravity
00:47:44     1000      7260    0,60    0,00    0,00    0,00    0,60     3  antigravity
00:47:44     1000      8267    1,80    1,20    0,00    0,00    3,00     7  language_server
00:47:44     1000      8356    0,00    0,20    0,00    0,00    0,20     7  antigravity
00:47:44     1000      9291    0,20    0,00    0,00    0,00    0,20     2  chrome
00:47:44     1000      9345    0,20    0,00    0,00    0,00    0,20     5  chrome
00:47:44     1000      9359    0,20    0,00    0,00    0,00    0,20     1  chrome
00:47:44     1000      9519    0,40    0,20    0,00    0,00    0,60     6  chrome
00:47:44     1000     76025    0,00    0,20    0,00    0,00    0,20     6  chrome
00:47:44     1000     91682    0,20    0,00    0,00    0,00    0,20     3  ssh
00:47:44        0    103256    0,00    0,20    0,00    0,00    0,20     6  kworker/u32:4-kvfree_rcu_reclaim
00:47:44     1000    106517    0,20    0,20    0,00    0,00    0,40     6  pidstat
00:47:44     1000    106549    2,00    1,20    0,00    0,00    3,20     3  java

00:47:39      UID       PID  minflt/s  majflt/s     VSZ     RSS   %MEM  Command
00:47:44        0      1423      2,80      0,00 2463900   70060   0,43  containerd
00:47:44        0      2975     11,00      0,00 1235352   14100   0,09  containerd-shim
00:47:44        0      2976      6,80      0,00 1235608   14444   0,09  containerd-shim
00:47:44        0      2977     11,00      0,00 1235352   15196   0,09  containerd-shim
00:47:44        0      2981      8,40      0,00 1235608   14532   0,09  containerd-shim
00:47:44        0      2982      6,60      0,00 1235608   15124   0,09  containerd-shim
00:47:44     1000      4708      6,40      0,00 5454532  346528   2,13  gnome-shell
00:47:44     1000      6317     37,40      0,00 1461668528  314872   1,94  antigravity
00:47:44     1000      6757      6,20      0,00 34359884  170244   1,05  antigravity
00:47:44     1000      6771      0,60      0,00 33903964   81164   0,50  antigravity
00:47:44     1000      6820    137,60      0,00 1461417264  666636   4,11  antigravity
00:47:44     1000      7161      0,40      0,00 33951332   64332   0,40  antigravity
00:47:44     1000      7229      6,00      0,00 1461383544  129576   0,80  antigravity
00:47:44     1000      7244    239,20      0,00 1461351324  339664   2,09  antigravity
00:47:44     1000      7258      2,80      0,00 1461347760  125764   0,77  antigravity
00:47:44     1000      7260     18,40      0,00 1461367100  164484   1,01  antigravity
00:47:44     1000      8267      0,20      0,00 4901536  357112   2,20  language_server
00:47:44     1000      8356      5,20      0,00 1459530528  100972   0,62  antigravity
00:47:44     1000      9291     16,60      0,00 55435272  374420   2,31  chrome
00:47:44     1000      9342      2,20      0,00 55467700  213584   1,32  chrome
00:47:44     1000      9345      5,40      0,00 54976356  135940   0,84  chrome
00:47:44     1000      9359      0,60      0,00 55015792   62536   0,39  chrome
00:47:44     1000      9519    356,80      0,00 1518554232  363660   2,24  chrome
00:47:44     1000     76014      0,20      0,00 1518513820  345424   2,13  chrome
00:47:44     1000     76063      0,40      0,00 55006444   86720   0,53  chrome
00:47:44     1000    106549      4,00      0,00 6097380  240124   1,48  java

00:47:39      UID       PID   kB_rd/s   kB_wr/s kB_ccwr/s iodelay  Command
00:47:44     1000      9291      0,00      6,40      0,00       0  chrome
00:47:44     1000    106517      0,00      1,05      0,00       0  pidstat
00:47:44     1000    106549      0,00      3,06      0,00       0  java

00:47:44      UID       PID    %usr %system  %guest   %wait    %CPU   CPU  Command
00:47:49        0         1    0,00    0,20    0,00    0,00    0,20     6  systemd
00:47:49        0        86    0,00    0,20    0,00    0,00    0,20     1  irq/9-acpi
00:47:49      990       903    0,60    0,00    0,00    0,00    0,60     0  dbus-daemon
00:47:49      115       930    1,20    0,40    0,00    0,00    1,60     3  prometheus-node
00:47:49      115       933    0,20    0,00    0,00    0,00    0,20     1  prometheus
00:47:49        0      1383    0,20    0,00    0,00    0,00    0,20     7  glances
00:47:49        0      1423    0,60    0,00    0,00    0,00    0,60     2  containerd
00:47:49        0      2310    0,40    0,00    0,00    0,00    0,40     4  dockerd
00:47:49      117      2312    0,60    0,20    0,00    0,00    0,80     3  grafana
00:47:49        0      2932    0,60    0,00    0,00    0,00    0,60     6  mount.ntfs-3g
00:47:49        0      2975    0,00    0,20    0,00    0,00    0,20     7  containerd-shim
00:47:49        0      2977    0,00    0,20    0,00    0,00    0,20     7  containerd-shim
00:47:49        0      2981    0,20    0,00    0,00    0,00    0,20     0  containerd-shim
00:47:49        0      2982    0,20    0,00    0,00    0,00    0,20     1  containerd-shim
00:47:49      999      3130    0,40    0,00    0,00    0,00    0,40     3  redis-server
00:47:49     1000      4708    0,80    0,20    0,00    0,20    1,00     2  gnome-shell
00:47:49     1000      5107    0,00    0,20    0,00    0,00    0,20     4  anydesk
00:47:49     1000      6317    0,00    0,20    0,00    0,20    0,20     2  antigravity
00:47:49     1000      6339    0,60    0,00    0,00    0,00    0,60     4  gnome-terminal-
00:47:49     1000      6757    0,20    0,00    0,00    0,00    0,20     4  antigravity
00:47:49     1000      6820   12,80    0,40    0,00    0,00   13,20     1  antigravity
00:47:49     1000      7059    0,80    2,40    0,00    0,00    3,20     1  language_server
00:47:49     1000      7229    0,20    0,20    0,00    0,00    0,40     7  antigravity
00:47:49     1000      7244    1,60    0,60    0,00    0,00    2,20     4  antigravity
00:47:49     1000      7258    0,20    0,00    0,00    0,00    0,20     1  antigravity
00:47:49     1000      7260    0,40    0,20    0,00    0,00    0,60     3  antigravity
00:47:49     1000      8267    2,00    0,80    0,00    0,00    2,80     7  language_server
00:47:49     1000      9291    0,00    0,20    0,00    0,00    0,20     3  chrome
00:47:49        0     97806    0,00    0,20    0,00    0,00    0,20     6  kworker/6:2-i915-unordered
00:47:49        0    103884    0,00    0,20    0,00    0,00    0,20     4  kworker/4:1-events
00:47:49     1000    106517    0,20    0,40    0,00    0,00    0,60     3  pidstat
00:47:49     1000    106549    6,00    0,80    0,00    0,00    6,80     3  java

00:47:44      UID       PID  minflt/s  majflt/s     VSZ     RSS   %MEM  Command
00:47:49      115       930     86,80      0,00 1762312   25412   0,16  prometheus-node
00:47:49        0      1423      0,20      0,00 2463900   70060   0,43  containerd
00:47:49        0      2975     11,60      0,00 1235352   14228   0,09  containerd-shim
00:47:49        0      2976      1,20      0,00 1235608   14444   0,09  containerd-shim
00:47:49        0      2977      6,60      0,00 1235352   15452   0,10  containerd-shim
00:47:49        0      2981      0,40      0,00 1235608   14532   0,09  containerd-shim
00:47:49        0      2982      0,80      0,00 1235608   15124   0,09  containerd-shim
00:47:49     1000      4708      0,80      0,00 5454532  346528   2,13  gnome-shell
00:47:49     1000      6317     32,60      0,00 1461668528  314884   1,94  antigravity
00:47:49     1000      6757     23,80      0,00 34359756  170500   1,05  antigravity
00:47:49     1000      6771      0,60      0,00 33903964   81164   0,50  antigravity
00:47:49     1000      6820    280,80      0,00 1461417264  656136   4,04  antigravity
00:47:49     1000      7161      0,20      0,00 33951332   64332   0,40  antigravity
00:47:49     1000      7229      9,00      0,00 1461383544  129576   0,80  antigravity
00:47:49     1000      7244    349,20      0,00 1461351324  339296   2,09  antigravity
00:47:49     1000      7258      6,00      0,00 1461347760  125764   0,77  antigravity
00:47:49     1000      7260     19,00      0,00 1461367100  164168   1,01  antigravity
00:47:49     1000      8356      5,40      0,00 1459530528  100972   0,62  antigravity
00:47:49     1000      9291      7,80      0,00 55435272  374420   2,31  chrome
00:47:49     1000      9342      4,40      0,00 55467700  213584   1,32  chrome
00:47:49     1000      9345      4,00      0,00 54976356  135940   0,84  chrome
00:47:49     1000      9359      1,20      0,00 55015792   62536   0,39  chrome
00:47:49     1000     76014      0,40      0,00 1518513820  345424   2,13  chrome
00:47:49     1000     76063      0,20      0,00 55006444   86720   0,53  chrome
00:47:49     1000    106549    344,00      0,00 6097380  247036   1,52  java

00:47:44      UID       PID   kB_rd/s   kB_wr/s kB_ccwr/s iodelay  Command
00:47:49     1000      9291      0,00      2,40      0,00       0  chrome
00:47:49     1000    106517      0,00      0,96      0,00       0  pidstat
00:47:49     1000    106549      0,00      4,59      0,00       0  java

00:47:49      UID       PID    %usr %system  %guest   %wait    %CPU   CPU  Command
00:47:54      115       933    0,20    0,00    0,00    0,00    0,20     1  prometheus
00:47:54        0      1383    0,20    0,00    0,00    0,00    0,20     7  glances
00:47:54        0      1423    0,20    0,20    0,00    0,00    0,40     2  containerd
00:47:54        0      2310    0,40    0,00    0,00    0,00    0,40     4  dockerd
00:47:54      117      2312    0,60    0,60    0,00    0,00    1,20     3  grafana
00:47:54        0      2932    0,40    0,40    0,00    0,00    0,80     0  mount.ntfs-3g
00:47:54        0      2981    0,00    0,20    0,00    0,00    0,20     0  containerd-shim
00:47:54      999      3130    0,20    0,20    0,00    0,00    0,40     3  redis-server
00:47:54     1000      4708    1,00    0,60    0,00    0,00    1,60     2  gnome-shell
00:47:54     1000      6317    0,20    0,00    0,00    0,00    0,20     1  antigravity
00:47:54     1000      6339    0,80    0,00    0,00    0,00    0,80     4  gnome-terminal-
00:47:54     1000      6757    0,20    0,00    0,00    0,00    0,20     4  antigravity
00:47:54     1000      6820    1,40    0,20    0,00    0,00    1,60     7  antigravity
00:47:54     1000      7059    1,60    1,60    0,00    0,00    3,20     5  language_server
00:47:54     1000      7229    0,20    0,00    0,00    0,00    0,20     1  antigravity
00:47:54     1000      7244   13,40    1,00    0,00    0,00   14,40     6  antigravity
00:47:54     1000      7260    0,60    0,00    0,00    0,00    0,60     6  antigravity
00:47:54     1000      8267    3,00    0,00    0,00    0,00    3,00     7  language_server
00:47:54     1000      9291    0,20    0,00    0,00    0,20    0,20     4  chrome
00:47:54     1000      9390    0,20    0,00    0,00    0,00    0,20     7  chrome
00:47:54     1000      9519    0,20    0,00    0,00    0,00    0,20     3  chrome
00:47:54     1000     91682    0,20    0,00    0,00    0,00    0,20     4  ssh
00:47:54        0     97830    0,20    0,00    0,00    0,00    0,20     7  kworker/7:0-events
00:47:54     1000     98039    0,20    0,00    0,00    0,00    0,20     2  antigravity
00:47:54        0    100626    0,00    0,20    0,00    0,00    0,20     2  kworker/2:1-mm_percpu_wq
00:47:54        0    104925    0,20    0,00    0,00    0,00    0,20     1  kworker/1:2-events
00:47:54     1000    106517    0,40    0,00    0,00    0,00    0,40     3  pidstat
00:47:54     1000    106549    1,80    0,20    0,00    0,00    2,00     3  java

00:47:49      UID       PID  minflt/s  majflt/s     VSZ     RSS   %MEM  Command
00:47:54        0      2975      9,60      0,00 1235352   14484   0,09  containerd-shim
00:47:54        0      2976      0,40      0,00 1235608   14444   0,09  containerd-shim
00:47:54        0      2977      0,80      0,00 1235352   15452   0,10  containerd-shim
00:47:54        0      2981      3,40      0,00 1235608   14660   0,09  containerd-shim
00:47:54        0      2982      1,60      0,00 1235608   15252   0,09  containerd-shim
00:47:54     1000      4708      6,80      0,00 5454532  346528   2,13  gnome-shell
00:47:54     1000      6317     32,80      0,00 1461668528  315396   1,94  antigravity
00:47:54     1000      6757      9,00      0,00 34359884  170500   1,05  antigravity
00:47:54     1000      6771      0,60      0,00 33903964   81164   0,50  antigravity
00:47:54     1000      6820    138,00      0,00 1461417264  656316   4,04  antigravity
00:47:54     1000      7161      0,20      0,00 33951332   64332   0,40  antigravity
00:47:54     1000      7229      2,80      0,00 1461383544  129576   0,80  antigravity
00:47:54     1000      7244   3403,00      0,00 1461351324  384364   2,37  antigravity
00:47:54     1000      7258      2,60      0,00 1461347760  125764   0,77  antigravity
00:47:54     1000      7260     20,00      0,00 1461367100  164292   1,01  antigravity
00:47:54     1000      8356      5,00      0,00 1459530528  100972   0,62  antigravity
00:47:54     1000      9291     11,60      0,00 55435272  374420   2,31  chrome
00:47:54     1000      9342      2,20      0,00 55467700  213584   1,32  chrome
00:47:54     1000      9345      8,00      0,00 54976356  135812   0,84  chrome
00:47:54     1000      9359      0,60      0,00 55015792   62536   0,39  chrome
00:47:54     1000     76014      0,40      0,00 1518513820  345424   2,13  chrome
00:47:54     1000     76063      0,20      0,00 55006444   86720   0,53  chrome
00:47:54     1000    106549      4,60      0,00 6097380  242388   1,49  java

00:47:49      UID       PID   kB_rd/s   kB_wr/s kB_ccwr/s iodelay  Command
00:47:54     1000      7244      0,00      0,80      0,00       0  antigravity
00:47:54     1000      9291      0,00      3,20      0,00       0  chrome
00:47:54     1000    106517      0,00      1,05      0,00       0  pidstat
00:47:54     1000    106549      0,00      1,53      0,00       0  java

00:47:54      UID       PID    %usr %system  %guest   %wait    %CPU   CPU  Command
00:47:59        0        17    0,00    0,20    0,00    0,00    0,20     3  rcu_preempt
00:47:59        0      1383    0,20    0,00    0,00    0,00    0,20     7  glances
00:47:59        0      1391    0,00    0,20    0,00    0,00    0,20     1  tailscaled
00:47:59        0      1423    0,20    0,20    0,00    0,00    0,40     2  containerd
00:47:59        0      2310    0,40    0,40    0,00    0,00    0,80     4  dockerd
00:47:59      117      2312    0,40    0,20    0,00    0,00    0,60     3  grafana
00:47:59        0      2932    0,40    0,40    0,00    0,00    0,80     7  mount.ntfs-3g
00:47:59        0      2975    0,20    0,20    0,00    0,00    0,40     7  containerd-shim
00:47:59        0      2976    0,20    0,00    0,00    0,00    0,20     6  containerd-shim
00:47:59        0      2977    0,00    0,20    0,00    0,00    0,20     7  containerd-shim
00:47:59      999      3130    0,40    0,00    0,00    0,00    0,40     3  redis-server
00:47:59     1000      4708    0,80    0,00    0,00    0,00    0,80     7  gnome-shell
00:47:59     1000      6317    0,20    0,20    0,00    0,00    0,40     1  antigravity
00:47:59     1000      6339    0,80    0,00    0,00    0,00    0,80     1  gnome-terminal-
00:47:59     1000      6757    0,20    0,00    0,00    0,00    0,20     5  antigravity
00:47:59     1000      6820    1,20    0,20    0,00    0,00    1,40     3  antigravity
00:47:59     1000      7059    1,80    1,00    0,00    0,00    2,80     4  language_server
00:47:59     1000      7229    0,20    0,00    0,00    0,00    0,20     1  antigravity
00:47:59     1000      7244    1,40    0,60    0,00    0,00    2,00     1  antigravity
00:47:59     1000      7260    0,40    0,20    0,00    0,00    0,60     7  antigravity
00:47:59     1000      8267    3,80    0,40    0,00    0,00    4,20     7  language_server
00:47:59     1000      8356    0,20    0,00    0,00    0,00    0,20     7  antigravity
00:47:59     1000      9291    0,00    0,20    0,00    0,00    0,20     3  chrome
00:47:59     1000      9345    0,00    0,20    0,00    0,00    0,20     5  chrome
00:47:59     1000      9519    0,20    0,00    0,00    0,00    0,20     5  chrome
00:47:59        0     95637    0,00    0,20    0,00    0,00    0,20     3  kworker/3:0-events
00:47:59     1000    106517    0,20    0,20    0,00    0,00    0,40     6  pidstat
00:47:59     1000    106549    2,20    0,40    0,00    0,00    2,60     3  java

00:47:54      UID       PID  minflt/s  majflt/s     VSZ     RSS   %MEM  Command
00:47:59        0      2310      1,40      0,00 3498856  111800   0,69  dockerd
00:47:59        0      2975      5,40      0,00 1235352   13348   0,08  containerd-shim
00:47:59        0      2976     13,80      0,00 1235608   14288   0,09  containerd-shim
00:47:59        0      2977      5,20      0,00 1235352   14568   0,09  containerd-shim
00:47:59        0      2981      5,00      0,00 1235608   14016   0,09  containerd-shim
00:47:59        0      2982      8,80      0,00 1235608   14568   0,09  containerd-shim
00:47:59     1000      4708      0,60      0,00 5454468  346528   2,13  gnome-shell
00:47:59     1000      6317     35,00      0,00 1461668528  314960   1,94  antigravity
00:47:59     1000      6757      6,60      0,00 34359628  170052   1,05  antigravity
00:47:59     1000      6771      1,20      0,00 33903964   81164   0,50  antigravity
00:47:59     1000      6820    154,00      0,00 1461417264  658876   4,06  antigravity
00:47:59     1000      7161      0,20      0,00 33951332   64332   0,40  antigravity
00:47:59     1000      7229      2,20      0,00 1461383544  129576   0,80  antigravity
00:47:59     1000      7244    199,20      0,00 1461351324  384492   2,37  antigravity
00:47:59     1000      7258      3,00      0,00 1461347760  125764   0,77  antigravity
00:47:59     1000      7260     21,60      0,00 1461367100  164420   1,01  antigravity
00:47:59     1000      8356      5,40      0,00 1459530528  100972   0,62  antigravity
00:47:59     1000      9291      7,20      0,00 55435272  374276   2,31  chrome
00:47:59     1000      9342      2,20      0,00 55467700  213584   1,32  chrome
00:47:59     1000      9345      4,60      0,00 54976356  135812   0,84  chrome
00:47:59     1000      9359      0,60      0,00 55015792   62536   0,39  chrome
00:47:59     1000     76014      0,60      0,00 1518513820  345424   2,13  chrome
00:47:59     1000     76063      0,20      0,00 55006444   86720   0,53  chrome
00:47:59     1000    106549      2,20      0,00 6097380  242516   1,49  java

00:47:54      UID       PID   kB_rd/s   kB_wr/s kB_ccwr/s iodelay  Command
00:47:59     1000    106517      0,00      0,96      0,00       0  pidstat
00:47:59     1000    106549      0,00      3,06      0,00       0  java

00:47:59      UID       PID    %usr %system  %guest   %wait    %CPU   CPU  Command
00:48:04        0         1    0,20    0,40    0,00    0,00    0,60     3  systemd
00:48:04        0        86    0,00    0,20    0,00    0,00    0,20     1  irq/9-acpi
00:48:04        0       408    0,00    0,20    0,00    0,20    0,20     5  systemd-udevd
00:48:04      990       903    0,80    0,20    0,00    0,00    1,00     1  dbus-daemon
00:48:04      986       924    0,20    0,00    0,00    0,00    0,20     6  polkitd
00:48:04      115       930    0,80    0,60    0,00    0,00    1,40     2  prometheus-node
00:48:04      115       933    0,40    0,00    0,00    0,00    0,40     1  prometheus
00:48:04        0       942    0,20    0,00    0,00    0,00    0,20     5  systemd-logind
00:48:04        0      1391    0,00    0,20    0,00    0,00    0,20     1  tailscaled
00:48:04        0      1411    0,00    0,20    0,00    0,00    0,20     7  anydesk
00:48:04        0      1423    0,80    0,00    0,00    0,00    0,80     2  containerd
00:48:04        0      2310    0,60    0,40    0,00    0,00    1,00     4  dockerd
00:48:04      117      2312    1,20    0,20    0,00    0,00    1,40     3  grafana
00:48:04        0      2932    0,20    0,20    0,00    0,00    0,40     1  mount.ntfs-3g
00:48:04        0      2977    0,20    0,00    0,00    0,00    0,20     7  containerd-shim
00:48:04        0      2982    0,20    0,20    0,00    0,00    0,40     1  containerd-shim
00:48:04      999      3130    0,40    0,20    0,00    0,00    0,60     0  redis-server
00:48:04     1000      4549    0,20    0,20    0,00    0,00    0,40     5  systemd
00:48:04     1000      4708    1,20    0,80    0,00    0,00    2,00     0  gnome-shell
00:48:04     1000      6317    0,20    0,20    0,00    0,00    0,40     4  antigravity
00:48:04     1000      6339    0,80    0,00    0,00    0,00    0,80     4  gnome-terminal-
00:48:04     1000      6757    0,20    0,20    0,00    0,00    0,40     2  antigravity
00:48:04     1000      6820    1,20    0,20    0,00    0,00    1,40     5  antigravity
00:48:04     1000      7059    2,00    1,20    0,00    0,00    3,20     5  language_server
00:48:04     1000      7229    0,20    0,20    0,00    0,00    0,40     0  antigravity
00:48:04     1000      7244    1,20    0,60    0,00    0,00    1,80     7  antigravity
00:48:04     1000      7260    0,60    0,00    0,00    0,00    0,60     7  antigravity
00:48:04     1000      8267    1,40    1,80    0,00    0,00    3,20     7  language_server
00:48:04     1000      9291    0,20    0,00    0,00    0,00    0,20     3  chrome
00:48:04     1000      9519    0,20    0,00    0,00    0,00    0,20     5  chrome
00:48:04     1000    106517    0,00    0,60    0,00    0,00    0,60     6  pidstat
00:48:04     1000    106549    1,60    0,20    0,00    0,00    1,80     3  java
00:48:04        0    107135    0,00    0,20    0,00    0,00    0,20     7  containerd-shim
00:48:04        0    107160    0,60    0,40    0,00    0,00    1,00     0  node

00:47:59      UID       PID  minflt/s  majflt/s     VSZ     RSS   %MEM  Command
00:48:04        0       376     27,40      0,00  188968  108820   0,67  systemd-journal
00:48:04        0       408     93,40      0,00   37544   10908   0,07  systemd-udevd
00:48:04      115       930     92,80      0,00 1762312   25700   0,16  prometheus-node
00:48:04        0      1423      0,20      0,00 2463900   70060   0,43  containerd
00:48:04      117      2312      0,00      0,00 1765420  350108   2,16  grafana
00:48:04        0      2975      8,60      0,00 1235352   13476   0,08  containerd-shim
00:48:04        0      2976     12,00      0,00 1235608   14288   0,09  containerd-shim
00:48:04        0      2977     11,60      0,00 1235352   14696   0,09  containerd-shim
00:48:04        0      2981     10,00      0,00 1235608   14016   0,09  containerd-shim
00:48:04        0      2982     10,20      0,00 1235608   14568   0,09  containerd-shim
00:48:04     1000      4708      8,80      0,00 5454468  346528   2,13  gnome-shell
00:48:04        0      5954      0,20      0,00  370300   46692   0,29  fwupd
00:48:04     1000      6317     37,60      0,00 1461668528  314752   1,94  antigravity
00:48:04     1000      6757     24,80      0,00 34359628  170564   1,05  antigravity
00:48:04     1000      6771      0,60      0,00 33903964   81164   0,50  antigravity
00:48:04     1000      6820    202,00      0,00 1461417264  661272   4,07  antigravity
00:48:04     1000      7161      0,40      0,00 33951332   64332   0,40  antigravity
00:48:04     1000      7229    132,80      0,00 1461383544  129576   0,80  antigravity
00:48:04     1000      7244    229,80      0,00 1461351324  384472   2,37  antigravity
00:48:04     1000      7258      3,80      0,00 1461347760  125764   0,77  antigravity
00:48:04     1000      7260     17,40      0,00 1461367100  164400   1,01  antigravity
00:48:04     1000      8356      5,00      0,00 1459530528  100972   0,62  antigravity
00:48:04     1000      9291     14,60      0,00 55435272  374276   2,31  chrome
00:48:04     1000      9342      2,20      0,00 55467700  213584   1,32  chrome
00:48:04     1000      9345      4,00      0,00 54976356  135812   0,84  chrome
00:48:04     1000      9359      0,60      0,00 55015792   62536   0,39  chrome
00:48:04     1000      9519      0,00      0,00 1518554232  354072   2,18  chrome
00:48:04     1000     76014      0,40      0,00 1518513820  345424   2,13  chrome
00:48:04     1000     76063      0,40      0,00 55006444   86720   0,53  chrome
00:48:04     1000    106549      2,60      0,00 6097380  242644   1,49  java
00:48:04        0    107135    185,00      0,00 1235096   11332   0,07  containerd-shim
00:48:04        0    107160    391,20      0,00  680196   32184   0,20  node
00:48:04        0    107167     54,20      0,00   37548    7188   0,04  (udev-worker)
00:48:04        0    107180     27,20      0,00   37548    6784   0,04  (udev-worker)
00:48:04        0    107182     26,20      0,00   37548    6776   0,04  (udev-worker)
00:48:04        0    107183     26,20      0,00   37548    6784   0,04  (udev-worker)
00:48:04        0    107184     26,40      0,00   37548    6760   0,04  (udev-worker)
00:48:04        0    107186     26,00      0,00   37548    6784   0,04  (udev-worker)
00:48:04        0    107187     26,60      0,00   37548    6784   0,04  (udev-worker)
00:48:04        0    107188     26,40      0,00   37548    6784   0,04  (udev-worker)
00:48:04        0    107190     26,60      0,00   37548    6784   0,04  (udev-worker)
00:48:04        0    107191     26,80      0,00   37548    6784   0,04  (udev-worker)
00:48:04        0    107192     25,60      0,00   37548    6784   0,04  (udev-worker)
00:48:04        0    107193     26,20      0,00   37548    6784   0,04  (udev-worker)
00:48:04        0    107194     25,60      0,00   37548    6784   0,04  (udev-worker)
00:48:04        0    107196     25,80      0,00   37548    6784   0,04  (udev-worker)
00:48:04        0    107197     26,20      0,00   37548    6784   0,04  (udev-worker)
00:48:04        0    107198     26,00      0,00   37548    6784   0,04  (udev-worker)
00:48:04        0    107207     57,60      0,00 1746980    6256   0,04  docker-proxy
00:48:04        0    107214     56,60      0,00 1672992    6228   0,04  docker-proxy

00:47:59      UID       PID   kB_rd/s   kB_wr/s kB_ccwr/s iodelay  Command
00:48:04     1000    106517      0,00      0,95      0,00       0  pidstat
00:48:04     1000    106549      0,00      3,12      0,00       0  java

00:48:04      UID       PID    %usr %system  %guest   %wait    %CPU   CPU  Command
00:48:09        0         1    0,20    0,00    0,00    0,00    0,20     3  systemd
00:48:09        0        39    0,00    0,20    0,00    0,00    0,20     3  ksoftirqd/3
00:48:09        0       120    0,00    0,20    0,00    0,00    0,20     0  kworker/u33:0-i915_flip
00:48:09        0       376    0,20    0,00    0,00    0,00    0,20     6  systemd-journal
00:48:09      990       903    0,20    0,00    0,00    0,00    0,20     0  dbus-daemon
00:48:09        0       943    0,20    0,00    0,00    0,00    0,20     0  udisksd
00:48:09        0      1079    0,20    0,00    0,00    0,00    0,20     3  NetworkManager
00:48:09        0      1383    0,20    0,20    0,00    0,00    0,40     7  glances
00:48:09        0      1391    0,20    0,20    0,00    0,00    0,40     1  tailscaled
00:48:09        0      1423    0,40    0,40    0,00    0,00    0,80     2  containerd
00:48:09        0      2309    0,20    0,00    0,00    0,00    0,20     4  cups-browsed
00:48:09        0      2310    0,60    0,40    0,00    0,00    1,00     4  dockerd
00:48:09      117      2312    0,80    0,20    0,00    0,00    1,00     3  grafana
00:48:09        0      2932    0,40    0,60    0,00    0,00    1,00     5  mount.ntfs-3g
00:48:09        0      2976    0,20    0,20    0,00    0,00    0,40     6  containerd-shim
00:48:09        0      2981    0,20    0,20    0,00    0,00    0,40     0  containerd-shim
00:48:09      999      3130    0,40    0,00    0,00    0,00    0,40     4  redis-server
00:48:09     1000      4708    0,80    0,40    0,00    0,00    1,20     1  gnome-shell
00:48:09     1000      5021    0,20    0,00    0,00    0,00    0,20     5  gsd-housekeepin
00:48:09     1000      5043    0,20    0,00    0,00    0,00    0,20     1  gnome-software
00:48:09     1000      5050    0,20    0,00    0,00    0,00    0,20     3  gsd-rfkill
00:48:09     1000      5055    0,20    0,00    0,00    0,00    0,20     6  gsd-sharing
00:48:09     1000      5331    0,20    0,00    0,00    0,00    0,20     6  goa-daemon
00:48:09     1000      5504    0,00    0,20    0,00    0,20    0,20     2  xdg-desktop-por
00:48:09     1000      5702    0,20    0,00    0,00    0,00    0,20     5  gsd-xsettings
00:48:09     1000      6317    0,20    0,20    0,00    0,00    0,40     2  antigravity
00:48:09     1000      6339    0,60    0,00    0,00    0,00    0,60     3  gnome-terminal-
00:48:09     1000      6757    0,20    0,00    0,00    0,00    0,20     5  antigravity
00:48:09     1000      6820    1,40    0,00    0,00    0,00    1,40     3  antigravity
00:48:09     1000      7059    1,60    1,40    0,00    0,00    3,00     0  language_server
00:48:09     1000      7229    0,20    0,20    0,00    0,00    0,40     2  antigravity
00:48:09     1000      7244    1,60    0,40    0,00    0,00    2,00     1  antigravity
00:48:09     1000      7260    0,80    0,00    0,00    0,00    0,80     7  antigravity
00:48:09     1000      8267    1,60    1,40    0,00    0,00    3,00     7  language_server
00:48:09     1000      8356    0,20    0,00    0,00    0,00    0,20     7  antigravity
00:48:09     1000      9291    0,20    0,20    0,00    0,00    0,40     7  chrome
00:48:09        0     99362    0,00    0,20    0,00    0,00    0,20     4  kworker/u32:5-events_unbound
00:48:09     1000    106517    0,20    0,20    0,00    0,00    0,40     6  pidstat
00:48:09     1000    106549    3,80    0,20    0,00    0,00    4,00     3  java

00:48:04      UID       PID  minflt/s  majflt/s     VSZ     RSS   %MEM  Command
00:48:09        0       376     19,20      0,00  188968  108820   0,67  systemd-journal
00:48:09        0       408      1,80      0,00   37544   10908   0,07  systemd-udevd
00:48:09        0      1423     17,60      0,00 2463900   70316   0,43  containerd
00:48:09        0      2975     11,60      0,00 1235352   13604   0,08  containerd-shim
00:48:09        0      2976     11,40      0,00 1235608   14416   0,09  containerd-shim
00:48:09        0      2977     10,20      0,00 1235352   14824   0,09  containerd-shim
00:48:09        0      2981      9,60      0,00 1235608   14400   0,09  containerd-shim
00:48:09        0      2982      9,80      0,00 1235608   14824   0,09  containerd-shim
00:48:09     1000      4708      1,60      0,00 5454468  346528   2,13  gnome-shell
00:48:09        0      5954      0,20      0,00  370300   46692   0,29  fwupd
00:48:09     1000      6317     32,60      0,00 1461668528  314692   1,94  antigravity
00:48:09     1000      6757      4,80      0,00 34359372  170436   1,05  antigravity
00:48:09     1000      6771      0,60      0,00 33903964   81164   0,50  antigravity
00:48:09     1000      6820    141,80      0,00 1461417264  663960   4,09  antigravity
00:48:09     1000      7161      0,20      0,00 33951332   64332   0,40  antigravity
00:48:09     1000      7229    104,20      0,00 1461383544  129704   0,80  antigravity
00:48:09     1000      7244    226,00      0,00 1461351324  384460   2,37  antigravity
00:48:09     1000      7258      5,20      0,00 1461347760  125764   0,77  antigravity
00:48:09     1000      7260     20,20      0,00 1461367100  164120   1,01  antigravity
00:48:09     1000      8356      5,00      0,00 1459530528  100972   0,62  antigravity
00:48:09     1000      9291     11,20      0,00 55435272  374404   2,31  chrome
00:48:09     1000      9342      4,40      0,00 55467700  213584   1,32  chrome
00:48:09     1000      9345      4,00      0,00 54976356  135812   0,84  chrome
00:48:09     1000      9359      1,20      0,00 55015792   62536   0,39  chrome
00:48:09     1000     76014      0,40      0,00 1518513820  345424   2,13  chrome
00:48:09     1000     76063      0,20      0,00 55006444   86720   0,53  chrome
00:48:09     1000    106517      0,80      0,00    6316    5272   0,03  pidstat
00:48:09     1000    106549      2,60      0,00 6097380  242644   1,49  java

00:48:04      UID       PID   kB_rd/s   kB_wr/s kB_ccwr/s iodelay  Command
00:48:09     1000      7244      0,00      0,80      0,00       0  antigravity
00:48:09     1000      9291      0,00      1,60      0,00       0  chrome
00:48:09     1000    106517      0,00      1,48      0,00       0  pidstat
00:48:09     1000    106549      0,00      4,59      0,00       0  java

00:48:09      UID       PID    %usr %system  %guest   %wait    %CPU   CPU  Command
00:48:14      115       933    0,20    0,00    0,00    0,00    0,20     1  prometheus
00:48:14        0      1391    0,00    0,20    0,00    0,00    0,20     1  tailscaled
00:48:14        0      1423    0,40    0,00    0,00    0,00    0,40     2  containerd
00:48:14        0      2310    0,20    0,20    0,00    0,00    0,40     4  dockerd
00:48:14      117      2312    1,80    0,20    0,00    0,00    2,00     3  grafana
00:48:14        0      2932    0,20    0,60    0,00    0,00    0,80     0  mount.ntfs-3g
00:48:14        0      2975    0,20    0,00    0,00    0,00    0,20     7  containerd-shim
00:48:14        0      2977    0,00    0,20    0,00    0,00    0,20     7  containerd-shim
00:48:14      999      3130    0,40    0,00    0,00    0,00    0,40     4  redis-server
00:48:14     1000      4708    1,00    0,20    0,00    0,00    1,20     1  gnome-shell
00:48:14     1000      6339    0,40    0,00    0,00    0,00    0,40     2  gnome-terminal-
00:48:14     1000      6820    1,00    0,40    0,00    0,00    1,40     4  antigravity
00:48:14     1000      7059    1,60    1,60    0,00    0,00    3,20     5  language_server
00:48:14     1000      7229    0,20    0,20    0,00    0,00    0,40     1  antigravity
00:48:14     1000      7244    1,40    0,40    0,00    0,00    1,80     1  antigravity
00:48:14     1000      7260    0,80    0,00    0,00    0,00    0,80     1  antigravity
00:48:14     1000      8267    1,20    2,20    0,00    0,00    3,40     7  language_server
00:48:14     1000      8356    0,00    0,20    0,00    0,00    0,20     7  antigravity
00:48:14     1000      9519    0,20    0,20    0,00    0,00    0,40     3  chrome
00:48:14        0     97806    0,00    0,20    0,00    0,00    0,20     6  kworker/6:2-mm_percpu_wq
00:48:14     1000     98039    0,20    0,00    0,00    0,00    0,20     7  antigravity
00:48:14     1000    106517    0,20    0,40    0,00    0,00    0,60     6  pidstat
00:48:14     1000    106549    2,20    0,80    0,00    0,00    3,00     3  java

00:48:09      UID       PID  minflt/s  majflt/s     VSZ     RSS   %MEM  Command
00:48:14      114      1526      3,80      0,00  218252   29568   0,18  postgres
00:48:14        0      2975      6,80      0,00 1235352   13732   0,08  containerd-shim
00:48:14        0      2976     12,00      0,00 1235608   14800   0,09  containerd-shim
00:48:14        0      2977     11,80      0,00 1235352   15208   0,09  containerd-shim
00:48:14        0      2981     15,20      0,00 1235608   14528   0,09  containerd-shim
00:48:14        0      2982      9,80      0,00 1235608   15080   0,09  containerd-shim
00:48:14     1000      4708      2,00      0,00 5454596  346528   2,13  gnome-shell
00:48:14     1000      6317     33,00      0,00 1461668528  315332   1,94  antigravity
00:48:14     1000      6757      6,80      0,00 34359372  170088   1,05  antigravity
00:48:14     1000      6771      0,60      0,00 33903964   81164   0,50  antigravity
00:48:14     1000      6820    197,20      0,00 1461417264  666028   4,10  antigravity
00:48:14     1000      7161      0,20      0,00 33951332   64332   0,40  antigravity
00:48:14     1000      7229      8,20      0,00 1461383544  129704   0,80  antigravity
00:48:14     1000      7244    222,40      0,00 1461351324  384588   2,37  antigravity
00:48:14     1000      7258      3,00      0,00 1461347760  125764   0,77  antigravity
00:48:14     1000      7260     21,00      0,00 1461367100  164120   1,01  antigravity
00:48:14     1000      8356      5,40      0,00 1459530528  100972   0,62  antigravity
00:48:14     1000      9291      7,40      0,00 55435272  374404   2,31  chrome
00:48:14     1000      9342      2,20      0,00 55467700  213584   1,32  chrome
00:48:14     1000      9345      8,40      0,00 54976356  135812   0,84  chrome
00:48:14     1000      9359      0,60      0,00 55015792   62536   0,39  chrome
00:48:14     1000     76014      0,40      0,00 1518513820  345424   2,13  chrome
00:48:14     1000     76063      0,20      0,00 55006444   86720   0,53  chrome
00:48:14     1000    106517      1,40      0,00    6316    5272   0,03  pidstat
00:48:14     1000    106549      9,40      0,00 6097380  250324   1,54  java

00:48:09      UID       PID   kB_rd/s   kB_wr/s kB_ccwr/s iodelay  Command
00:48:14     1000      9291      0,00      0,80      0,00       0  chrome
00:48:14     1000      9345      0,00      6,40      0,00       0  chrome
00:48:14     1000    106517      0,00      1,24      0,00       0  pidstat
00:48:14     1000    106549      0,00      1,72      0,00       0  java

Rata-rata:    UID       PID    %usr %system  %guest   %wait    %CPU   CPU  Command
Rata-rata:      0         1    0,08    0,04    0,00    0,00    0,12     -  systemd
Rata-rata:      0        16    0,00    0,01    0,00    0,00    0,01     -  ksoftirqd/0
Rata-rata:      0        17    0,00    0,03    0,00    0,02    0,03     -  rcu_preempt
Rata-rata:      0        27    0,00    0,01    0,00    0,00    0,01     -  ksoftirqd/1
Rata-rata:      0        32    0,00    0,01    0,00    0,00    0,01     -  migration/2
Rata-rata:      0        33    0,01    0,00    0,00    0,00    0,01     -  ksoftirqd/2
Rata-rata:      0        39    0,00    0,01    0,00    0,01    0,01     -  ksoftirqd/3
Rata-rata:      0        80    0,00    0,01    0,00    0,00    0,01     -  kcompactd0
Rata-rata:      0        86    0,00    0,05    0,00    0,00    0,05     -  irq/9-acpi
Rata-rata:      0       120    0,00    0,03    0,00    0,00    0,03     -  kworker/u33:0-i915_flip
Rata-rata:      0       317    0,00    0,01    0,00    0,00    0,01     -  jbd2/sda6-8
Rata-rata:      0       376    0,01    0,00    0,00    0,00    0,01     -  systemd-journal
Rata-rata:      0       408    0,01    0,02    0,00    0,03    0,03     -  systemd-udevd
Rata-rata:    990       903    0,24    0,03    0,00    0,01    0,26     -  dbus-daemon
Rata-rata:    986       924    0,01    0,01    0,00    0,00    0,02     -  polkitd
Rata-rata:    115       930    0,34    0,15    0,00    0,00    0,48     -  prometheus-node
Rata-rata:    115       933    0,15    0,02    0,00    0,00    0,17     -  prometheus
Rata-rata:      0       942    0,01    0,00    0,00    0,00    0,01     -  systemd-logind
Rata-rata:      0       943    0,01    0,00    0,00    0,00    0,01     -  udisksd
Rata-rata:      0      1079    0,02    0,00    0,00    0,00    0,02     -  NetworkManager
Rata-rata:      0      1383    0,13    0,01    0,00    0,00    0,14     -  glances
Rata-rata:      0      1391    0,08    0,08    0,00    0,00    0,16     -  tailscaled
Rata-rata:      0      1411    0,00    0,02    0,00    0,00    0,02     -  anydesk
Rata-rata:      0      1423    0,33    0,15    0,00    0,00    0,48     -  containerd
Rata-rata:    111      1503    0,01    0,01    0,00    0,00    0,02     -  mariadbd
Rata-rata:      0      2309    0,01    0,00    0,00    0,00    0,01     -  cups-browsed
Rata-rata:      0      2310    0,41    0,20    0,00    0,00    0,61     -  dockerd
Rata-rata:    117      2312    0,71    0,28    0,00    0,00    0,99     -  grafana
Rata-rata:      0      2932    0,31    0,25    0,00    0,01    0,56     -  mount.ntfs-3g
Rata-rata:      0      2975    0,07    0,05    0,00    0,00    0,12     -  containerd-shim
Rata-rata:      0      2976    0,07    0,05    0,00    0,00    0,12     -  containerd-shim
Rata-rata:      0      2977    0,05    0,07    0,00    0,00    0,12     -  containerd-shim
Rata-rata:      0      2981    0,06    0,05    0,00    0,00    0,12     -  containerd-shim
Rata-rata:      0      2982    0,06    0,05    0,00    0,00    0,11     -  containerd-shim
Rata-rata:    999      3130    0,37    0,06    0,00    0,00    0,44     -  redis-server
Rata-rata:    117      3601    0,01    0,00    0,00    0,00    0,01     -  gpx_grafana_ela
Rata-rata:   1000      4549    0,02    0,01    0,00    0,00    0,03     -  systemd
Rata-rata:   1000      4569    0,01    0,00    0,00    0,01    0,01     -  dbus-daemon
Rata-rata:   1000      4570    0,01    0,02    0,00    0,00    0,03     -  pipewire
Rata-rata:   1000      4573    0,02    0,00    0,00    0,00    0,02     -  wireplumber
Rata-rata:   1000      4574    0,02    0,00    0,00    0,00    0,02     -  pipewire-pulse
Rata-rata:   1000      4708    1,14    0,45    0,00    0,01    1,58     -  gnome-shell
Rata-rata:   1000      5021    0,02    0,00    0,00    0,00    0,02     -  gsd-housekeepin
Rata-rata:   1000      5043    0,01    0,00    0,00    0,56    0,01     -  gnome-software
Rata-rata:   1000      5050    0,01    0,00    0,00    0,00    0,01     -  gsd-rfkill
Rata-rata:   1000      5055    0,02    0,00    0,00    0,00    0,02     -  gsd-sharing
Rata-rata:   1000      5107    0,00    0,02    0,00    0,00    0,02     -  anydesk
Rata-rata:   1000      5268    0,01    0,00    0,00    0,00    0,01     -  gvfs-udisks2-vo
Rata-rata:   1000      5331    0,01    0,00    0,00    0,00    0,01     -  goa-daemon
Rata-rata:   1000      5504    0,01    0,01    0,00    0,01    0,02     -  xdg-desktop-por
Rata-rata:   1000      5549    0,01    0,00    0,00    0,00    0,01     -  xdg-desktop-por
Rata-rata:   1000      5702    0,01    0,00    0,00    0,00    0,01     -  gsd-xsettings
Rata-rata:      0      5954    0,01    0,00    0,00    0,00    0,01     -  fwupd
Rata-rata:   1000      6317    0,19    0,11    0,00    0,01    0,30     -  antigravity
Rata-rata:   1000      6339    0,68    0,02    0,00    0,00    0,70     -  gnome-terminal-
Rata-rata:   1000      6757    0,22    0,06    0,00    0,01    0,28     -  antigravity
Rata-rata:   1000      6771    0,01    0,00    0,00    0,00    0,01     -  antigravity
Rata-rata:   1000      6820    3,12    0,26    0,00    0,00    3,38     -  antigravity
Rata-rata:   1000      6924    0,01    0,00    0,00    0,00    0,01     -  antigravity
Rata-rata:   1000      7059    1,59    1,61    0,00    0,04    3,20     -  language_server
Rata-rata:   1000      7229    0,20    0,16    0,00    0,00    0,36     -  antigravity
Rata-rata:   1000      7244    2,46    0,50    0,00    0,01    2,96     -  antigravity
Rata-rata:   1000      7258    0,01    0,01    0,00    0,00    0,02     -  antigravity
Rata-rata:   1000      7260    0,63    0,11    0,00    0,01    0,74     -  antigravity
Rata-rata:   1000      8267    1,76    1,23    0,00    0,00    2,99     -  language_server
Rata-rata:   1000      8356    0,08    0,04    0,00    0,00    0,12     -  antigravity
Rata-rata:   1000      8393    0,01    0,00    0,00    0,00    0,01     -  antigravity
Rata-rata:   1000      9291    0,14    0,07    0,00    0,74    0,21     -  chrome
Rata-rata:   1000      9345    0,03    0,02    0,00    2,72    0,05     -  chrome
Rata-rata:   1000      9359    0,01    0,01    0,00    0,01    0,02     -  chrome
Rata-rata:   1000      9390    0,02    0,01    0,00    0,01    0,03     -  chrome
Rata-rata:   1000      9500    0,00    0,02    0,00    0,00    0,02     -  chrome
Rata-rata:   1000      9519    0,17    0,04    0,00    0,01    0,21     -  chrome
Rata-rata:      0     49776    0,00    0,01    0,00    0,00    0,01     -  kworker/u32:0-events_unbound
Rata-rata:   1000     76014    0,02    0,01    0,00    0,61    0,03     -  chrome
Rata-rata:   1000     76025    0,01    0,01    0,00    0,00    0,02     -  chrome
Rata-rata:   1000     76063    0,00    0,01    0,00    0,00    0,01     -  chrome
Rata-rata:      0     78088    0,00    0,01    0,00    0,00    0,01     -  kworker/u32:6-ext4-rsv-conversion
Rata-rata:   1000     91682    0,05    0,02    0,00    0,00    0,06     -  ssh
Rata-rata:      0     95637    0,00    0,02    0,00    0,01    0,02     -  kworker/3:0-events
Rata-rata:      0     97469    0,00    0,01    0,00    0,01    0,01     -  kworker/5:2-mm_percpu_wq
Rata-rata:      0     97806    0,00    0,05    0,00    0,05    0,05     -  kworker/6:2-mm_percpu_wq
Rata-rata:      0     97830    0,01    0,00    0,00    0,01    0,01     -  kworker/7:0-mm_percpu_wq
Rata-rata:   1000     98039    0,05    0,01    0,00    0,00    0,05     -  antigravity
Rata-rata:      0     98978    0,00    0,01    0,00    0,00    0,01     -  kworker/0:1-mm_percpu_wq
Rata-rata:      0     99362    0,00    0,03    0,00    0,00    0,03     -  kworker/u32:5-flush-8:0
Rata-rata:      0    100626    0,00    0,03    0,00    0,01    0,03     -  kworker/2:1-mm_percpu_wq
Rata-rata:      0    103256    0,00    0,02    0,00    0,00    0,02     -  kworker/u32:4-flush-8:0
Rata-rata:      0    103884    0,00    0,01    0,00    0,01    0,01     -  kworker/4:1-mm_percpu_wq
Rata-rata:      0    104925    0,01    0,00    0,00    0,00    0,01     -  kworker/1:2-events
Rata-rata:   1000    106517    0,19    0,26    0,00    0,00    0,45     -  pidstat
Rata-rata:   1000    106549    8,38    0,69    0,00    0,00    9,07     -  java

Rata-rata:    UID       PID  minflt/s  majflt/s     VSZ     RSS   %MEM  Command
Rata-rata:      0       376      4,14      0,00  188968  108820   0,67  systemd-journal
Rata-rata:      0       408      8,79      0,00   37544   10908   0,07  systemd-udevd
Rata-rata:    115       930     23,49      0,00 1762312   25452   0,16  prometheus-node
Rata-rata:    115       933      2,82      0,00 2711492  114615   0,71  prometheus
Rata-rata:      0      1391      0,02      0,00 1421316   96909   0,60  tailscaled
Rata-rata:      0      1423      4,30      0,00 2463900   70426   0,43  containerd
Rata-rata:    114      1526      0,35      0,00  218252   29568   0,18  postgres
Rata-rata:      0      2310      0,08      0,00 3498856  111800   0,69  dockerd
Rata-rata:    117      2312      0,00      0,00 1765491  350108   2,16  grafana
Rata-rata:      0      2975      8,21      0,00 1235352   13981   0,09  containerd-shim
Rata-rata:      0      2976      7,91      0,00 1235608   14525   0,09  containerd-shim
Rata-rata:      0      2977      8,49      0,00 1235352   15039   0,09  containerd-shim
Rata-rata:      0      2981      8,50      0,00 1235608   14420   0,09  containerd-shim
Rata-rata:      0      2982      7,03      0,00 1235608   14977   0,09  containerd-shim
Rata-rata:     70      3117      0,20      0,00  174540   25424   0,16  postgres
Rata-rata:      0      3144      0,01      0,00  743676   80044   0,49  node
Rata-rata:   1000      4570      1,70      0,00  104135   14593   0,09  pipewire
Rata-rata:   1000      4574      1,73      0,00  110852   15708   0,10  pipewire-pulse
Rata-rata:   1000      4708      4,08      0,00 5454532  346556   2,13  gnome-shell
Rata-rata:   1000      5504      0,01      0,00  778332   19920   0,12  xdg-desktop-por
Rata-rata:      0      5954      0,03      0,00  370300   46692   0,29  fwupd
Rata-rata:   1000      6317     34,76      0,00 1461668528  314975   1,94  antigravity
Rata-rata:   1000      6757     11,80      0,00 34357723  170081   1,05  antigravity
Rata-rata:   1000      6771      0,74      0,00 33903964   81164   0,50  antigravity
Rata-rata:   1000      6820    184,91      0,00 1461417264  661348   4,07  antigravity
Rata-rata:   1000      6924      0,08      0,00 1459611392  180056   1,11  antigravity
Rata-rata:   1000      7161      0,25      0,00 33951332   64332   0,40  antigravity
Rata-rata:   1000      7229     54,53      0,00 1461383544  129529   0,80  antigravity
Rata-rata:   1000      7244    452,33      0,00 1461351324  337846   2,08  antigravity
Rata-rata:   1000      7258      3,73      0,00 1461347760  125764   0,77  antigravity
Rata-rata:   1000      7260     13,00      0,00 1461367100  164246   1,01  antigravity
Rata-rata:   1000      8267      0,01      0,00 4901536  357112   2,20  language_server
Rata-rata:   1000      8356      5,23      0,00 1459530528  100972   0,62  antigravity
Rata-rata:   1000      9291     10,79      0,00 55435272  374453   2,31  chrome
Rata-rata:   1000      9342      2,80      0,00 55467700  213584   1,32  chrome
Rata-rata:   1000      9345      7,02      0,00 54976356  135901   0,84  chrome
Rata-rata:   1000      9359      0,76      0,00 55015792   62536   0,39  chrome
Rata-rata:   1000      9519     32,45      0,00 1518554232  357232   2,20  chrome
Rata-rata:   1000     76014      0,45      0,00 1518513820  345337   2,13  chrome
Rata-rata:   1000     76025      0,06      0,00 1518490664  121120   0,75  chrome
Rata-rata:   1000     76063      0,25      0,00 55006444   86720   0,53  chrome
Rata-rata:   1000     99008      0,61      0,00    7664    3936   0,02  bash
Rata-rata:   1000    106517      0,51      0,00    6220    5225   0,03  pidstat
Rata-rata:   1000    106518      0,19      0,00    2676    1812   0,01  jmeter
Rata-rata:   1000    106549    323,12      0,00 6096445  232054   1,43  java

Rata-rata:    UID       PID   kB_rd/s   kB_wr/s kB_ccwr/s iodelay  Command
Rata-rata:   1000      4573      0,00      0,04      0,00       0  wireplumber
Rata-rata:   1000      4708      0,00      3,45      0,00       0  gnome-shell
Rata-rata:   1000      7244      0,00      0,15      0,00       0  antigravity
Rata-rata:   1000      9291      0,00      2,29      0,00       0  chrome
Rata-rata:   1000      9345      0,00      2,80      0,00       0  chrome
Rata-rata:   1000      9359      0,00      0,04      0,00       0  chrome
Rata-rata:   1000     99008      0,00      8,22      3,45       0  bash
Rata-rata:   1000    106517      0,00      1,01      0,00       0  pidstat
Rata-rata:   1000    106549      0,00      2,69      0,00       0  java
