Linux 6.12.94+deb13-amd64 (debian) 	02/07/26 	_x86_64_	(8 CPU)

00:43:28      UID       PID    %usr %system  %guest   %wait    %CPU   CPU  Command
00:43:33        0         1    0,20    0,00    0,00    0,00    0,20     4  systemd
00:43:33        0        17    0,00    0,20    0,00    0,00    0,20     2  rcu_preempt
00:43:33        0        86    0,00    0,20    0,00    0,00    0,20     1  irq/9-acpi
00:43:33      990       903    0,60    0,40    0,00    0,00    1,00     6  dbus-daemon
00:43:33      115       930    1,39    0,60    0,00    0,00    1,99     7  prometheus-node
00:43:33      115       933    0,20    0,00    0,00    0,00    0,20     1  prometheus
00:43:33        0      1383    0,20    0,00    0,00    0,00    0,20     7  glances
00:43:33        0      1391    0,20    0,20    0,00    0,00    0,40     6  tailscaled
00:43:33        0      1423    0,40    0,20    0,00    0,00    0,60     2  containerd
00:43:33        0      2310    0,40    0,00    0,00    0,00    0,40     0  dockerd
00:43:33      117      2312    0,40    0,40    0,00    0,00    0,80     3  grafana
00:43:33        0      2932    0,20    0,00    0,00    0,00    0,20     2  mount.ntfs-3g
00:43:33        0      2976    0,00    0,20    0,00    0,00    0,20     6  containerd-shim
00:43:33        0      2977    0,20    0,00    0,00    0,00    0,20     7  containerd-shim
00:43:33        0      2982    0,00    0,20    0,00    0,00    0,20     1  containerd-shim
00:43:33      999      3130    0,40    0,20    0,00    0,00    0,60     5  redis-server
00:43:33     1000      4708    1,59    1,00    0,00    0,00    2,59     6  gnome-shell
00:43:33     1000      6317    0,80    0,20    0,00    0,00    1,00     5  antigravity
00:43:33     1000      6339    0,60    0,00    0,00    0,00    0,60     3  gnome-terminal-
00:43:33     1000      6757    2,39    0,40    0,00    0,00    2,79     1  antigravity
00:43:33     1000      6820    8,96    0,60    0,00    0,20    9,56     6  antigravity
00:43:33     1000      7059    1,39    1,39    0,00    0,00    2,79     4  language_server
00:43:33     1000      7229    0,40    0,20    0,00    0,00    0,60     0  antigravity
00:43:33     1000      7244   10,36    1,00    0,00    0,00   11,35     2  antigravity
00:43:33     1000      7260    2,59    0,00    0,00    0,00    2,59     7  antigravity
00:43:33     1000      8267    0,80    1,79    0,00    0,00    2,59     7  language_server
00:43:33     1000      8356    0,20    0,00    0,00    0,00    0,20     1  antigravity
00:43:33     1000      9519    0,20    0,00    0,00    0,00    0,20     5  chrome
00:43:33        0     97806    0,00    0,20    0,00    0,20    0,20     6  kworker/6:2-events
00:43:33        0     98503    0,20    0,00    0,00    0,00    0,20     4  kworker/4:0-events
00:43:33     1000    105249    0,00    0,40    0,00    0,00    0,40     5  pidstat
00:43:33     1000    105281   95,62    5,38    0,00    0,00  101,00     4  java
00:43:33        0    105442    1,79    0,00    0,00    0,00    1,79     0  python3

00:43:28      UID       PID  minflt/s  majflt/s     VSZ     RSS   %MEM  Command
00:43:33        0         1     48,01      0,00   24652   14916   0,09  systemd
00:43:33        0       376      8,76      0,00  188968  108692   0,67  systemd-journal
00:43:33      115       930     77,29      0,00 1762312   26032   0,16  prometheus-node
00:43:33        0      2975     10,76      0,00 1235352   13608   0,08  containerd-shim
00:43:33        0      2976     10,16      0,00 1235608   14628   0,09  containerd-shim
00:43:33        0      2977      8,37      0,00 1235352   14860   0,09  containerd-shim
00:43:33        0      2981      9,36      0,00 1235608   14276   0,09  containerd-shim
00:43:33        0      2982      6,37      0,00 1235608   14868   0,09  containerd-shim
00:43:33     1000      4708      6,97      0,00 5454532  346672   2,14  gnome-shell
00:43:33     1000      6317     40,44      0,00 1461668528  315424   1,94  antigravity
00:43:33     1000      6757     55,78      0,00 34362364  169372   1,04  antigravity
00:43:33     1000      6771      0,60      0,00 33903964   81164   0,50  antigravity
00:43:33     1000      6820    413,94      0,00 1461417264  664728   4,10  antigravity
00:43:33     1000      7161      0,20      0,00 33951332   64332   0,40  antigravity
00:43:33     1000      7229     95,22      0,00 1461383544  129472   0,80  antigravity
00:43:33     1000      7244    848,41      0,00 1461351324  286280   1,76  antigravity
00:43:33     1000      7258      2,79      0,00 1461347760  125768   0,77  antigravity
00:43:33     1000      7260      7,17      0,00 1461367100  164268   1,01  antigravity
00:43:33     1000      8356      5,38      0,00 1459530528  100844   0,62  antigravity
00:43:33     1000      9291      8,17      0,00 55435272  374296   2,31  chrome
00:43:33     1000      9342      2,19      0,00 55467700  213584   1,32  chrome
00:43:33     1000      9345      3,78      0,00 54976356  135860   0,84  chrome
00:43:33     1000      9359      1,20      0,00 55015792   62536   0,39  chrome
00:43:33     1000     76014      0,80      0,00 1518513820  344784   2,12  chrome
00:43:33     1000     76063      0,20      0,00 55006444   86720   0,53  chrome
00:43:33     1000    105249      1,39      0,00    6184    5000   0,03  pidstat
00:43:33     1000    105250      4,18      0,00    2676    1688   0,01  jmeter
00:43:33     1000    105281   6329,68      0,00 6095324  233184   1,44  java
00:43:33        0    105440    121,51      0,00    2672    1752   0,01  sh
00:43:33        0    105441    121,91      0,00    2672    1680   0,01  sh
00:43:33        0    105442    666,53      0,00   31516   22980   0,14  python3
00:43:33        0    105443    111,55      0,00    7144    3464   0,02  bash
00:43:33        0    105444     17,33      0,20    2564    1368   0,01  sponge
00:43:33        0    105445     18,33      0,00    2564    1504   0,01  sponge
00:43:33        0    105467     42,23      0,00    7144    2152   0,01  bash
00:43:33        0    105468     16,73      0,00    7144    1732   0,01  bash
00:43:33        0    105470     21,31      0,00   19172    1504   0,01  sort
00:43:33        0    105471     42,63      0,00    6160    3424   0,02  awk
00:43:33        0    105480     85,46      0,00    7144    2060   0,01  bash

00:43:28      UID       PID   kB_rd/s   kB_wr/s kB_ccwr/s iodelay  Command
00:43:33     1000      9291      0,00      3,98      0,00       0  chrome
00:43:33     1000    105281      0,00      2,19      0,00       0  java

00:43:33      UID       PID    %usr %system  %guest   %wait    %CPU   CPU  Command
00:43:38        0         1    0,00    0,20    0,00    0,00    0,20     1  systemd
00:43:38        0       120    0,00    0,20    0,00    0,00    0,20     7  kworker/u33:0-i915_flip
00:43:38      115       933    0,20    0,00    0,00    0,00    0,20     1  prometheus
00:43:38        0      1383    0,20    0,00    0,00    0,00    0,20     7  glances
00:43:38        0      1391    0,40    0,40    0,00    0,20    0,80     1  tailscaled
00:43:38        0      1423    0,20    0,00    0,00    0,00    0,20     2  containerd
00:43:38        0      2310    0,60    0,40    0,00    0,00    1,00     0  dockerd
00:43:38      117      2312    0,60    0,40    0,00    0,00    1,00     3  grafana
00:43:38        0      2932    0,40    0,20    0,00    0,00    0,60     5  mount.ntfs-3g
00:43:38        0      2975    0,00    0,20    0,00    0,00    0,20     7  containerd-shim
00:43:38        0      2977    0,00    0,20    0,00    0,00    0,20     7  containerd-shim
00:43:38        0      2981    0,00    0,20    0,00    0,00    0,20     0  containerd-shim
00:43:38        0      2982    0,20    0,00    0,00    0,00    0,20     1  containerd-shim
00:43:38      999      3130    0,40    0,00    0,00    0,00    0,40     3  redis-server
00:43:38     1000      4708    0,80    0,40    0,00    0,00    1,20     2  gnome-shell
00:43:38     1000      6317    0,80    0,20    0,00    0,00    1,00     5  antigravity
00:43:38     1000      6339    0,80    0,00    0,00    0,00    0,80     3  gnome-terminal-
00:43:38     1000      6757    0,20    0,00    0,00    0,00    0,20     1  antigravity
00:43:38     1000      6820    1,40    0,20    0,00    0,00    1,60     6  antigravity
00:43:38     1000      7059    1,60    2,00    0,00    0,20    3,60     6  language_server
00:43:38     1000      7229    0,20    0,20    0,00    0,00    0,40     4  antigravity
00:43:38     1000      7244    1,60    0,20    0,00    0,00    1,80     3  antigravity
00:43:38     1000      7260    0,80    0,00    0,00    0,00    0,80     4  antigravity
00:43:38     1000      8267    2,00    1,20    0,00    0,00    3,20     7  language_server
00:43:38     1000      8356    0,20    0,00    0,00    0,00    0,20     2  antigravity
00:43:38     1000      9291    0,20    0,00    0,00    0,00    0,20     6  chrome
00:43:38     1000      9390    0,20    0,00    0,00    0,00    0,20     0  chrome
00:43:38     1000      9519    0,00    0,20    0,00    0,00    0,20     5  chrome
00:43:38        0     49776    0,00    0,20    0,00    0,00    0,20     3  kworker/u32:0-flush-8:0
00:43:38     1000    105249    0,20    0,40    0,00    0,00    0,60     0  pidstat
00:43:38     1000    105281    4,40    0,40    0,00    0,00    4,80     4  java

00:43:33      UID       PID  minflt/s  majflt/s     VSZ     RSS   %MEM  Command
00:43:38        0         1     39,60      0,00   24652   14916   0,09  systemd
00:43:38        0       376      3,80      0,00  188968  108692   0,67  systemd-journal
00:43:38        0      1391     37,00      0,00 1421316   97396   0,60  tailscaled
00:43:38        0      2975     12,20      0,00 1235352   13608   0,08  containerd-shim
00:43:38        0      2976     11,60      0,00 1235608   14756   0,09  containerd-shim
00:43:38        0      2977     10,00      0,00 1235352   15116   0,09  containerd-shim
00:43:38        0      2981     12,20      0,00 1235608   14660   0,09  containerd-shim
00:43:38        0      2982     10,60      0,00 1235608   15124   0,09  containerd-shim
00:43:38     1000      4708      0,40      0,00 5454468  346672   2,14  gnome-shell
00:43:38     1000      6317     58,60      0,00 1461668528  315744   1,95  antigravity
00:43:38     1000      6757     13,60      0,00 34366900  169500   1,04  antigravity
00:43:38     1000      6771      0,60      0,00 33903964   81164   0,50  antigravity
00:43:38     1000      6820    231,80      0,00 1461417264  666720   4,11  antigravity
00:43:38     1000      6924     40,20      0,00 1459611392  180056   1,11  antigravity
00:43:38     1000      7161      0,20      0,00 33951332   64332   0,40  antigravity
00:43:38     1000      7229    141,60      0,00 1461383544  129472   0,80  antigravity
00:43:38     1000      7244     78,40      0,00 1461351324  286592   1,77  antigravity
00:43:38     1000      7258      6,00      0,00 1461347760  125768   0,77  antigravity
00:43:38     1000      7260      5,60      0,00 1461367100  164268   1,01  antigravity
00:43:38     1000      8356      5,20      0,00 1459530528  100844   0,62  antigravity
00:43:38     1000      9291      7,20      0,00 55435272  374296   2,31  chrome
00:43:38     1000      9342      4,40      0,00 55467700  213584   1,32  chrome
00:43:38     1000      9345      8,40      0,00 54976356  135860   0,84  chrome
00:43:38     1000      9359      0,60      0,00 55015792   62536   0,39  chrome
00:43:38     1000     76014      0,20      0,00 1518513820  344784   2,12  chrome
00:43:38     1000     76063      0,20      0,00 55006444   86720   0,53  chrome
00:43:38     1000    105249      5,40      0,00    6184    5000   0,03  pidstat
00:43:38     1000    105281     46,60      0,00 6095324  229888   1,42  java

00:43:33      UID       PID   kB_rd/s   kB_wr/s kB_ccwr/s iodelay  Command
00:43:38     1000      6317      0,00      1,60      0,00       0  antigravity
00:43:38     1000    105249      0,00      1,26      0,00       0  pidstat
00:43:38     1000    105281      0,00      0,17      0,00       0  java

00:43:38      UID       PID    %usr %system  %guest   %wait    %CPU   CPU  Command
00:43:43      115       933    0,20    0,00    0,00    0,00    0,20     1  prometheus
00:43:43        0      1423    0,60    0,00    0,00    0,00    0,60     2  containerd
00:43:43        0      2310    0,20    0,20    0,00    0,00    0,40     0  dockerd
00:43:43      117      2312    0,60    0,40    0,00    0,00    1,00     3  grafana
00:43:43        0      2932    0,20    0,20    0,00    0,00    0,40     3  mount.ntfs-3g
00:43:43        0      2982    0,20    0,00    0,00    0,00    0,20     1  containerd-shim
00:43:43      999      3130    0,20    0,20    0,00    0,00    0,40     0  redis-server
00:43:43     1000      4708    0,80    0,40    0,00    0,00    1,20     7  gnome-shell
00:43:43     1000      6317    0,00    0,20    0,00    0,00    0,20     2  antigravity
00:43:43     1000      6339    0,40    0,00    0,00    0,00    0,40     3  gnome-terminal-
00:43:43     1000      6820   12,40    0,60    0,00    0,00   13,00     3  antigravity
00:43:43     1000      7059    2,20    1,20    0,00    0,00    3,40     1  language_server
00:43:43     1000      7229    0,20    0,00    0,00    0,00    0,20     4  antigravity
00:43:43     1000      7244    1,60    0,60    0,00    0,00    2,20     4  antigravity
00:43:43     1000      7260    0,40    0,20    0,00    0,00    0,60     5  antigravity
00:43:43     1000      8267    1,60    1,20    0,00    0,00    2,80     7  language_server
00:43:43     1000      9291    0,20    0,20    0,00    0,00    0,40     1  chrome
00:43:43     1000      9359    0,20    0,00    0,00    0,00    0,20     6  chrome
00:43:43     1000      9519    0,60    0,00    0,00    0,00    0,60     1  chrome
00:43:43     1000     76014    0,20    0,00    0,00    0,00    0,20     5  chrome
00:43:43     1000     98039    0,20    0,20    0,00    0,00    0,40     7  antigravity
00:43:43        0    104612    0,20    0,00    0,00    0,00    0,20     0  kworker/0:2-events_freezable
00:43:43     1000    105249    0,00    0,20    0,00    0,00    0,20     7  pidstat
00:43:43     1000    105281    7,20    0,40    0,00    0,00    7,60     4  java

00:43:38      UID       PID  minflt/s  majflt/s     VSZ     RSS   %MEM  Command
00:43:43        0      1423      6,40      0,00 2463900   71268   0,44  containerd
00:43:43        0      2975     12,80      0,00 1235352   13864   0,09  containerd-shim
00:43:43        0      2976     11,40      0,00 1235608   15012   0,09  containerd-shim
00:43:43        0      2977     10,00      0,00 1235352   15244   0,09  containerd-shim
00:43:43        0      2981     12,20      0,00 1235608   14788   0,09  containerd-shim
00:43:43        0      2982      8,60      0,00 1235608   15124   0,09  containerd-shim
00:43:43     1000      4708      6,20      0,00 5454468  346672   2,14  gnome-shell
00:43:43     1000      6317     37,40      0,00 1461668528  314728   1,94  antigravity
00:43:43     1000      6757      0,40      0,00 34351372  169368   1,04  antigravity
00:43:43     1000      6771      1,20      0,00 33903964   81164   0,50  antigravity
00:43:43     1000      6820    244,80      0,00 1461417264  655140   4,04  antigravity
00:43:43     1000      7161      0,20      0,00 33951332   64332   0,40  antigravity
00:43:43     1000      7229      5,40      0,00 1461383544  129472   0,80  antigravity
00:43:43     1000      7244    249,20      0,00 1461351324  287348   1,77  antigravity
00:43:43     1000      7258     15,40      0,00 1461347760  125896   0,78  antigravity
00:43:43     1000      7260      3,40      0,00 1461367100  164268   1,01  antigravity
00:43:43     1000      8356      5,40      0,00 1459530528  100844   0,62  antigravity
00:43:43     1000      9291     12,80      0,00 55435272  374296   2,31  chrome
00:43:43     1000      9342      2,20      0,00 55467700  213584   1,32  chrome
00:43:43     1000      9345      8,40      0,00 54976356  135988   0,84  chrome
00:43:43     1000      9359      0,60      0,00 55015792   62536   0,39  chrome
00:43:43     1000      9519    356,80      0,00 1518554232  364460   2,25  chrome
00:43:43     1000     76014      0,40      0,00 1518513820  344784   2,12  chrome
00:43:43     1000     76063      0,20      0,00 55006444   86720   0,53  chrome
00:43:43     1000    105281     60,80      0,00 6095324  231040   1,42  java

00:43:38      UID       PID   kB_rd/s   kB_wr/s kB_ccwr/s iodelay  Command
00:43:43     1000      9291      0,00      4,00      0,00       0  chrome
00:43:43     1000    105249      0,00      1,08      0,00       0  pidstat
00:43:43     1000    105281      0,00      1,81      0,00       0  java

00:43:43      UID       PID    %usr %system  %guest   %wait    %CPU   CPU  Command
00:43:48        0         1    0,20    0,00    0,00    0,00    0,20     1  systemd
00:43:48        0        86    0,00    0,20    0,00    0,00    0,20     1  irq/9-acpi
00:43:48      990       903    1,00    0,00    0,00    0,00    1,00     7  dbus-daemon
00:43:48      115       930    1,00    0,60    0,00    0,00    1,60     7  prometheus-node
00:43:48      115       933    0,20    0,00    0,00    0,00    0,20     1  prometheus
00:43:48        0      1383    0,20    0,00    0,00    0,00    0,20     7  glances
00:43:48        0      1391    0,20    0,00    0,00    0,00    0,20     1  tailscaled
00:43:48        0      1423    0,20    0,20    0,00    0,00    0,40     2  containerd
00:43:48        0      2309    0,00    0,20    0,00    0,00    0,20     2  cups-browsed
00:43:48        0      2310    0,40    0,20    0,00    0,00    0,60     0  dockerd
00:43:48      117      2312    0,40    0,20    0,00    0,00    0,60     3  grafana
00:43:48        0      2932    0,40    0,20    0,00    0,00    0,60     2  mount.ntfs-3g
00:43:48        0      2975    0,20    0,20    0,00    0,00    0,40     7  containerd-shim
00:43:48        0      2976    0,20    0,20    0,00    0,00    0,40     6  containerd-shim
00:43:48        0      2977    0,20    0,00    0,00    0,00    0,20     7  containerd-shim
00:43:48        0      2981    0,00    0,20    0,00    0,00    0,20     0  containerd-shim
00:43:48      999      3130    0,40    0,00    0,00    0,00    0,40     2  redis-server
00:43:48     1000      4708    0,60    0,20    0,00    0,00    0,80     5  gnome-shell
00:43:48     1000      6317    0,20    0,20    0,00    0,00    0,40     6  antigravity
00:43:48     1000      6339    0,60    0,00    0,00    0,00    0,60     3  gnome-terminal-
00:43:48     1000      6820    0,80    0,20    0,00    0,00    1,00     2  antigravity
00:43:48     1000      7059    1,60    1,60    0,00    0,00    3,20     4  language_server
00:43:48     1000      7229    0,40    0,00    0,00    0,00    0,40     2  antigravity
00:43:48     1000      7244    1,60    0,20    0,00    0,00    1,80     5  antigravity
00:43:48     1000      7260    0,60    0,00    0,00    0,00    0,60     1  antigravity
00:43:48     1000      8267    1,60    1,40    0,00    0,00    3,00     7  language_server
00:43:48     1000      9291    0,20    0,00    0,00    0,00    0,20     1  chrome
00:43:48     1000      9519    0,20    0,00    0,00    0,00    0,20     0  chrome
00:43:48     1000     91682    0,00    0,20    0,00    0,00    0,20     6  ssh
00:43:48     1000    105249    0,20    0,40    0,00    0,00    0,60     0  pidstat
00:43:48     1000    105281    7,00    0,60    0,00    0,00    7,60     4  java

00:43:43      UID       PID  minflt/s  majflt/s     VSZ     RSS   %MEM  Command
00:43:48        0         1     21,00      0,00   24652   14916   0,09  systemd
00:43:48      115       930     67,20      0,00 1762312   26016   0,16  prometheus-node
00:43:48        0      2975      7,80      0,00 1235352   13992   0,09  containerd-shim
00:43:48        0      2976      1,60      0,00 1235608   15012   0,09  containerd-shim
00:43:48        0      2977      0,40      0,00 1235352   15244   0,09  containerd-shim
00:43:48        0      2981      2,00      0,00 1235608   14916   0,09  containerd-shim
00:43:48        0      2982      0,80      0,00 1235608   15124   0,09  containerd-shim
00:43:48     1000      4708      0,40      0,00 5454468  346672   2,14  gnome-shell
00:43:48     1000      6317     34,00      0,00 1461668528  314756   1,94  antigravity
00:43:48     1000      6757      1,60      0,00 34351372  169368   1,04  antigravity
00:43:48     1000      6771      2,20      0,00 33903964   81164   0,50  antigravity
00:43:48     1000      6820     76,80      0,00 1461417264  656292   4,04  antigravity
00:43:48     1000      7161      0,40      0,00 33951332   64332   0,40  antigravity
00:43:48     1000      7229      2,20      0,00 1461383544  129472   0,80  antigravity
00:43:48     1000      7244     58,00      0,00 1461351324  286916   1,77  antigravity
00:43:48     1000      7258      2,60      0,00 1461347760  125896   0,78  antigravity
00:43:48     1000      7260      3,00      0,00 1461367100  164268   1,01  antigravity
00:43:48     1000      8356      5,20      0,00 1459530528  100844   0,62  antigravity
00:43:48     1000      9291     14,40      0,00 55435272  374296   2,31  chrome
00:43:48     1000      9342      2,20      0,00 55467700  213584   1,32  chrome
00:43:48     1000      9345      3,80      0,00 54976356  135988   0,84  chrome
00:43:48     1000      9359      0,60      0,00 55015792   62536   0,39  chrome
00:43:48     1000     76014      0,60      0,00 1518513820  344784   2,12  chrome
00:43:48     1000     76063      0,40      0,00 55006444   86720   0,53  chrome
00:43:48     1000    105281     47,80      0,00 6095324  233980   1,44  java

00:43:43      UID       PID   kB_rd/s   kB_wr/s kB_ccwr/s iodelay  Command
00:43:48     1000      9359      0,00      0,80      0,00       0  chrome
00:43:48     1000    105249      0,00      0,91      0,00       0  pidstat
00:43:48     1000    105281      0,00      1,77      0,00       0  java

00:43:48      UID       PID    %usr %system  %guest   %wait    %CPU   CPU  Command
00:43:53        0        17    0,00    0,20    0,00    0,00    0,20     5  rcu_preempt
00:43:53        0      1383    0,20    0,00    0,00    0,00    0,20     7  glances
00:43:53        0      1423    0,20    0,20    0,00    0,00    0,40     2  containerd
00:43:53        0      2310    0,40    0,00    0,00    0,00    0,40     0  dockerd
00:43:53      117      2312    1,00    0,20    0,00    0,00    1,20     3  grafana
00:43:53        0      2932    0,00    0,20    0,00    0,00    0,20     0  mount.ntfs-3g
00:43:53      999      3130    0,40    0,00    0,00    0,00    0,40     2  redis-server
00:43:53     1000      4708    1,00    0,40    0,00    0,00    1,40     5  gnome-shell
00:43:53     1000      6317    0,20    0,00    0,00    0,00    0,20     7  antigravity
00:43:53     1000      6339    1,00    0,00    0,00    0,00    1,00     4  gnome-terminal-
00:43:53     1000      6820    1,20    0,00    0,00    0,00    1,20     2  antigravity
00:43:53     1000      7059    1,40    1,40    0,00    0,00    2,80     2  language_server
00:43:53     1000      7229    0,00    0,20    0,00    0,00    0,20     7  antigravity
00:43:53     1000      7244    2,20    0,40    0,00    0,00    2,60     6  antigravity
00:43:53     1000      7260    0,60    0,20    0,00    0,00    0,80     3  antigravity
00:43:53     1000      8267    1,80    1,40    0,00    0,00    3,20     7  language_server
00:43:53     1000      8356    0,20    0,00    0,00    0,00    0,20     2  antigravity
00:43:53     1000      9291    0,00    0,20    0,00    0,00    0,20     2  chrome
00:43:53        0     97830    0,20    0,00    0,00    0,00    0,20     7  kworker/7:0-events
00:43:53        0    102824    0,20    0,00    0,00    0,00    0,20     1  kworker/1:1-events
00:43:53     1000    105249    0,00    0,40    0,00    0,00    0,40     7  pidstat
00:43:53     1000    105281    6,60    0,80    0,00    0,00    7,40     4  java

00:43:48      UID       PID  minflt/s  majflt/s     VSZ     RSS   %MEM  Command
00:43:53        0       376      9,40      0,00  188968  108692   0,67  systemd-journal
00:43:53        0      1423      0,20      0,00 2463900   71268   0,44  containerd
00:43:53      117      2312     11,40      0,00 1765540  349980   2,16  grafana
00:43:53        0      2975     10,00      0,00 1235352   14120   0,09  containerd-shim
00:43:53        0      2977      5,00      0,00 1235352   15372   0,09  containerd-shim
00:43:53        0      2981      2,20      0,00 1235608   14916   0,09  containerd-shim
00:43:53        0      2982      1,20      0,00 1235608   15124   0,09  containerd-shim
00:43:53     1000      4708      6,60      0,00 5454532  346672   2,14  gnome-shell
00:43:53     1000      6317     32,60      0,00 1461668528  315268   1,94  antigravity
00:43:53     1000      6757      0,80      0,00 34351372  169368   1,04  antigravity
00:43:53     1000      6771      0,60      0,00 33903964   81164   0,50  antigravity
00:43:53     1000      6820    133,60      0,00 1461417264  656812   4,05  antigravity
00:43:53     1000      7161      0,20      0,00 33951332   64332   0,40  antigravity
00:43:53     1000      7229      5,20      0,00 1461383544  129340   0,80  antigravity
00:43:53     1000      7244    187,00      0,00 1461351324  288180   1,78  antigravity
00:43:53     1000      7258      2,60      0,00 1461347760  125896   0,78  antigravity
00:43:53     1000      7260      4,20      0,00 1461367100  164140   1,01  antigravity
00:43:53     1000      8356      5,40      0,00 1459530528  100844   0,62  antigravity
00:43:53     1000      9291      7,80      0,00 55435272  374296   2,31  chrome
00:43:53     1000      9342      2,20      0,00 55467700  213584   1,32  chrome
00:43:53     1000      9345      3,80      0,00 54976356  135988   0,84  chrome
00:43:53     1000      9359      1,20      0,00 55015792   62536   0,39  chrome
00:43:53     1000     76014      0,20      0,00 1518513820  344784   2,12  chrome
00:43:53     1000     76063      0,20      0,00 55006444   86720   0,53  chrome
00:43:53     1000    105281     39,60      0,00 6095324  234876   1,45  java

00:43:48      UID       PID   kB_rd/s   kB_wr/s kB_ccwr/s iodelay  Command
00:43:53     1000      9291      0,00      2,40      0,00       0  chrome
00:43:53     1000    105249      0,00      1,03      0,00       0  pidstat
00:43:53     1000    105281      0,00      3,28      0,00       0  java

00:43:53      UID       PID    %usr %system  %guest   %wait    %CPU   CPU  Command
00:43:58      115       933    0,20    0,00    0,00    0,00    0,20     1  prometheus
00:43:58        0      1411    0,00    0,20    0,00    0,00    0,20     6  anydesk
00:43:58        0      1423    0,40    0,00    0,00    0,00    0,40     2  containerd
00:43:58        0      2310    0,20    0,40    0,00    0,00    0,60     0  dockerd
00:43:58      117      2312    0,40    0,40    0,00    0,00    0,80     3  grafana
00:43:58        0      2932    0,40    0,00    0,00    0,00    0,40     0  mount.ntfs-3g
00:43:58        0      2975    0,20    0,00    0,00    0,00    0,20     7  containerd-shim
00:43:58        0      2976    0,20    0,00    0,00    0,00    0,20     6  containerd-shim
00:43:58        0      2977    0,00    0,20    0,00    0,00    0,20     7  containerd-shim
00:43:58        0      2981    0,00    0,20    0,00    0,00    0,20     0  containerd-shim
00:43:58        0      2982    0,20    0,00    0,00    0,00    0,20     1  containerd-shim
00:43:58      999      3130    0,40    0,20    0,00    0,00    0,60     1  redis-server
00:43:58     1000      4708    0,60    0,40    0,00    0,00    1,00     5  gnome-shell
00:43:58     1000      6317    0,20    0,00    0,00    0,00    0,20     7  antigravity
00:43:58     1000      6339    0,80    0,00    0,00    0,00    0,80     4  gnome-terminal-
00:43:58     1000      6820    0,80    0,20    0,00    0,00    1,00     2  antigravity
00:43:58     1000      7059    1,40    1,60    0,00    0,00    3,00     4  language_server
00:43:58     1000      7229    0,20    0,00    0,00    0,00    0,20     7  antigravity
00:43:58     1000      7244    1,60    0,40    0,00    0,00    2,00     5  antigravity
00:43:58     1000      7260    0,40    0,00    0,00    0,00    0,40     3  antigravity
00:43:58     1000      8267    3,40    0,60    0,00    0,00    4,00     7  language_server
00:43:58     1000      9291    0,20    0,00    0,00    0,00    0,20     5  chrome
00:43:58     1000      9519    0,20    0,00    0,00    0,00    0,20     5  chrome
00:43:58        0     93905    0,00    0,20    0,00    0,00    0,20     7  kworker/u32:7-kvfree_rcu_reclaim
00:43:58        0     95637    0,00    0,20    0,00    0,00    0,20     3  kworker/3:0-events
00:43:58     1000    105249    0,40    0,20    0,00    0,00    0,60     7  pidstat
00:43:58     1000    105281    7,80    0,60    0,00    0,00    8,40     4  java

00:43:53      UID       PID  minflt/s  majflt/s     VSZ     RSS   %MEM  Command
00:43:58        0      1423      0,40      0,00 2463900   71268   0,44  containerd
00:43:58        0      2975      3,80      0,00 1235352   13424   0,08  containerd-shim
00:43:58        0      2976      8,40      0,00 1235608   14400   0,09  containerd-shim
00:43:58        0      2977     10,00      0,00 1235352   14932   0,09  containerd-shim
00:43:58        0      2981      8,20      0,00 1235608   14480   0,09  containerd-shim
00:43:58        0      2982     14,80      0,00 1235608   14744   0,09  containerd-shim
00:43:58     1000      4708      0,60      0,00 5454532  346672   2,14  gnome-shell
00:43:58     1000      6317     32,00      0,00 1461668528  315292   1,94  antigravity
00:43:58     1000      6757      0,80      0,00 34351372  169368   1,04  antigravity
00:43:58     1000      6771      0,60      0,00 33903964   81164   0,50  antigravity
00:43:58     1000      6820    110,20      0,00 1461417264  658988   4,06  antigravity
00:43:58     1000      7161      0,20      0,00 33951332   64332   0,40  antigravity
00:43:58     1000      7229      2,20      0,00 1461383544  129340   0,80  antigravity
00:43:58     1000      7244     55,40      0,00 1461351324  288472   1,78  antigravity
00:43:58     1000      7258      5,20      0,00 1461347760  125896   0,78  antigravity
00:43:58     1000      7260      5,40      0,00 1461367100  164140   1,01  antigravity
00:43:58     1000      8356      5,00      0,00 1459530528  100844   0,62  antigravity
00:43:58     1000      9291     12,00      0,00 55435272  374292   2,31  chrome
00:43:58     1000      9342      4,40      0,00 55467700  213584   1,32  chrome
00:43:58     1000      9345      8,40      0,00 54976356  135988   0,84  chrome
00:43:58     1000      9359      0,60      0,00 55015792   62536   0,39  chrome
00:43:58     1000     76014      0,60      0,00 1518513820  344784   2,12  chrome
00:43:58     1000     76063      0,20      0,00 55006444   86720   0,53  chrome
00:43:58     1000    105281     40,60      0,00 6096352  235772   1,45  java

00:43:53      UID       PID   kB_rd/s   kB_wr/s kB_ccwr/s iodelay  Command
00:43:58     1000      9291      0,00      4,80      0,00       0  chrome
00:43:58     1000    105249      0,00      0,88      0,00       0  pidstat
00:43:58     1000    105281      0,00      3,18      0,00       0  java

00:43:58      UID       PID    %usr %system  %guest   %wait    %CPU   CPU  Command
00:44:03        0         1    0,40    0,20    0,00    0,00    0,60     3  systemd
00:44:03        0        39    0,00    0,20    0,00    0,00    0,20     3  ksoftirqd/3
00:44:03        0        86    0,00    0,20    0,00    0,00    0,20     1  irq/9-acpi
00:44:03        0       317    0,00    0,20    0,00    0,00    0,20     0  jbd2/sda6-8
00:44:03        0       408    0,20    0,20    0,00    0,20    0,40     3  systemd-udevd
00:44:03      990       903    1,20    0,00    0,00    0,00    1,20     4  dbus-daemon
00:44:03      115       930    1,20    0,40    0,00    0,00    1,60     7  prometheus-node
00:44:03      115       933    0,20    0,00    0,00    0,00    0,20     1  prometheus
00:44:03        0      1079    0,20    0,00    0,00    0,00    0,20     7  NetworkManager
00:44:03        0      1383    0,20    0,00    0,00    0,00    0,20     7  glances
00:44:03        0      1391    0,40    0,20    0,00    0,00    0,60     1  tailscaled
00:44:03        0      1423    1,00    0,20    0,00    0,00    1,20     2  containerd
00:44:03        0      2310    0,80    0,80    0,00    0,00    1,60     0  dockerd
00:44:03      117      2312    0,80    0,20    0,00    0,00    1,00     3  grafana
00:44:03        0      2932    0,00    0,20    0,00    0,00    0,20     4  mount.ntfs-3g
00:44:03        0      2977    0,20    0,00    0,00    0,00    0,20     7  containerd-shim
00:44:03        0      2982    0,20    0,00    0,00    0,00    0,20     1  containerd-shim
00:44:03      999      3130    0,40    0,00    0,00    0,00    0,40     2  redis-server
00:44:03     1000      4549    0,40    0,00    0,00    0,00    0,40     5  systemd
00:44:03     1000      4569    0,20    0,00    0,00    0,00    0,20     2  dbus-daemon
00:44:03     1000      4708    1,40    0,40    0,00    0,00    1,80     4  gnome-shell
00:44:03     1000      5043    0,00    0,20    0,00    0,00    0,20     3  gnome-software
00:44:03        0      5954    0,00    0,20    0,00    0,00    0,20     1  fwupd
00:44:03     1000      6317    0,20    0,00    0,00    0,00    0,20     6  antigravity
00:44:03     1000      6339    0,60    0,20    0,00    0,00    0,80     3  gnome-terminal-
00:44:03     1000      6820    0,80    0,40    0,00    0,00    1,20     4  antigravity
00:44:03     1000      7059    1,60    1,40    0,00    0,00    3,00     3  language_server
00:44:03     1000      7229    0,40    0,20    0,00    0,00    0,60     7  antigravity
00:44:03     1000      7244    1,40    0,40    0,00    0,00    1,80     0  antigravity
00:44:03     1000      7260    0,40    0,40    0,00    0,00    0,80     3  antigravity
00:44:03     1000      8267    2,00    1,20    0,00    0,00    3,20     7  language_server
00:44:03     1000      8356    0,20    0,20    0,00    0,00    0,40     4  antigravity
00:44:03     1000      9291    0,20    0,00    0,00    0,00    0,20     1  chrome
00:44:03     1000      9345    0,00    0,20    0,00    0,00    0,20     4  chrome
00:44:03     1000      9519    0,20    0,00    0,00    0,00    0,20     3  chrome
00:44:03     1000     76025    0,00    0,20    0,00    0,00    0,20     5  chrome
00:44:03     1000     91682    0,20    0,00    0,00    0,00    0,20     4  ssh
00:44:03        0     97806    0,00    0,20    0,00    0,00    0,20     6  kworker/6:2-i915-unordered
00:44:03        0     99361    0,00    0,20    0,00    0,60    0,20     0  kworker/u32:3-kvfree_rcu_reclaim
00:44:03     1000    105249    0,00    0,40    0,00    0,00    0,40     2  pidstat
00:44:03     1000    105281    7,80    0,20    0,00    0,00    8,00     4  java

00:43:58      UID       PID  minflt/s  majflt/s     VSZ     RSS   %MEM  Command
00:44:03        0         1     30,80      0,00   24652   14916   0,09  systemd
00:44:03        0       376     43,60      0,20  188968  108820   0,67  systemd-journal
00:44:03        0       408     95,20      0,00   37544   10908   0,07  systemd-udevd
00:44:03      115       930     50,40      0,00 1762312   25828   0,16  prometheus-node
00:44:03        0      1423      0,80      0,00 2463900   71268   0,44  containerd
00:44:03        0      2975      9,60      0,00 1235352   13552   0,08  containerd-shim
00:44:03        0      2976      9,20      0,00 1235608   14528   0,09  containerd-shim
00:44:03        0      2977      8,40      0,00 1235352   14932   0,09  containerd-shim
00:44:03        0      2981     10,00      0,00 1235608   14480   0,09  containerd-shim
00:44:03        0      2982      9,00      0,00 1235608   14744   0,09  containerd-shim
00:44:03     1000      4708      9,00      0,00 5454596  346672   2,14  gnome-shell
00:44:03        0      5954      0,40      0,00  370300   46692   0,29  fwupd
00:44:03     1000      6317     35,40      0,00 1461668528  314788   1,94  antigravity
00:44:03     1000      6757      4,20      0,00 34347468  169368   1,04  antigravity
00:44:03     1000      6771      1,20      0,00 33903964   81164   0,50  antigravity
00:44:03     1000      6820    160,60      0,00 1461417264  661292   4,07  antigravity
00:44:03     1000      7161      0,20      0,00 33951332   64332   0,40  antigravity
00:44:03     1000      7229    104,20      0,00 1461383544  129340   0,80  antigravity
00:44:03     1000      7244     94,00      0,00 1461351324  289324   1,78  antigravity
00:44:03     1000      7258      2,80      0,00 1461347760  125896   0,78  antigravity
00:44:03     1000      7260      3,60      0,00 1461367100  164140   1,01  antigravity
00:44:03     1000      8356      5,00      0,00 1459530528  100844   0,62  antigravity
00:44:03     1000      9291      7,60      0,00 55435272  374292   2,31  chrome
00:44:03     1000      9342      2,20      0,00 55467700  213584   1,32  chrome
00:44:03     1000      9345      3,80      0,00 54976356  135988   0,84  chrome
00:44:03     1000      9359      0,60      0,00 55015792   62536   0,39  chrome
00:44:03     1000      9519      0,00      0,00 1518554232  354940   2,19  chrome
00:44:03     1000     76014      0,60      0,00 1518513820  344784   2,12  chrome
00:44:03     1000     76063      0,20      0,00 55006444   86720   0,53  chrome
00:44:03     1000    105281     56,60      0,00 6096352  236668   1,46  java
00:44:03        0    105793     55,20      0,00   37548    7060   0,04  (udev-worker)
00:44:03        0    105811     27,00      0,00   37548    6784   0,04  (udev-worker)
00:44:03        0    105812     27,20      0,00   37548    6784   0,04  (udev-worker)
00:44:03        0    105813     27,00      0,00   37548    6784   0,04  (udev-worker)
00:44:03        0    105814     27,00      0,00   37548    6784   0,04  (udev-worker)
00:44:03        0    105815     37,40      0,00   37548    6784   0,04  (udev-worker)
00:44:03        0    105816     27,80      0,00   37548    6784   0,04  (udev-worker)
00:44:03        0    105819     26,40      0,00   37548    6784   0,04  (udev-worker)
00:44:03        0    105820     27,40      0,00   37548    6784   0,04  (udev-worker)
00:44:03        0    105822     26,80      0,00   37548    6784   0,04  (udev-worker)
00:44:03        0    105824     27,40      0,00   37548    6784   0,04  (udev-worker)
00:44:03        0    105825     26,00      0,00   37548    6784   0,04  (udev-worker)
00:44:03        0    105826     26,60      0,00   37548    6784   0,04  (udev-worker)
00:44:03        0    105827     59,20      0,00   37548    7060   0,04  (udev-worker)
00:44:03        0    105828     26,20      0,00   37548    6784   0,04  (udev-worker)
00:44:03        0    105831     26,40      0,00   37548    6784   0,04  (udev-worker)

00:43:58      UID       PID   kB_rd/s   kB_wr/s kB_ccwr/s iodelay  Command
00:44:03     1000      9291      0,00      0,80      0,00       0  chrome
00:44:03     1000    105249      0,00      0,95      0,00       0  pidstat
00:44:03     1000    105281      0,00      1,74      0,00       0  java

00:44:03      UID       PID    %usr %system  %guest   %wait    %CPU   CPU  Command
00:44:08      115       933    0,20    0,00    0,00    0,00    0,20     1  prometheus
00:44:08        0      1383    0,20    0,00    0,00    0,00    0,20     7  glances
00:44:08        0      1391    0,00    0,20    0,00    0,00    0,20     1  tailscaled
00:44:08        0      1411    0,20    0,00    0,00    0,00    0,20     6  anydesk
00:44:08        0      1423    0,20    0,00    0,00    0,00    0,20     2  containerd
00:44:08        0      2310    0,40    0,00    0,00    0,00    0,40     0  dockerd
00:44:08      117      2312    0,80    0,40    0,00    0,00    1,20     3  grafana
00:44:08        0      2932    0,20    0,20    0,00    0,00    0,40     4  mount.ntfs-3g
00:44:08        0      2975    0,20    0,00    0,00    0,00    0,20     7  containerd-shim
00:44:08        0      2976    0,00    0,20    0,00    0,00    0,20     6  containerd-shim
00:44:08        0      2981    0,20    0,20    0,00    0,00    0,40     0  containerd-shim
00:44:08      999      3130    0,40    0,00    0,00    0,00    0,40     3  redis-server
00:44:08     1000      4708    0,60    0,20    0,00    0,00    0,80     6  gnome-shell
00:44:08     1000      5043    0,20    0,00    0,00    0,00    0,20     3  gnome-software
00:44:08     1000      5504    0,00    0,20    0,00    0,00    0,20     5  xdg-desktop-por
00:44:08     1000      6317    0,00    0,20    0,00    0,00    0,20     0  antigravity
00:44:08     1000      6339    0,60    0,00    0,00    0,00    0,60     2  gnome-terminal-
00:44:08     1000      6757    0,00    0,20    0,00    0,00    0,20     5  antigravity
00:44:08     1000      6820    1,00    0,00    0,00    0,00    1,00     2  antigravity
00:44:08     1000      7059    1,60    1,60    0,00    0,00    3,20     2  language_server
00:44:08     1000      7229    0,20    0,40    0,00    0,00    0,60     0  antigravity
00:44:08     1000      7244    1,40    0,20    0,00    0,00    1,60     0  antigravity
00:44:08     1000      7258    0,20    0,00    0,00    0,00    0,20     7  antigravity
00:44:08     1000      7260    0,60    0,00    0,00    0,00    0,60     3  antigravity
00:44:08     1000      8267    1,40    1,60    0,00    0,00    3,00     7  language_server
00:44:08     1000      9291    0,00    0,20    0,00    0,00    0,20     2  chrome
00:44:08     1000      9519    0,20    0,20    0,00    0,00    0,40     7  chrome
00:44:08     1000     98039    0,20    0,00    0,00    0,00    0,20     7  antigravity
00:44:08     1000    105249    0,00    0,40    0,00    0,00    0,40     7  pidstat
00:44:08     1000    105281    3,60    0,60    0,00    0,00    4,20     4  java

00:44:03      UID       PID  minflt/s  majflt/s     VSZ     RSS   %MEM  Command
00:44:08        0       408      1,80      0,00   37544   10908   0,07  systemd-udevd
00:44:08      117      2312      8,20      0,00 1765660  349980   2,16  grafana
00:44:08        0      2975     12,40      0,00 1235352   13808   0,09  containerd-shim
00:44:08        0      2976     11,20      0,00 1235608   14784   0,09  containerd-shim
00:44:08        0      2977     11,80      0,00 1235352   15188   0,09  containerd-shim
00:44:08        0      2981     12,20      0,00 1235608   14608   0,09  containerd-shim
00:44:08        0      2982     14,80      0,00 1235608   15000   0,09  containerd-shim
00:44:08     1000      4708      0,80      0,00 5454596  346672   2,14  gnome-shell
00:44:08     1000      6317     33,60      0,00 1461668528  314816   1,94  antigravity
00:44:08     1000      6757      1,80      0,00 34347532  169368   1,04  antigravity
00:44:08     1000      6771      1,00      0,00 33903964   81164   0,50  antigravity
00:44:08     1000      6820    115,80      0,00 1461417328  663724   4,09  antigravity
00:44:08     1000      7161      0,40      0,00 33951332   64332   0,40  antigravity
00:44:08     1000      7229     97,60      0,00 1461383544  129340   0,80  antigravity
00:44:08     1000      7244     27,00      0,00 1461351324  288768   1,78  antigravity
00:44:08     1000      7258      2,60      0,00 1461347760  125764   0,77  antigravity
00:44:08     1000      7260      3,60      0,00 1461367100  164140   1,01  antigravity
00:44:08     1000      8356      5,40      0,00 1459530528  100844   0,62  antigravity
00:44:08     1000      9291     14,40      0,00 55435272  374292   2,31  chrome
00:44:08     1000      9342      2,20      0,00 55467700  213584   1,32  chrome
00:44:08     1000      9345      3,80      0,00 54976356  135988   0,84  chrome
00:44:08     1000      9359      0,60      0,00 55015792   62536   0,39  chrome
00:44:08     1000     76063      0,40      0,00 55006444   86720   0,53  chrome
00:44:08     1000    105249      1,60      0,00    6316    5000   0,03  pidstat
00:44:08     1000    105281     34,20      0,00 6096352  237436   1,46  java

00:44:03      UID       PID   kB_rd/s   kB_wr/s kB_ccwr/s iodelay  Command
00:44:08     1000      6771      0,00      1,60      0,00       0  antigravity
00:44:08     1000    105249      0,00      1,55      0,00       0  pidstat
00:44:08     1000    105281      0,00      3,18      0,00       0  java

00:44:08      UID       PID    %usr %system  %guest   %wait    %CPU   CPU  Command
00:44:13      115       933    0,20    0,00    0,00    0,00    0,20     1  prometheus
00:44:13        0      1423    0,40    0,20    0,00    0,00    0,60     2  containerd
00:44:13        0      2310    0,60    0,00    0,00    0,00    0,60     0  dockerd
00:44:13      117      2312    0,60    0,20    0,00    0,00    0,80     3  grafana
00:44:13        0      2932    0,20    0,40    0,00    0,00    0,60     7  mount.ntfs-3g
00:44:13        0      2977    0,20    0,00    0,00    0,00    0,20     7  containerd-shim
00:44:13        0      2982    0,20    0,00    0,00    0,00    0,20     1  containerd-shim
00:44:13      999      3130    0,40    0,00    0,00    0,00    0,40     4  redis-server
00:44:13     1000      4708    0,80    0,40    0,00    0,00    1,20     7  gnome-shell
00:44:13     1000      6317    0,20    0,00    0,00    0,00    0,20     5  antigravity
00:44:13     1000      6339    0,40    0,00    0,00    0,00    0,40     6  gnome-terminal-
00:44:13     1000      6820    0,80    0,40    0,00    0,00    1,20     4  antigravity
00:44:13     1000      7059    1,40    1,60    0,00    0,00    3,00     3  language_server
00:44:13     1000      7229    0,20    0,20    0,00    0,00    0,40     0  antigravity
00:44:13     1000      7244    1,40    0,20    0,00    0,00    1,60     1  antigravity
00:44:13     1000      7260    0,40    0,20    0,00    0,00    0,60     4  antigravity
00:44:13     1000      8267    2,20    1,20    0,00    0,00    3,40     7  language_server
00:44:13     1000      8356    0,20    0,00    0,00    0,00    0,20     4  antigravity
00:44:13     1000      9291    0,00    0,20    0,00    0,00    0,20     1  chrome
00:44:13     1000      9345    0,20    0,00    0,00    0,00    0,20     7  chrome
00:44:13     1000    105249    0,20    0,20    0,00    0,00    0,40     2  pidstat
00:44:13     1000    105281    4,80    0,80    0,00    0,00    5,60     4  java

00:44:08      UID       PID  minflt/s  majflt/s     VSZ     RSS   %MEM  Command
00:44:13        0      1423      0,00      0,00 2463900   70180   0,43  containerd
00:44:13      114      1526      3,80      0,00  218252   29568   0,18  postgres
00:44:13      117      2312      0,20      0,00 1765660  349980   2,16  grafana
00:44:13        0      2975     12,40      0,00 1235352   13936   0,09  containerd-shim
00:44:13        0      2976     14,20      0,00 1235608   15040   0,09  containerd-shim
00:44:13        0      2977     10,80      0,00 1235352   15316   0,09  containerd-shim
00:44:13        0      2981     11,00      0,00 1235608   14608   0,09  containerd-shim
00:44:13        0      2982      8,40      0,00 1235608   15128   0,09  containerd-shim
00:44:13     1000      4708      6,40      0,00 5454596  346672   2,14  gnome-shell
00:44:13     1000      6317     36,40      0,00 1461668528  315328   1,94  antigravity
00:44:13     1000      6757      0,80      0,00 34347532  169368   1,04  antigravity
00:44:13     1000      6771      0,60      0,00 33903964   81164   0,50  antigravity
00:44:13     1000      6820    112,20      0,00 1461417328  665900   4,10  antigravity
00:44:13     1000      7161      0,20      0,00 33951332   64332   0,40  antigravity
00:44:13     1000      7229      8,00      0,00 1461383544  129340   0,80  antigravity
00:44:13     1000      7244     53,00      0,00 1461351324  288768   1,78  antigravity
00:44:13     1000      7258      2,80      0,00 1461347760  125764   0,77  antigravity
00:44:13     1000      7260      6,00      0,00 1461367100  164140   1,01  antigravity
00:44:13     1000      8356      5,20      0,00 1459530528  100844   0,62  antigravity
00:44:13     1000      9291     10,80      0,00 55435272  374144   2,30  chrome
00:44:13     1000      9342      2,20      0,00 55467700  213584   1,32  chrome
00:44:13     1000      9345      4,60      0,00 54976356  135988   0,84  chrome
00:44:13     1000      9359      1,20      0,00 55015792   62536   0,39  chrome
00:44:13     1000     76014      0,60      0,00 1518513820  344784   2,12  chrome
00:44:13     1000     76063      0,20      0,00 55006444   86720   0,53  chrome
00:44:13     1000    105249      0,00      0,00    6204    5000   0,03  pidstat
00:44:13     1000    105281     33,20      0,00 6096352  242384   1,49  java

00:44:08      UID       PID   kB_rd/s   kB_wr/s kB_ccwr/s iodelay  Command
00:44:13     1000      9345      0,00     14,40      0,00       0  chrome
00:44:13     1000    105249      0,00      1,01      0,00       0  pidstat
00:44:13     1000    105281      0,00      3,18      0,00       0  java

00:44:13      UID       PID    %usr %system  %guest   %wait    %CPU   CPU  Command
00:44:18        0         1    0,20    0,20    0,00    0,00    0,40     2  systemd
00:44:18      990       903    0,60    0,00    0,00    0,00    0,60     1  dbus-daemon
00:44:18      115       930    1,40    0,20    0,00    0,00    1,60     7  prometheus-node
00:44:18      115       933    0,20    0,00    0,00    0,00    0,20     1  prometheus
00:44:18        0      1383    0,20    0,00    0,00    0,00    0,20     7  glances
00:44:18        0      1423    0,40    0,00    0,00    0,00    0,40     2  containerd
00:44:18        0      2310    0,40    0,40    0,00    0,00    0,80     0  dockerd
00:44:18      117      2312    2,00    0,00    0,00    0,00    2,00     3  grafana
00:44:18        0      2975    0,00    0,20    0,00    0,00    0,20     7  containerd-shim
00:44:18        0      2976    0,20    0,00    0,00    0,00    0,20     6  containerd-shim
00:44:18        0      2981    0,20    0,00    0,00    0,00    0,20     0  containerd-shim
00:44:18        0      2982    0,00    0,20    0,00    0,00    0,20     1  containerd-shim
00:44:18      999      3130    0,40    0,20    0,00    0,00    0,60     4  redis-server
00:44:18     1000      4708    0,80    0,40    0,00    0,00    1,20     1  gnome-shell
00:44:18     1000      6317    0,20    0,00    0,00    0,00    0,20     0  antigravity
00:44:18     1000      6339    1,00    0,00    0,00    0,00    1,00     4  gnome-terminal-
00:44:18     1000      6757    0,20    0,00    0,00    0,00    0,20     4  antigravity
00:44:18     1000      6820   11,98    0,40    0,00    0,00   12,38     5  antigravity
00:44:18     1000      7059    1,40    1,60    0,00    0,00    2,99     7  language_server
00:44:18     1000      7229    0,20    0,00    0,00    0,00    0,20     5  antigravity
00:44:18     1000      7244    1,20    0,40    0,00    0,00    1,60     2  antigravity
00:44:18     1000      7260    0,40    0,20    0,00    0,00    0,60     0  antigravity
00:44:18     1000      8267    1,20    1,80    0,00    0,00    2,99     7  language_server
00:44:18     1000      8356    0,20    0,00    0,00    0,00    0,20     2  antigravity
00:44:18     1000      9291    0,20    0,00    0,00    0,00    0,20     1  chrome
00:44:18     1000      9500    0,00    0,20    0,00    0,00    0,20     2  chrome
00:44:18     1000      9519    0,20    0,00    0,00    0,00    0,20     4  chrome
00:44:18     1000     76063    0,20    0,00    0,00    0,00    0,20     5  chrome
00:44:18        0     89647    0,00    0,20    0,00    0,00    0,20     0  kworker/u32:1-i915
00:44:18     1000    105249    0,20    0,20    0,00    0,00    0,40     4  pidstat
00:44:18     1000    105281    6,99    0,40    0,00    0,00    7,39     4  java

00:44:13      UID       PID  minflt/s  majflt/s     VSZ     RSS   %MEM  Command
00:44:18      115       930     88,22      0,00 1762312   25904   0,16  prometheus-node
00:44:18      115       933     11,58      0,00 2711492  113712   0,70  prometheus
00:44:18        0      2975      8,78      0,00 1235352   14192   0,09  containerd-shim
00:44:18        0      2976      0,20      0,00 1235608   15040   0,09  containerd-shim
00:44:18        0      2977      1,20      0,00 1235352   15444   0,10  containerd-shim
00:44:18        0      2981      6,59      0,00 1235608   14992   0,09  containerd-shim
00:44:18     1000      4708      0,80      0,00 5454660  346672   2,14  gnome-shell
00:44:18     1000      6317     32,53      0,00 1461668528  315180   1,94  antigravity
00:44:18     1000      6757      4,99      0,00 34347404  169368   1,04  antigravity
00:44:18     1000      6771      0,60      0,00 33903964   81164   0,50  antigravity
00:44:18     1000      6820    177,05      0,00 1461417328  653980   4,03  antigravity
00:44:18     1000      7161      0,20      0,00 33951332   64332   0,40  antigravity
00:44:18     1000      7229      5,39      0,00 1461383544  129204   0,80  antigravity
00:44:18     1000      7244     25,55      0,00 1461351324  288764   1,78  antigravity
00:44:18     1000      7258      5,99      0,00 1461347760  125764   0,77  antigravity
00:44:18     1000      7260      5,59      0,00 1461367100  164008   1,01  antigravity
00:44:18     1000      8356      5,19      0,00 1459530528  100844   0,62  antigravity
00:44:18     1000      9291      7,19      0,00 55435272  374144   2,30  chrome
00:44:18     1000      9342      4,39      0,00 55467700  213584   1,32  chrome
00:44:18     1000      9345      7,78      0,00 54976356  135988   0,84  chrome
00:44:18     1000      9359      0,60      0,00 55015792   62536   0,39  chrome
00:44:18     1000      9519      0,20      0,00 1518554232  354940   2,19  chrome
00:44:18     1000     76014      0,40      0,00 1518513820  344784   2,12  chrome
00:44:18     1000     76063      0,20      0,00 55006444   86720   0,53  chrome
00:44:18     1000     99008      6,79      0,00    7664    3936   0,02  bash
00:44:18     1000    105281     24,55      0,00 6096352  242640   1,49  java
00:44:18     1000    105950     23,35      0,00    5660    2004   0,01  sleep

00:44:13      UID       PID   kB_rd/s   kB_wr/s kB_ccwr/s iodelay  Command
00:44:18     1000    105249      0,00      0,90      0,00       0  pidstat
00:44:18     1000    105281      0,00      3,17      0,00       0  java

00:44:18      UID       PID    %usr %system  %guest   %wait    %CPU   CPU  Command
00:44:23        0        17    0,00    0,20    0,00    0,00    0,20     5  rcu_preempt
00:44:23        0        86    0,00    0,20    0,00    0,00    0,20     1  irq/9-acpi
00:44:23      115       933    0,00    0,20    0,00    0,00    0,20     1  prometheus
00:44:23        0      1383    0,20    0,00    0,00    0,00    0,20     7  glances
00:44:23        0      1391    0,20    0,00    0,00    0,00    0,20     1  tailscaled
00:44:23        0      1423    0,40    0,20    0,00    0,00    0,60     2  containerd
00:44:23        0      2310    0,40    0,00    0,00    0,00    0,40     0  dockerd
00:44:23      117      2312    0,60    0,40    0,00    0,00    1,00     3  grafana
00:44:23        0      2932    0,40    0,40    0,00    0,00    0,80     4  mount.ntfs-3g
00:44:23        0      2976    0,00    0,20    0,00    0,00    0,20     6  containerd-shim
00:44:23        0      2977    0,00    0,20    0,00    0,00    0,20     7  containerd-shim
00:44:23      999      3130    0,40    0,00    0,00    0,00    0,40     4  redis-server
00:44:23     1000      4708    0,60    0,60    0,00    0,00    1,20     1  gnome-shell
00:44:23     1000      6317    0,20    0,20    0,00    0,00    0,40     0  antigravity
00:44:23     1000      6339    0,40    0,00    0,00    0,00    0,40     4  gnome-terminal-
00:44:23     1000      6820    1,00    0,60    0,00    0,00    1,60     2  antigravity
00:44:23     1000      7059    1,40    1,40    0,00    0,00    2,80     0  language_server
00:44:23     1000      7229    0,40    0,00    0,00    0,00    0,40     5  antigravity
00:44:23     1000      7244    1,80    0,20    0,00    0,00    2,00     1  antigravity
00:44:23     1000      7260    0,60    0,20    0,00    0,00    0,80     0  antigravity
00:44:23     1000      8267    1,60    1,60    0,00    0,00    3,20     7  language_server
00:44:23     1000      9291    0,20    0,40    0,00    0,00    0,60     1  chrome
00:44:23     1000      9519    0,20    0,00    0,00    0,00    0,20     5  chrome
00:44:23     1000     76014    0,20    0,00    0,00    0,00    0,20     5  chrome
00:44:23     1000     91682    0,00    0,20    0,00    0,00    0,20     0  ssh
00:44:23     1000    105249    0,00    0,40    0,00    0,00    0,40     4  pidstat
00:44:23     1000    105281    9,60    0,20    0,00    0,00    9,80     4  java

00:44:18      UID       PID  minflt/s  majflt/s     VSZ     RSS   %MEM  Command
00:44:23        0      2975      0,20      0,00 1235352   14192   0,09  containerd-shim
00:44:23        0      2976      4,00      0,00 1235608   15040   0,09  containerd-shim
00:44:23        0      2977      1,40      0,00 1235352   15444   0,10  containerd-shim
00:44:23        0      2981      2,80      0,00 1235608   14992   0,09  containerd-shim
00:44:23        0      2982      1,80      0,00 1235608   15256   0,09  containerd-shim
00:44:23     1000      4708      6,80      0,00 5454660  346544   2,13  gnome-shell
00:44:23     1000      6317     35,40      0,00 1461668528  314784   1,94  antigravity
00:44:23     1000      6757      9,80      0,00 34359860  169496   1,04  antigravity
00:44:23     1000      6771      1,20      0,00 33903964   81164   0,50  antigravity
00:44:23     1000      6820    286,20      0,00 1461417264  658336   4,06  antigravity
00:44:23     1000      7161      0,20      0,00 33951332   64332   0,40  antigravity
00:44:23     1000      7229    129,80      0,00 1461383544  129204   0,80  antigravity
00:44:23     1000      7244    275,00      0,00 1461351324  288504   1,78  antigravity
00:44:23     1000      7258      2,60      0,00 1461347760  125764   0,77  antigravity
00:44:23     1000      7260     17,60      0,00 1461367100  164136   1,01  antigravity
00:44:23     1000      8356      5,20      0,00 1459530528  100844   0,62  antigravity
00:44:23     1000      9291     21,80      0,00 55435272  374144   2,30  chrome
00:44:23     1000      9299      0,20      0,00 54549928    3668   0,02  chrome_crashpad
00:44:23     1000      9342      2,20      0,00 55467700  213584   1,32  chrome
00:44:23     1000      9345      6,40      0,00 54976356  135988   0,84  chrome
00:44:23     1000      9359      0,60      0,00 55015792   62536   0,39  chrome
00:44:23     1000      9519      0,00      0,00 1518554232  353348   2,18  chrome
00:44:23     1000     76014      0,40      0,00 1518513820  344784   2,12  chrome
00:44:23     1000     76063      0,40      0,00 55006444   86720   0,53  chrome
00:44:23     1000    105281     35,00      0,00 6096352  243408   1,50  java

00:44:18      UID       PID   kB_rd/s   kB_wr/s kB_ccwr/s iodelay  Command
00:44:23     1000      7244      0,00      1,60      0,00       0  antigravity
00:44:23     1000      9291      0,00     31,20      0,00       0  chrome
00:44:23     1000    105249      0,00      1,04      0,00       0  pidstat
00:44:23     1000    105281      0,00      3,08      0,00       0  java

00:44:23      UID       PID    %usr %system  %guest   %wait    %CPU   CPU  Command
00:44:28        0       120    0,00    0,20    0,00    0,00    0,20     6  kworker/u33:0-i915_flip
00:44:28      115       933    0,20    0,00    0,00    0,00    0,20     1  prometheus
00:44:28        0      1383    0,00    0,20    0,00    0,00    0,20     7  glances
00:44:28        0      1423    0,20    0,00    0,00    0,00    0,20     2  containerd
00:44:28        0      1554    0,20    0,00    0,00    0,00    0,20     6  apache2
00:44:28        0      2310    0,20    0,20    0,00    0,00    0,40     0  dockerd
00:44:28      117      2312    0,40    0,40    0,00    0,00    0,80     3  grafana
00:44:28        0      2932    0,20    0,40    0,00    0,00    0,60     7  mount.ntfs-3g
00:44:28        0      2975    0,00    0,20    0,00    0,00    0,20     7  containerd-shim
00:44:28        0      2981    0,20    0,00    0,00    0,00    0,20     0  containerd-shim
00:44:28        0      2982    0,20    0,00    0,00    0,00    0,20     1  containerd-shim
00:44:28      999      3130    0,40    0,00    0,00    0,00    0,40     5  redis-server
00:44:28     1000      4708    0,60    0,80    0,00    0,00    1,40     0  gnome-shell
00:44:28     1000      6317    0,20    0,00    0,00    0,00    0,20     5  antigravity
00:44:28     1000      6339    0,80    0,20    0,00    0,00    1,00     2  gnome-terminal-
00:44:28     1000      6757    0,20    0,20    0,00    0,00    0,40     6  antigravity
00:44:28     1000      6820    0,60    0,60    0,00    0,00    1,20     6  antigravity
00:44:28     1000      7059    1,60    1,80    0,00    0,00    3,40     6  language_server
00:44:28     1000      7229    0,00    0,20    0,00    0,00    0,20     5  antigravity
00:44:28     1000      7244    1,20    0,60    0,00    0,00    1,80     1  antigravity
00:44:28     1000      7260    0,40    0,00    0,00    0,00    0,40     1  antigravity
00:44:28     1000      8267    1,60    1,60    0,00    0,00    3,20     7  language_server
00:44:28     1000      9390    0,20    0,00    0,00    0,00    0,20     6  chrome
00:44:28     1000      9519    0,20    0,00    0,00    0,00    0,20     0  chrome
00:44:28     1000     98039    0,20    0,00    0,00    0,00    0,20     7  antigravity
00:44:28        0    100626    0,00    0,20    0,00    0,00    0,20     2  kworker/2:1-events_freezable
00:44:28     1000    105249    0,20    0,40    0,00    0,00    0,60     4  pidstat
00:44:28     1000    105281    3,60    0,40    0,00    0,00    4,00     4  java

00:44:23      UID       PID  minflt/s  majflt/s     VSZ     RSS   %MEM  Command
00:44:28      115       933     32,40      0,00 2711492  114352   0,70  prometheus
00:44:28        0      2975      2,40      0,00 1235352   13504   0,08  containerd-shim
00:44:28        0      2976     10,40      0,00 1235608   14800   0,09  containerd-shim
00:44:28        0      2977     13,40      0,00 1235352   14996   0,09  containerd-shim
00:44:28        0      2981      0,00      0,00 1235608   14316   0,09  containerd-shim
00:44:28        0      2982      4,60      0,00 1235608   14536   0,09  containerd-shim
00:44:28       70      3117      4,40      0,00  174540   25424   0,16  postgres
00:44:28     1000      4708      1,00      0,00 5454468  346544   2,13  gnome-shell
00:44:28     1000      6317     33,80      0,00 1461668528  314832   1,94  antigravity
00:44:28     1000      6757      7,20      0,00 34359628  169624   1,04  antigravity
00:44:28     1000      6771      0,60      0,00 33903964   81164   0,50  antigravity
00:44:28     1000      6820    192,80      0,00 1461417264  659596   4,06  antigravity
00:44:28     1000      7161      0,40      0,00 33951332   64332   0,40  antigravity
00:44:28     1000      7229      8,00      0,00 1461383544  129332   0,80  antigravity
00:44:28     1000      7244    259,20      0,00 1461351324  288628   1,78  antigravity
00:44:28     1000      7258      3,00      0,00 1461347760  125636   0,77  antigravity
00:44:28     1000      7260     23,80      0,00 1461367100  164136   1,01  antigravity
00:44:28     1000      8356      5,40      0,00 1459530528  100844   0,62  antigravity
00:44:28     1000      9291     17,40      0,00 55435272  374272   2,31  chrome
00:44:28     1000      9342      2,20      0,00 55467700  213584   1,32  chrome
00:44:28     1000      9345      3,00      0,00 54976356  135988   0,84  chrome
00:44:28     1000      9359      0,60      0,00 55015792   62536   0,39  chrome
00:44:28     1000     76014      0,60      0,00 1518513820  344784   2,12  chrome
00:44:28     1000     76063      0,40      0,00 55006444   86720   0,53  chrome
00:44:28     1000    105281     15,00      0,00 6096352  243664   1,50  java

00:44:23      UID       PID   kB_rd/s   kB_wr/s kB_ccwr/s iodelay  Command
00:44:28     1000    105249      0,00      0,97      0,00       0  pidstat
00:44:28     1000    105281      0,00      1,52      0,00       0  java

00:44:28      UID       PID    %usr %system  %guest   %wait    %CPU   CPU  Command
00:44:33        0         1    0,20    0,00    0,00    0,00    0,20     7  systemd
00:44:33        0        57    0,00    0,20    0,00    0,00    0,20     6  ksoftirqd/6
00:44:33      990       903    0,40    0,20    0,00    0,00    0,60     1  dbus-daemon
00:44:33      115       930    1,00    0,60    0,00    0,00    1,60     7  prometheus-node
00:44:33      115       933    0,20    0,00    0,00    0,00    0,20     1  prometheus
00:44:33        0      1383    0,20    0,00    0,00    0,00    0,20     7  glances
00:44:33        0      1391    0,20    0,20    0,00    0,00    0,40     1  tailscaled
00:44:33        0      1423    0,40    0,00    0,00    0,00    0,40     2  containerd
00:44:33        0      2310    0,20    0,20    0,00    0,00    0,40     0  dockerd
00:44:33      117      2312    0,80    0,20    0,00    0,00    1,00     3  grafana
00:44:33        0      2932    0,40    0,40    0,00    0,00    0,80     2  mount.ntfs-3g
00:44:33        0      2975    0,20    0,00    0,00    0,00    0,20     7  containerd-shim
00:44:33        0      2976    0,20    0,00    0,00    0,00    0,20     6  containerd-shim
00:44:33        0      2977    0,00    0,20    0,00    0,00    0,20     7  containerd-shim
00:44:33      999      3130    0,40    0,00    0,00    0,00    0,40     5  redis-server
00:44:33     1000      4708    1,20    0,20    0,00    0,00    1,40     6  gnome-shell
00:44:33     1000      4717    0,20    0,00    0,00    0,00    0,20     5  dbus-daemon
00:44:33     1000      5107    0,00    0,20    0,00    0,00    0,20     4  anydesk
00:44:33     1000      6317    0,20    0,00    0,00    0,00    0,20     6  antigravity
00:44:33     1000      6339    0,60    0,00    0,00    0,00    0,60     4  gnome-terminal-
00:44:33     1000      6757    0,20    0,00    0,00    0,00    0,20     7  antigravity
00:44:33     1000      6820    1,20    0,40    0,00    0,00    1,60     2  antigravity
00:44:33     1000      7059    1,20    1,60    0,00    0,00    2,80     2  language_server
00:44:33     1000      7229    0,40    0,40    0,00    0,00    0,80     5  antigravity
00:44:33     1000      7244    1,60    0,60    0,00    0,00    2,20     6  antigravity
00:44:33     1000      7260    0,40    0,00    0,00    0,00    0,40     3  antigravity
00:44:33     1000      8267    2,20    1,00    0,00    0,00    3,20     7  language_server
00:44:33     1000      8356    0,20    0,00    0,00    0,00    0,20     4  antigravity
00:44:33     1000      9291    0,00    0,20    0,00    0,00    0,20     6  chrome
00:44:33        0     97806    0,00    0,20    0,00    0,00    0,20     6  kworker/6:2-i915-unordered
00:44:33     1000    105249    0,00    0,20    0,00    0,00    0,20     4  pidstat
00:44:33     1000    105281    4,60    0,60    0,00    0,00    5,20     4  java
00:44:33     1000    106018    0,40    0,20    0,00    0,00    0,60     1  gnome-screensho

00:44:28      UID       PID  minflt/s  majflt/s     VSZ     RSS   %MEM  Command
00:44:33      115       930     79,60      0,00 1762312   26228   0,16  prometheus-node
00:44:33        0      2975      9,80      0,00 1235352   13632   0,08  containerd-shim
00:44:33        0      2976      9,40      0,00 1235608   14928   0,09  containerd-shim
00:44:33        0      2977      8,80      0,00 1235352   14996   0,09  containerd-shim
00:44:33        0      2981      9,00      0,00 1235608   14316   0,09  containerd-shim
00:44:33        0      2982     12,80      0,00 1235608   14536   0,09  containerd-shim
00:44:33     1000      4708      7,40      0,00 5455044  346544   2,13  gnome-shell
00:44:33     1000      6317     33,00      0,00 1461668528  315344   1,94  antigravity
00:44:33     1000      6757     24,00      0,00 34359628  170136   1,05  antigravity
00:44:33     1000      6771      0,60      0,00 33903964   81164   0,50  antigravity
00:44:33     1000      6820    194,20      0,00 1461417264  662188   4,08  antigravity
00:44:33     1000      7161      0,20      0,00 33951332   64332   0,40  antigravity
00:44:33     1000      7229    105,60      0,00 1461383544  129332   0,80  antigravity
00:44:33     1000      7244    457,60      0,00 1461351324  288528   1,78  antigravity
00:44:33     1000      7258      3,40      0,00 1461347760  125636   0,77  antigravity
00:44:33     1000      7260     22,60      0,00 1461367100  164048   1,01  antigravity
00:44:33     1000      8356      5,20      0,00 1459530528  100844   0,62  antigravity
00:44:33     1000      9291     10,60      0,00 55435272  374272   2,31  chrome
00:44:33     1000      9342      2,20      0,00 55467700  213584   1,32  chrome
00:44:33     1000      9345      3,60      0,00 54976356  135988   0,84  chrome
00:44:33     1000      9359      1,20      0,00 55015792   62536   0,39  chrome
00:44:33     1000     76014      0,60      0,00 1518513820  344912   2,12  chrome
00:44:33     1000     76063      0,20      0,00 55006444   86720   0,53  chrome
00:44:33     1000     99008      6,00      0,00    7664    3936   0,02  bash
00:44:33     1000    105281     16,40      0,00 6096352  248128   1,53  java
00:44:33     1000    106018    273,00      0,00  408252   19224   0,12  gnome-screensho

00:44:28      UID       PID   kB_rd/s   kB_wr/s kB_ccwr/s iodelay  Command
00:44:33     1000      7244      0,00      0,80      0,00       0  antigravity
00:44:33     1000      9291      0,00      8,00      0,00       0  chrome
00:44:33     1000    105249      0,00      0,97      0,00       0  pidstat
00:44:33     1000    105281      0,00      3,10      0,00       0  java

00:44:33      UID       PID    %usr %system  %guest   %wait    %CPU   CPU  Command
00:44:38        0       120    0,00    0,20    0,00    0,00    0,20     3  kworker/u33:0-i915_flip
00:44:38        0      1383    0,20    0,00    0,00    0,00    0,20     7  glances
00:44:38        0      1391    0,20    0,00    0,00    0,00    0,20     1  tailscaled
00:44:38        0      1423    0,20    0,20    0,00    0,00    0,40     2  containerd
00:44:38        0      2310    0,40    0,40    0,00    0,00    0,80     0  dockerd
00:44:38      117      2312    0,80    0,20    0,00    0,00    1,00     3  grafana
00:44:38        0      2932    0,60    0,40    0,00    0,00    1,00     3  mount.ntfs-3g
00:44:38        0      2976    0,00    0,20    0,00    0,00    0,20     6  containerd-shim
00:44:38        0      2977    0,20    0,00    0,00    0,00    0,20     7  containerd-shim
00:44:38        0      2981    0,00    0,20    0,00    0,00    0,20     0  containerd-shim
00:44:38        0      2982    0,20    0,00    0,00    0,00    0,20     1  containerd-shim
00:44:38      999      3130    0,40    0,00    0,00    0,00    0,40     7  redis-server
00:44:38     1000      4570    0,00    0,20    0,00    0,00    0,20     1  pipewire
00:44:38     1000      4573    0,40    0,00    0,00    0,00    0,40     6  wireplumber
00:44:38     1000      4574    0,20    0,00    0,00    0,00    0,20     3  pipewire-pulse
00:44:38     1000      4708    5,00    2,20    0,00    0,00    7,20     4  gnome-shell
00:44:38     1000      5504    0,20    0,00    0,00    0,00    0,20     2  xdg-desktop-por
00:44:38     1000      6317    0,40    0,20    0,00    0,00    0,60     1  antigravity
00:44:38     1000      6339    1,20    0,00    0,00    0,00    1,20     3  gnome-terminal-
00:44:38     1000      6757    1,00    0,20    0,00    0,00    1,20     7  antigravity
00:44:38     1000      6820    3,60    0,40    0,00    0,00    4,00     5  antigravity
00:44:38     1000      7059    1,40    1,20    0,00    0,00    2,60     4  language_server
00:44:38     1000      7229    0,20    0,00    0,00    0,00    0,20     7  antigravity
00:44:38     1000      7244    1,80    0,40    0,00    0,00    2,20     4  antigravity
00:44:38     1000      7260    0,60    0,40    0,00    0,00    1,00     2  antigravity
00:44:38     1000      8267    1,60    1,20    0,00    0,00    2,80     7  language_server
00:44:38     1000      9291    0,20    0,20    0,00    0,00    0,40     6  chrome
00:44:38     1000      9345    0,20    0,00    0,00    0,00    0,20     0  chrome
00:44:38     1000      9519    0,20    0,00    0,00    0,00    0,20     2  chrome
00:44:38     1000     91682    0,00    0,20    0,00    0,00    0,20     1  ssh
00:44:38        0    103256    0,20    0,00    0,00    0,00    0,20     5  kworker/u32:4-events_unbound
00:44:38     1000    105249    0,20    0,60    0,00    0,00    0,80     7  pidstat
00:44:38     1000    105281    9,80    0,20    0,00    0,00   10,00     4  java

00:44:33      UID       PID  minflt/s  majflt/s     VSZ     RSS   %MEM  Command
00:44:38        0      2975     13,80      0,00 1235352   13888   0,09  containerd-shim
00:44:38        0      2976     12,00      0,00 1235608   14928   0,09  containerd-shim
00:44:38        0      2977     14,60      0,00 1235352   15252   0,09  containerd-shim
00:44:38        0      2981     11,80      0,00 1235608   14444   0,09  containerd-shim
00:44:38        0      2982     11,40      0,00 1235608   14792   0,09  containerd-shim
00:44:38     1000      4570     37,40      0,00  105040   14668   0,09  pipewire
00:44:38     1000      4574     38,20      0,00  110852   15672   0,10  pipewire-pulse
00:44:38     1000      4708      9,00      0,00 5454532  346544   2,13  gnome-shell
00:44:38     1000      5504      0,20      0,00  778332   19920   0,12  xdg-desktop-por
00:44:38     1000      6317     37,40      0,00 1461668528  315044   1,94  antigravity
00:44:38     1000      6757     44,80      0,00 34367484  170236   1,05  antigravity
00:44:38     1000      6771      0,60      0,00 33903964   81164   0,50  antigravity
00:44:38     1000      6820    328,20      0,00 1461417264  666652   4,11  antigravity
00:44:38     1000      6924      0,80      0,00 1459611392  179928   1,11  antigravity
00:44:38     1000      7161      0,20      0,00 33951332   64332   0,40  antigravity
00:44:38     1000      7229    126,40      0,00 1461383544  129332   0,80  antigravity
00:44:38     1000      7244    341,00      0,00 1461351324  288584   1,78  antigravity
00:44:38     1000      7258      5,20      0,00 1461347760  125636   0,77  antigravity
00:44:38     1000      7260     22,40      0,00 1461367100  164176   1,01  antigravity
00:44:38     1000      8356      5,20      0,00 1459530528  100844   0,62  antigravity
00:44:38     1000      9291      7,20      0,00 55435272  374140   2,30  chrome
00:44:38     1000      9342      4,40      0,00 55467700  213584   1,32  chrome
00:44:38     1000      9345      8,00      0,00 54976356  135988   0,84  chrome
00:44:38     1000      9359      0,60      0,00 55015792   62536   0,39  chrome
00:44:38     1000     76014      0,40      0,00 1518513820  344912   2,12  chrome
00:44:38     1000     76063      0,20      0,00 55006444   86720   0,53  chrome
00:44:38     1000     99008      0,60      0,00    7664    3936   0,02  bash
00:44:38     1000    105281     19,40      0,00 6096352  248512   1,53  java

00:44:33      UID       PID   kB_rd/s   kB_wr/s kB_ccwr/s iodelay  Command
00:44:38     1000      4573      0,00      0,80      0,00       0  wireplumber
00:44:38     1000      4708      0,00     80,00      0,00       0  gnome-shell
00:44:38     1000      7244      0,00      0,80      0,00       0  antigravity
00:44:38     1000      9291      0,00      1,60      0,00       0  chrome
00:44:38     1000     99008      0,00    184,83     80,00       0  bash
00:44:38     1000    105249      0,00      1,10      0,00       0  pidstat
00:44:38     1000    105281      0,00      4,56      0,00       0  java

00:44:38      UID       PID    %usr %system  %guest   %wait    %CPU   CPU  Command
00:44:43      115       933    0,20    0,00    0,00    0,00    0,20     1  prometheus
00:44:43        0      1383    0,20    0,00    0,00    0,00    0,20     7  glances
00:44:43        0      1423    0,20    0,40    0,00    0,00    0,60     2  containerd
00:44:43        0      2310    0,40    0,00    0,00    0,00    0,40     0  dockerd
00:44:43      117      2312    0,60    0,20    0,00    0,00    0,80     3  grafana
00:44:43        0      2932    0,60    0,40    0,00    0,20    1,00     2  mount.ntfs-3g
00:44:43        0      2975    0,20    0,00    0,00    0,00    0,20     7  containerd-shim
00:44:43        0      2982    0,00    0,20    0,00    0,00    0,20     1  containerd-shim
00:44:43      999      3130    0,40    0,00    0,00    0,00    0,40     5  redis-server
00:44:43     1000      4708    1,00    0,60    0,00    0,20    1,60     4  gnome-shell
00:44:43     1000      6317    0,20    0,20    0,00    0,00    0,40     5  antigravity
00:44:43     1000      6339    1,00    0,00    0,00    0,00    1,00     3  gnome-terminal-
00:44:43     1000      6757    0,00    0,20    0,00    0,00    0,20     2  antigravity
00:44:43     1000      6820   12,80    0,60    0,00    0,00   13,40     3  antigravity
00:44:43     1000      7059    1,80    1,60    0,00    0,20    3,40     6  language_server
00:44:43     1000      7229    0,00    0,20    0,00    0,00    0,20     2  antigravity
00:44:43     1000      7244    1,40    0,40    0,00    0,20    1,80     6  antigravity
00:44:43     1000      7260    0,80    0,00    0,00    0,00    0,80     1  antigravity
00:44:43     1000      8267    1,60    1,40    0,00    0,00    3,00     7  language_server
00:44:43     1000      8356    0,20    0,00    0,00    0,20    0,20     7  antigravity
00:44:43     1000      9291    0,00    0,20    0,00    0,00    0,20     6  chrome
00:44:43     1000      9359    0,20    0,00    0,00    0,00    0,20     4  chrome
00:44:43     1000      9519    0,60    0,00    0,00    0,00    0,60     0  chrome
00:44:43        0     89647    0,00    0,20    0,00    0,20    0,20     3  kworker/u32:1-kvfree_rcu_reclaim
00:44:43     1000     91682    0,20    0,00    0,00    0,00    0,20     5  ssh
00:44:43     1000     98039    0,20    0,00    0,00    0,00    0,20     0  antigravity
00:44:43     1000    105249    0,20    0,40    0,00    0,00    0,60     4  pidstat
00:44:43     1000    105281    3,60    0,40    0,00    0,00    4,00     4  java

00:44:38      UID       PID  minflt/s  majflt/s     VSZ     RSS   %MEM  Command
00:44:43        0         1      0,20      0,00   24652   14916   0,09  systemd
00:44:43        0      1423      3,20      0,00 2463900   70308   0,43  containerd
00:44:43        0      2975     14,80      0,00 1235352   14144   0,09  containerd-shim
00:44:43        0      2976     13,00      0,00 1235608   15056   0,09  containerd-shim
00:44:43        0      2977      8,40      0,00 1235352   15380   0,09  containerd-shim
00:44:43        0      2981     14,60      0,00 1235608   14700   0,09  containerd-shim
00:44:43        0      2982     11,80      0,00 1235608   15048   0,09  containerd-shim
00:44:43     1000      4570      0,00      0,00  104092   14668   0,09  pipewire
00:44:43     1000      4708      6,40      0,00 5454532  346544   2,13  gnome-shell
00:44:43     1000      6317     35,40      0,00 1461668528  314620   1,94  antigravity
00:44:43     1000      6757      8,60      0,00 34367100  169880   1,05  antigravity
00:44:43     1000      6771      1,20      0,00 33903964   81164   0,50  antigravity
00:44:43     1000      6820    323,20      0,00 1461417264  655476   4,04  antigravity
00:44:43     1000      7161      0,20      0,00 33951332   64332   0,40  antigravity
00:44:43     1000      7229      8,40      0,00 1461383544  129460   0,80  antigravity
00:44:43     1000      7244    257,00      0,00 1461351324  288452   1,78  antigravity
00:44:43     1000      7258      3,00      0,00 1461347760  125636   0,77  antigravity
00:44:43     1000      7260     22,40      0,00 1461367100  164228   1,01  antigravity
00:44:43     1000      8356      5,40      0,00 1459530528  100844   0,62  antigravity
00:44:43     1000      9291     14,40      0,00 55435272  374140   2,30  chrome
00:44:43     1000      9342      2,20      0,00 55467700  213584   1,32  chrome
00:44:43     1000      9345      8,40      0,00 54976356  135860   0,84  chrome
00:44:43     1000      9359      0,60      0,00 55015792   62536   0,39  chrome
00:44:43     1000      9519    357,00      0,00 1518554232  364576   2,25  chrome
00:44:43     1000     76014      0,40      0,00 1518513820  344912   2,12  chrome
00:44:43     1000     76063      0,20      0,00 55006444   86720   0,53  chrome
00:44:43     1000    105281     99,00      0,00 6096352  250432   1,54  java

00:44:38      UID       PID   kB_rd/s   kB_wr/s kB_ccwr/s iodelay  Command
00:44:43     1000      9291      0,00      9,60      0,00       0  chrome
00:44:43     1000    105249      0,00      1,18      0,00       0  pidstat
00:44:43     1000    105281      0,00      3,05      0,00       0  java

00:44:43      UID       PID    %usr %system  %guest   %wait    %CPU   CPU  Command
00:44:48        0         1    0,20    0,00    0,00    0,00    0,20     7  systemd
00:44:48        0        17    0,00    0,20    0,00    0,00    0,20     2  rcu_preempt
00:44:48        0        86    0,00    0,20    0,00    0,00    0,20     1  irq/9-acpi
00:44:48      990       903    0,60    0,20    0,00    0,00    0,80     1  dbus-daemon
00:44:48      115       930    1,00    0,80    0,00    0,00    1,80     7  prometheus-node
00:44:48      115       933    0,20    0,00    0,00    0,00    0,20     1  prometheus
00:44:48        0      1391    0,20    0,00    0,00    0,00    0,20     1  tailscaled
00:44:48        0      1423    0,20    0,00    0,00    0,00    0,20     2  containerd
00:44:48        0      2310    0,40    0,00    0,00    0,00    0,40     0  dockerd
00:44:48      117      2312    0,60    0,40    0,00    0,00    1,00     3  grafana
00:44:48        0      2932    0,40    0,20    0,00    0,00    0,60     2  mount.ntfs-3g
00:44:48        0      2977    0,00    0,20    0,00    0,00    0,20     7  containerd-shim
00:44:48        0      2981    0,20    0,00    0,00    0,00    0,20     0  containerd-shim
00:44:48      999      3130    0,40    0,00    0,00    0,00    0,40     5  redis-server
00:44:48     1000      4708    0,80    0,20    0,00    0,00    1,00     1  gnome-shell
00:44:48     1000      6317    0,40    0,00    0,00    0,00    0,40     7  antigravity
00:44:48     1000      6339    1,00    0,00    0,00    0,00    1,00     3  gnome-terminal-
00:44:48     1000      6757    0,20    0,00    0,00    0,00    0,20     7  antigravity
00:44:48     1000      6820    1,20    0,20    0,00    0,00    1,40     4  antigravity
00:44:48     1000      7059    3,00    1,20    0,00    0,00    4,20     5  language_server
00:44:48     1000      7229    0,20    0,20    0,00    0,00    0,40     6  antigravity
00:44:48     1000      7244    1,40    0,80    0,00    0,00    2,20     3  antigravity
00:44:48     1000      7260    0,40    0,00    0,00    0,00    0,40     1  antigravity
00:44:48     1000      8267    1,60    1,80    0,00    0,00    3,40     7  language_server
00:44:48     1000      9291    0,20    0,00    0,00    0,00    0,20     1  chrome
00:44:48     1000    105249    0,20    0,20    0,00    0,00    0,40     4  pidstat
00:44:48     1000    105281    3,20    0,20    0,00    0,00    3,40     4  java

00:44:43      UID       PID  minflt/s  majflt/s     VSZ     RSS   %MEM  Command
00:44:48      115       930     56,40      0,00 1762312   25388   0,16  prometheus-node
00:44:48        0      2975      5,00      0,00 1235352   14144   0,09  containerd-shim
00:44:48        0      2977      1,60      0,00 1235352   15380   0,09  containerd-shim
00:44:48        0      2981      1,80      0,00 1235608   14700   0,09  containerd-shim
00:44:48        0      2982      0,40      0,00 1235608   15048   0,09  containerd-shim
00:44:48     1000      4708      0,60      0,00 5454468  346544   2,13  gnome-shell
00:44:48     1000      6317     37,60      0,00 1461668528  314864   1,94  antigravity
00:44:48     1000      6757      6,80      0,00 34359868  169880   1,05  antigravity
00:44:48     1000      6771      0,60      0,00 33903964   81164   0,50  antigravity
00:44:48     1000      6820    137,00      0,00 1461417264  657908   4,05  antigravity
00:44:48     1000      7161      0,40      0,00 33951332   64332   0,40  antigravity
00:44:48     1000      7229      5,00      0,00 1461383544  129460   0,80  antigravity
00:44:48     1000      7244    291,20      0,00 1461351324  288708   1,78  antigravity
00:44:48     1000      7258      3,00      0,00 1461347760  125636   0,77  antigravity
00:44:48     1000      7260     34,20      0,00 1461367100  164464   1,01  antigravity
00:44:48     1000      8356      5,20      0,00 1459530528  100844   0,62  antigravity
00:44:48     1000      9291     14,40      0,00 55435272  374140   2,30  chrome
00:44:48     1000      9342      2,20      0,00 55467700  213584   1,32  chrome
00:44:48     1000      9345      3,60      0,00 54976356  135860   0,84  chrome
00:44:48     1000      9359      0,60      0,00 55015792   62536   0,39  chrome
00:44:48     1000     76014      0,60      0,00 1518513820  344912   2,12  chrome
00:44:48     1000     76063      0,40      0,00 55006444   86720   0,53  chrome
00:44:48     1000    105281      5,40      0,00 6096352  250432   1,54  java

00:44:43      UID       PID   kB_rd/s   kB_wr/s kB_ccwr/s iodelay  Command
00:44:48     1000      7244      0,00      0,80      0,00       0  antigravity
00:44:48     1000      9291      0,00      1,60      0,00       0  chrome
00:44:48     1000    105249      0,00      1,01      0,00       0  pidstat
00:44:48     1000    105281      0,00      3,06      0,00       0  java

00:44:48      UID       PID    %usr %system  %guest   %wait    %CPU   CPU  Command
00:44:53      115       933    0,20    0,00    0,00    0,00    0,20     1  prometheus
00:44:53        0      1383    0,20    0,00    0,00    0,00    0,20     7  glances
00:44:53        0      1423    0,20    0,20    0,00    0,00    0,40     2  containerd
00:44:53        0      1554    0,00    0,20    0,00    0,00    0,20     0  apache2
00:44:53        0      2123    0,00    0,20    0,00    0,00    0,20     3  upowerd
00:44:53        0      2310    0,40    0,20    0,00    0,00    0,60     0  dockerd
00:44:53      117      2312    0,40    0,20    0,00    0,00    0,60     3  grafana
00:44:53        0      2932    0,20    0,40    0,00    0,00    0,60     7  mount.ntfs-3g
00:44:53        0      2976    0,20    0,00    0,00    0,00    0,20     6  containerd-shim
00:44:53        0      2977    0,20    0,00    0,00    0,00    0,20     7  containerd-shim
00:44:53        0      2982    0,00    0,20    0,00    0,00    0,20     1  containerd-shim
00:44:53      999      3130    0,40    0,20    0,00    0,00    0,60     5  redis-server
00:44:53     1000      4708    0,80    0,60    0,00    0,00    1,40     4  gnome-shell
00:44:53     1000      6317    0,20    0,00    0,00    0,00    0,20     6  antigravity
00:44:53     1000      6339    0,80    0,00    0,00    0,00    0,80     5  gnome-terminal-
00:44:53     1000      6757    0,20    0,00    0,00    0,00    0,20     7  antigravity
00:44:53     1000      6820    1,40    0,20    0,00    0,00    1,60     6  antigravity
00:44:53     1000      7059    1,60    1,80    0,00    0,00    3,40     7  language_server
00:44:53     1000      7229    0,00    0,20    0,00    0,00    0,20     6  antigravity
00:44:53     1000      7244    1,60    0,60    0,00    0,00    2,20     1  antigravity
00:44:53     1000      7260    0,40    0,20    0,00    0,00    0,60     3  antigravity
00:44:53     1000      8267    1,80    1,60    0,00    0,00    3,40     7  language_server
00:44:53     1000      9291    0,00    0,20    0,00    0,00    0,20     6  chrome
00:44:53     1000      9359    0,00    0,20    0,00   20,00    0,20     4  chrome
00:44:53     1000      9519    0,20    0,20    0,00    0,00    0,40     4  chrome
00:44:53     1000     91682    0,00    0,20    0,00    0,00    0,20     6  ssh
00:44:53        0     97469    0,20    0,00    0,00    0,00    0,20     5  kworker/5:2-mm_percpu_wq
00:44:53        0     97806    0,00    0,20    0,00    0,00    0,20     6  kworker/6:2-events
00:44:53        0    102824    0,20    0,00    0,00    0,00    0,20     1  kworker/1:1-events
00:44:53        0    104612    0,20    0,00    0,00    0,00    0,20     0  kworker/0:2-events
00:44:53     1000    105249    0,00    0,20    0,00    0,00    0,20     4  pidstat
00:44:53     1000    105281    2,80    0,40    0,00    0,00    3,20     4  java

00:44:48      UID       PID  minflt/s  majflt/s     VSZ     RSS   %MEM  Command
00:44:53        0      2975      4,40      0,00 1235352   14272   0,09  containerd-shim
00:44:53        0      2976      0,20      0,00 1235608   14892   0,09  containerd-shim
00:44:53        0      2977      2,00      0,00 1235352   15380   0,09  containerd-shim
00:44:53        0      2981      2,60      0,00 1235608   14700   0,09  containerd-shim
00:44:53        0      2982      2,40      0,00 1235608   15176   0,09  containerd-shim
00:44:53     1000      4708      2,00      0,00 5454468  346544   2,13  gnome-shell
00:44:53     1000      6317     32,40      0,00 1461668528  315248   1,94  antigravity
00:44:53     1000      6757     23,40      0,00 34359868  170136   1,05  antigravity
00:44:53     1000      6771      0,60      0,00 33903964   81164   0,50  antigravity
00:44:53     1000      6820    152,40      0,00 1461417264  658668   4,06  antigravity
00:44:53     1000      7161      0,20      0,00 33951332   64332   0,40  antigravity
00:44:53     1000      7229      2,60      0,00 1461383544  129460   0,80  antigravity
00:44:53     1000      7244    420,40      0,00 1461351324  289112   1,78  antigravity
00:44:53     1000      7258      3,00      0,00 1461347760  125636   0,77  antigravity
00:44:53     1000      7260     25,80      0,00 1461367100  164072   1,01  antigravity
00:44:53     1000      8356      5,40      0,00 1459530528  100844   0,62  antigravity
00:44:53     1000      9291      7,60      0,00 55435272  374140   2,30  chrome
00:44:53     1000      9342      2,20      0,00 55467700  213584   1,32  chrome
00:44:53     1000      9345      3,60      0,00 54976356  135860   0,84  chrome
00:44:53     1000      9359      1,20      0,00 55015792   62536   0,39  chrome
00:44:53     1000     76014      0,20      0,00 1518513820  344912   2,12  chrome
00:44:53     1000     76063      0,20      0,00 55006444   86720   0,53  chrome
00:44:53     1000    105281     13,40      0,00 6096352  250688   1,54  java

00:44:48      UID       PID   kB_rd/s   kB_wr/s kB_ccwr/s iodelay  Command
00:44:53     1000      9291      0,00      2,40      0,00       0  chrome
00:44:53     1000    105249      0,00      0,94      0,00       0  pidstat
00:44:53     1000    105281      0,00      3,06      0,00       0  java

00:44:53      UID       PID    %usr %system  %guest   %wait    %CPU   CPU  Command
00:44:58        0      1383    0,20    0,00    0,00    0,00    0,20     7  glances
00:44:58        0      1391    0,00    0,20    0,00    0,00    0,20     1  tailscaled
00:44:58        0      1411    0,00    0,20    0,00    0,00    0,20     6  anydesk
00:44:58        0      1423    0,40    0,20    0,00    0,00    0,60     2  containerd
00:44:58        0      2310    0,20    0,00    0,00    0,00    0,20     0  dockerd
00:44:58      117      2312    0,60    0,20    0,00    0,00    0,80     3  grafana
00:44:58        0      2932    0,60    0,20    0,00    0,00    0,80     1  mount.ntfs-3g
00:44:58        0      2975    0,20    0,00    0,00    0,00    0,20     7  containerd-shim
00:44:58        0      2976    0,20    0,00    0,00    0,00    0,20     6  containerd-shim
00:44:58        0      2981    0,20    0,00    0,00    0,00    0,20     0  containerd-shim
00:44:58      999      3130    0,20    0,00    0,00    0,00    0,20     5  redis-server
00:44:58     1000      4708    0,80    0,20    0,00    0,00    1,00     3  gnome-shell
00:44:58     1000      6317    0,20    0,00    0,00    0,00    0,20     7  antigravity
00:44:58     1000      6339    0,40    0,00    0,00    0,00    0,40     5  gnome-terminal-
00:44:58     1000      6820    1,20    0,00    0,00    0,00    1,20     1  antigravity
00:44:58     1000      7059    1,60    1,60    0,00    0,00    3,20     7  language_server
00:44:58     1000      7229    0,20    0,20    0,00    0,00    0,40     0  antigravity
00:44:58     1000      7244    1,60    0,40    0,00    0,00    2,00     6  antigravity
00:44:58     1000      7260    0,60    0,00    0,00    0,00    0,60     6  antigravity
00:44:58     1000      8267    1,60    1,60    0,00    0,00    3,20     7  language_server
00:44:58     1000      8356    0,20    0,20    0,00    0,00    0,40     7  antigravity
00:44:58     1000      9291    0,20    0,00    0,00    0,00    0,20     1  chrome
00:44:58     1000      9500    0,20    0,00    0,00    0,00    0,20     0  chrome
00:44:58     1000      9519    0,20    0,00    0,00    0,00    0,20     2  chrome
00:44:58     1000    105249    0,40    0,20    0,00    0,00    0,60     4  pidstat
00:44:58     1000    105281    2,60    0,60    0,00    0,00    3,20     4  java

00:44:53      UID       PID  minflt/s  majflt/s     VSZ     RSS   %MEM  Command
00:44:58        0      2975      0,00      0,00 1235352   13600   0,08  containerd-shim
00:44:58        0      2976      0,40      0,00 1235608   14188   0,09  containerd-shim
00:44:58        0      2977      7,00      0,00 1235352   15076   0,09  containerd-shim
00:44:58        0      2981      0,60      0,00 1235608   14000   0,09  containerd-shim
00:44:58        0      2982      4,40      0,00 1235608   14824   0,09  containerd-shim
00:44:58     1000      4708      5,40      0,00 5454468  346544   2,13  gnome-shell
00:44:58     1000      6317     32,00      0,00 1461668528  315280   1,94  antigravity
00:44:58     1000      6757      9,00      0,00 34359868  169996   1,05  antigravity
00:44:58     1000      6771      0,60      0,00 33903964   81164   0,50  antigravity
00:44:58     1000      6820    158,00      0,00 1461417264  661228   4,07  antigravity
00:44:58     1000      7161      0,20      0,00 33951332   64332   0,40  antigravity
00:44:58     1000      7229      3,40      0,00 1461383544  129460   0,80  antigravity
00:44:58     1000      7244    309,80      0,00 1461351324  289344   1,78  antigravity
00:44:58     1000      7258      5,60      0,00 1461347760  125764   0,77  antigravity
00:44:58     1000      7260     27,20      0,00 1461367100  164052   1,01  antigravity
00:44:58     1000      8356      5,20      0,00 1459530528  100844   0,62  antigravity
00:44:58     1000      9291     11,40      0,00 55435272  374268   2,31  chrome
00:44:58     1000      9342      4,40      0,00 55467700  213584   1,32  chrome
00:44:58     1000      9345      8,00      0,00 54976356  135860   0,84  chrome
00:44:58     1000      9359      0,60      0,00 55015792   62536   0,39  chrome
00:44:58     1000     76014      0,40      0,00 1518513820  344912   2,12  chrome
00:44:58     1000     76063      0,20      0,00 55006444   86720   0,53  chrome
00:44:58     1000    105281      6,20      0,00 6096352  253004   1,56  java

00:44:53      UID       PID   kB_rd/s   kB_wr/s kB_ccwr/s iodelay  Command
00:44:58     1000      9291      0,00      3,20      0,00       0  chrome
00:44:58     1000    105249      0,00      1,02      0,00       0  pidstat
00:44:58     1000    105281      0,00      3,06      0,00       0  java

00:44:58      UID       PID    %usr %system  %guest   %wait    %CPU   CPU  Command
00:45:03        0         1    0,40    0,40    0,00    0,00    0,80     5  systemd
00:45:03        0        86    0,00    0,20    0,00    0,00    0,20     1  irq/9-acpi
00:45:03        0       376    0,00    0,20    0,00    0,00    0,20     6  systemd-journal
00:45:03        0       408    0,20    0,00    0,00    0,00    0,20     3  systemd-udevd
00:45:03      102       898    0,20    0,20    0,00    0,00    0,40     6  avahi-daemon
00:45:03      990       903    1,60    0,00    0,00    0,00    1,60     2  dbus-daemon
00:45:03      115       930    1,40    1,20    0,00    0,00    2,60     5  prometheus-node
00:45:03      115       933    0,40    0,00    0,00    0,00    0,40     1  prometheus
00:45:03        0      1079    0,40    0,00    0,00    0,20    0,40     5  NetworkManager
00:45:03        0      1391    0,40    0,20    0,00    0,00    0,60     1  tailscaled
00:45:03        0      1423    0,60    0,40    0,00    0,00    1,00     2  containerd
00:45:03        0      2309    0,20    0,00    0,00    0,00    0,20     3  cups-browsed
00:45:03        0      2310    1,00    1,00    0,00    0,00    2,00     0  dockerd
00:45:03      117      2312    0,60    0,60    0,00    0,00    1,20     3  grafana
00:45:03        0      2932    0,20    0,40    0,00    0,00    0,60     3  mount.ntfs-3g
00:45:03        0      2975    0,00    0,20    0,00    0,00    0,20     7  containerd-shim
00:45:03        0      2977    0,20    0,00    0,00    0,00    0,20     7  containerd-shim
00:45:03        0      2981    0,00    0,20    0,00    0,00    0,20     0  containerd-shim
00:45:03        0      2982    0,00    0,20    0,00    0,00    0,20     1  containerd-shim
00:45:03      999      3130    0,40    0,20    0,00    0,00    0,60     6  redis-server
00:45:03     1000      4549    0,20    0,20    0,00    0,00    0,40     2  systemd
00:45:03     1000      4569    0,20    0,00    0,00    0,00    0,20     3  dbus-daemon
00:45:03     1000      4708    1,20    0,60    0,00    0,00    1,80     1  gnome-shell
00:45:03     1000      5021    0,20    0,00    0,00    0,00    0,20     0  gsd-housekeepin
00:45:03     1000      5055    0,00    0,20    0,00    0,00    0,20     7  gsd-sharing
00:45:03     1000      5268    0,20    0,00    0,00    0,00    0,20     7  gvfs-udisks2-vo
00:45:03     1000      6317    0,20    0,20    0,00    0,00    0,40     7  antigravity
00:45:03     1000      6339    1,20    0,00    0,00    0,00    1,20     2  gnome-terminal-
00:45:03     1000      6757    0,20    0,20    0,00    0,00    0,40     2  antigravity
00:45:03     1000      6820    1,20    0,20    0,00    0,00    1,40     5  antigravity
00:45:03     1000      7059    1,40    1,80    0,00    0,00    3,20     4  language_server
00:45:03     1000      7229    0,40    0,20    0,00    0,00    0,60     3  antigravity
00:45:03     1000      7244    1,20    0,80    0,00    0,00    2,00     3  antigravity
00:45:03     1000      7260    0,40    0,00    0,00    0,00    0,40     3  antigravity
00:45:03     1000      8267    1,60    1,40    0,00    0,00    3,00     7  language_server
00:45:03     1000     76063    0,00    0,20    0,00    0,00    0,20     7  chrome
00:45:03     1000     98039    0,20    0,00    0,00    0,00    0,20     1  antigravity
00:45:03        0     99361    0,00    0,20    0,00    0,00    0,20     0  kworker/u32:3-events_unbound
00:45:03     1000    105249    0,00    0,40    0,00    0,00    0,40     4  pidstat
00:45:03     1000    105281    2,80    0,20    0,00    0,00    3,00     4  java

00:44:58      UID       PID  minflt/s  majflt/s     VSZ     RSS   %MEM  Command
00:45:03        0         1      0,60      0,00   24652   14916   0,09  systemd
00:45:03        0       376     49,60      0,00  188968  108820   0,67  systemd-journal
00:45:03        0       408     94,80      0,00   37544   10908   0,07  systemd-udevd
00:45:03        0       902      1,60      0,00    6792    2752   0,02  cron
00:45:03      115       930    118,60      0,00 1762312   25908   0,16  prometheus-node
00:45:03      115       933     12,00      0,00 2711492  114148   0,70  prometheus
00:45:03        0      2310      0,20      0,00 3498856  111800   0,69  dockerd
00:45:03      117      2312      0,00      0,00 1765600  349980   2,16  grafana
00:45:03        0      2975      9,60      0,00 1235352   13856   0,09  containerd-shim
00:45:03        0      2976      6,00      0,00 1235608   14316   0,09  containerd-shim
00:45:03        0      2977      8,40      0,00 1235352   15076   0,09  containerd-shim
00:45:03        0      2981     10,00      0,00 1235608   14128   0,09  containerd-shim
00:45:03        0      2982      7,40      0,00 1235608   14952   0,09  containerd-shim
00:45:03     1000      4708      3,20      0,00 5454596  346544   2,13  gnome-shell
00:45:03        0      5954      0,20      0,00  370300   46692   0,29  fwupd
00:45:03     1000      6317     35,40      0,00 1461668528  314844   1,94  antigravity
00:45:03     1000      6757      6,60      0,00 34359484  169660   1,05  antigravity
00:45:03     1000      6771      1,20      0,00 33903964   81164   0,50  antigravity
00:45:03     1000      6820    195,80      0,00 1461417264  663800   4,09  antigravity
00:45:03     1000      7161      0,20      0,00 33951332   64332   0,40  antigravity
00:45:03     1000      7229    103,00      0,00 1461383544  129460   0,80  antigravity
00:45:03     1000      7244    308,40      0,00 1461351324  289080   1,78  antigravity
00:45:03     1000      7258      3,40      0,00 1461347760  125764   0,77  antigravity
00:45:03     1000      7260     19,20      0,00 1461367100  164308   1,01  antigravity
00:45:03     1000      8356      5,00      0,00 1459530528  100844   0,62  antigravity
00:45:03     1000      9291      7,20      0,00 55435272  374268   2,31  chrome
00:45:03     1000      9342      2,20      0,00 55467700  213584   1,32  chrome
00:45:03     1000      9345      3,80      0,00 54976356  135860   0,84  chrome
00:45:03     1000      9359      0,60      0,00 55015792   62536   0,39  chrome
00:45:03     1000      9519      0,00      0,00 1518554232  355048   2,19  chrome
00:45:03     1000     76014      0,60      0,00 1518513820  344912   2,12  chrome
00:45:03     1000     76063      0,20      0,00 55006444   86720   0,53  chrome
00:45:03     1000    105281      3,40      0,00 6096352  253004   1,56  java
00:45:03        0    106145     55,00      0,00   37548    7060   0,04  (udev-worker)
00:45:03        0    106158     27,00      0,00   37548    6784   0,04  (udev-worker)
00:45:03        0    106159     27,60      0,00   37548    6784   0,04  (udev-worker)
00:45:03        0    106160     27,20      0,00   37548    6784   0,04  (udev-worker)
00:45:03        0    106161     27,80      0,00   37548    6784   0,04  (udev-worker)
00:45:03        0    106162     27,20      0,00   37548    6784   0,04  (udev-worker)
00:45:03        0    106164     27,20      0,00   37548    6784   0,04  (udev-worker)
00:45:03        0    106165     27,00      0,00   37548    6784   0,04  (udev-worker)
00:45:03        0    106167     27,00      0,00   37548    6784   0,04  (udev-worker)
00:45:03        0    106168     27,40      0,00   37548    6784   0,04  (udev-worker)
00:45:03        0    106169     27,00      0,00   37548    6784   0,04  (udev-worker)
00:45:03        0    106170     27,60      0,00   37548    6784   0,04  (udev-worker)
00:45:03        0    106171     27,20      0,00   37548    6784   0,04  (udev-worker)
00:45:03        0    106173     60,60      0,00   37548    7060   0,04  (udev-worker)
00:45:03        0    106174     34,80      0,00   37548    6784   0,04  (udev-worker)
00:45:03        0    106175     26,80      0,00   37548    6784   0,04  (udev-worker)

00:44:58      UID       PID   kB_rd/s   kB_wr/s kB_ccwr/s iodelay  Command
00:45:03     1000    105249      0,00      0,91      0,00       0  pidstat
00:45:03     1000    105281      0,00      3,12      0,00       0  java

00:45:03      UID       PID    %usr %system  %guest   %wait    %CPU   CPU  Command
00:45:08        0        17    0,00    0,20    0,00    0,00    0,20     6  rcu_preempt
00:45:08      115       933    0,20    0,00    0,00    0,00    0,20     1  prometheus
00:45:08        0      1383    0,20    0,00    0,00    0,00    0,20     7  glances
00:45:08        0      1423    0,20    0,40    0,00    0,00    0,60     2  containerd
00:45:08        0      2310    0,40    0,00    0,00    0,00    0,40     0  dockerd
00:45:08      117      2312    1,00    0,00    0,00    0,00    1,00     3  grafana
00:45:08        0      2932    0,60    0,20    0,00    0,00    0,80     7  mount.ntfs-3g
00:45:08        0      2976    0,20    0,00    0,00    0,00    0,20     6  containerd-shim
00:45:08        0      2977    0,00    0,20    0,00    0,00    0,20     7  containerd-shim
00:45:08      999      3130    0,40    0,00    0,00    0,00    0,40     6  redis-server
00:45:08     1000      4708    0,80    0,20    0,00    0,00    1,00     3  gnome-shell
00:45:08     1000      6317    0,20    0,00    0,00    0,00    0,20     7  antigravity
00:45:08     1000      6339    0,60    0,00    0,00    0,00    0,60     2  gnome-terminal-
00:45:08     1000      6757    0,20    0,00    0,00    0,00    0,20     3  antigravity
00:45:08     1000      6820    1,20    0,40    0,00    0,00    1,60     7  antigravity
00:45:08     1000      7059    2,00    1,60    0,00    0,00    3,60     7  language_server
00:45:08     1000      7229    0,20    0,00    0,00    0,00    0,20     0  antigravity
00:45:08     1000      7244    1,40    0,60    0,00    0,00    2,00     2  antigravity
00:45:08     1000      7260    0,80    0,20    0,00    0,00    1,00     6  antigravity
00:45:08     1000      8267    2,20    1,00    0,00    0,00    3,20     7  language_server
00:45:08     1000      8356    0,00    0,20    0,00    4,00    0,20     7  antigravity
00:45:08     1000      9291    0,20    0,20    0,00    0,00    0,40     6  chrome
00:45:08     1000      9345    0,20    0,00    0,00    0,00    0,20     6  chrome
00:45:08     1000      9519    0,20    0,00    0,00    0,00    0,20     3  chrome
00:45:08     1000     76025    0,20    0,00    0,00    0,00    0,20     7  chrome
00:45:08        0     95637    0,00    0,20    0,00    0,00    0,20     3  kworker/3:0-events
00:45:08     1000    105249    0,20    0,40    0,00    0,00    0,60     4  pidstat
00:45:08     1000    105281    1,00    0,60    0,00    0,00    1,60     4  java

00:45:03      UID       PID  minflt/s  majflt/s     VSZ     RSS   %MEM  Command
00:45:08        0       408      1,20      0,00   37544   10908   0,07  systemd-udevd
00:45:08        0      1423     11,60      0,00 2463900   70564   0,43  containerd
00:45:08        0      2975     13,20      0,00 1235352   14112   0,09  containerd-shim
00:45:08        0      2976     10,60      0,00 1235608   14316   0,09  containerd-shim
00:45:08        0      2977      5,00      0,00 1235352   15204   0,09  containerd-shim
00:45:08        0      2981     12,20      0,00 1235608   14256   0,09  containerd-shim
00:45:08        0      2982     14,40      0,00 1235608   14952   0,09  containerd-shim
00:45:08     1000      4708      6,20      0,00 5454660  346416   2,13  gnome-shell
00:45:08     1000      6317     33,60      0,00 1461668528  314828   1,94  antigravity
00:45:08     1000      6757      6,40      0,00 34359356  169788   1,05  antigravity
00:45:08     1000      6771      0,60      0,00 33903964   81164   0,50  antigravity
00:45:08     1000      6820    138,20      0,00 1461417264  666232   4,10  antigravity
00:45:08     1000      7161      0,40      0,00 33951332   64332   0,40  antigravity
00:45:08     1000      7229    122,20      0,00 1461383544  129588   0,80  antigravity
00:45:08     1000      7244    274,20      0,00 1461351324  289336   1,78  antigravity
00:45:08     1000      7258      3,00      0,00 1461347760  125764   0,77  antigravity
00:45:08     1000      7260     22,60      0,00 1461367100  164164   1,01  antigravity
00:45:08     1000      8356      5,20      0,00 1459530528  100844   0,62  antigravity
00:45:08     1000      9291     14,00      0,00 55435272  374268   2,31  chrome
00:45:08     1000      9342      2,20      0,00 55467700  213584   1,32  chrome
00:45:08     1000      9345      3,80      0,00 54976356  135860   0,84  chrome
00:45:08     1000      9359      0,60      0,00 55015792   62536   0,39  chrome
00:45:08     1000     76014      0,40      0,00 1518513820  344912   2,12  chrome
00:45:08     1000     76063      0,40      0,00 55006444   86720   0,53  chrome
00:45:08     1000    105281      0,20      0,00 6096352  253004   1,56  java

00:45:03      UID       PID   kB_rd/s   kB_wr/s kB_ccwr/s iodelay  Command
00:45:08     1000      7244      0,00      1,60      0,00       0  antigravity
00:45:08     1000    105249      0,00      1,57      0,00       0  pidstat
00:45:08     1000    105281      0,00      3,06      0,00       0  java

00:45:08      UID       PID    %usr %system  %guest   %wait    %CPU   CPU  Command
00:45:13      986       924    0,20    0,00    0,00    0,00    0,20     0  polkitd
00:45:13      115       933    0,20    0,00    0,00    0,00    0,20     1  prometheus
00:45:13        0      1383    0,20    0,00    0,00    0,00    0,20     7  glances
00:45:13        0      1391    0,20    0,00    0,00    0,00    0,20     1  tailscaled
00:45:13        0      1423    0,20    0,20    0,00    0,00    0,40     2  containerd
00:45:13      114      1630    0,20    0,00    0,00    0,00    0,20     3  postgres
00:45:13        0      2310    0,40    0,20    0,00    0,00    0,60     0  dockerd
00:45:13      117      2312    0,60    0,40    0,00    0,00    1,00     3  grafana
00:45:13        0      2932    0,20    0,20    0,00    0,00    0,40     7  mount.ntfs-3g
00:45:13        0      2975    0,00    0,20    0,00    0,00    0,20     7  containerd-shim
00:45:13        0      2981    0,20    0,00    0,00    0,00    0,20     0  containerd-shim
00:45:13        0      2982    0,20    0,00    0,00    0,00    0,20     1  containerd-shim
00:45:13      999      3130    0,40    0,00    0,00    0,00    0,40     7  redis-server
00:45:13     1000      4708    0,80    0,40    0,00    0,00    1,20     2  gnome-shell
00:45:13     1000      6317    0,20    0,00    0,00    0,00    0,20     6  antigravity
00:45:13     1000      6339    0,60    0,00    0,00    0,00    0,60     5  gnome-terminal-
00:45:13     1000      6820   12,80    0,40    0,00    0,20   13,20     7  antigravity
00:45:13     1000      7059    1,80    1,40    0,00    0,80    3,20     1  language_server
00:45:13     1000      7229    0,00    0,20    0,00    0,00    0,20     0  antigravity
00:45:13     1000      7244    1,40    0,40    0,00    0,00    1,80     1  antigravity
00:45:13     1000      7260    1,00    0,20    0,00    0,00    1,20     2  antigravity
00:45:13     1000      8267    2,80    0,40    0,00    0,00    3,20     7  language_server
00:45:13     1000      9291    0,20    0,00    0,00    0,20    0,20     6  chrome
00:45:13     1000      9519    0,20    0,00    0,00    0,00    0,20     7  chrome
00:45:13     1000     76014    0,20    0,00    0,00    0,00    0,20     4  chrome
00:45:13     1000    105249    0,20    0,20    0,00    0,00    0,40     4  pidstat
00:45:13     1000    105281    2,40    0,20    0,00    0,00    2,60     4  java

00:45:08      UID       PID  minflt/s  majflt/s     VSZ     RSS   %MEM  Command
00:45:13      114      1526      3,80      0,00  218252   29568   0,18  postgres
00:45:13        0      2975     11,80      0,00 1235352   14368   0,09  containerd-shim
00:45:13        0      2976     10,40      0,00 1235608   14700   0,09  containerd-shim
00:45:13        0      2977      6,60      0,00 1235352   15204   0,09  containerd-shim
00:45:13        0      2981     10,80      0,00 1235608   14512   0,09  containerd-shim
00:45:13        0      2982     11,40      0,00 1235608   15080   0,09  containerd-shim
00:45:13     1000      4708      0,80      0,00 5454660  346416   2,13  gnome-shell
00:45:13     1000      6317     36,80      0,00 1461668528  315340   1,94  antigravity
00:45:13     1000      6757     24,20      0,00 34359356  170044   1,05  antigravity
00:45:13     1000      6771      0,60      0,00 33903964   81164   0,50  antigravity
00:45:13     1000      6820    355,00      0,00 1461417264  656056   4,04  antigravity
00:45:13     1000      7161      0,20      0,00 33951332   64332   0,40  antigravity
00:45:13     1000      7229     13,60      0,00 1461383544  129448   0,80  antigravity
00:45:13     1000      7244    291,60      0,00 1461351324  289072   1,78  antigravity
00:45:13     1000      7258      2,80      0,00 1461347760  125764   0,77  antigravity
00:45:13     1000      7260     54,60      0,00 1461367100  164272   1,01  antigravity
00:45:13     1000      8356      5,40      0,00 1459530528  100844   0,62  antigravity
00:45:13     1000      9291     10,80      0,00 55435272  374268   2,31  chrome
00:45:13     1000      9342      2,20      0,00 55467700  213584   1,32  chrome
00:45:13     1000      9345      4,80      0,00 54976356  135860   0,84  chrome
00:45:13     1000      9359      1,20      0,00 55015792   62536   0,39  chrome
00:45:13     1000     76014      0,40      0,00 1518513820  344912   2,12  chrome
00:45:13     1000     76063      0,20      0,00 55006444   86720   0,53  chrome
00:45:13     1000    105281      2,20      0,00 6096352  253004   1,56  java

00:45:08      UID       PID   kB_rd/s   kB_wr/s kB_ccwr/s iodelay  Command
00:45:13     1000      9291      0,00      0,80      0,00       0  chrome
00:45:13     1000      9345      0,00     12,80      0,00       0  chrome
00:45:13     1000    105249      0,00      0,98      0,00       0  pidstat
00:45:13     1000    105281      0,00      3,06      0,00       0  java

00:45:13      UID       PID    %usr %system  %guest   %wait    %CPU   CPU  Command
00:45:18        0         1    0,20    0,00    0,00    0,00    0,20     6  systemd
00:45:18        0        86    0,00    0,20    0,00    0,00    0,20     1  irq/9-acpi
00:45:18        0       120    0,00    0,20    0,00    0,00    0,20     1  kworker/u33:0-i915_flip
00:45:18      990       903    0,60    0,00    0,00    0,00    0,60     4  dbus-daemon
00:45:18      115       930    1,20    0,40    0,00    0,00    1,60     7  prometheus-node
00:45:18      115       933    0,20    0,00    0,00    0,00    0,20     1  prometheus
00:45:18        0      1423    0,20    0,20    0,00    0,00    0,40     2  containerd
00:45:18        0      2310    0,20    0,20    0,00    0,00    0,40     0  dockerd
00:45:18      117      2312    0,40    0,40    0,00    0,00    0,80     3  grafana
00:45:18        0      2932    0,60    0,20    0,00    0,00    0,80     3  mount.ntfs-3g
00:45:18        0      2982    0,00    0,20    0,00    0,00    0,20     1  containerd-shim
00:45:18      999      3130    0,40    0,00    0,00    0,00    0,40     7  redis-server
00:45:18     1000      4708    1,00    0,40    0,00    0,00    1,40     4  gnome-shell
00:45:18     1000      6317    0,20    0,00    0,00    0,00    0,20     6  antigravity
00:45:18     1000      6339    1,20    0,00    0,00    0,00    1,20     7  gnome-terminal-
00:45:18     1000      6757    0,20    0,20    0,00    0,00    0,40     3  antigravity
00:45:18     1000      6820    1,20    0,40    0,00    0,00    1,60     3  antigravity
00:45:18     1000      7059    1,20    2,00    0,00    0,00    3,20     7  language_server
00:45:18     1000      7229    0,20    0,20    0,00    0,00    0,40     0  antigravity
00:45:18     1000      7244    9,60    1,20    0,00    0,00   10,80     2  antigravity
00:45:18     1000      7260    0,80    0,00    0,00    0,00    0,80     5  antigravity
00:45:18     1000      8267    1,20    2,00    0,00    0,00    3,20     7  language_server
00:45:18     1000      8356    0,20    0,00    0,00    0,00    0,20     2  antigravity
00:45:18     1000      9291    0,20    0,00    0,00    0,00    0,20     1  chrome
00:45:18     1000      9390    0,20    0,00    0,00    0,00    0,20     3  chrome
00:45:18     1000      9519    0,20    0,00    0,00    0,00    0,20     4  chrome
00:45:18     1000     91682    0,00    0,20    0,00    0,00    0,20     6  ssh
00:45:18        0     97806    0,00    0,20    0,00    0,00    0,20     6  kworker/6:2-i915-unordered
00:45:18        0    103256    0,20    0,00    0,00    0,00    0,20     0  kworker/u32:4-kvfree_rcu_reclaim
00:45:18     1000    105249    0,00    0,40    0,00    0,00    0,40     6  pidstat
00:45:18     1000    105281    2,40    0,40    0,00    0,00    2,80     4  java

00:45:13      UID       PID  minflt/s  majflt/s     VSZ     RSS   %MEM  Command
00:45:18      115       930     80,40      0,00 1762312   25776   0,16  prometheus-node
00:45:18        0      2975      4,60      0,00 1235352   14368   0,09  containerd-shim
00:45:18        0      2976      2,20      0,00 1235608   14700   0,09  containerd-shim
00:45:18        0      2977      3,00      0,00 1235352   15204   0,09  containerd-shim
00:45:18        0      2981      4,40      0,00 1235608   14640   0,09  containerd-shim
00:45:18        0      2982      1,20      0,00 1235608   15080   0,09  containerd-shim
00:45:18     1000      4708      6,20      0,00 5454660  346544   2,13  gnome-shell
00:45:18     1000      6317     32,80      0,00 1461668528  315168   1,94  antigravity
00:45:18     1000      6757      8,80      0,00 34359356  170172   1,05  antigravity
00:45:18     1000      6771      0,60      0,00 33903964   81164   0,50  antigravity
00:45:18     1000      6820    152,00      0,00 1461417264  658872   4,06  antigravity
00:45:18     1000      7161      0,20      0,00 33951332   64332   0,40  antigravity
00:45:18     1000      7229      2,40      0,00 1461383544  129448   0,80  antigravity
00:45:18     1000      7244   1285,80      0,00 1461351324  287108   1,77  antigravity
00:45:18     1000      7258      5,80      0,00 1461347760  125764   0,77  antigravity
00:45:18     1000      7260    154,80      0,00 1461367100  164272   1,01  antigravity
00:45:18     1000      8356      5,20      0,00 1459530528  100844   0,62  antigravity
00:45:18     1000      9291      7,60      0,00 55435272  374268   2,31  chrome
00:45:18     1000      9342      4,40      0,00 55467700  213584   1,32  chrome
00:45:18     1000      9345      7,80      0,00 54976356  135860   0,84  chrome
00:45:18     1000      9359      0,60      0,00 55015792   62536   0,39  chrome
00:45:18     1000     76014      0,40      0,00 1518513820  344912   2,12  chrome
00:45:18     1000     76063      0,20      0,00 55006444   86720   0,53  chrome
00:45:18     1000    105281      7,80      0,00 6096352  252788   1,56  java

00:45:13      UID       PID   kB_rd/s   kB_wr/s kB_ccwr/s iodelay  Command
00:45:18     1000      9291      0,00      2,40      0,00       0  chrome
00:45:18     1000    105249      0,00      0,96      0,00       0  pidstat
00:45:18     1000    105281      0,00      3,27      0,00       0  java

Rata-rata:    UID       PID    %usr %system  %guest   %wait    %CPU   CPU  Command
Rata-rata:      0         1    0,09    0,05    0,00    0,00    0,14     -  systemd
Rata-rata:      0        17    0,00    0,05    0,00    0,45    0,05     -  rcu_preempt
Rata-rata:      0        39    0,00    0,01    0,00    0,01    0,01     -  ksoftirqd/3
Rata-rata:      0        57    0,00    0,01    0,00    0,00    0,01     -  ksoftirqd/6
Rata-rata:      0        86    0,00    0,06    0,00    0,00    0,06     -  irq/9-acpi
Rata-rata:      0       120    0,00    0,04    0,00    0,00    0,04     -  kworker/u33:0-i915_flip
Rata-rata:      0       317    0,00    0,01    0,00    0,00    0,01     -  jbd2/sda6-8
Rata-rata:      0       376    0,00    0,01    0,00    0,00    0,01     -  systemd-journal
Rata-rata:      0       408    0,02    0,01    0,00    0,02    0,03     -  systemd-udevd
Rata-rata:    102       898    0,01    0,01    0,00    0,00    0,02     -  avahi-daemon
Rata-rata:    990       903    0,30    0,04    0,00    0,00    0,34     -  dbus-daemon
Rata-rata:    986       924    0,01    0,00    0,00    0,01    0,01     -  polkitd
Rata-rata:    115       930    0,44    0,22    0,00    0,00    0,65     -  prometheus-node
Rata-rata:    115       933    0,17    0,01    0,00    0,00    0,18     -  prometheus
Rata-rata:      0      1079    0,03    0,00    0,00    0,01    0,03     -  NetworkManager
Rata-rata:      0      1383    0,14    0,01    0,00    0,00    0,15     -  glances
Rata-rata:      0      1391    0,12    0,07    0,00    0,01    0,19     -  tailscaled
Rata-rata:      0      1411    0,01    0,02    0,00    0,00    0,03     -  anydesk
Rata-rata:      0      1423    0,34    0,15    0,00    0,00    0,49     -  containerd
Rata-rata:      0      1554    0,01    0,01    0,00    0,00    0,02     -  apache2
Rata-rata:    114      1630    0,01    0,00    0,00    0,00    0,01     -  postgres
Rata-rata:      0      2123    0,00    0,01    0,00    0,00    0,01     -  upowerd
Rata-rata:      0      2309    0,01    0,01    0,00    0,00    0,02     -  cups-browsed
Rata-rata:      0      2310    0,41    0,22    0,00    0,00    0,63     -  dockerd
Rata-rata:    117      2312    0,68    0,29    0,00    0,00    0,97     -  grafana
Rata-rata:      0      2932    0,32    0,25    0,00    0,01    0,56     -  mount.ntfs-3g
Rata-rata:      0      2975    0,05    0,05    0,00    0,00    0,11     -  containerd-shim
Rata-rata:      0      2976    0,06    0,05    0,00    0,00    0,11     -  containerd-shim
Rata-rata:      0      2977    0,06    0,05    0,00    0,00    0,12     -  containerd-shim
Rata-rata:      0      2981    0,05    0,05    0,00    0,00    0,11     -  containerd-shim
Rata-rata:      0      2982    0,07    0,05    0,00    0,00    0,13     -  containerd-shim
Rata-rata:    999      3130    0,38    0,05    0,00    0,00    0,44     -  redis-server
Rata-rata:   1000      4549    0,03    0,01    0,00    0,00    0,04     -  systemd
Rata-rata:   1000      4569    0,02    0,00    0,00    0,00    0,02     -  dbus-daemon
Rata-rata:   1000      4570    0,00    0,01    0,00    0,00    0,01     -  pipewire
Rata-rata:   1000      4573    0,02    0,00    0,00    0,00    0,02     -  wireplumber
Rata-rata:   1000      4574    0,01    0,00    0,00    0,00    0,01     -  pipewire-pulse
Rata-rata:   1000      4708    1,07    0,51    0,00    0,01    1,58     -  gnome-shell
Rata-rata:   1000      4717    0,01    0,00    0,00    0,00    0,01     -  dbus-daemon
Rata-rata:   1000      5021    0,01    0,00    0,00    0,00    0,01     -  gsd-housekeepin
Rata-rata:   1000      5043    0,01    0,01    0,00    0,00    0,02     -  gnome-software
Rata-rata:   1000      5055    0,00    0,01    0,00    0,00    0,01     -  gsd-sharing
Rata-rata:   1000      5107    0,00    0,01    0,00    0,00    0,01     -  anydesk
Rata-rata:   1000      5268    0,01    0,00    0,00    0,00    0,01     -  gvfs-udisks2-vo
Rata-rata:   1000      5504    0,01    0,01    0,00    0,00    0,02     -  xdg-desktop-por
Rata-rata:      0      5954    0,00    0,01    0,00    0,00    0,01     -  fwupd
Rata-rata:   1000      6317    0,25    0,08    0,00    0,00    0,34     -  antigravity
Rata-rata:   1000      6339    0,75    0,02    0,00    0,00    0,77     -  gnome-terminal-
Rata-rata:   1000      6757    0,24    0,07    0,00    0,00    0,31     -  antigravity
Rata-rata:   1000      6820    3,62    0,34    0,00    0,02    3,95     -  antigravity
Rata-rata:   1000      7059    1,62    1,56    0,00    0,05    3,18     -  language_server
Rata-rata:   1000      7229    0,21    0,15    0,00    0,00    0,36     -  antigravity
Rata-rata:   1000      7244    2,29    0,50    0,00    0,01    2,79     -  antigravity
Rata-rata:   1000      7258    0,01    0,00    0,00    0,00    0,01     -  antigravity
Rata-rata:   1000      7260    0,65    0,11    0,00    0,00    0,76     -  antigravity
Rata-rata:   1000      8267    1,79    1,36    0,00    0,00    3,15     -  language_server
Rata-rata:   1000      8356    0,09    0,03    0,00    0,19    0,12     -  antigravity
Rata-rata:   1000      9291    0,12    0,10    0,00    0,01    0,22     -  chrome
Rata-rata:   1000      9345    0,03    0,01    0,00    0,91    0,04     -  chrome
Rata-rata:   1000      9359    0,02    0,01    0,00    2,74    0,03     -  chrome
Rata-rata:   1000      9390    0,03    0,00    0,00    0,01    0,03     -  chrome
Rata-rata:   1000      9500    0,01    0,01    0,00    1,83    0,02     -  chrome
Rata-rata:   1000      9519    0,18    0,03    0,00    0,00    0,21     -  chrome
Rata-rata:      0     49776    0,00    0,01    0,00    0,01    0,01     -  kworker/u32:0-flush-8:0
Rata-rata:   1000     76014    0,03    0,00    0,00    0,00    0,03     -  chrome
Rata-rata:   1000     76025    0,01    0,01    0,00    0,01    0,02     -  chrome
Rata-rata:   1000     76063    0,01    0,01    0,00    0,00    0,02     -  chrome
Rata-rata:      0     89647    0,00    0,02    0,00    0,01    0,02     -  kworker/u32:1-ext4-rsv-conversion
Rata-rata:   1000     91682    0,02    0,05    0,00    0,00    0,06     -  ssh
Rata-rata:      0     93905    0,00    0,01    0,00    0,00    0,01     -  kworker/u32:7-flush-8:0
Rata-rata:      0     95637    0,00    0,02    0,00    0,01    0,02     -  kworker/3:0-events
Rata-rata:      0     97469    0,01    0,00    0,00    0,01    0,01     -  kworker/5:2-events
Rata-rata:      0     97806    0,00    0,05    0,00    0,04    0,05     -  kworker/6:2-i915-unordered
Rata-rata:      0     97830    0,01    0,00    0,00    0,01    0,01     -  kworker/7:0-mm_percpu_wq
Rata-rata:   1000     98039    0,05    0,01    0,00    0,00    0,05     -  antigravity
Rata-rata:      0     98503    0,01    0,00    0,00    0,01    0,01     -  kworker/4:0-events
Rata-rata:      0     99361    0,00    0,02    0,00    0,12    0,02     -  kworker/u32:3-events_unbound
Rata-rata:      0    100626    0,00    0,01    0,00    0,01    0,01     -  kworker/2:1-events
Rata-rata:      0    102824    0,02    0,00    0,00    0,02    0,02     -  kworker/1:1-events_freezable
Rata-rata:      0    103256    0,02    0,00    0,00    0,03    0,02     -  kworker/u32:4-kvfree_rcu_reclaim
Rata-rata:      0    104612    0,02    0,00    0,00    0,01    0,02     -  kworker/0:2-events
Rata-rata:   1000    105249    0,13    0,33    0,00    0,00    0,45     -  pidstat
Rata-rata:   1000    105281    9,12    0,66    0,00    0,00    9,78     -  java

Rata-rata:    UID       PID  minflt/s  majflt/s     VSZ     RSS   %MEM  Command
Rata-rata:      0         1      6,38      0,00   24652   14916   0,09  systemd
Rata-rata:      0       376      5,23      0,01  188968  108785   0,67  systemd-journal
Rata-rata:      0       408      8,77      0,00   37544   10908   0,07  systemd-udevd
Rata-rata:      0       902      0,07      0,00    6792    2752   0,02  cron
Rata-rata:    115       930     28,11      0,00 1762312   25895   0,16  prometheus-node
Rata-rata:    115       933      2,54      0,00 2711492  113890   0,70  prometheus
Rata-rata:      0      1391      1,68      0,00 1421316   97355   0,60  tailscaled
Rata-rata:      0      1423      1,03      0,00 2463900   70645   0,44  containerd
Rata-rata:    114      1526      0,35      0,00  218252   29568   0,18  postgres
Rata-rata:      0      2310      0,01      0,00 3498856  111800   0,69  dockerd
Rata-rata:    117      2312      0,90      0,00 1765567  349957   2,16  grafana
Rata-rata:      0      2975      8,64      0,00 1235352   13917   0,09  containerd-shim
Rata-rata:      0      2976      7,12      0,00 1235608   14779   0,09  containerd-shim
Rata-rata:      0      2977      7,10      0,00 1235352   15193   0,09  containerd-shim
Rata-rata:      0      2981      7,57      0,00 1235608   14565   0,09  containerd-shim
Rata-rata:      0      2982      7,21      0,00 1235608   14972   0,09  containerd-shim
Rata-rata:     70      3117      0,20      0,00  174540   25424   0,16  postgres
Rata-rata:   1000      4570      1,70      0,00  104135   14720   0,09  pipewire
Rata-rata:   1000      4574      1,74      0,00  110852   15797   0,10  pipewire-pulse
Rata-rata:   1000      4708      4,24      0,00 5454576  346591   2,14  gnome-shell
Rata-rata:   1000      5504      0,01      0,00  778332   19920   0,12  xdg-desktop-por
Rata-rata:      0      5954      0,03      0,00  370300   46692   0,29  fwupd
Rata-rata:   1000      6317     35,84      0,00 1461668528  315069   1,94  antigravity
Rata-rata:   1000      6757     12,02      0,00 34357070  169676   1,05  antigravity
Rata-rata:   1000      6771      0,83      0,00 33903964   81164   0,50  antigravity
Rata-rata:   1000      6820    199,57      0,00 1461417273  660390   4,07  antigravity
Rata-rata:   1000      6924      1,86      0,00 1459611392  180004   1,11  antigravity
Rata-rata:   1000      7161      0,25      0,00 33951332   64332   0,40  antigravity
Rata-rata:   1000      7229     49,89      0,00 1461383544  129399   0,80  antigravity
Rata-rata:   1000      7244    293,13      0,00 1461351324  288358   1,78  antigravity
Rata-rata:   1000      7258      4,21      0,00 1461347760  125759   0,77  antigravity
Rata-rata:   1000      7260     22,48      0,00 1461367100  164187   1,01  antigravity
Rata-rata:   1000      8356      5,24      0,00 1459530528  100844   0,62  antigravity
Rata-rata:   1000      9291     11,22      0,00 55435272  374238   2,31  chrome
Rata-rata:   1000      9299      0,01      0,00 54549928    3668   0,02  chrome_crashpad
Rata-rata:   1000      9342      2,80      0,00 55467700  213584   1,32  chrome
Rata-rata:   1000      9345      5,52      0,00 54976356  135930   0,84  chrome
Rata-rata:   1000      9359      0,76      0,00 55015792   62536   0,39  chrome
Rata-rata:   1000      9519     32,45      0,00 1518554232  357996   2,21  chrome
Rata-rata:   1000     76014      0,45      0,00 1518513820  344842   2,12  chrome
Rata-rata:   1000     76063      0,25      0,00 55006444   86720   0,53  chrome
Rata-rata:   1000     99008      0,61      0,00    7664    3936   0,02  bash
Rata-rata:   1000    105249      0,38      0,00    6203    5000   0,03  pidstat
Rata-rata:   1000    105250      0,19      0,00    2676    1688   0,01  jmeter
Rata-rata:   1000    105281    316,39      0,00 6096118  243543   1,50  java

Rata-rata:    UID       PID   kB_rd/s   kB_wr/s kB_ccwr/s iodelay  Command
Rata-rata:   1000      4573      0,00      0,04      0,00       0  wireplumber
Rata-rata:   1000      4708      0,00      3,64      0,00       0  gnome-shell
Rata-rata:   1000      6317      0,00      0,07      0,00       0  antigravity
Rata-rata:   1000      6771      0,00      0,07      0,00       0  antigravity
Rata-rata:   1000      7244      0,00      0,25      0,00       0  antigravity
Rata-rata:   1000      9291      0,00      3,49      0,00       0  chrome
Rata-rata:   1000      9345      0,00      1,24      0,00       0  chrome
Rata-rata:   1000      9359      0,00      0,04      0,00       0  chrome
Rata-rata:   1000     99008      0,00      8,40      3,64       0  bash
Rata-rata:   1000    105249      0,00      1,01      0,00       0  pidstat
Rata-rata:   1000    105281      0,00      2,76      0,00       0  java
