Linux 6.12.94+deb13-amd64 (debian) 	02/07/26 	_x86_64_	(8 CPU)

01:03:43      UID       PID    %usr %system  %guest   %wait    %CPU   CPU  Command
01:03:48        0        44    0,00    0,20    0,00    0,00    0,20     4  migration/4
01:03:48        0        86    0,00    0,20    0,00    0,00    0,20     1  irq/9-acpi
01:03:48        0       120    0,00    0,20    0,00    0,00    0,20     6  kworker/u33:0-i915_flip
01:03:48      102       898    0,20    0,00    0,00    0,00    0,20     5  avahi-daemon
01:03:48      990       903    0,40    0,20    0,00    0,00    0,60     6  dbus-daemon
01:03:48      115       930    0,80    0,60    0,00    0,00    1,39     3  prometheus-node
01:03:48      115       933    0,20    0,00    0,00    0,00    0,20     4  prometheus
01:03:48        0      1081    0,20    0,00    0,00    0,00    0,20     7  psimon
01:03:48        0      1383    0,20    0,00    0,00    0,00    0,20     7  glances
01:03:48        0      1391    0,20    0,40    0,00    0,00    0,60     1  tailscaled
01:03:48        0      1411    0,00    0,20    0,00    0,00    0,20     2  anydesk
01:03:48        0      1423    0,20    0,20    0,00    0,00    0,40     2  containerd
01:03:48        0      2310    0,20    0,20    0,00    0,00    0,40     3  dockerd
01:03:48      117      2312    0,60    0,20    0,00    0,00    0,80     3  grafana
01:03:48        0      2932    0,20    0,20    0,00    0,00    0,40     0  mount.ntfs-3g
01:03:48        0      2976    0,00    0,20    0,00    0,00    0,20     6  containerd-shim
01:03:48      999      3130    0,40    0,20    0,00    0,00    0,60     0  redis-server
01:03:48     1000      4708    1,79    0,60    0,00    0,20    2,39     1  gnome-shell
01:03:48     1000      5351    0,20    0,00    0,00    0,00    0,20     3  goa-identity-se
01:03:48     1000      6317    0,80    0,20    0,00    0,20    1,00     5  antigravity
01:03:48     1000      6339    0,80    0,00    0,00    0,00    0,80     0  gnome-terminal-
01:03:48     1000      6757    2,39    0,00    0,00    0,20    2,39     1  antigravity
01:03:48     1000      6820    8,96    0,60    0,00    0,00    9,56     7  antigravity
01:03:48     1000      7059    1,79    0,80    0,00    0,00    2,59     3  language_server
01:03:48     1000      7229    0,60    0,20    0,00    0,00    0,80     0  antigravity
01:03:48     1000      7244    1,59    0,60    0,00    0,20    2,19     7  antigravity
01:03:48     1000      7260    2,59    0,20    0,00    0,20    2,79     6  antigravity
01:03:48     1000      8267    1,59    1,39    0,00    0,00    2,99     7  language_server
01:03:48     1000      9291    0,20    0,20    0,00    0,00    0,40     7  chrome
01:03:48     1000      9519    0,20    0,00    0,00    0,00    0,20     3  chrome
01:03:48     1000     98039    0,20    0,00    0,00    4,98    0,20     6  antigravity
01:03:48        0    107286    0,00    0,20    0,00    0,00    0,20     5  kworker/u32:8-kvfree_rcu_reclaim
01:03:48        0    111971    0,20    0,00    0,00    0,00    0,20     0  kworker/0:1-mm_percpu_wq
01:03:48     1000    112886    0,20    0,20    0,00    0,00    0,40     3  pidstat
01:03:48     1000    112918  107,57    5,58    0,00    0,00  113,15     1  java

01:03:43      UID       PID  minflt/s  majflt/s     VSZ     RSS   %MEM  Command
01:03:48      115       930    114,14      0,00 1762312   25656   0,16  prometheus-node
01:03:48        0      1423      2,39      0,00 2463900   70476   0,43  containerd
01:03:48        0      2975      1,79      0,00 1235352   13904   0,09  containerd-shim
01:03:48        0      2977      1,00      0,00 1235352   14984   0,09  containerd-shim
01:03:48        0      2981      1,20      0,00 1235608   14584   0,09  containerd-shim
01:03:48        0      2982      0,80      0,00 1235608   15168   0,09  containerd-shim
01:03:48     1000      4708      0,60      0,00 5454468  346684   2,14  gnome-shell
01:03:48     1000      6317     36,45      0,00 1461668528  315408   1,94  antigravity
01:03:48     1000      6757     75,30      0,00 34362556  170068   1,05  antigravity
01:03:48     1000      6771      1,39      0,00 33903964   81160   0,50  antigravity
01:03:48     1000      6820    445,22      0,00 1461417264  663452   4,09  antigravity
01:03:48     1000      7059     55,38      0,00 4910056  363984   2,24  language_server
01:03:48     1000      7161      0,40      0,00 33951332   64332   0,40  antigravity
01:03:48     1000      7229    129,08      0,00 1461383544  129460   0,80  antigravity
01:03:48     1000      7244     41,63      0,00 1461351324  290536   1,79  antigravity
01:03:48     1000      7258      2,59      0,00 1461347760  125760   0,77  antigravity
01:03:48     1000      7260     10,56      0,00 1461367100  163656   1,01  antigravity
01:03:48     1000      8356      5,18      0,00 1459530528  100952   0,62  antigravity
01:03:48     1000      9291     14,34      0,00 55435272  374608   2,31  chrome
01:03:48     1000      9342      2,19      0,00 55467700  213696   1,32  chrome
01:03:48     1000      9345      3,78      0,00 54976356  135636   0,84  chrome
01:03:48     1000      9359      0,40      0,00 55015792   62664   0,39  chrome
01:03:48     1000     76014      0,60      0,00 1518513820  346832   2,14  chrome
01:03:48     1000     76063      0,40      0,00 55006444   86720   0,53  chrome
01:03:48     1000    112886      1,59      0,00    6184    4936   0,03  pidstat
01:03:48     1000    112887      4,18      0,00    2676    1556   0,01  jmeter
01:03:48     1000    112918   8478,09      0,00 6506524  273484   1,68  java

01:03:43      UID       PID   kB_rd/s   kB_wr/s kB_ccwr/s iodelay  Command
01:03:48     1000      7244      0,00      1,59      0,00       0  antigravity
01:03:48     1000      9291      0,00      1,59      0,00       0  chrome
01:03:48     1000    112918      0,00      2,16      0,00       0  java

01:03:48      UID       PID    %usr %system  %guest   %wait    %CPU   CPU  Command
01:03:53        0      1383    0,20    0,00    0,00    0,00    0,20     7  glances
01:03:53        0      1423    0,20    0,20    0,00    0,00    0,40     2  containerd
01:03:53        0      2310    0,40    0,20    0,00    0,00    0,60     3  dockerd
01:03:53      117      2312    0,40    0,60    0,00    0,00    1,00     3  grafana
01:03:53        0      2932    0,00    0,20    0,00    0,00    0,20     0  mount.ntfs-3g
01:03:53        0      2975    0,20    0,00    0,00    0,00    0,20     7  containerd-shim
01:03:53        0      2977    0,20    0,00    0,00    0,00    0,20     7  containerd-shim
01:03:53        0      2981    0,00    0,20    0,00    0,00    0,20     0  containerd-shim
01:03:53        0      2982    0,20    0,00    0,00    0,00    0,20     1  containerd-shim
01:03:53      999      3130    0,40    0,00    0,00    0,00    0,40     0  redis-server
01:03:53     1000      4708    0,80    0,60    0,00    0,00    1,40     1  gnome-shell
01:03:53     1000      6317    0,20    0,00    0,00    0,00    0,20     5  antigravity
01:03:53     1000      6339    0,40    0,00    0,00    0,00    0,40     2  gnome-terminal-
01:03:53     1000      6820    0,80    0,40    0,00    0,00    1,20     7  antigravity
01:03:53     1000      7059    2,40    1,00    0,00    0,00    3,40     3  language_server
01:03:53     1000      7229    0,00    0,60    0,00    0,00    0,60     0  antigravity
01:03:53     1000      7244    1,20    0,40    0,00    0,00    1,60     4  antigravity
01:03:53     1000      7260    0,60    0,00    0,00    0,00    0,60     3  antigravity
01:03:53     1000      8267    2,00    1,20    0,00    0,00    3,20     7  language_server
01:03:53     1000      8356    0,00    0,20    0,00    0,00    0,20     6  antigravity
01:03:53     1000      9345    0,20    0,00    0,00    0,00    0,20     3  chrome
01:03:53     1000      9500    0,20    0,00    0,00    0,00    0,20     0  chrome
01:03:53     1000      9519    0,20    0,00    0,00    0,00    0,20     2  chrome
01:03:53     1000    112886    0,20    0,20    0,00    0,00    0,40     6  pidstat
01:03:53     1000    112918    5,40    1,00    0,00    0,00    6,40     1  java

01:03:48      UID       PID  minflt/s  majflt/s     VSZ     RSS   %MEM  Command
01:03:53        0      1423      0,20      0,00 2463900   70476   0,43  containerd
01:03:53        0      2975      3,00      0,00 1235352   13904   0,09  containerd-shim
01:03:53        0      2976      5,40      0,00 1235608   14868   0,09  containerd-shim
01:03:53        0      2977      1,40      0,00 1235352   14984   0,09  containerd-shim
01:03:53        0      2981      0,20      0,00 1235608   14584   0,09  containerd-shim
01:03:53        0      2982      4,20      0,00 1235608   15168   0,09  containerd-shim
01:03:53     1000      4708      6,60      0,00 5454468  346684   2,14  gnome-shell
01:03:53     1000      6317     35,40      0,00 1461668528  315920   1,95  antigravity
01:03:53     1000      6757      4,00      0,00 34354364  170068   1,05  antigravity
01:03:53     1000      6771      0,40      0,00 33903964   81160   0,50  antigravity
01:03:53     1000      6820    124,40      0,00 1461417264  663764   4,09  antigravity
01:03:53     1000      7161      0,20      0,00 33951332   64332   0,40  antigravity
01:03:53     1000      7229     96,00      0,00 1461383544  129296   0,80  antigravity
01:03:53     1000      7244    109,80      0,00 1461351324  291000   1,79  antigravity
01:03:53     1000      7258      5,60      0,00 1461347760  125888   0,78  antigravity
01:03:53     1000      7260      4,00      0,00 1461367100  163656   1,01  antigravity
01:03:53     1000      8356      5,60      0,00 1459530528  100952   0,62  antigravity
01:03:53     1000      9291      8,60      0,00 55435272  374608   2,31  chrome
01:03:53     1000      9342      4,40      0,00 55467700  213696   1,32  chrome
01:03:53     1000      9345      3,80      0,00 54976356  135636   0,84  chrome
01:03:53     1000      9359      0,80      0,00 55015792   62664   0,39  chrome
01:03:53     1000     76014      0,40      0,00 1518513820  346832   2,14  chrome
01:03:53     1000     76063      0,20      0,00 55006444   86720   0,53  chrome
01:03:53     1000    112918     51,40      0,00 6506524  264296   1,63  java

01:03:48      UID       PID   kB_rd/s   kB_wr/s kB_ccwr/s iodelay  Command
01:03:53     1000      9291      0,00      6,40      0,00       0  chrome
01:03:53     1000    112886      0,00      1,14      0,00       0  pidstat
01:03:53     1000    112918      0,00      0,17      0,00       0  java

01:03:53      UID       PID    %usr %system  %guest   %wait    %CPU   CPU  Command
01:03:58      115       933    0,20    0,00    0,00    0,00    0,20     0  prometheus
01:03:58        0      1391    0,20    0,00    0,00    0,00    0,20     1  tailscaled
01:03:58        0      1423    0,20    0,20    0,00    0,00    0,40     2  containerd
01:03:58        0      2310    0,40    0,20    0,00    0,00    0,60     3  dockerd
01:03:58      117      2312    0,60    0,20    0,00    0,00    0,80     3  grafana
01:03:58        0      2932    0,00    0,40    0,00    0,00    0,40     4  mount.ntfs-3g
01:03:58        0      2975    0,20    0,00    0,00    0,00    0,20     7  containerd-shim
01:03:58        0      2976    0,20    0,00    0,00    0,00    0,20     6  containerd-shim
01:03:58        0      2977    0,20    0,00    0,00    0,00    0,20     7  containerd-shim
01:03:58        0      2981    0,20    0,00    0,00    0,00    0,20     0  containerd-shim
01:03:58        0      2982    0,00    0,20    0,00    0,00    0,20     1  containerd-shim
01:03:58      999      3130    0,40    0,00    0,00    0,00    0,40     1  redis-server
01:03:58     1000      4708    0,60    0,20    0,00    0,00    0,80     5  gnome-shell
01:03:58     1000      6339    0,60    0,20    0,00    0,00    0,80     2  gnome-terminal-
01:03:58     1000      6820    0,80    0,20    0,00    0,00    1,00     7  antigravity
01:03:58     1000      7059    1,60    1,80    0,00    0,00    3,40     3  language_server
01:03:58     1000      7229    0,20    0,00    0,00    0,00    0,20     1  antigravity
01:03:58     1000      7244    1,20    0,60    0,00    0,00    1,80     4  antigravity
01:03:58     1000      7260    0,40    0,20    0,00    0,00    0,60     1  antigravity
01:03:58     1000      8267    3,60    0,20    0,00    0,00    3,80     7  language_server
01:03:58     1000      8356    0,20    0,00    0,00    0,00    0,20     5  antigravity
01:03:58     1000      9291    0,20    0,00    0,00    0,00    0,20     7  chrome
01:03:58     1000      9359    0,20    0,00    0,00    0,00    0,20     3  chrome
01:03:58     1000      9519    0,20    0,00    0,00    0,00    0,20     3  chrome
01:03:58     1000     91682    0,00    0,20    0,00    0,00    0,20     3  ssh
01:03:58        0    111731    0,00    0,20    0,00    0,00    0,20     6  kworker/6:1-i915-unordered
01:03:58     1000    112886    0,20    0,20    0,00    0,00    0,40     3  pidstat
01:03:58     1000    112918    6,20    0,80    0,00    0,00    7,00     1  java

01:03:53      UID       PID  minflt/s  majflt/s     VSZ     RSS   %MEM  Command
01:03:58        0      2975      0,40      0,00 1235352   13296   0,08  containerd-shim
01:03:58        0      2976     11,20      0,00 1235608   14200   0,09  containerd-shim
01:03:58        0      2977      3,40      0,00 1235352   14204   0,09  containerd-shim
01:03:58        0      2981      2,60      0,00 1235608   14044   0,09  containerd-shim
01:03:58        0      2982      1,00      0,00 1235608   14692   0,09  containerd-shim
01:03:58     1000      4708      1,00      0,00 5454532  346684   2,14  gnome-shell
01:03:58     1000      6317     31,40      0,00 1461668528  315892   1,95  antigravity
01:03:58     1000      6757      0,80      0,00 34354364  170068   1,05  antigravity
01:03:58     1000      6771      0,40      0,00 33903964   81160   0,50  antigravity
01:03:58     1000      6820    109,80      0,00 1461417264  665940   4,10  antigravity
01:03:58     1000      7161      0,20      0,00 33951332   64332   0,40  antigravity
01:03:58     1000      7229      2,20      0,00 1461383544  129296   0,80  antigravity
01:03:58     1000      7244     44,20      0,00 1461351324  291128   1,79  antigravity
01:03:58     1000      7258      3,00      0,00 1461347760  125888   0,78  antigravity
01:03:58     1000      7260      5,00      0,00 1461367100  163656   1,01  antigravity
01:03:58     1000      8356      5,20      0,00 1459530528  100952   0,62  antigravity
01:03:58     1000      9291     11,00      0,00 55435272  374580   2,31  chrome
01:03:58     1000      9342      2,20      0,00 55467700  213696   1,32  chrome
01:03:58     1000      9345      8,20      0,00 54976356  135636   0,84  chrome
01:03:58     1000      9359      0,40      0,00 55015792   62664   0,39  chrome
01:03:58     1000     76014      0,40      0,00 1518513820  346960   2,14  chrome
01:03:58     1000     76063      0,20      0,00 55006444   86720   0,53  chrome
01:03:58     1000    112918     47,20      0,00 6506524  265320   1,63  java

01:03:53      UID       PID   kB_rd/s   kB_wr/s kB_ccwr/s iodelay  Command
01:03:58     1000      9291      0,00      1,60      0,00       0  chrome
01:03:58     1000    112886      0,00      0,91      0,00       0  pidstat
01:03:58     1000    112918      0,00      1,77      0,00       0  java

01:03:58      UID       PID    %usr %system  %guest   %wait    %CPU   CPU  Command
01:04:03        0         1    0,00    0,20    0,00    0,00    0,20     5  systemd
01:04:03      990       903    0,40    0,20    0,00    0,00    0,60     3  dbus-daemon
01:04:03      115       930    1,00    0,40    0,00    0,00    1,40     3  prometheus-node
01:04:03      115       933    0,20    0,00    0,00    0,00    0,20     0  prometheus
01:04:03        0      1383    0,20    0,00    0,00    0,00    0,20     7  glances
01:04:03        0      1423    0,00    0,20    0,00    0,00    0,20     2  containerd
01:04:03        0      2310    0,20    0,40    0,00    0,00    0,60     3  dockerd
01:04:03      117      2312    0,60    0,60    0,00    0,00    1,20     3  grafana
01:04:03        0      2932    0,20    0,20    0,00    0,00    0,40     5  mount.ntfs-3g
01:04:03      999      3130    0,40    0,00    0,00    0,00    0,40     1  redis-server
01:04:03     1000      4708    1,20    0,40    0,00    0,00    1,60     4  gnome-shell
01:04:03     1000      6317    0,20    0,00    0,00    0,00    0,20     1  antigravity
01:04:03     1000      6339    0,60    0,00    0,00    0,00    0,60     2  gnome-terminal-
01:04:03     1000      6757    0,20    0,00    0,00    0,00    0,20     1  antigravity
01:04:03     1000      6820   12,80    0,20    0,00    0,00   13,00     5  antigravity
01:04:03     1000      7059    1,80    1,20    0,00    0,00    3,00     3  language_server
01:04:03     1000      7229    0,40    0,00    0,00    0,00    0,40     2  antigravity
01:04:03     1000      7244    1,40    0,20    0,00    0,00    1,60     7  antigravity
01:04:03     1000      7260    0,40    0,20    0,00    0,00    0,60     0  antigravity
01:04:03     1000      8267    1,60    1,40    0,00    0,00    3,00     7  language_server
01:04:03     1000      9291    0,20    0,00    0,00    0,00    0,20     7  chrome
01:04:03     1000      9390    0,00    0,20    0,00    0,00    0,20     3  chrome
01:04:03     1000    112886    0,00    0,40    0,00    0,00    0,40     3  pidstat
01:04:03     1000    112918    8,20    0,80    0,00    0,00    9,00     1  java

01:03:58      UID       PID  minflt/s  majflt/s     VSZ     RSS   %MEM  Command
01:04:03      115       930    111,40      0,00 1762312   25424   0,16  prometheus-node
01:04:03      117      2312      2,40      0,00 1765240  349932   2,16  grafana
01:04:03        0      2975      6,40      0,00 1235352   13424   0,08  containerd-shim
01:04:03        0      2976      7,60      0,00 1235608   14200   0,09  containerd-shim
01:04:03        0      2977     11,00      0,00 1235352   14460   0,09  containerd-shim
01:04:03        0      2981      6,60      0,00 1235608   14300   0,09  containerd-shim
01:04:03        0      2982      4,60      0,00 1235608   14820   0,09  containerd-shim
01:04:03     1000      4708      7,00      0,00 5454532  346684   2,14  gnome-shell
01:04:03     1000      6317     34,40      0,00 1461668528  315372   1,94  antigravity
01:04:03     1000      6757      4,00      0,00 34350396  169940   1,05  antigravity
01:04:03     1000      6771      0,80      0,00 33903964   81160   0,50  antigravity
01:04:03     1000      6820    287,80      0,00 1461417264  655524   4,04  antigravity
01:04:03     1000      7161      0,20      0,00 33951332   64332   0,40  antigravity
01:04:03     1000      7229     97,20      0,00 1461383544  129296   0,80  antigravity
01:04:03     1000      7244     40,00      0,00 1461351324  291240   1,79  antigravity
01:04:03     1000      7258      3,00      0,00 1461347760  125888   0,78  antigravity
01:04:03     1000      7260      3,60      0,00 1461367100  163656   1,01  antigravity
01:04:03     1000      8356      5,40      0,00 1459530528  100952   0,62  antigravity
01:04:03     1000      9291      9,20      0,00 55435272  374580   2,31  chrome
01:04:03     1000      9342      2,20      0,00 55467700  213696   1,32  chrome
01:04:03     1000      9345      3,80      0,00 54976356  135636   0,84  chrome
01:04:03     1000      9359      0,40      0,00 55015792   62664   0,39  chrome
01:04:03     1000      9519      0,00      0,00 1518554232  354740   2,19  chrome
01:04:03     1000     76014      0,60      0,00 1518513820  347088   2,14  chrome
01:04:03     1000     76063      0,20      0,00 55006444   86720   0,53  chrome
01:04:03     1000    112918     64,20      0,00 6506524  266728   1,64  java

01:03:58      UID       PID   kB_rd/s   kB_wr/s kB_ccwr/s iodelay  Command
01:04:03     1000      9291      0,00      8,80      0,00       0  chrome
01:04:03     1000    112886      0,00      0,95      0,00       0  pidstat
01:04:03     1000    112918      0,00      1,81      0,00       0  java

01:04:03      UID       PID    %usr %system  %guest   %wait    %CPU   CPU  Command
01:04:08      115       933    0,20    0,00    0,00    0,00    0,20     0  prometheus
01:04:08        0      1423    0,40    0,20    0,00    0,00    0,60     2  containerd
01:04:08        0      2310    0,40    0,00    0,00    0,00    0,40     3  dockerd
01:04:08      117      2312    0,60    0,40    0,00    0,00    1,00     3  grafana
01:04:08        0      2932    0,20    0,00    0,00    0,00    0,20     0  mount.ntfs-3g
01:04:08        0      2975    0,20    0,00    0,00    0,00    0,20     7  containerd-shim
01:04:08        0      2977    0,00    0,20    0,00    0,00    0,20     7  containerd-shim
01:04:08      999      3130    0,40    0,00    0,00    0,00    0,40     1  redis-server
01:04:08     1000      4708    0,80    0,20    0,00    0,00    1,00     6  gnome-shell
01:04:08     1000      5107    0,20    0,00    0,00    0,00    0,20     7  anydesk
01:04:08     1000      6317    0,20    0,20    0,00    0,00    0,40     1  antigravity
01:04:08     1000      6339    1,00    0,00    0,00    0,00    1,00     2  gnome-terminal-
01:04:08     1000      6820    1,00    0,20    0,00    0,00    1,20     6  antigravity
01:04:08     1000      7059    1,20    1,80    0,00    0,00    3,00     3  language_server
01:04:08     1000      7229    0,20    0,20    0,00    0,00    0,40     6  antigravity
01:04:08     1000      7244    1,40    0,40    0,00    0,00    1,80     5  antigravity
01:04:08     1000      7260    0,60    0,00    0,00    0,00    0,60     5  antigravity
01:04:08     1000      8267    2,00    1,00    0,00    0,00    3,00     7  language_server
01:04:08     1000      8356    0,20    0,00    0,00    0,00    0,20     6  antigravity
01:04:08     1000      9291    0,20    0,00    0,00    0,00    0,20     6  chrome
01:04:08     1000      9519    0,20    0,20    0,00    0,00    0,40     2  chrome
01:04:08     1000     91682    0,20    0,00    0,00    0,00    0,20     0  ssh
01:04:08     1000     98039    0,20    0,00    0,00    0,00    0,20     2  antigravity
01:04:08     1000    112886    0,20    0,20    0,00    0,00    0,40     0  pidstat
01:04:08     1000    112918    8,40    2,40    0,00    0,00   10,80     1  java

01:04:03      UID       PID  minflt/s  majflt/s     VSZ     RSS   %MEM  Command
01:04:08        0      2975     11,20      0,00 1235352   13680   0,08  containerd-shim
01:04:08        0      2976     14,80      0,00 1235608   14584   0,09  containerd-shim
01:04:08        0      2977     12,00      0,00 1235352   14716   0,09  containerd-shim
01:04:08        0      2981     12,00      0,00 1235608   14428   0,09  containerd-shim
01:04:08        0      2982     11,80      0,00 1235608   14948   0,09  containerd-shim
01:04:08     1000      4708      0,20      0,00 5454468  346684   2,14  gnome-shell
01:04:08     1000      6317     33,00      0,00 1461668528  315288   1,94  antigravity
01:04:08     1000      6757      1,80      0,00 34350460  169940   1,05  antigravity
01:04:08     1000      6771      0,80      0,00 33903964   81160   0,50  antigravity
01:04:08     1000      6820     94,60      0,00 1461417328  657572   4,05  antigravity
01:04:08     1000      7161      0,40      0,00 33951332   64332   0,40  antigravity
01:04:08     1000      7229     10,80      0,00 1461383544  129296   0,80  antigravity
01:04:08     1000      7244     35,60      0,00 1461351324  291364   1,79  antigravity
01:04:08     1000      7258      2,80      0,00 1461347760  125888   0,78  antigravity
01:04:08     1000      7260      3,40      0,00 1461367100  163656   1,01  antigravity
01:04:08     1000      8356      5,20      0,00 1459530528  100952   0,62  antigravity
01:04:08     1000      9291     14,00      0,00 55435272  374580   2,31  chrome
01:04:08     1000      9342      2,20      0,00 55467700  213696   1,32  chrome
01:04:08     1000      9345      3,80      0,00 54976356  135636   0,84  chrome
01:04:08     1000      9359      0,40      0,00 55015792   62664   0,39  chrome
01:04:08     1000     76014      0,40      0,00 1518513820  347088   2,14  chrome
01:04:08     1000     76063      0,40      0,00 55006444   86720   0,53  chrome
01:04:08     1000    112918     56,20      0,00 6506524  279560   1,72  java

01:04:03      UID       PID   kB_rd/s   kB_wr/s kB_ccwr/s iodelay  Command
01:04:08     1000      6771      0,00      1,60      0,00       0  antigravity
01:04:08     1000    112886      0,00      0,92      0,00       0  pidstat
01:04:08     1000    112918      0,00      3,37      0,00       0  java

01:04:08      UID       PID    %usr %system  %guest   %wait    %CPU   CPU  Command
01:04:13        0        17    0,00    0,20    0,00    0,00    0,20     5  rcu_preempt
01:04:13        0      1383    0,20    0,20    0,00    0,00    0,40     7  glances
01:04:13        0      1423    0,20    0,20    0,00    0,00    0,40     2  containerd
01:04:13        0      2310    0,40    0,20    0,00    0,00    0,60     3  dockerd
01:04:13      117      2312    0,60    0,40    0,00    0,00    1,00     3  grafana
01:04:13        0      2932    0,20    0,20    0,00    0,00    0,40     0  mount.ntfs-3g
01:04:13        0      2976    0,20    0,20    0,00    0,00    0,40     6  containerd-shim
01:04:13        0      2977    0,20    0,00    0,00    0,00    0,20     7  containerd-shim
01:04:13        0      2981    0,00    0,20    0,00    0,00    0,20     0  containerd-shim
01:04:13        0      2982    0,00    0,20    0,00    0,00    0,20     1  containerd-shim
01:04:13      999      3130    0,40    0,00    0,00    0,00    0,40     1  redis-server
01:04:13     1000      4708    1,00    0,00    0,00    0,00    1,00     6  gnome-shell
01:04:13     1000      6339    0,40    0,00    0,00    0,00    0,40     2  gnome-terminal-
01:04:13     1000      6820    0,80    0,00    0,00    0,00    0,80     0  antigravity
01:04:13     1000      7059    1,40    2,20    0,00    0,00    3,60     3  language_server
01:04:13     1000      7229    0,00    0,20    0,00    0,00    0,20     6  antigravity
01:04:13     1000      7244    1,40    0,20    0,00    0,00    1,60     4  antigravity
01:04:13     1000      7260    0,60    0,00    0,00    0,00    0,60     5  antigravity
01:04:13     1000      8267    1,60    1,20    0,00    0,00    2,80     7  language_server
01:04:13     1000      9291    0,20    0,00    0,00    0,00    0,20     7  chrome
01:04:13     1000      9519    0,20    0,00    0,00    0,00    0,20     0  chrome
01:04:13     1000     76025    0,00    0,20    0,00    0,00    0,20     1  chrome
01:04:13        0    112264    0,00    0,20    0,00    0,00    0,20     2  kworker/2:2-events
01:04:13     1000    112886    0,00    0,60    0,00    0,00    0,60     3  pidstat
01:04:13     1000    112918    5,40    1,00    0,00    0,00    6,40     1  java

01:04:08      UID       PID  minflt/s  majflt/s     VSZ     RSS   %MEM  Command
01:04:13        0      1423      2,00      0,00 2463900   70476   0,43  containerd
01:04:13        0      2975     14,40      0,00 1235352   13936   0,09  containerd-shim
01:04:13        0      2976      7,60      0,00 1235608   14712   0,09  containerd-shim
01:04:13        0      2977     11,60      0,00 1235352   14972   0,09  containerd-shim
01:04:13        0      2981     17,00      0,00 1235608   14556   0,09  containerd-shim
01:04:13        0      2982     10,20      0,00 1235608   15076   0,09  containerd-shim
01:04:13     1000      4708      6,00      0,00 5454468  346812   2,14  gnome-shell
01:04:13     1000      6317     32,00      0,00 1461668528  315800   1,95  antigravity
01:04:13     1000      6757      0,80      0,00 34350460  169940   1,05  antigravity
01:04:13     1000      6771      0,40      0,00 33903964   81160   0,50  antigravity
01:04:13     1000      6820    109,00      0,00 1461417328  659492   4,06  antigravity
01:04:13     1000      7161      0,20      0,00 33951332   64332   0,40  antigravity
01:04:13     1000      7229      2,20      0,00 1461383544  129296   0,80  antigravity
01:04:13     1000      7244     61,20      0,00 1461351324  291448   1,80  antigravity
01:04:13     1000      7258      5,80      0,00 1461347760  125888   0,78  antigravity
01:04:13     1000      7260      3,80      0,00 1461367100  163656   1,01  antigravity
01:04:13     1000      8356      5,40      0,00 1459530528  100952   0,62  antigravity
01:04:13     1000      9291     11,00      0,00 55435272  374580   2,31  chrome
01:04:13     1000      9342      4,40      0,00 55467700  213696   1,32  chrome
01:04:13     1000      9345      4,40      0,00 54976356  135636   0,84  chrome
01:04:13     1000      9359      0,80      0,00 55015792   62664   0,39  chrome
01:04:13     1000     76014      0,20      0,00 1518513820  347088   2,14  chrome
01:04:13     1000     76063      0,20      0,00 55006444   86720   0,53  chrome
01:04:13     1000    112918     30,60      0,00 6506524  280328   1,73  java

01:04:08      UID       PID   kB_rd/s   kB_wr/s kB_ccwr/s iodelay  Command
01:04:13     1000      9291      0,00      1,60      0,00       0  chrome
01:04:13     1000      9345      0,00      6,40      0,00       0  chrome
01:04:13     1000    112886      0,00      0,89      0,00       0  pidstat
01:04:13     1000    112918      0,00      1,71      0,00       0  java

01:04:13      UID       PID    %usr %system  %guest   %wait    %CPU   CPU  Command
01:04:18        0         1    0,60    0,20    0,00    0,00    0,80     7  systemd
01:04:18        0        86    0,00    0,20    0,00    0,00    0,20     1  irq/9-acpi
01:04:18        0       408    0,20    0,20    0,00    0,00    0,40     5  systemd-udevd
01:04:18      990       903    1,20    0,20    0,00    0,00    1,40     6  dbus-daemon
01:04:18      115       930    1,00    0,80    0,00    0,00    1,80     3  prometheus-node
01:04:18      115       933    0,20    0,00    0,00    0,00    0,20     4  prometheus
01:04:18        0       942    0,20    0,00    0,00    0,00    0,20     2  systemd-logind
01:04:18        0       943    0,20    0,00    0,00    0,00    0,20     2  udisksd
01:04:18        0      1079    0,00    0,20    0,00    0,20    0,20     1  NetworkManager
01:04:18        0      1391    0,20    0,20    0,00    0,00    0,40     1  tailscaled
01:04:18        0      1423    1,00    0,20    0,00    0,00    1,20     2  containerd
01:04:18        0      2310    1,20    0,40    0,00    0,00    1,60     3  dockerd
01:04:18      117      2312    1,80    0,00    0,00    0,00    1,80     3  grafana
01:04:18        0      2932    0,00    0,40    0,00    0,00    0,40     2  mount.ntfs-3g
01:04:18        0      2975    0,20    0,00    0,00    0,00    0,20     7  containerd-shim
01:04:18        0      2977    0,00    0,20    0,00    0,00    0,20     7  containerd-shim
01:04:18        0      2982    0,20    0,00    0,00    0,00    0,20     1  containerd-shim
01:04:18      999      3130    0,40    0,00    0,00    0,00    0,40     1  redis-server
01:04:18     1000      4549    0,40    0,00    0,00    0,00    0,40     4  systemd
01:04:18     1000      4708    0,80    0,40    0,00    0,00    1,20     7  gnome-shell
01:04:18     1000      5021    0,00    0,20    0,00    0,00    0,20     1  gsd-housekeepin
01:04:18     1000      5055    0,20    0,00    0,00    0,00    0,20     0  gsd-sharing
01:04:18     1000      5268    0,00    0,20    0,00    0,00    0,20     3  gvfs-udisks2-vo
01:04:18     1000      5331    0,00    0,20    0,00    0,00    0,20     0  goa-daemon
01:04:18        0      5954    0,20    0,00    0,00    0,00    0,20     7  fwupd
01:04:18     1000      6317    0,20    0,00    0,00    0,00    0,20     2  antigravity
01:04:18     1000      6339    0,60    0,20    0,00    0,00    0,80     2  gnome-terminal-
01:04:18     1000      6820    1,00    0,20    0,00    0,00    1,20     0  antigravity
01:04:18     1000      7059    1,20    1,60    0,00    0,00    2,80     3  language_server
01:04:18     1000      7229    0,40    0,20    0,00    0,00    0,60     3  antigravity
01:04:18     1000      7244    1,00    0,80    0,00    0,00    1,80     2  antigravity
01:04:18     1000      7260    0,60    0,20    0,00    0,00    0,80     1  antigravity
01:04:18     1000      8267    1,40    1,40    0,00    0,00    2,80     7  language_server
01:04:18     1000      8356    0,20    0,00    0,00    0,00    0,20     5  antigravity
01:04:18     1000      9291    0,20    0,20    0,00    0,00    0,40     0  chrome
01:04:18        0    104590    0,00    0,20    0,00    0,00    0,20     3  kworker/3:1-events
01:04:18     1000    112886    0,20    0,20    0,00    0,00    0,40     0  pidstat
01:04:18     1000    112918   10,00    0,80    0,00    0,00   10,80     1  java

01:04:13      UID       PID  minflt/s  majflt/s     VSZ     RSS   %MEM  Command
01:04:18        0         1      0,20      0,00   24788   14916   0,09  systemd
01:04:18        0       376     49,40      0,00  188968  108948   0,67  systemd-journal
01:04:18        0       408     95,00      0,00   37544   10908   0,07  systemd-udevd
01:04:18      115       930     64,40      0,00 1762312   25424   0,16  prometheus-node
01:04:18        0      1423     22,40      0,00 2463900   70860   0,44  containerd
01:04:18      114      1526      3,80      0,00  218252   29568   0,18  postgres
01:04:18        0      2975     11,00      0,00 1235352   14064   0,09  containerd-shim
01:04:18        0      2976      0,20      0,00 1235608   14712   0,09  containerd-shim
01:04:18        0      2977      8,80      0,00 1235352   14972   0,09  containerd-shim
01:04:18        0      2981      9,20      0,00 1235608   14812   0,09  containerd-shim
01:04:18        0      2982      3,20      0,00 1235608   15076   0,09  containerd-shim
01:04:18     1000      4708      3,40      0,00 5454468  346812   2,14  gnome-shell
01:04:18     1000      6317     30,80      0,00 1461668528  315800   1,95  antigravity
01:04:18     1000      6757      0,80      0,00 34350460  169940   1,05  antigravity
01:04:18     1000      6771      0,40      0,00 33903964   81160   0,50  antigravity
01:04:18     1000      6820    111,60      0,00 1461417328  661668   4,08  antigravity
01:04:18     1000      7161      0,20      0,00 33951332   64332   0,40  antigravity
01:04:18     1000      7229     34,20      0,00 1461383544  129296   0,80  antigravity
01:04:18     1000      7244     35,40      0,00 1461351324  291568   1,80  antigravity
01:04:18     1000      7258      3,40      0,00 1461347760  125888   0,78  antigravity
01:04:18     1000      7260      5,80      0,00 1461367100  163656   1,01  antigravity
01:04:18     1000      8356      5,20      0,00 1459530528  100952   0,62  antigravity
01:04:18     1000      9291      7,80      0,00 55435272  374580   2,31  chrome
01:04:18     1000      9342      2,20      0,00 55467700  213696   1,32  chrome
01:04:18     1000      9345      8,00      0,00 54976356  135636   0,84  chrome
01:04:18     1000      9359      0,40      0,00 55015792   62664   0,39  chrome
01:04:18     1000     76014      0,40      0,00 1518513820  347088   2,14  chrome
01:04:18     1000     76063      0,20      0,00 55006444   86720   0,53  chrome
01:04:18     1000    112918     68,00      0,00 6506524  281736   1,74  java
01:04:18        0    113575     56,80      0,00   37548    7060   0,04  (udev-worker)
01:04:18        0    113588     27,60      0,00   37548    6784   0,04  (udev-worker)
01:04:18        0    113589     27,40      0,00   37548    6784   0,04  (udev-worker)
01:04:18        0    113590     27,60      0,00   37548    6784   0,04  (udev-worker)
01:04:18        0    113592     27,40      0,00   37548    6784   0,04  (udev-worker)
01:04:18        0    113593     27,80      0,00   37548    6784   0,04  (udev-worker)
01:04:18        0    113594     26,60      0,00   37548    6784   0,04  (udev-worker)
01:04:18        0    113596     38,20      0,00   37548    6660   0,04  (udev-worker)
01:04:18        0    113597     27,80      0,00   37548    6784   0,04  (udev-worker)
01:04:18        0    113598     26,80      0,00   37548    6784   0,04  (udev-worker)
01:04:18        0    113599     26,80      0,00   37548    6784   0,04  (udev-worker)
01:04:18        0    113600     28,00      0,00   37548    6784   0,04  (udev-worker)
01:04:18        0    113601     28,00      0,00   37548    6784   0,04  (udev-worker)
01:04:18        0    113603     27,00      0,00   37548    6784   0,04  (udev-worker)
01:04:18        0    113604     61,60      0,00   37548    7060   0,04  (udev-worker)
01:04:18        0    113605     27,20      0,00   37548    6784   0,04  (udev-worker)

01:04:13      UID       PID   kB_rd/s   kB_wr/s kB_ccwr/s iodelay  Command
01:04:18     1000      9291      0,00      2,40      0,00       0  chrome
01:04:18     1000    112886      0,00      0,93      0,00       0  pidstat
01:04:18     1000    112918      0,00      3,18      0,00       0  java

01:04:18      UID       PID    %usr %system  %guest   %wait    %CPU   CPU  Command
01:04:23      115       933    0,20    0,00    0,00    0,00    0,20     4  prometheus
01:04:23        0      1383    0,20    0,00    0,00    0,00    0,20     7  glances
01:04:23        0      1391    0,00    0,20    0,00    0,00    0,20     1  tailscaled
01:04:23        0      1423    0,20    0,20    0,00    0,00    0,40     2  containerd
01:04:23        0      2310    0,40    0,00    0,00    0,00    0,40     3  dockerd
01:04:23      117      2312    0,60    0,20    0,00    0,00    0,80     3  grafana
01:04:23        0      2932    0,40    0,20    0,00    0,00    0,60     3  mount.ntfs-3g
01:04:23        0      2975    0,00    0,20    0,00    0,00    0,20     7  containerd-shim
01:04:23        0      2976    0,20    0,00    0,00    0,00    0,20     6  containerd-shim
01:04:23        0      2981    0,00    0,20    0,00    0,00    0,20     0  containerd-shim
01:04:23      999      3130    0,40    0,00    0,00    0,00    0,40     1  redis-server
01:04:23     1000      4708    1,00    0,60    0,00    0,00    1,60     7  gnome-shell
01:04:23     1000      6317    0,20    0,20    0,00    0,00    0,40     0  antigravity
01:04:23     1000      6339    1,00    0,00    0,00    0,00    1,00     4  gnome-terminal-
01:04:23     1000      6820    0,80    0,20    0,00    0,00    1,00     5  antigravity
01:04:23     1000      7059    2,00    1,20    0,00    0,00    3,20     3  language_server
01:04:23     1000      7229    0,20    0,00    0,00    0,00    0,20     3  antigravity
01:04:23     1000      7244    1,20    0,40    0,00    0,00    1,60     2  antigravity
01:04:23     1000      7258    0,20    0,00    0,00    0,00    0,20     5  antigravity
01:04:23     1000      7260    0,40    0,40    0,00    0,00    0,80     1  antigravity
01:04:23     1000      8267    1,20    1,80    0,00    0,00    3,00     7  language_server
01:04:23     1000      9291    0,00    0,20    0,00    0,20    0,20     7  chrome
01:04:23     1000      9519    0,20    0,00    0,00    0,00    0,20     4  chrome
01:04:23        0     78088    0,00    0,20    0,00    0,00    0,20     6  kworker/u32:6-events_unbound
01:04:23     1000     91682    0,00    0,20    0,00    0,00    0,20     5  ssh
01:04:23        0     99361    0,00    0,20    0,00    0,00    0,20     0  kworker/u32:3-flush-8:0
01:04:23        0    111731    0,00    0,20    0,00    0,00    0,20     6  kworker/6:1-i915-unordered
01:04:23     1000    112886    0,20    0,40    0,00    0,00    0,60     0  pidstat
01:04:23     1000    112918    7,40    1,20    0,00    0,00    8,60     1  java

01:04:18      UID       PID  minflt/s  majflt/s     VSZ     RSS   %MEM  Command
01:04:23        0       408      1,60      0,00   37544   10908   0,07  systemd-udevd
01:04:23        0      1423      4,80      0,00 2463900   70860   0,44  containerd
01:04:23        0      2975      9,00      0,00 1235352   14320   0,09  containerd-shim
01:04:23        0      2976      5,60      0,00 1235608   14712   0,09  containerd-shim
01:04:23        0      2977      8,00      0,00 1235352   15100   0,09  containerd-shim
01:04:23        0      2981     10,00      0,00 1235608   15068   0,09  containerd-shim
01:04:23        0      2982      4,60      0,00 1235608   15204   0,09  containerd-shim
01:04:23     1000      4708      6,80      0,00 5454468  346940   2,14  gnome-shell
01:04:23     1000      6317     36,00      0,00 1461668528  315328   1,94  antigravity
01:04:23     1000      6757      0,80      0,00 34350460  169940   1,05  antigravity
01:04:23     1000      6771      0,80      0,00 33903964   81160   0,50  antigravity
01:04:23     1000      6820    111,60      0,00 1461417328  663588   4,09  antigravity
01:04:23     1000      7161      0,20      0,00 33951332   64332   0,40  antigravity
01:04:23     1000      7229      5,20      0,00 1461383544  129156   0,80  antigravity
01:04:23     1000      7244     41,80      0,00 1461351324  291680   1,80  antigravity
01:04:23     1000      7258      2,60      0,00 1461347760  125888   0,78  antigravity
01:04:23     1000      7260      3,20      0,00 1461367100  163656   1,01  antigravity
01:04:23     1000      8356      5,00      0,00 1459530528  100952   0,62  antigravity
01:04:23     1000      9291     16,80      0,00 55435272  374580   2,31  chrome
01:04:23     1000      9342      2,20      0,00 55467700  213696   1,32  chrome
01:04:23     1000      9345      3,80      0,00 54976356  135636   0,84  chrome
01:04:23     1000      9359      0,40      0,00 55015792   62664   0,39  chrome
01:04:23     1000      9519      0,00      0,00 1518554232  353116   2,18  chrome
01:04:23     1000     76014      0,60      0,00 1518513820  347088   2,14  chrome
01:04:23     1000     76063      0,40      0,00 55006444   86720   0,53  chrome
01:04:23     1000    112886      7,40      0,00    6316    5064   0,03  pidstat
01:04:23     1000    112918     51,40      0,00 6506524  282760   1,74  java

01:04:18      UID       PID   kB_rd/s   kB_wr/s kB_ccwr/s iodelay  Command
01:04:23     1000      9291      0,00     16,80      0,00       0  chrome
01:04:23     1000    112886      0,00      1,49      0,00       0  pidstat
01:04:23     1000    112918      0,00      3,18      0,00       0  java

01:04:23      UID       PID    %usr %system  %guest   %wait    %CPU   CPU  Command
01:04:28        0        96    0,00    0,20    0,00    0,00    0,20     0  kworker/0:1H-events_highpri
01:04:28        0      1383    0,20    0,00    0,00    0,00    0,20     7  glances
01:04:28        0      1411    0,00    0,20    0,00    0,00    0,20     1  anydesk
01:04:28        0      1423    0,20    0,00    0,00    0,00    0,20     2  containerd
01:04:28        0      2123    0,00    0,20    0,00    0,00    0,20     3  upowerd
01:04:28        0      2310    0,40    0,00    0,00    0,00    0,40     3  dockerd
01:04:28      117      2312    0,20    0,80    0,00    0,00    1,00     3  grafana
01:04:28        0      2932    0,00    0,20    0,00    0,00    0,20     3  mount.ntfs-3g
01:04:28        0      2976    0,20    0,00    0,00    0,00    0,20     6  containerd-shim
01:04:28        0      2981    0,20    0,00    0,00    0,00    0,20     0  containerd-shim
01:04:28        0      2982    0,00    0,20    0,00    0,00    0,20     1  containerd-shim
01:04:28      999      3130    0,40    0,20    0,00    0,00    0,60     7  redis-server
01:04:28     1000      4708    0,80    0,20    0,00    0,00    1,00     7  gnome-shell
01:04:28     1000      6317    0,20    0,00    0,00    0,00    0,20     0  antigravity
01:04:28     1000      6339    0,80    0,00    0,00    0,00    0,80     1  gnome-terminal-
01:04:28     1000      6820    0,80    0,20    0,00    0,00    1,00     2  antigravity
01:04:28     1000      7059    1,80    1,60    0,00    0,00    3,40     3  language_server
01:04:28     1000      7229    0,00    0,20    0,00    0,00    0,20     2  antigravity
01:04:28     1000      7244    1,60    0,20    0,00    0,00    1,80     6  antigravity
01:04:28     1000      7260    0,60    0,00    0,00    0,00    0,60     1  antigravity
01:04:28     1000      8267    2,00    0,80    0,00    0,00    2,80     7  language_server
01:04:28     1000      8356    0,00    0,20    0,00    0,00    0,20     5  antigravity
01:04:28     1000      9291    0,20    0,00    0,00    0,00    0,20     7  chrome
01:04:28     1000      9519    0,20    0,00    0,00    0,00    0,20     4  chrome
01:04:28     1000     76025    0,20    0,00    0,00    0,00    0,20     5  chrome
01:04:28     1000     91682    0,20    0,00    0,00    0,00    0,20     5  ssh
01:04:28     1000     98039    0,20    0,00    0,00    0,00    0,20     2  antigravity
01:04:28     1000    112886    0,00    0,20    0,00    0,00    0,20     0  pidstat
01:04:28     1000    112918    4,60    0,80    0,00    0,00    5,40     1  java

01:04:23      UID       PID  minflt/s  majflt/s     VSZ     RSS   %MEM  Command
01:04:28        0      1423      0,20      0,00 2463900   70988   0,44  containerd
01:04:28        0      2975      1,60      0,00 1235352   13264   0,08  containerd-shim
01:04:28        0      2976     14,00      0,00 1235608   14176   0,09  containerd-shim
01:04:28        0      2977      1,40      0,00 1235352   14392   0,09  containerd-shim
01:04:28        0      2981      3,20      0,00 1235608   14176   0,09  containerd-shim
01:04:28        0      2982      3,60      0,00 1235608   14876   0,09  containerd-shim
01:04:28       70      3117      4,40      0,00  174540   25424   0,16  postgres
01:04:28     1000      4708      0,40      0,00 5454532  346940   2,14  gnome-shell
01:04:28     1000      6317     33,00      0,00 1461668528  315304   1,94  antigravity
01:04:28     1000      6757      1,60      0,00 34350460  169940   1,05  antigravity
01:04:28     1000      6771      0,40      0,00 33903964   81160   0,50  antigravity
01:04:28     1000      6820    108,20      0,00 1461417328  665892   4,10  antigravity
01:04:28     1000      7161      0,40      0,00 33951332   64332   0,40  antigravity
01:04:28     1000      7229      2,00      0,00 1461383544  129156   0,80  antigravity
01:04:28     1000      7244     35,00      0,00 1461351324  291760   1,80  antigravity
01:04:28     1000      7258      3,00      0,00 1461347760  125888   0,78  antigravity
01:04:28     1000      7260      3,60      0,00 1461367100  163656   1,01  antigravity
01:04:28     1000      8356      5,20      0,00 1459530528  100952   0,62  antigravity
01:04:28     1000      9291     17,20      0,00 55435272  374580   2,31  chrome
01:04:28     1000      9342      2,20      0,00 55467700  213696   1,32  chrome
01:04:28     1000      9345      3,80      0,00 54976356  135636   0,84  chrome
01:04:28     1000      9359      0,40      0,00 55015792   62664   0,39  chrome
01:04:28     1000     76014      0,40      0,00 1518513820  347088   2,14  chrome
01:04:28     1000     76063      0,40      0,00 55006444   86720   0,53  chrome
01:04:28     1000    112918     24,20      0,00 6506524  283528   1,75  java

01:04:23      UID       PID   kB_rd/s   kB_wr/s kB_ccwr/s iodelay  Command
01:04:28     1000    112886      0,00      1,03      0,00       0  pidstat
01:04:28     1000    112918      0,00      3,18      0,00       0  java

01:04:28      UID       PID    %usr %system  %guest   %wait    %CPU   CPU  Command
01:04:33        0        86    0,00    0,20    0,00    0,00    0,20     1  irq/9-acpi
01:04:33      990       903    1,00    0,00    0,00    0,00    1,00     6  dbus-daemon
01:04:33      115       930    1,60    0,20    0,00    0,00    1,80     3  prometheus-node
01:04:33      115       933    0,20    0,00    0,00    0,00    0,20     4  prometheus
01:04:33        0      1391    0,20    0,00    0,00    0,00    0,20     1  tailscaled
01:04:33        0      1423    0,40    0,00    0,00    0,00    0,40     2  containerd
01:04:33        0      2310    0,40    0,20    0,00    0,00    0,60     3  dockerd
01:04:33      117      2312    0,40    0,60    0,00    0,00    1,00     3  grafana
01:04:33        0      2932    0,20    0,00    0,00    0,00    0,20     5  mount.ntfs-3g
01:04:33        0      2975    0,00    0,20    0,00    0,00    0,20     7  containerd-shim
01:04:33        0      2977    0,20    0,00    0,00    0,00    0,20     7  containerd-shim
01:04:33        0      2981    0,00    0,20    0,00    0,00    0,20     0  containerd-shim
01:04:33        0      2982    0,20    0,00    0,00    0,00    0,20     1  containerd-shim
01:04:33      999      3130    0,40    0,00    0,00    0,00    0,40     4  redis-server
01:04:33     1000      4708    0,80    0,80    0,00    0,00    1,60     0  gnome-shell
01:04:33     1000      6339    1,00    0,00    0,00    0,00    1,00     1  gnome-terminal-
01:04:33     1000      6757    0,20    0,00    0,00    0,00    0,20     3  antigravity
01:04:33     1000      6771    0,00    0,20    0,00    0,00    0,20     0  antigravity
01:04:33     1000      6820    1,00    0,20    0,00    0,00    1,20     7  antigravity
01:04:33     1000      7059    2,00    1,20    0,00    0,00    3,20     3  language_server
01:04:33     1000      7229    0,20    0,20    0,00    0,00    0,40     5  antigravity
01:04:33     1000      7244    1,00    0,60    0,00    0,00    1,60     0  antigravity
01:04:33     1000      7260    0,60    0,00    0,00    0,00    0,60     2  antigravity
01:04:33     1000      8267    1,20    2,00    0,00    0,00    3,20     7  language_server
01:04:33     1000      8356    0,20    0,00    0,00    0,00    0,20     4  antigravity
01:04:33     1000      9291    0,20    0,00    0,00    0,00    0,20     3  chrome
01:04:33     1000      9519    0,20    0,00    0,00    0,00    0,20     7  chrome
01:04:33     1000     76014    0,00    0,20    0,00    0,00    0,20     7  chrome
01:04:33     1000     91682    0,00    0,20    0,00    0,00    0,20     6  ssh
01:04:33     1000    112886    0,20    0,20    0,00    0,00    0,40     0  pidstat
01:04:33     1000    112918    6,60    1,20    0,00    0,00    7,80     1  java

01:04:28      UID       PID  minflt/s  majflt/s     VSZ     RSS   %MEM  Command
01:04:33      115       930    104,80      0,00 1762312   25696   0,16  prometheus-node
01:04:33        0      1423      0,40      0,00 2463900   71116   0,44  containerd
01:04:33        0      2975      9,60      0,00 1235352   13392   0,08  containerd-shim
01:04:33        0      2976     11,40      0,00 1235608   14432   0,09  containerd-shim
01:04:33        0      2977     10,80      0,00 1235352   14520   0,09  containerd-shim
01:04:33        0      2981      9,20      0,00 1235608   14176   0,09  containerd-shim
01:04:33        0      2982     10,00      0,00 1235608   14876   0,09  containerd-shim
01:04:33     1000      4708      6,80      0,00 5454532  346804   2,14  gnome-shell
01:04:33     1000      6317     32,20      0,00 1461668528  315944   1,95  antigravity
01:04:33     1000      6757      4,20      0,00 34347324  169940   1,05  antigravity
01:04:33     1000      6771      0,40      0,00 33903964   81160   0,50  antigravity
01:04:33     1000      6820    140,00      0,00 1461417328  666932   4,11  antigravity
01:04:33     1000      7161      0,20      0,00 33951332   64332   0,40  antigravity
01:04:33     1000      7229     97,00      0,00 1461383544  129012   0,79  antigravity
01:04:33     1000      7244     62,40      0,00 1461351324  291996   1,80  antigravity
01:04:33     1000      7258      6,00      0,00 1461347760  125888   0,78  antigravity
01:04:33     1000      7260     14,80      0,00 1461367100  163652   1,01  antigravity
01:04:33     1000      8356      5,20      0,00 1459530528  100952   0,62  antigravity
01:04:33     1000      9291      6,80      0,00 55435272  374580   2,31  chrome
01:04:33     1000      9342      4,40      0,00 55467700  213696   1,32  chrome
01:04:33     1000      9345      3,80      0,00 54976356  135636   0,84  chrome
01:04:33     1000      9359      0,80      0,00 55015792   62664   0,39  chrome
01:04:33     1000     76014      0,20      0,00 1518513820  347088   2,14  chrome
01:04:33     1000     76063      0,20      0,00 55006444   86720   0,53  chrome
01:04:33     1000    112918     28,80      0,00 6506524  292228   1,80  java

01:04:28      UID       PID   kB_rd/s   kB_wr/s kB_ccwr/s iodelay  Command
01:04:33     1000    112886      0,00      0,98      0,00       0  pidstat
01:04:33     1000    112918      0,00      1,74      0,00       0  java

01:04:33      UID       PID    %usr %system  %guest   %wait    %CPU   CPU  Command
01:04:38        0       120    0,00    0,20    0,00    0,00    0,20     6  kworker/u33:0-i915_flip
01:04:38      115       933    0,20    0,00    0,00    0,00    0,20     4  prometheus
01:04:38        0      1383    0,20    0,00    0,00    0,00    0,20     7  glances
01:04:38        0      1391    0,20    0,00    0,00    0,00    0,20     1  tailscaled
01:04:38        0      1423    0,20    0,40    0,00    0,00    0,60     2  containerd
01:04:38        0      2310    0,60    0,20    0,00    0,00    0,80     3  dockerd
01:04:38      117      2312    0,40    0,40    0,00    0,00    0,80     3  grafana
01:04:38        0      2932    0,40    0,20    0,00    0,00    0,60     5  mount.ntfs-3g
01:04:38        0      2977    0,00    0,20    0,00    0,00    0,20     7  containerd-shim
01:04:38      999      3130    0,40    0,00    0,00    0,00    0,40     6  redis-server
01:04:38     1000      4708    0,60    0,20    0,00    0,00    0,80     0  gnome-shell
01:04:38     1000      5872    0,20    0,00    0,00    0,00    0,20     7  xdg-desktop-por
01:04:38     1000      6317    0,20    0,20    0,00    0,00    0,40     5  antigravity
01:04:38     1000      6339    0,80    0,00    0,00    0,00    0,80     2  gnome-terminal-
01:04:38     1000      6820   12,40    0,20    0,00    0,00   12,60     0  antigravity
01:04:38     1000      7059    1,40    1,60    0,00    0,00    3,00     3  language_server
01:04:38     1000      7229    0,20    0,20    0,00    0,00    0,40     3  antigravity
01:04:38     1000      7244    1,20    0,20    0,00    0,00    1,40     3  antigravity
01:04:38     1000      7260    0,60    0,00    0,00    0,20    0,60     2  antigravity
01:04:38     1000      8267    1,60    1,40    0,00    0,00    3,00     7  language_server
01:04:38     1000      9291    0,20    0,20    0,00    0,00    0,40     5  chrome
01:04:38     1000     98039    0,00    0,20    0,00    0,00    0,20     2  antigravity
01:04:38        0    108361    0,00    0,20    0,00    0,00    0,20     5  kworker/5:0-events
01:04:38     1000    112886    0,40    0,20    0,00    0,00    0,60     1  pidstat
01:04:38     1000    112918    4,60    1,20    0,00    0,00    5,80     1  java

01:04:33      UID       PID  minflt/s  majflt/s     VSZ     RSS   %MEM  Command
01:04:38        0      2975     13,20      0,00 1235352   13520   0,08  containerd-shim
01:04:38        0      2976     11,00      0,00 1235608   14688   0,09  containerd-shim
01:04:38        0      2977     11,60      0,00 1235352   14648   0,09  containerd-shim
01:04:38        0      2981     12,20      0,00 1235608   14560   0,09  containerd-shim
01:04:38        0      2982     12,20      0,00 1235608   15132   0,09  containerd-shim
01:04:38     1000      4708      0,40      0,00 5454468  346804   2,14  gnome-shell
01:04:38     1000      6317     31,40      0,00 1461668528  315976   1,95  antigravity
01:04:38     1000      6757      0,80      0,00 34347324  169940   1,05  antigravity
01:04:38     1000      6771      0,40      0,00 33903964   81160   0,50  antigravity
01:04:38     1000      6820    208,00      0,00 1461417328  656120   4,04  antigravity
01:04:38     1000      6924      0,80      0,00 1459611392  180300   1,11  antigravity
01:04:38     1000      7161      0,20      0,00 33951332   64332   0,40  antigravity
01:04:38     1000      7229     95,00      0,00 1461383544  129012   0,79  antigravity
01:04:38     1000      7244     32,40      0,00 1461351324  292124   1,80  antigravity
01:04:38     1000      7258      2,60      0,00 1461347760  125888   0,78  antigravity
01:04:38     1000      7260      7,80      0,00 1461367100  163652   1,01  antigravity
01:04:38     1000      8356      5,40      0,00 1459530528  100952   0,62  antigravity
01:04:38     1000      9291      6,80      0,00 55435272  374580   2,31  chrome
01:04:38     1000      9342      2,20      0,00 55467700  213696   1,32  chrome
01:04:38     1000      9345      8,20      0,00 54976356  135636   0,84  chrome
01:04:38     1000      9359      0,40      0,00 55015792   62664   0,39  chrome
01:04:38     1000     76014      0,60      0,00 1518513820  347088   2,14  chrome
01:04:38     1000     76063      0,20      0,00 55006444   86720   0,53  chrome
01:04:38     1000    112918     28,20      0,00 6506524  292612   1,80  java

01:04:33      UID       PID   kB_rd/s   kB_wr/s kB_ccwr/s iodelay  Command
01:04:38     1000    112886      0,00      1,01      0,00       0  pidstat
01:04:38     1000    112918      0,00      3,26      0,00       0  java

01:04:38      UID       PID    %usr %system  %guest   %wait    %CPU   CPU  Command
01:04:43        0      1383    0,00    0,20    0,00    0,00    0,20     7  glances
01:04:43        0      1423    0,40    0,20    0,00    0,00    0,60     2  containerd
01:04:43        0      2310    0,20    0,20    0,00    0,00    0,40     3  dockerd
01:04:43      117      2312    0,80    0,20    0,00    0,00    1,00     3  grafana
01:04:43        0      2932    0,20    0,20    0,00    0,00    0,40     3  mount.ntfs-3g
01:04:43        0      2975    0,00    0,20    0,00    0,00    0,20     7  containerd-shim
01:04:43        0      2976    0,20    0,00    0,00    0,00    0,20     6  containerd-shim
01:04:43        0      2982    0,00    0,20    0,00    0,00    0,20     1  containerd-shim
01:04:43      999      3130    0,40    0,00    0,00    0,00    0,40     3  redis-server
01:04:43     1000      4708    1,00    0,40    0,00    0,00    1,40     0  gnome-shell
01:04:43     1000      6317    0,20    0,00    0,00    0,00    0,20     5  antigravity
01:04:43     1000      6339    1,00    0,00    0,00    0,00    1,00     2  gnome-terminal-
01:04:43     1000      6820    0,80    0,20    0,00    0,00    1,00     6  antigravity
01:04:43     1000      7059    1,40    1,40    0,00    0,00    2,80     3  language_server
01:04:43     1000      7229    0,20    0,20    0,00    0,00    0,40     3  antigravity
01:04:43     1000      7244    1,40    0,40    0,00    0,00    1,80     2  antigravity
01:04:43     1000      7260    0,40    0,20    0,00    0,00    0,60     0  antigravity
01:04:43     1000      8267    1,60    1,40    0,00    0,00    3,00     7  language_server
01:04:43     1000      8356    0,00    0,20    0,00    0,00    0,20     5  antigravity
01:04:43     1000      9291    0,20    0,00    0,00    0,00    0,20     3  chrome
01:04:43     1000      9345    0,20    0,00    0,00    0,00    0,20     2  chrome
01:04:43     1000      9519    0,60    0,20    0,00    0,00    0,80     7  chrome
01:04:43     1000     91682    0,00    0,20    0,00    0,00    0,20     4  ssh
01:04:43        0    103256    0,00    0,20    0,00    0,00    0,20     3  kworker/u32:4-events_unbound
01:04:43     1000    112886    0,20    0,20    0,00    0,00    0,40     1  pidstat
01:04:43     1000    112918    9,60    0,40    0,00    0,00   10,00     1  java

01:04:38      UID       PID  minflt/s  majflt/s     VSZ     RSS   %MEM  Command
01:04:43        0      1423      3,60      0,00 2463900   70656   0,44  containerd
01:04:43        0      2975     13,80      0,00 1235352   13776   0,08  containerd-shim
01:04:43        0      2976      9,20      0,00 1235608   14688   0,09  containerd-shim
01:04:43        0      2977      8,60      0,00 1235352   14776   0,09  containerd-shim
01:04:43        0      2981     13,60      0,00 1235608   14816   0,09  containerd-shim
01:04:43        0      2982      9,40      0,00 1235608   15260   0,09  containerd-shim
01:04:43     1000      4708      6,40      0,00 5454468  346804   2,14  gnome-shell
01:04:43     1000      6317     42,80      0,00 1461668528  315224   1,94  antigravity
01:04:43     1000      6757      0,80      0,00 34347324  169940   1,05  antigravity
01:04:43     1000      6771      0,80      0,00 33903964   81160   0,50  antigravity
01:04:43     1000      6820    111,60      0,00 1461417328  658168   4,05  antigravity
01:04:43     1000      7161      0,20      0,00 33951332   64332   0,40  antigravity
01:04:43     1000      7229     12,80      0,00 1461383544  129012   0,79  antigravity
01:04:43     1000      7244     35,60      0,00 1461351324  292352   1,80  antigravity
01:04:43     1000      7258      3,00      0,00 1461347760  125888   0,78  antigravity
01:04:43     1000      7260      3,40      0,00 1461367100  163652   1,01  antigravity
01:04:43     1000      8356      5,20      0,00 1459530528  100952   0,62  antigravity
01:04:43     1000      9291     13,60      0,00 55435272  374440   2,31  chrome
01:04:43     1000      9342      2,20      0,00 55467700  213696   1,32  chrome
01:04:43     1000      9345      8,20      0,00 54976356  135764   0,84  chrome
01:04:43     1000      9359      0,40      0,00 55015792   62664   0,39  chrome
01:04:43     1000      9519    358,60      0,00 1518554232  364240   2,24  chrome
01:04:43     1000     76014      0,20      0,00 1518513820  347088   2,14  chrome
01:04:43     1000     76063      0,20      0,00 55006444   86720   0,53  chrome
01:04:43     1000    112918    438,60      0,00 6506524  301444   1,86  java

01:04:38      UID       PID   kB_rd/s   kB_wr/s kB_ccwr/s iodelay  Command
01:04:43     1000      9291      0,00      7,20      0,00       0  chrome
01:04:43     1000    112886      0,00      0,90      0,00       0  pidstat
01:04:43     1000    112918      0,00      3,22      0,00       0  java

01:04:43      UID       PID    %usr %system  %guest   %wait    %CPU   CPU  Command
01:04:48        0         1    0,40    0,00    0,00    0,00    0,40     7  systemd
01:04:48        0        17    0,00    0,20    0,00    0,00    0,20     4  rcu_preempt
01:04:48        0        86    0,00    0,20    0,00    0,00    0,20     1  irq/9-acpi
01:04:48      990       903    0,40    0,00    0,00    0,00    0,40     0  dbus-daemon
01:04:48      115       930    1,00    0,60    0,00    0,00    1,60     3  prometheus-node
01:04:48      115       933    0,40    0,00    0,00    0,00    0,40     1  prometheus
01:04:48        0      1423    0,20    0,00    0,00    0,00    0,20     2  containerd
01:04:48        0      2310    0,20    0,40    0,00    0,00    0,60     3  dockerd
01:04:48      117      2312    0,40    0,20    0,00    0,00    0,60     3  grafana
01:04:48        0      2932    0,00    0,20    0,00    0,00    0,20     5  mount.ntfs-3g
01:04:48        0      2975    0,20    0,00    0,00    0,00    0,20     7  containerd-shim
01:04:48        0      2977    0,20    0,00    0,00    0,00    0,20     7  containerd-shim
01:04:48        0      2981    0,00    0,20    0,00    0,00    0,20     0  containerd-shim
01:04:48      999      3130    0,40    0,20    0,00    0,00    0,60     2  redis-server
01:04:48       70      3571    0,00    0,20    0,00    0,00    0,20     6  postgres
01:04:48     1000      4708    0,80    0,40    0,00    0,00    1,20     3  gnome-shell
01:04:48     1000      6317    0,20    0,00    0,00    0,00    0,20     4  antigravity
01:04:48     1000      6339    0,60    0,00    0,00    0,00    0,60     1  gnome-terminal-
01:04:48     1000      6820    1,00    0,00    0,00    0,00    1,00     7  antigravity
01:04:48     1000      7059    2,59    1,60    0,00    0,00    4,19     5  language_server
01:04:48     1000      7229    0,00    0,20    0,00    0,00    0,20     7  antigravity
01:04:48     1000      7244    1,60    0,20    0,00    0,00    1,80     5  antigravity
01:04:48     1000      7260    0,80    0,00    0,00    0,00    0,80     2  antigravity
01:04:48     1000      8267    2,59    0,60    0,00    0,00    3,19     7  language_server
01:04:48     1000      9291    0,20    0,00    0,00    0,00    0,20     5  chrome
01:04:48     1000      9345    0,00    0,20    0,00    0,00    0,20     3  chrome
01:04:48     1000      9519    0,20    0,00    0,00    0,00    0,20     0  chrome
01:04:48     1000    112886    0,20    0,40    0,00    0,00    0,60     3  pidstat
01:04:48     1000    112918    5,19    1,20    0,00    0,00    6,39     1  java

01:04:43      UID       PID  minflt/s  majflt/s     VSZ     RSS   %MEM  Command
01:04:48      115       930     73,85      0,00 1762312   25368   0,16  prometheus-node
01:04:48        0      2975      2,20      0,00 1235352   13776   0,08  containerd-shim
01:04:48        0      2976      1,00      0,00 1235608   14688   0,09  containerd-shim
01:04:48        0      2977      0,80      0,00 1235352   14776   0,09  containerd-shim
01:04:48        0      2981      2,79      0,00 1235608   14816   0,09  containerd-shim
01:04:48        0      2982      1,00      0,00 1235608   15260   0,09  containerd-shim
01:04:48     1000      4708      0,80      0,00 5454468  346804   2,14  gnome-shell
01:04:48     1000      6317     32,93      0,00 1461668528  315328   1,94  antigravity
01:04:48     1000      6757      1,60      0,00 34347324  169940   1,05  antigravity
01:04:48     1000      6771      0,40      0,00 33903964   81160   0,50  antigravity
01:04:48     1000      6820    113,37      0,00 1461417328  660472   4,07  antigravity
01:04:48     1000      7059     56,09      0,00 4910056  364496   2,25  language_server
01:04:48     1000      7161      0,40      0,00 33951332   64332   0,40  antigravity
01:04:48     1000      7229      7,78      0,00 1461383544  129012   0,79  antigravity
01:04:48     1000      7244     41,72      0,00 1461351324  292560   1,80  antigravity
01:04:48     1000      7258      3,39      0,00 1461347760  125888   0,78  antigravity
01:04:48     1000      7260      3,39      0,00 1461367100  163652   1,01  antigravity
01:04:48     1000      8356      5,39      0,00 1459530528  100952   0,62  antigravity
01:04:48     1000      9291     13,57      0,00 55435272  374440   2,31  chrome
01:04:48     1000      9342      2,20      0,00 55467700  213696   1,32  chrome
01:04:48     1000      9345      3,79      0,00 54976356  135764   0,84  chrome
01:04:48     1000      9359      0,40      0,00 55015792   62664   0,39  chrome
01:04:48     1000     76014      0,60      0,00 1518513820  347088   2,14  chrome
01:04:48     1000     76063      0,40      0,00 55006444   86720   0,53  chrome
01:04:48     1000    112918     47,90      0,00 6506524  296500   1,83  java

01:04:43      UID       PID   kB_rd/s   kB_wr/s kB_ccwr/s iodelay  Command
01:04:48     1000    112886      0,00      0,94      0,00       0  pidstat
01:04:48     1000    112918      0,00      3,21      0,00       0  java

01:04:48      UID       PID    %usr %system  %guest   %wait    %CPU   CPU  Command
01:04:53        0      1383    0,20    0,00    0,00    0,00    0,20     7  glances
01:04:53        0      1423    0,40    0,20    0,00    0,00    0,60     2  containerd
01:04:53        0      2310    0,20    0,20    0,00    0,00    0,40     3  dockerd
01:04:53      117      2312    0,80    0,40    0,00    0,00    1,20     3  grafana
01:04:53        0      2932    0,20    0,00    0,00    0,00    0,20     6  mount.ntfs-3g
01:04:53        0      2982    0,20    0,00    0,00    0,00    0,20     1  containerd-shim
01:04:53      999      3130    0,40    0,00    0,00    0,00    0,40     4  redis-server
01:04:53     1000      4708    1,00    0,20    0,00    0,00    1,20     5  gnome-shell
01:04:53     1000      5107    0,00    0,20    0,00    0,00    0,20     7  anydesk
01:04:53     1000      6339    0,60    0,00    0,00    0,00    0,60     1  gnome-terminal-
01:04:53     1000      6820    0,80    0,20    0,00    0,00    1,00     6  antigravity
01:04:53     1000      7059    1,40    2,00    0,00    0,00    3,40     2  language_server
01:04:53     1000      7229    0,20    0,00    0,00    0,00    0,20     0  antigravity
01:04:53     1000      7244    1,60    0,20    0,00    0,00    1,80     1  antigravity
01:04:53     1000      7260    0,60    0,00    0,00    0,00    0,60     2  antigravity
01:04:53     1000      8267    1,60    1,80    0,00    0,00    3,40     7  language_server
01:04:53     1000      9291    0,20    0,00    0,00    0,00    0,20     7  chrome
01:04:53     1000      9342    0,20    0,00    0,00    0,00    0,20     6  chrome
01:04:53     1000      9390    0,20    0,00    0,00    0,00    0,20     4  chrome
01:04:53     1000     98039    0,20    0,00    0,00    0,00    0,20     2  antigravity
01:04:53        0    102824    0,00    0,20    0,00    0,00    0,20     1  kworker/1:1-mm_percpu_wq
01:04:53        0    103884    0,00    0,20    0,00    0,00    0,20     4  kworker/4:1-events
01:04:53        0    111731    0,00    0,20    0,00    0,00    0,20     6  kworker/6:1-events
01:04:53     1000    112886    0,20    0,20    0,00    0,00    0,40     3  pidstat
01:04:53     1000    112918    6,60    0,80    0,00    0,00    7,40     1  java

01:04:48      UID       PID  minflt/s  majflt/s     VSZ     RSS   %MEM  Command
01:04:53        0      1423      0,20      0,00 2463900   70656   0,44  containerd
01:04:53        0      2975      6,00      0,00 1235352   14032   0,09  containerd-shim
01:04:53        0      2976      2,40      0,00 1235608   14688   0,09  containerd-shim
01:04:53        0      2977      0,40      0,00 1235352   14776   0,09  containerd-shim
01:04:53        0      2981      0,20      0,00 1235608   14816   0,09  containerd-shim
01:04:53        0      2982      0,80      0,00 1235608   15260   0,09  containerd-shim
01:04:53     1000      4708      7,00      0,00 5454532  346804   2,14  gnome-shell
01:04:53     1000      6317     32,20      0,00 1461668528  315840   1,95  antigravity
01:04:53     1000      6757      0,80      0,00 34347324  169940   1,05  antigravity
01:04:53     1000      6771      0,40      0,00 33903964   81160   0,50  antigravity
01:04:53     1000      6820    112,20      0,00 1461417328  661820   4,08  antigravity
01:04:53     1000      7161      0,20      0,00 33951332   64332   0,40  antigravity
01:04:53     1000      7229      2,40      0,00 1461383544  129012   0,79  antigravity
01:04:53     1000      7244     75,60      0,00 1461351324  292684   1,80  antigravity
01:04:53     1000      7258      5,20      0,00 1461347760  125888   0,78  antigravity
01:04:53     1000      7260      3,80      0,00 1461367100  163652   1,01  antigravity
01:04:53     1000      8356      5,20      0,00 1459530528  100952   0,62  antigravity
01:04:53     1000      9291      7,80      0,00 55435272  374440   2,31  chrome
01:04:53     1000      9342      4,40      0,00 55467700  213696   1,32  chrome
01:04:53     1000      9345      3,80      0,00 54976356  135764   0,84  chrome
01:04:53     1000      9359      0,80      0,00 55015792   62664   0,39  chrome
01:04:53     1000     76014      0,40      0,00 1518513820  347088   2,14  chrome
01:04:53     1000     76063      0,20      0,00 55006444   86720   0,53  chrome
01:04:53     1000    112918     32,20      0,00 6506524  297140   1,83  java

01:04:48      UID       PID   kB_rd/s   kB_wr/s kB_ccwr/s iodelay  Command
01:04:53     1000      9291      0,00      4,00      0,00       0  chrome
01:04:53     1000    112886      0,00      0,98      0,00       0  pidstat
01:04:53     1000    112918      0,00      1,70      0,00       0  java

01:04:53      UID       PID    %usr %system  %guest   %wait    %CPU   CPU  Command
01:04:58      115       933    0,20    0,00    0,00    0,00    0,20     4  prometheus
01:04:58        0      1383    0,20    0,00    0,00    0,00    0,20     7  glances
01:04:58        0      1423    0,20    0,00    0,00    0,00    0,20     2  containerd
01:04:58      111      1503    0,20    0,00    0,00    0,00    0,20     7  mariadbd
01:04:58        0      2310    0,40    0,20    0,00    0,00    0,60     3  dockerd
01:04:58      117      2312    0,40    0,40    0,00    0,00    0,80     3  grafana
01:04:58        0      2932    0,20    0,20    0,00    0,00    0,40     5  mount.ntfs-3g
01:04:58        0      2975    0,00    0,20    0,00    0,00    0,20     7  containerd-shim
01:04:58        0      2976    0,20    0,00    0,00    0,00    0,20     6  containerd-shim
01:04:58        0      2981    0,20    0,20    0,00    0,00    0,40     0  containerd-shim
01:04:58        0      2982    0,00    0,20    0,00    0,00    0,20     1  containerd-shim
01:04:58      999      3130    0,40    0,00    0,00    0,00    0,40     4  redis-server
01:04:58     1000      4708    0,80    0,40    0,00    0,00    1,20     5  gnome-shell
01:04:58     1000      5364    0,00    0,20    0,00    0,00    0,20     0  gvfs-afc-volume
01:04:58     1000      6317    0,20    0,20    0,00    0,00    0,40     3  antigravity
01:04:58     1000      6339    1,00    0,20    0,00    0,00    1,20     3  gnome-terminal-
01:04:58     1000      6820    1,00    0,20    0,00    0,00    1,20     6  antigravity
01:04:58     1000      7059    1,60    1,80    0,00    0,00    3,40     5  language_server
01:04:58     1000      7229    0,20    0,20    0,00    0,00    0,40     1  antigravity
01:04:58     1000      7244    2,40    0,60    0,00    0,00    3,00     7  antigravity
01:04:58     1000      7260    0,40    0,20    0,00    0,00    0,60     0  antigravity
01:04:58     1000      8267    1,40    1,80    0,00    0,00    3,20     7  language_server
01:04:58     1000      8356    0,20    0,20    0,00    0,00    0,40     3  antigravity
01:04:58     1000      8393    0,20    0,00    0,00    0,00    0,20     2  antigravity
01:04:58     1000      9291    0,20    0,00    0,00    0,00    0,20     6  chrome
01:04:58     1000      9519    0,20    0,00    0,00    0,00    0,20     5  chrome
01:04:58     1000     91682    0,00    0,20    0,00    0,00    0,20     4  ssh
01:04:58        0    112264    0,00    0,20    0,00    0,00    0,20     2  kworker/2:2-events
01:04:58     1000    112886    0,40    0,00    0,00    0,00    0,40     2  pidstat
01:04:58     1000    112918    5,00    0,80    0,00    0,00    5,80     1  java

01:04:53      UID       PID  minflt/s  majflt/s     VSZ     RSS   %MEM  Command
01:04:58        0      2975      5,40      0,00 1235352   13488   0,08  containerd-shim
01:04:58        0      2976      8,80      0,00 1235608   14156   0,09  containerd-shim
01:04:58        0      2977      4,00      0,00 1235352   14324   0,09  containerd-shim
01:04:58        0      2981      3,20      0,00 1235608   14072   0,09  containerd-shim
01:04:58        0      2982      5,40      0,00 1235608   14672   0,09  containerd-shim
01:04:58     1000      4708      0,80      0,00 5454532  346804   2,14  gnome-shell
01:04:58     1000      6317     31,20      0,00 1461668528  315920   1,95  antigravity
01:04:58     1000      6757      0,80      0,00 34347324  169940   1,05  antigravity
01:04:58     1000      6771      0,40      0,00 33903964   81160   0,50  antigravity
01:04:58     1000      6820    108,00      0,00 1461417328  664124   4,09  antigravity
01:04:58     1000      7161      0,20      0,00 33951332   64332   0,40  antigravity
01:04:58     1000      7229      2,00      0,00 1461383544  129012   0,79  antigravity
01:04:58     1000      7244   1107,40      0,00 1461351324  312940   1,93  antigravity
01:04:58     1000      7258      3,00      0,00 1461347760  125888   0,78  antigravity
01:04:58     1000      7260      5,60      0,00 1461367100  163652   1,01  antigravity
01:04:58     1000      8356      5,20      0,00 1459530528  100952   0,62  antigravity
01:04:58     1000      9291     11,00      0,00 55435272  374416   2,31  chrome
01:04:58     1000      9342      2,20      0,00 55467700  213696   1,32  chrome
01:04:58     1000      9345      8,20      0,00 54976356  135764   0,84  chrome
01:04:58     1000      9359      0,40      0,00 55015792   62664   0,39  chrome
01:04:58     1000     76014      0,40      0,00 1518513820  347088   2,14  chrome
01:04:58     1000     76063      0,20      0,00 55006444   86720   0,53  chrome
01:04:58     1000    112918     13,40      0,00 6506524  297396   1,83  java

01:04:53      UID       PID   kB_rd/s   kB_wr/s kB_ccwr/s iodelay  Command
01:04:58     1000      9291      0,00      2,40      0,00       0  chrome
01:04:58     1000    112886      0,00      0,91      0,00       0  pidstat
01:04:58     1000    112918      0,00      3,22      0,00       0  java

01:04:58      UID       PID    %usr %system  %guest   %wait    %CPU   CPU  Command
01:05:03        0         1    0,20    0,00    0,00    0,00    0,20     1  systemd
01:05:03        0        86    0,00    0,20    0,00    0,00    0,20     1  irq/9-acpi
01:05:03        0       317    0,00    0,20    0,00    0,00    0,20     5  jbd2/sda6-8
01:05:03      990       903    0,60    0,20    0,00    0,00    0,80     0  dbus-daemon
01:05:03      115       930    1,20    0,40    0,00    0,00    1,60     3  prometheus-node
01:05:03      115       933    0,20    0,00    0,00    0,00    0,20     1  prometheus
01:05:03        0      1383    0,20    0,00    0,00    0,00    0,20     7  glances
01:05:03        0      1391    0,20    0,00    0,00    0,00    0,20     1  tailscaled
01:05:03        0      1423    0,20    0,20    0,00    0,00    0,40     2  containerd
01:05:03        0      2310    0,20    0,20    0,00    0,00    0,40     3  dockerd
01:05:03      117      2312    0,60    0,60    0,00    0,00    1,20     3  grafana
01:05:03        0      2932    0,20    0,40    0,00    0,00    0,60     3  mount.ntfs-3g
01:05:03        0      2975    0,20    0,00    0,00    0,00    0,20     7  containerd-shim
01:05:03        0      2976    0,20    0,00    0,00    0,00    0,20     6  containerd-shim
01:05:03        0      2977    0,20    0,20    0,00    0,00    0,40     7  containerd-shim
01:05:03        0      2982    0,00    0,20    0,00    0,00    0,20     1  containerd-shim
01:05:03      999      3130    0,40    0,00    0,00    0,00    0,40     2  redis-server
01:05:03     1000      4708    1,00    0,20    0,00    0,00    1,20     7  gnome-shell
01:05:03     1000      6317    0,20    0,00    0,00    0,00    0,20     2  antigravity
01:05:03     1000      6339    0,60    0,00    0,00    0,00    0,60     1  gnome-terminal-
01:05:03     1000      6820    1,00    0,20    0,00    0,00    1,20     7  antigravity
01:05:03     1000      7059    1,60    1,60    0,00    0,00    3,20     1  language_server
01:05:03     1000      7229    0,20    0,20    0,00    0,00    0,40     1  antigravity
01:05:03     1000      7244   11,00    0,60    0,00    0,00   11,60     3  antigravity
01:05:03     1000      7258    0,00    0,20    0,00    0,00    0,20     5  antigravity
01:05:03     1000      7260    0,60    0,00    0,00    0,00    0,60     1  antigravity
01:05:03     1000      8267    1,00    1,80    0,00    0,00    2,80     7  language_server
01:05:03     1000      9500    0,20    0,00    0,00    0,00    0,20     5  chrome
01:05:03     1000      9519    0,00    0,20    0,00    0,00    0,20     1  chrome
01:05:03        0    111971    0,20    0,00    0,00    0,00    0,20     0  kworker/0:1-events
01:05:03     1000    112886    0,20    0,40    0,00    0,00    0,60     4  pidstat
01:05:03     1000    112918    4,80    0,60    0,00    0,00    5,40     1  java

01:04:58      UID       PID  minflt/s  majflt/s     VSZ     RSS   %MEM  Command
01:05:03        0       376      9,60      0,00  188968  108948   0,67  systemd-journal
01:05:03        0       902      1,60      0,00    6792    2752   0,02  cron
01:05:03      115       930     80,00      0,00 1762312   25284   0,16  prometheus-node
01:05:03      117      2312      2,40      0,00 1765240  349932   2,16  grafana
01:05:03        0      2975     12,60      0,00 1235352   13744   0,08  containerd-shim
01:05:03        0      2976      9,40      0,00 1235608   14284   0,09  containerd-shim
01:05:03        0      2977      9,20      0,00 1235352   14452   0,09  containerd-shim
01:05:03        0      2981      9,20      0,00 1235608   14200   0,09  containerd-shim
01:05:03        0      2982      9,20      0,00 1235608   14800   0,09  containerd-shim
01:05:03     1000      4708      6,20      0,00 5454468  346804   2,14  gnome-shell
01:05:03     1000      6317     34,00      0,00 1461668528  315376   1,94  antigravity
01:05:03     1000      6757      4,20      0,00 34347324  169940   1,05  antigravity
01:05:03     1000      6771      0,80      0,00 33903964   81160   0,50  antigravity
01:05:03     1000      6820    153,00      0,00 1461417328  666032   4,10  antigravity
01:05:03     1000      7161      0,20      0,00 33951332   64332   0,40  antigravity
01:05:03     1000      7229    166,40      0,00 1461383544  129636   0,80  antigravity
01:05:03     1000      7244   1819,00      0,00 1461351324  336620   2,07  antigravity
01:05:03     1000      7258      3,00      0,00 1461347760  125888   0,78  antigravity
01:05:03     1000      7260      3,40      0,00 1461367100  163652   1,01  antigravity
01:05:03     1000      8356      5,20      0,00 1459530528  100952   0,62  antigravity
01:05:03     1000      9291      6,80      0,00 55435272  374416   2,31  chrome
01:05:03     1000      9342      2,20      0,00 55467700  213696   1,32  chrome
01:05:03     1000      9345      3,80      0,00 54976356  135764   0,84  chrome
01:05:03     1000      9359      0,40      0,00 55015792   62664   0,39  chrome
01:05:03     1000      9519      0,00      0,00 1518554232  354652   2,18  chrome
01:05:03     1000     76014      0,40      0,00 1518513820  347088   2,14  chrome
01:05:03     1000     76063      0,20      0,00 55006444   86720   0,53  chrome
01:05:03     1000    112918     18,20      0,00 6506524  301712   1,86  java

01:04:58      UID       PID   kB_rd/s   kB_wr/s kB_ccwr/s iodelay  Command
01:05:03     1000    112886      0,00      0,98      0,00       0  pidstat
01:05:03     1000    112918      0,00      3,29      0,00       0  java

01:05:03      UID       PID    %usr %system  %guest   %wait    %CPU   CPU  Command
01:05:08      115       933    0,40    0,00    0,00    0,00    0,40     1  prometheus
01:05:08        0      1391    0,20    0,20    0,00    0,00    0,40     1  tailscaled
01:05:08        0      1423    0,40    0,00    0,00    0,00    0,40     2  containerd
01:05:08        0      2310    0,40    0,20    0,00    0,00    0,60     3  dockerd
01:05:08      117      2312    0,40    0,40    0,00    0,00    0,80     3  grafana
01:05:08        0      2932    0,40    0,00    0,00    0,00    0,40     3  mount.ntfs-3g
01:05:08        0      2976    0,00    0,20    0,00    0,00    0,20     6  containerd-shim
01:05:08      999      3130    0,40    0,00    0,00    0,00    0,40     2  redis-server
01:05:08     1000      4708    1,00    0,20    0,00    0,00    1,20     4  gnome-shell
01:05:08     1000      6317    0,00    0,20    0,00    0,00    0,20     2  antigravity
01:05:08     1000      6339    1,00    0,20    0,00    0,20    1,20     1  gnome-terminal-
01:05:08     1000      6820   13,00    0,00    0,00    0,00   13,00     4  antigravity
01:05:08     1000      7059    1,60    1,60    0,00    0,00    3,20     4  language_server
01:05:08     1000      7229    0,20    0,40    0,00    0,00    0,60     0  antigravity
01:05:08     1000      7244    1,40    0,20    0,00    0,20    1,60     6  antigravity
01:05:08     1000      7260    0,80    0,20    0,00    0,00    1,00     6  antigravity
01:05:08     1000      8267    2,00    1,00    0,00    0,00    3,00     7  language_server
01:05:08     1000      9291    0,20    0,20    0,00    0,00    0,40     6  chrome
01:05:08     1000      9519    0,20    0,00    0,00    0,00    0,20     7  chrome
01:05:08     1000     76014    0,20    0,00    0,00    0,00    0,20     3  chrome
01:05:08     1000    112886    0,00    0,40    0,00    0,00    0,40     2  pidstat
01:05:08     1000    112918    7,00    0,60    0,00    0,00    7,60     1  java

01:05:03      UID       PID  minflt/s  majflt/s     VSZ     RSS   %MEM  Command
01:05:08      115       933      0,00      0,00 2711492  112996   0,70  prometheus
01:05:08        0      2975     11,40      0,00 1235352   13872   0,09  containerd-shim
01:05:08        0      2976     15,00      0,00 1235608   14540   0,09  containerd-shim
01:05:08        0      2977     12,20      0,00 1235352   14580   0,09  containerd-shim
01:05:08        0      2981     14,00      0,00 1235608   14328   0,09  containerd-shim
01:05:08        0      2982     13,20      0,00 1235608   14928   0,09  containerd-shim
01:05:08     1000      4708      0,80      0,00 5454468  346804   2,14  gnome-shell
01:05:08     1000      6317     32,60      0,00 1461668528  315372   1,94  antigravity
01:05:08     1000      6757      1,60      0,00 34347324  169940   1,05  antigravity
01:05:08     1000      6771      0,40      0,00 33903964   81160   0,50  antigravity
01:05:08     1000      6820    131,80      0,00 1461417328  655648   4,04  antigravity
01:05:08     1000      7161      0,40      0,00 33951332   64332   0,40  antigravity
01:05:08     1000      7229     95,60      0,00 1461383544  129200   0,80  antigravity
01:05:08     1000      7244     95,00      0,00 1461351324  338156   2,08  antigravity
01:05:08     1000      7258      3,00      0,00 1461347760  125888   0,78  antigravity
01:05:08     1000      7260      3,00      0,00 1461367100  163780   1,01  antigravity
01:05:08     1000      8356      5,40      0,00 1459530528  100952   0,62  antigravity
01:05:08     1000      9291     14,00      0,00 55435272  374416   2,31  chrome
01:05:08     1000      9342      2,20      0,00 55467700  213696   1,32  chrome
01:05:08     1000      9345      3,80      0,00 54976356  135764   0,84  chrome
01:05:08     1000      9359      0,40      0,00 55015792   62664   0,39  chrome
01:05:08     1000     76014      0,60      0,00 1518513820  347088   2,14  chrome
01:05:08     1000     76063      0,40      0,00 55006444   86720   0,53  chrome
01:05:08     1000    112918    254,20      0,00 6506524  306704   1,89  java

01:05:03      UID       PID   kB_rd/s   kB_wr/s kB_ccwr/s iodelay  Command
01:05:08     1000      9291      0,00      1,60      0,00       0  chrome
01:05:08     1000    112886      0,00      1,08      0,00       0  pidstat
01:05:08     1000    112918      0,00      1,71      0,00       0  java

01:05:08      UID       PID    %usr %system  %guest   %wait    %CPU   CPU  Command
01:05:13      115       933    0,20    0,00    0,00    0,00    0,20     1  prometheus
01:05:13        0      1383    0,20    0,00    0,00    0,00    0,20     7  glances
01:05:13        0      1423    0,40    0,20    0,00    0,00    0,60     2  containerd
01:05:13        0      2310    0,20    0,20    0,00    0,00    0,40     3  dockerd
01:05:13      117      2312    0,60    0,40    0,00    0,00    1,00     3  grafana
01:05:13        0      2932    0,20    0,20    0,00    0,00    0,40     4  mount.ntfs-3g
01:05:13        0      2975    0,20    0,00    0,00    0,00    0,20     7  containerd-shim
01:05:13        0      2981    0,20    0,00    0,00    0,00    0,20     0  containerd-shim
01:05:13        0      2982    0,20    0,00    0,00    0,00    0,20     1  containerd-shim
01:05:13      999      3130    0,40    0,00    0,00    0,00    0,40     3  redis-server
01:05:13     1000      4708    0,80    0,20    0,00    0,00    1,00     4  gnome-shell
01:05:13     1000      6317    0,20    0,00    0,00    0,00    0,20     4  antigravity
01:05:13     1000      6339    0,40    0,00    0,00    0,00    0,40     1  gnome-terminal-
01:05:13     1000      6820    1,00    0,00    0,00    0,20    1,00     5  antigravity
01:05:13     1000      7059    1,20    1,80    0,00    0,00    3,00     6  language_server
01:05:13     1000      7229    0,00    0,20    0,00    0,00    0,20     6  antigravity
01:05:13     1000      7244    1,40    0,40    0,00    0,00    1,80     0  antigravity
01:05:13     1000      7260    0,40    0,00    0,00    0,00    0,40     2  antigravity
01:05:13     1000      8267    0,80    2,20    0,00    0,00    3,00     7  language_server
01:05:13     1000      8356    0,20    0,00    0,00    0,00    0,20     1  antigravity
01:05:13     1000      9291    0,20    0,00    0,00    0,00    0,20     2  chrome
01:05:13     1000      9345    0,20    0,00    0,00   20,00    0,20     0  chrome
01:05:13     1000      9519    0,20    0,00    0,00    0,00    0,20     5  chrome
01:05:13     1000    112886    0,60    0,00    0,00    0,00    0,60     4  pidstat
01:05:13     1000    112918    2,40    1,20    0,00    0,00    3,60     1  java

01:05:08      UID       PID  minflt/s  majflt/s     VSZ     RSS   %MEM  Command
01:05:13        0      2975     11,40      0,00 1235352   14000   0,09  containerd-shim
01:05:13        0      2976      8,20      0,00 1235608   14668   0,09  containerd-shim
01:05:13        0      2977      5,20      0,00 1235352   14708   0,09  containerd-shim
01:05:13        0      2981     11,20      0,00 1235608   14456   0,09  containerd-shim
01:05:13        0      2982      7,20      0,00 1235608   15056   0,09  containerd-shim
01:05:13     1000      4708      1,80      0,00 5454468  346676   2,14  gnome-shell
01:05:13     1000      6317     35,00      0,00 1461668528  315884   1,95  antigravity
01:05:13     1000      6757      0,80      0,00 34347324  169940   1,05  antigravity
01:05:13     1000      6771      0,40      0,00 33903964   81160   0,50  antigravity
01:05:13     1000      6820    111,60      0,00 1461417328  657696   4,05  antigravity
01:05:13     1000      6924      0,00      0,00 1459611392  180164   1,11  antigravity
01:05:13     1000      7161      0,20      0,00 33951332   64332   0,40  antigravity
01:05:13     1000      7229     12,80      0,00 1461383544  129200   0,80  antigravity
01:05:13     1000      7244    108,40      0,00 1461351324  339948   2,09  antigravity
01:05:13     1000      7258      5,60      0,00 1461347760  125888   0,78  antigravity
01:05:13     1000      7260      4,20      0,00 1461367100  163780   1,01  antigravity
01:05:13     1000      8356      5,20      0,00 1459530528  100952   0,62  antigravity
01:05:13     1000      9291     10,40      0,00 55435272  374416   2,31  chrome
01:05:13     1000      9342      4,40      0,00 55467700  213696   1,32  chrome
01:05:13     1000      9345      4,80      0,00 54976356  135764   0,84  chrome
01:05:13     1000      9359      0,80      0,00 55015792   62664   0,39  chrome
01:05:13     1000     76014      0,20      0,00 1518513820  347088   2,14  chrome
01:05:13     1000     76063      0,20      0,00 55006444   86720   0,53  chrome
01:05:13     1000    112918     15,00      0,00 6506524  302672   1,86  java

01:05:08      UID       PID   kB_rd/s   kB_wr/s kB_ccwr/s iodelay  Command
01:05:13     1000      9345      0,00     14,40      0,00       0  chrome
01:05:13     1000    112886      0,00      0,86      0,00       0  pidstat
01:05:13     1000    112918      0,00      3,23      0,00       0  java

01:05:13      UID       PID    %usr %system  %guest   %wait    %CPU   CPU  Command
01:05:18        0         1    0,40    0,20    0,00    0,00    0,60     7  systemd
01:05:18        0        39    0,00    0,20    0,00    0,00    0,20     3  ksoftirqd/3
01:05:18        0       376    0,20    0,00    0,00    0,00    0,20     0  systemd-journal
01:05:18        0       408    0,20    0,00    0,00    0,20    0,20     1  systemd-udevd
01:05:18      990       903    1,20    0,00    0,00    0,00    1,20     5  dbus-daemon
01:05:18      986       924    0,20    0,00    0,00    0,00    0,20     1  polkitd
01:05:18      115       930    1,00    0,60    0,00    0,00    1,60     3  prometheus-node
01:05:18      115       933    0,20    0,00    0,00    0,00    0,20     1  prometheus
01:05:18        0      1079    0,20    0,00    0,00    0,00    0,20     4  NetworkManager
01:05:18        0      1383    0,20    0,00    0,00    0,00    0,20     7  glances
01:05:18        0      1391    0,00    0,20    0,00    0,00    0,20     4  tailscaled
01:05:18        0      1411    0,00    0,20    0,00    0,00    0,20     4  anydesk
01:05:18        0      1423    0,80    0,20    0,00    0,00    1,00     2  containerd
01:05:18        0      2310    1,20    0,60    0,00    0,00    1,80     3  dockerd
01:05:18      117      2312    0,60    0,20    0,00    0,00    0,80     3  grafana
01:05:18        0      2932    0,00    0,20    0,00    0,00    0,20     5  mount.ntfs-3g
01:05:18        0      2976    0,00    0,20    0,00    0,00    0,20     6  containerd-shim
01:05:18        0      2977    0,20    0,20    0,00    0,00    0,40     7  containerd-shim
01:05:18      999      3130    0,40    0,20    0,00    0,00    0,60     3  redis-server
01:05:18     1000      4549    0,20    0,20    0,00    0,00    0,40     6  systemd
01:05:18     1000      4708    0,80    0,40    0,00    0,00    1,20     4  gnome-shell
01:05:18     1000      5021    0,20    0,00    0,00    0,00    0,20     0  gsd-housekeepin
01:05:18     1000      5043    0,20    0,00    0,00    0,00    0,20     1  gnome-software
01:05:18     1000      5050    0,20    0,00    0,00    0,00    0,20     3  gsd-rfkill
01:05:18     1000      5055    0,20    0,00    0,00    0,00    0,20     5  gsd-sharing
01:05:18     1000      5331    0,20    0,00    0,00    0,00    0,20     2  goa-daemon
01:05:18     1000      6317    0,20    0,00    0,00    0,00    0,20     4  antigravity
01:05:18     1000      6339    0,60    0,00    0,00    0,00    0,60     7  gnome-terminal-
01:05:18     1000      6820    0,80    0,20    0,00    0,00    1,00     3  antigravity
01:05:18     1000      7059    1,60    1,60    0,00    0,00    3,20     4  language_server
01:05:18     1000      7229    0,20    0,00    0,00    0,00    0,20     6  antigravity
01:05:18     1000      7244    1,40    0,20    0,00    0,00    1,60     1  antigravity
01:05:18     1000      7260    0,60    0,00    0,00    0,00    0,60     3  antigravity
01:05:18     1000      8267    0,80    2,00    0,00    0,00    2,80     7  language_server
01:05:18     1000      9291    0,20    0,00    0,00    0,00    0,20     1  chrome
01:05:18     1000      9359    0,00    0,20    0,00    0,00    0,20     2  chrome
01:05:18     1000     76025    0,20    0,00    0,00    0,00    0,20     7  chrome
01:05:18     1000     76063    0,00    0,20    0,00    0,00    0,20     7  chrome
01:05:18        0     78088    0,00    0,20    0,00    1,00    0,20     1  kworker/u32:6-events_unbound
01:05:18     1000     91682    0,00    0,20    0,00    0,00    0,20     6  ssh
01:05:18     1000     98039    0,20    0,00    0,00    0,00    0,20     3  antigravity
01:05:18        0    108416    0,00    0,20    0,00    0,00    0,20     3  cups-browsed
01:05:18     1000    112886    0,00    0,40    0,00    0,00    0,40     4  pidstat
01:05:18     1000    112918    3,20    0,40    0,00    0,00    3,60     1  java

01:05:13      UID       PID  minflt/s  majflt/s     VSZ     RSS   %MEM  Command
01:05:18        0       376     42,40      0,00  188968  108948   0,67  systemd-journal
01:05:18        0       408     95,80      0,00   37544   10908   0,07  systemd-udevd
01:05:18      115       930     79,60      0,00 1762312   25512   0,16  prometheus-node
01:05:18      115       933      4,80      0,00 2711492  112996   0,70  prometheus
01:05:18        0      1391      0,20      0,00 1421316   94280   0,58  tailscaled
01:05:18        0      1423      7,20      0,00 2463900   70784   0,44  containerd
01:05:18      114      1526      3,80      0,00  218252   29568   0,18  postgres
01:05:18        0      2310      0,20      0,00 3498856  111928   0,69  dockerd
01:05:18        0      2975     10,20      0,00 1235352   14256   0,09  containerd-shim
01:05:18        0      2976      5,80      0,00 1235608   14924   0,09  containerd-shim
01:05:18        0      2977      0,80      0,00 1235352   14708   0,09  containerd-shim
01:05:18        0      2981     10,40      0,00 1235608   14584   0,09  containerd-shim
01:05:18        0      2982      0,60      0,00 1235608   15056   0,09  containerd-shim
01:05:18     1000      4708      7,60      0,00 5454532  346676   2,14  gnome-shell
01:05:18     1000      6317     31,40      0,00 1461668528  315592   1,94  antigravity
01:05:18     1000      6757      0,80      0,00 34347324  169940   1,05  antigravity
01:05:18     1000      6771      0,40      0,00 33903964   81160   0,50  antigravity
01:05:18     1000      6820    109,00      0,00 1461417328  660000   4,07  antigravity
01:05:18     1000      7161      0,20      0,00 33951332   64332   0,40  antigravity
01:05:18     1000      7229     10,60      0,00 1461383544  129200   0,80  antigravity
01:05:18     1000      7244     99,80      0,00 1461351324  341996   2,11  antigravity
01:05:18     1000      7258      3,40      0,00 1461347760  125888   0,78  antigravity
01:05:18     1000      7260      5,40      0,00 1461367100  163780   1,01  antigravity
01:05:18     1000      8356      5,20      0,00 1459530528  100952   0,62  antigravity
01:05:18     1000      9291      7,00      0,00 55435272  374416   2,31  chrome
01:05:18     1000      9342      2,20      0,00 55467700  213696   1,32  chrome
01:05:18     1000      9345      7,80      0,00 54976356  135764   0,84  chrome
01:05:18     1000      9359      0,40      0,00 55015792   62664   0,39  chrome
01:05:18     1000     76014      0,60      0,00 1518513820  347088   2,14  chrome
01:05:18     1000     76063      0,20      0,00 55006444   86720   0,53  chrome
01:05:18     1000    112918     12,80      0,00 6506524  302800   1,87  java
01:05:18        0    113846     55,20      0,00   37548    7060   0,04  (udev-worker)
01:05:18        0    113859     27,80      0,00   37548    6784   0,04  (udev-worker)
01:05:18        0    113861     27,60      0,00   37548    6784   0,04  (udev-worker)
01:05:18        0    113862     27,60      0,00   37548    6816   0,04  (udev-worker)
01:05:18        0    113863     28,20      0,00   37548    6784   0,04  (udev-worker)
01:05:18        0    113865     38,20      0,00   37548    6784   0,04  (udev-worker)
01:05:18        0    113866     61,80      0,00   37548    7060   0,04  (udev-worker)
01:05:18        0    113867     27,60      0,00   37548    6784   0,04  (udev-worker)
01:05:18        0    113868     28,60      0,00   37548    6784   0,04  (udev-worker)
01:05:18        0    113869     28,40      0,00   37548    6784   0,04  (udev-worker)
01:05:18        0    113870     28,40      0,00   37548    6784   0,04  (udev-worker)
01:05:18        0    113871     27,80      0,00   37548    6784   0,04  (udev-worker)
01:05:18        0    113873     27,80      0,00   37548    6784   0,04  (udev-worker)
01:05:18        0    113874     28,00      0,00   37548    6784   0,04  (udev-worker)
01:05:18        0    113875     28,00      0,00   37548    6784   0,04  (udev-worker)
01:05:18        0    113876     28,40      0,00   37548    6784   0,04  (udev-worker)

01:05:13      UID       PID   kB_rd/s   kB_wr/s kB_ccwr/s iodelay  Command
01:05:18     1000    112886      0,00      0,91      0,00       0  pidstat
01:05:18     1000    112918      0,00      3,23      0,00       0  java

01:05:18      UID       PID    %usr %system  %guest   %wait    %CPU   CPU  Command
01:05:23        0        17    0,00    0,20    0,00    0,00    0,20     5  rcu_preempt
01:05:23        0      1391    0,20    0,00    0,00    0,00    0,20     4  tailscaled
01:05:23        0      1423    0,20    0,20    0,00    0,00    0,40     2  containerd
01:05:23        0      2310    0,40    0,20    0,00    0,00    0,60     3  dockerd
01:05:23      117      2312    0,40    0,40    0,00    0,00    0,80     3  grafana
01:05:23        0      2932    0,40    0,20    0,00    0,00    0,60     3  mount.ntfs-3g
01:05:23        0      2975    0,20    0,00    0,00    0,00    0,20     7  containerd-shim
01:05:23        0      2976    0,20    0,00    0,00    0,00    0,20     6  containerd-shim
01:05:23        0      2981    0,20    0,00    0,00    0,00    0,20     0  containerd-shim
01:05:23        0      2982    0,20    0,00    0,00    0,00    0,20     1  containerd-shim
01:05:23      999      3130    0,40    0,00    0,00    0,00    0,40     1  redis-server
01:05:23      117      3601    0,20    0,00    0,00    0,00    0,20     3  gpx_grafana_ela
01:05:23     1000      4708    0,80    0,60    0,00    0,00    1,40     6  gnome-shell
01:05:23     1000      6317    0,00    0,20    0,00    0,00    0,20     3  antigravity
01:05:23     1000      6339    1,00    0,00    0,00    0,00    1,00     7  gnome-terminal-
01:05:23     1000      6757    0,00    0,20    0,00    0,00    0,20     3  antigravity
01:05:23     1000      6820    0,80    0,20    0,00    0,00    1,00     5  antigravity
01:05:23     1000      7059    1,40    1,60    0,00    0,00    3,00     6  language_server
01:05:23     1000      7229    0,20    0,20    0,00    0,00    0,40     6  antigravity
01:05:23     1000      7244    1,60    0,20    0,00    0,00    1,80     0  antigravity
01:05:23     1000      7260    0,80    0,20    0,00    0,00    1,00     6  antigravity
01:05:23     1000      8267    1,80    1,20    0,00    0,00    3,00     7  language_server
01:05:23     1000      8356    0,20    0,00    0,00    0,00    0,20     5  antigravity
01:05:23     1000      9291    0,00    0,20    0,00    0,00    0,20     1  chrome
01:05:23     1000      9519    0,20    0,00    0,00    0,00    0,20     0  chrome
01:05:23        0    112873    0,00    0,20    0,00    0,00    0,20     2  kworker/u32:0-kvfree_rcu_reclaim
01:05:23     1000    112886    0,00    0,40    0,00    0,00    0,40     7  pidstat
01:05:23     1000    112918    2,80    1,20    0,00    0,00    4,00     1  java

01:05:18      UID       PID  minflt/s  majflt/s     VSZ     RSS   %MEM  Command
01:05:23        0       408      1,20      0,00   37544   10908   0,07  systemd-udevd
01:05:23        0      2975     14,40      0,00 1235352   14512   0,09  containerd-shim
01:05:23        0      2976     10,00      0,00 1235608   15052   0,09  containerd-shim
01:05:23        0      2977      5,60      0,00 1235352   14836   0,09  containerd-shim
01:05:23        0      2981      3,80      0,00 1235608   14840   0,09  containerd-shim
01:05:23        0      2982      7,40      0,00 1235608   15184   0,09  containerd-shim
01:05:23     1000      4708      1,20      0,00 5454532  346676   2,14  gnome-shell
01:05:23     1000      6317     33,60      0,00 1461668528  315216   1,94  antigravity
01:05:23     1000      6757      0,80      0,00 34347324  169940   1,05  antigravity
01:05:23     1000      6771      0,80      0,00 33903964   81160   0,50  antigravity
01:05:23     1000      6820    109,80      0,00 1461417328  662048   4,08  antigravity
01:05:23     1000      7161      0,20      0,00 33951332   64332   0,40  antigravity
01:05:23     1000      7229      3,20      0,00 1461383544  129200   0,80  antigravity
01:05:23     1000      7244     88,00      0,00 1461351324  342140   2,11  antigravity
01:05:23     1000      7258      3,00      0,00 1461347760  125888   0,78  antigravity
01:05:23     1000      7260      3,40      0,00 1461367100  163780   1,01  antigravity
01:05:23     1000      8356      4,80      0,00 1459530528  100952   0,62  antigravity
01:05:23     1000      9291     11,20      0,00 55435272  374416   2,31  chrome
01:05:23     1000      9342      2,20      0,00 55467700  213696   1,32  chrome
01:05:23     1000      9345      3,80      0,00 54976356  135764   0,84  chrome
01:05:23     1000      9359      0,40      0,00 55015792   62664   0,39  chrome
01:05:23     1000      9519      0,00      0,00 1518554232  353092   2,18  chrome
01:05:23     1000     76014      0,60      0,00 1518513820  347088   2,14  chrome
01:05:23     1000     76063      0,20      0,00 55006444   86720   0,53  chrome
01:05:23     1000    112918     14,60      0,00 6506524  303056   1,87  java

01:05:18      UID       PID   kB_rd/s   kB_wr/s kB_ccwr/s iodelay  Command
01:05:23     1000      9291      0,00      8,80      0,00       0  chrome
01:05:23     1000    112886      0,00      1,60      0,00       0  pidstat
01:05:23     1000    112918      0,00      3,23      0,00       0  java

01:05:23      UID       PID    %usr %system  %guest   %wait    %CPU   CPU  Command
01:05:28        0        86    0,00    0,20    0,00    0,00    0,20     1  irq/9-acpi
01:05:28      115       933    0,20    0,00    0,00    0,00    0,20     2  prometheus
01:05:28        0      1383    0,20    0,00    0,00    0,00    0,20     7  glances
01:05:28        0      1391    0,00    0,20    0,00    0,00    0,20     4  tailscaled
01:05:28        0      1423    0,20    0,00    0,00    0,00    0,20     2  containerd
01:05:28        0      2310    0,20    0,00    0,00    0,00    0,20     3  dockerd
01:05:28      117      2312    0,20    0,80    0,00    0,00    1,00     3  grafana
01:05:28        0      2932    0,20    0,20    0,00    0,00    0,40     0  mount.ntfs-3g
01:05:28        0      2977    0,20    0,00    0,00    0,00    0,20     7  containerd-shim
01:05:28        0      2981    0,20    0,00    0,00    0,00    0,20     0  containerd-shim
01:05:28      999      3130    0,40    0,00    0,00    0,00    0,40     1  redis-server
01:05:28     1000      4708    1,00    0,20    0,00    0,00    1,20     1  gnome-shell
01:05:28        0      5954    0,20    0,00    0,00    0,00    0,20     0  fwupd
01:05:28     1000      6317    0,20    0,00    0,00    0,00    0,20     2  antigravity
01:05:28     1000      6339    1,00    0,00    0,00    0,00    1,00     1  gnome-terminal-
01:05:28     1000      6820    0,60    0,40    0,00    0,00    1,00     3  antigravity
01:05:28     1000      7059    1,60    1,80    0,00    0,00    3,40     6  language_server
01:05:28     1000      7229    0,20    0,00    0,00    0,00    0,20     4  antigravity
01:05:28     1000      7244    1,20    0,20    0,00    0,00    1,40     5  antigravity
01:05:28     1000      7260    0,80    0,00    0,00    0,00    0,80     6  antigravity
01:05:28     1000      8267    1,80    1,40    0,00    0,00    3,20     7  language_server
01:05:28     1000      9291    0,20    0,20    0,00    0,00    0,40     1  chrome
01:05:28     1000      9519    0,20    0,00    0,00    0,00    0,20     3  chrome
01:05:28     1000     76014    0,00    0,20    0,00    0,00    0,20     2  chrome
01:05:28     1000     91682    0,20    0,00    0,00    0,00    0,20     5  ssh
01:05:28        0    111731    0,00    0,20    0,00    0,00    0,20     6  kworker/6:1-mm_percpu_wq
01:05:28     1000    112886    0,00    0,40    0,00    0,00    0,40     4  pidstat
01:05:28     1000    112918    3,80    0,40    0,00    0,00    4,20     1  java

01:05:23      UID       PID  minflt/s  majflt/s     VSZ     RSS   %MEM  Command
01:05:28        0      2975      4,20      0,00 1235352   13364   0,08  containerd-shim
01:05:28        0      2976      0,00      0,00 1235608   14436   0,09  containerd-shim
01:05:28        0      2977      0,60      0,00 1235352   14204   0,09  containerd-shim
01:05:28        0      2981      0,20      0,00 1235608   14016   0,09  containerd-shim
01:05:28        0      2982      4,80      0,00 1235608   14524   0,09  containerd-shim
01:05:28       70      3117      4,40      0,00  174540   25424   0,16  postgres
01:05:28     1000      4708      6,00      0,00 5454468  346548   2,13  gnome-shell
01:05:28     1000      6317     32,60      0,00 1461668528  315308   1,94  antigravity
01:05:28     1000      6757      1,60      0,00 34347324  169940   1,05  antigravity
01:05:28     1000      6771      0,40      0,00 33903964   81160   0,50  antigravity
01:05:28     1000      6820    109,00      0,00 1461417328  664352   4,09  antigravity
01:05:28     1000      7161      0,40      0,00 33951332   64332   0,40  antigravity
01:05:28     1000      7229      3,20      0,00 1461383544  129200   0,80  antigravity
01:05:28     1000      7244     14,00      0,00 1461351324  342000   2,11  antigravity
01:05:28     1000      7258      2,60      0,00 1461347760  125888   0,78  antigravity
01:05:28     1000      7260      3,40      0,00 1461367100  163780   1,01  antigravity
01:05:28     1000      8356      5,40      0,00 1459530528  100952   0,62  antigravity
01:05:28     1000      9291     17,40      0,00 55435272  374544   2,31  chrome
01:05:28     1000      9342      2,20      0,00 55467700  213696   1,32  chrome
01:05:28     1000      9345      3,80      0,00 54976356  135764   0,84  chrome
01:05:28     1000      9359      0,40      0,00 55015792   62664   0,39  chrome
01:05:28     1000     76014      0,20      0,00 1518513820  347088   2,14  chrome
01:05:28     1000     76063      0,40      0,00 55006444   86720   0,53  chrome
01:05:28     1000    112918    123,40      0,00 6506524  305488   1,88  java

01:05:23      UID       PID   kB_rd/s   kB_wr/s kB_ccwr/s iodelay  Command
01:05:28     1000    112886      0,00      0,98      0,00       0  pidstat
01:05:28     1000    112918      0,00      1,71      0,00       0  java

01:05:28      UID       PID    %usr %system  %guest   %wait    %CPU   CPU  Command
01:05:33        0         1    0,20    0,00    0,00    0,00    0,20     6  systemd
01:05:33        0       120    0,00    0,20    0,00    0,00    0,20     6  kworker/u33:0-i915_flip
01:05:33      990       903    0,80    0,00    0,00    0,00    0,80     5  dbus-daemon
01:05:33      115       930    1,40    0,40    0,00    0,00    1,80     3  prometheus-node
01:05:33      115       933    0,20    0,00    0,00    0,00    0,20     4  prometheus
01:05:33        0      1391    0,20    0,00    0,00    0,00    0,20     4  tailscaled
01:05:33        0      1423    0,40    0,20    0,00    0,00    0,60     2  containerd
01:05:33        0      2310    0,20    0,20    0,00    0,00    0,40     3  dockerd
01:05:33      117      2312    1,00    0,00    0,00    0,00    1,00     3  grafana
01:05:33        0      2932    0,20    0,20    0,00    0,00    0,40     6  mount.ntfs-3g
01:05:33        0      2975    0,20    0,00    0,00    0,00    0,20     7  containerd-shim
01:05:33        0      2976    0,20    0,00    0,00    0,00    0,20     6  containerd-shim
01:05:33        0      2982    0,00    0,20    0,00    0,00    0,20     1  containerd-shim
01:05:33      999      3130    0,20    0,20    0,00    0,00    0,40     3  redis-server
01:05:33     1000      4708    0,80    0,40    0,00    0,00    1,20     0  gnome-shell
01:05:33     1000      6317    0,20    0,00    0,00    0,00    0,20     2  antigravity
01:05:33     1000      6339    0,80    0,20    0,00    0,00    1,00     1  gnome-terminal-
01:05:33     1000      6757    0,20    0,00    0,00    0,00    0,20     2  antigravity
01:05:33     1000      6820    1,20    0,00    0,00    0,00    1,20     0  antigravity
01:05:33     1000      7059    1,20    1,80    0,00    0,20    3,00     7  language_server
01:05:33     1000      7229    0,40    0,20    0,00    0,00    0,60     1  antigravity
01:05:33     1000      7244    1,40    0,40    0,00    0,00    1,80     1  antigravity
01:05:33     1000      7260    0,60    0,00    0,00    0,00    0,60     0  antigravity
01:05:33     1000      8267    2,00    1,20    0,00    0,00    3,20     7  language_server
01:05:33     1000      8356    0,20    0,00    0,00    0,00    0,20     7  antigravity
01:05:33     1000      9291    0,00    0,20    0,00    0,20    0,20     6  chrome
01:05:33     1000      9359    0,20    0,00    0,00    0,00    0,20     0  chrome
01:05:33     1000    112886    0,40    0,00    0,00    0,00    0,40     1  pidstat
01:05:33     1000    112918    2,20    0,80    0,00    0,00    3,00     1  java

01:05:28      UID       PID  minflt/s  majflt/s     VSZ     RSS   %MEM  Command
01:05:33      115       930     72,00      0,00 1762312   25412   0,16  prometheus-node
01:05:33        0      2975      9,60      0,00 1235352   13492   0,08  containerd-shim
01:05:33        0      2976     10,80      0,00 1235608   14564   0,09  containerd-shim
01:05:33        0      2977      8,40      0,00 1235352   14332   0,09  containerd-shim
01:05:33        0      2981      9,20      0,00 1235608   14144   0,09  containerd-shim
01:05:33        0      2982     12,00      0,00 1235608   14652   0,09  containerd-shim
01:05:33     1000      4708      0,60      0,00 5454468  346548   2,13  gnome-shell
01:05:33     1000      6317     32,40      0,00 1461668528  315948   1,95  antigravity
01:05:33     1000      6757      4,40      0,00 34347196  169940   1,05  antigravity
01:05:33     1000      6771      0,40      0,00 33903964   81160   0,50  antigravity
01:05:33     1000      6820    143,40      0,00 1461417328  665684   4,10  antigravity
01:05:33     1000      7161      0,20      0,00 33951332   64332   0,40  antigravity
01:05:33     1000      7229    124,40      0,00 1461383544  129192   0,80  antigravity
01:05:33     1000      7244     21,00      0,00 1461351324  341672   2,10  antigravity
01:05:33     1000      7258      6,00      0,00 1461347760  125888   0,78  antigravity
01:05:33     1000      7260      4,00      0,00 1461367100  163644   1,01  antigravity
01:05:33     1000      8356      5,20      0,00 1459530528  101080   0,62  antigravity
01:05:33     1000      9291      7,60      0,00 55435272  374544   2,31  chrome
01:05:33     1000      9342      4,40      0,00 55467700  213696   1,32  chrome
01:05:33     1000      9345      3,80      0,00 54976356  135764   0,84  chrome
01:05:33     1000      9359      0,80      0,00 55015792   62664   0,39  chrome
01:05:33     1000     76014      0,60      0,00 1518513820  347088   2,14  chrome
01:05:33     1000     76063      0,20      0,00 55006444   86720   0,53  chrome
01:05:33     1000    112918      9,00      0,00 6506524  309852   1,91  java

01:05:28      UID       PID   kB_rd/s   kB_wr/s kB_ccwr/s iodelay  Command
01:05:33     1000      9291      0,00      2,40      0,00       0  chrome
01:05:33     1000    112886      0,00      0,94      0,00       0  pidstat
01:05:33     1000    112918      0,00      3,30      0,00       0  java

01:05:33      UID       PID    %usr %system  %guest   %wait    %CPU   CPU  Command
01:05:38      115       933    0,20    0,00    0,00    0,00    0,20     6  prometheus
01:05:38        0      1383    0,20    0,00    0,00    0,00    0,20     7  glances
01:05:38        0      1423    0,20    0,00    0,00    0,00    0,20     2  containerd
01:05:38        0      2310    0,40    0,20    0,00    0,00    0,60     3  dockerd
01:05:38      117      2312    0,60    0,40    0,00    0,00    1,00     3  grafana
01:05:38        0      2932    0,00    0,40    0,00    0,00    0,40     1  mount.ntfs-3g
01:05:38        0      2977    0,00    0,20    0,00    0,00    0,20     7  containerd-shim
01:05:38      999      3130    0,40    0,20    0,00    0,00    0,60     3  redis-server
01:05:38     1000      4708    0,80    0,40    0,00    0,00    1,20     3  gnome-shell
01:05:38     1000      6317    0,00    0,20    0,00    0,00    0,20     4  antigravity
01:05:38     1000      6339    0,60    0,00    0,00    0,00    0,60     2  gnome-terminal-
01:05:38     1000      6820   12,40    0,40    0,00    0,00   12,80     2  antigravity
01:05:38     1000      7059    1,80    1,60    0,00    0,00    3,40     2  language_server
01:05:38     1000      7229    0,40    0,00    0,00    0,20    0,40     7  antigravity
01:05:38     1000      7244    1,60    0,00    0,00    0,00    1,60     3  antigravity
01:05:38     1000      7260    0,60    0,20    0,00    0,00    0,80     6  antigravity
01:05:38     1000      8267    1,60    1,20    0,00    0,00    2,80     7  language_server
01:05:38     1000      9519    0,20    0,20    0,00    0,00    0,40     2  chrome
01:05:38     1000     76063    0,20    0,00    0,00    0,00    0,20     0  chrome
01:05:38     1000     91682    0,20    0,00    0,00    0,00    0,20     6  ssh
01:05:38     1000     98039    0,20    0,00    0,00    5,00    0,20     2  antigravity
01:05:38        0    112264    0,00    0,20    0,00    0,00    0,20     2  kworker/2:2-events
01:05:38     1000    112886    0,00    0,40    0,00    0,00    0,40     1  pidstat
01:05:38     1000    112918    7,20    2,20    0,00    0,00    9,40     1  java

01:05:33      UID       PID  minflt/s  majflt/s     VSZ     RSS   %MEM  Command
01:05:38        0      2975     11,60      0,00 1235352   13620   0,08  containerd-shim
01:05:38        0      2976     11,20      0,00 1235608   14692   0,09  containerd-shim
01:05:38        0      2977     12,60      0,00 1235352   14460   0,09  containerd-shim
01:05:38        0      2981     12,00      0,00 1235608   14272   0,09  containerd-shim
01:05:38        0      2982     12,60      0,00 1235608   14908   0,09  containerd-shim
01:05:38     1000      4708      6,80      0,00 5454468  346548   2,13  gnome-shell
01:05:38     1000      6317     31,20      0,00 1461668528  315916   1,95  antigravity
01:05:38     1000      6757      0,80      0,00 34347196  169940   1,05  antigravity
01:05:38     1000      6771      0,40      0,00 33903964   81160   0,50  antigravity
01:05:38     1000      6820    199,20      0,00 1461417328  655820   4,04  antigravity
01:05:38     1000      6924      0,80      0,00 1459611392  180164   1,11  antigravity
01:05:38     1000      7161      0,20      0,00 33951332   64332   0,40  antigravity
01:05:38     1000      7229     98,40      0,00 1461383544  129320   0,80  antigravity
01:05:38     1000      7244     13,60      0,00 1461351324  341792   2,11  antigravity
01:05:38     1000      7258      3,00      0,00 1461347760  125888   0,78  antigravity
01:05:38     1000      7260      5,80      0,00 1461367100  163644   1,01  antigravity
01:05:38     1000      8356      5,40      0,00 1459530528  101080   0,62  antigravity
01:05:38     1000      9291      7,40      0,00 55435272  374544   2,31  chrome
01:05:38     1000      9342      2,20      0,00 55467700  213696   1,32  chrome
01:05:38     1000      9345      8,20      0,00 54976356  135764   0,84  chrome
01:05:38     1000      9359      0,40      0,00 55015792   62664   0,39  chrome
01:05:38     1000     76014      0,60      0,00 1518513820  347088   2,14  chrome
01:05:38     1000     76063      0,20      0,00 55006444   86720   0,53  chrome
01:05:38     1000    112918     24,60      0,00 6506524  328832   2,03  java

01:05:33      UID       PID   kB_rd/s   kB_wr/s kB_ccwr/s iodelay  Command
01:05:38     1000      9291      0,00      4,80      0,00       0  chrome
01:05:38     1000    112886      0,00      0,98      0,00       0  pidstat
01:05:38     1000    112918      0,00      3,30      0,00       0  java

01:05:38      UID       PID    %usr %system  %guest   %wait    %CPU   CPU  Command
01:05:43      115       933    0,20    0,00    0,00    0,00    0,20     6  prometheus
01:05:43        0      1383    0,20    0,00    0,00    0,00    0,20     7  glances
01:05:43        0      1391    0,20    0,00    0,00    0,00    0,20     4  tailscaled
01:05:43        0      1423    0,40    0,20    0,00    0,00    0,60     2  containerd
01:05:43        0      2310    0,20    0,20    0,00    0,00    0,40     3  dockerd
01:05:43      117      2312    0,40    0,60    0,00    0,00    1,00     3  grafana
01:05:43        0      2932    0,20    0,20    0,00    0,00    0,40     5  mount.ntfs-3g
01:05:43        0      2975    0,00    0,20    0,00    0,00    0,20     7  containerd-shim
01:05:43        0      2976    0,20    0,00    0,00    0,00    0,20     6  containerd-shim
01:05:43        0      2981    0,20    0,20    0,00    0,00    0,40     0  containerd-shim
01:05:43        0      2982    0,00    0,20    0,00    0,00    0,20     1  containerd-shim
01:05:43      999      3130    0,20    0,00    0,00    0,00    0,20     1  redis-server
01:05:43     1000      4708    0,60    0,40    0,00    0,00    1,00     0  gnome-shell
01:05:43     1000      6317    0,00    0,20    0,00    0,00    0,20     5  antigravity
01:05:43     1000      6339    0,80    0,00    0,00    0,00    0,80     1  gnome-terminal-
01:05:43     1000      6820    0,80    0,20    0,00    0,00    1,00     6  antigravity
01:05:43     1000      7059    1,80    1,20    0,00    0,00    3,00     1  language_server
01:05:43     1000      7229    0,20    0,00    0,00    0,00    0,20     7  antigravity
01:05:43     1000      7244    1,40    0,40    0,00    0,00    1,80     1  antigravity
01:05:43     1000      7260    0,40    0,00    0,00    0,00    0,40     4  antigravity
01:05:43     1000      8267    1,40    1,80    0,00    0,00    3,20     7  language_server
01:05:43     1000      8356    0,20    0,00    0,00    0,00    0,20     7  antigravity
01:05:43     1000      9291    0,20    0,00    0,00    0,00    0,20     1  chrome
01:05:43     1000      9519    0,40    0,00    0,00    0,00    0,40     7  chrome
01:05:43     1000    112886    0,20    0,40    0,00    0,00    0,60     2  pidstat
01:05:43     1000    112918    3,00    0,20    0,00    0,00    3,20     1  java

01:05:38      UID       PID  minflt/s  majflt/s     VSZ     RSS   %MEM  Command
01:05:43        0      2975     12,60      0,00 1235352   13876   0,09  containerd-shim
01:05:43        0      2976     11,80      0,00 1235608   14948   0,09  containerd-shim
01:05:43        0      2977     13,40      0,00 1235352   14844   0,09  containerd-shim
01:05:43        0      2981     10,00      0,00 1235608   14528   0,09  containerd-shim
01:05:43        0      2982      7,80      0,00 1235608   15036   0,09  containerd-shim
01:05:43     1000      4708      0,40      0,00 5454532  346548   2,13  gnome-shell
01:05:43     1000      6317     39,20      0,00 1461668528  315512   1,94  antigravity
01:05:43     1000      6757      0,80      0,00 34347196  169940   1,05  antigravity
01:05:43     1000      6771      0,80      0,00 33903964   81160   0,50  antigravity
01:05:43     1000      6820    105,60      0,00 1461417328  657612   4,05  antigravity
01:05:43     1000      7161      0,20      0,00 33951332   64332   0,40  antigravity
01:05:43     1000      7229      6,20      0,00 1461383544  129320   0,80  antigravity
01:05:43     1000      7244     20,00      0,00 1461351324  341732   2,11  antigravity
01:05:43     1000      7258      2,60      0,00 1461347760  125888   0,78  antigravity
01:05:43     1000      7260      2,80      0,00 1461367100  163644   1,01  antigravity
01:05:43     1000      8356      5,20      0,00 1459530528  101080   0,62  antigravity
01:05:43     1000      9291     12,80      0,00 55435272  374544   2,31  chrome
01:05:43     1000      9342      2,20      0,00 55467700  213696   1,32  chrome
01:05:43     1000      9345      8,20      0,00 54976356  135624   0,84  chrome
01:05:43     1000      9359      0,40      0,00 55015792   62664   0,39  chrome
01:05:43     1000      9519    358,80      0,00 1518554232  364352   2,24  chrome
01:05:43     1000     76063      0,20      0,00 55006444   86720   0,53  chrome
01:05:43     1000    112918     17,60      0,00 6506524  328960   2,03  java

01:05:38      UID       PID   kB_rd/s   kB_wr/s kB_ccwr/s iodelay  Command
01:05:43     1000      9291      0,00      4,80      0,00       0  chrome
01:05:43     1000    112886      0,00      0,89      0,00       0  pidstat
01:05:43     1000    112918      0,00      1,72      0,00       0  java

01:05:43      UID       PID    %usr %system  %guest   %wait    %CPU   CPU  Command
01:05:48        0         1    0,00    0,20    0,00    0,00    0,20     2  systemd
01:05:48        0        86    0,00    0,20    0,00    0,00    0,20     1  irq/9-acpi
01:05:48      990       903    0,60    0,00    0,00    0,00    0,60     0  dbus-daemon
01:05:48      115       930    1,20    0,40    0,00    0,00    1,60     2  prometheus-node
01:05:48      115       933    0,00    0,20    0,00    0,00    0,20     6  prometheus
01:05:48        0      1383    0,00    0,20    0,00    0,00    0,20     7  glances
01:05:48        0      1423    0,20    0,20    0,00    0,00    0,40     2  containerd
01:05:48        0      2310    0,40    0,20    0,00    0,00    0,60     3  dockerd
01:05:48      117      2312    0,40    0,40    0,00    0,00    0,80     3  grafana
01:05:48        0      2932    0,00    0,20    0,00    0,00    0,20     6  mount.ntfs-3g
01:05:48        0      2975    0,20    0,00    0,00    0,00    0,20     7  containerd-shim
01:05:48        0      2977    0,00    0,20    0,00    0,00    0,20     7  containerd-shim
01:05:48        0      2982    0,20    0,00    0,00    0,00    0,20     1  containerd-shim
01:05:48      999      3130    0,40    0,20    0,00    0,20    0,60     1  redis-server
01:05:48     1000      4708    1,20    0,20    0,00    0,00    1,40     3  gnome-shell
01:05:48     1000      6317    0,20    0,00    0,00    0,00    0,20     5  antigravity
01:05:48     1000      6339    0,60    0,00    0,00    0,00    0,60     2  gnome-terminal-
01:05:48     1000      6820    0,80    0,00    0,00    0,00    0,80     7  antigravity
01:05:48     1000      7059    1,80    1,40    0,00    0,00    3,20     1  language_server
01:05:48     1000      7229    0,00    0,20    0,00    0,00    0,20     2  antigravity
01:05:48     1000      7244    1,40    0,20    0,00    0,20    1,60     1  antigravity
01:05:48     1000      7260    0,60    0,20    0,00    0,00    0,80     5  antigravity
01:05:48     1000      8267    0,80    2,00    0,00    0,00    2,80     7  language_server
01:05:48     1000      9291    0,20    0,20    0,00    0,00    0,40     6  chrome
01:05:48     1000      9390    0,20    0,00    0,00    0,00    0,20     5  chrome
01:05:48     1000      9500    0,20    0,00    0,00    0,00    0,20     7  chrome
01:05:48     1000      9519    0,20    0,00    0,00    0,00    0,20     5  chrome
01:05:48        0    112008    0,20    0,00    0,00    0,00    0,20     7  kworker/7:2-mm_percpu_wq
01:05:48     1000    112886    0,20    0,20    0,00    0,00    0,40     2  pidstat
01:05:48     1000    112918    2,80    0,40    0,00    0,00    3,20     1  java

01:05:43      UID       PID  minflt/s  majflt/s     VSZ     RSS   %MEM  Command
01:05:48      115       930     69,80      0,00 1762312   25476   0,16  prometheus-node
01:05:48        0      1423      7,20      0,00 2463900   70728   0,44  containerd
01:05:48        0      2975      9,40      0,00 1235352   14132   0,09  containerd-shim
01:05:48        0      2976      1,00      0,00 1235608   14948   0,09  containerd-shim
01:05:48        0      2977      3,80      0,00 1235352   14844   0,09  containerd-shim
01:05:48        0      2981      0,60      0,00 1235608   14528   0,09  containerd-shim
01:05:48        0      2982      0,40      0,00 1235608   15036   0,09  containerd-shim
01:05:48     1000      4708      7,20      0,00 5454532  346548   2,13  gnome-shell
01:05:48     1000      6317     33,00      0,00 1461668528  315420   1,94  antigravity
01:05:48     1000      6757      1,60      0,00 34347196  169940   1,05  antigravity
01:05:48     1000      6771      0,80      0,00 33903964   81160   0,50  antigravity
01:05:48     1000      6820    108,00      0,00 1461417328  659660   4,06  antigravity
01:05:48     1000      7161      0,40      0,00 33951332   64332   0,40  antigravity
01:05:48     1000      7229      8,40      0,00 1461383544  129320   0,80  antigravity
01:05:48     1000      7244     14,20      0,00 1461351324  341688   2,10  antigravity
01:05:48     1000      7258      3,00      0,00 1461347760  125888   0,78  antigravity
01:05:48     1000      7260      5,00      0,00 1461367100  163644   1,01  antigravity
01:05:48     1000      8356      5,40      0,00 1459530528  101080   0,62  antigravity
01:05:48     1000      9291     14,00      0,00 55435272  374544   2,31  chrome
01:05:48     1000      9342      2,20      0,00 55467700  213696   1,32  chrome
01:05:48     1000      9345      3,80      0,00 54976356  135624   0,84  chrome
01:05:48     1000      9359      0,40      0,00 55015792   62664   0,39  chrome
01:05:48     1000     76014      0,60      0,00 1518513820  347088   2,14  chrome
01:05:48     1000     76063      0,40      0,00 55006444   86720   0,53  chrome
01:05:48     1000    112918     16,00      0,00 6506524  329088   2,03  java

01:05:43      UID       PID   kB_rd/s   kB_wr/s kB_ccwr/s iodelay  Command
01:05:48     1000    112886      0,00      0,91      0,00       0  pidstat
01:05:48     1000    112918      0,00      3,27      0,00       0  java

01:05:48      UID       PID    %usr %system  %guest   %wait    %CPU   CPU  Command
01:05:53        0       211    0,00    0,20    0,00    0,00    0,20     7  kworker/7:1H-events_highpri
01:05:53      115       933    0,20    0,00    0,00    0,00    0,20     6  prometheus
01:05:53        0      1079    0,20    0,00    0,00    0,00    0,20     4  NetworkManager
01:05:53        0      1383    0,20    0,00    0,00    0,00    0,20     7  glances
01:05:53        0      1423    0,40    0,00    0,00    0,00    0,40     2  containerd
01:05:53        0      2310    0,20    0,20    0,00    0,00    0,40     3  dockerd
01:05:53      117      2312    0,60    0,20    0,00    0,00    0,80     3  grafana
01:05:53        0      2932    0,40    0,20    0,00    0,00    0,60     2  mount.ntfs-3g
01:05:53        0      2976    0,00    0,20    0,00    0,00    0,20     6  containerd-shim
01:05:53        0      2981    0,00    0,20    0,00    0,00    0,20     0  containerd-shim
01:05:53      999      3130    0,40    0,00    0,00    0,00    0,40     3  redis-server
01:05:53     1000      4708    0,60    0,40    0,00    0,00    1,00     3  gnome-shell
01:05:53     1000      6317    0,20    0,00    0,00    0,00    0,20     5  antigravity
01:05:53     1000      6339    0,60    0,00    0,00    0,00    0,60     2  gnome-terminal-
01:05:53     1000      6820    1,20    0,20    0,00    0,00    1,40     7  antigravity
01:05:53     1000      7059    2,00    1,40    0,00    0,00    3,40     5  language_server
01:05:53     1000      7229    0,20    0,00    0,00    0,00    0,20     3  antigravity
01:05:53     1000      7244    1,60    0,40    0,00    0,00    2,00     6  antigravity
01:05:53     1000      7260    0,60    0,00    0,00    0,00    0,60     5  antigravity
01:05:53     1000      8267    1,40    1,80    0,00    0,00    3,20     7  language_server
01:05:53     1000      8356    0,00    0,20    0,00    0,00    0,20     7  antigravity
01:05:53     1000      9291    0,20    0,00    0,00    0,00    0,20     1  chrome
01:05:53     1000      9345    0,20    0,00    0,00    0,00    0,20     4  chrome
01:05:53     1000      9519    0,20    0,00    0,00    0,00    0,20     3  chrome
01:05:53     1000     91682    0,00    0,20    0,00    0,00    0,20     5  ssh
01:05:53     1000    112886    0,20    0,20    0,00    0,00    0,40     2  pidstat
01:05:53     1000    112918    2,80    1,00    0,00    0,00    3,80     1  java

01:05:48      UID       PID  minflt/s  majflt/s     VSZ     RSS   %MEM  Command
01:05:53        0      2975      2,80      0,00 1235352   14132   0,09  containerd-shim
01:05:53        0      2976      1,20      0,00 1235608   14948   0,09  containerd-shim
01:05:53        0      2977      4,00      0,00 1235352   14844   0,09  containerd-shim
01:05:53        0      2981      2,20      0,00 1235608   14528   0,09  containerd-shim
01:05:53        0      2982      1,00      0,00 1235608   15036   0,09  containerd-shim
01:05:53     1000      4708      0,80      0,00 5454468  346548   2,13  gnome-shell
01:05:53     1000      6317     32,40      0,00 1461668528  315932   1,95  antigravity
01:05:53     1000      6757      0,80      0,00 34347196  169940   1,05  antigravity
01:05:53     1000      6771      0,40      0,00 33903964   81160   0,50  antigravity
01:05:53     1000      6820    136,00      0,00 1461417328  660880   4,07  antigravity
01:05:53     1000      7161      0,20      0,00 33951332   64332   0,40  antigravity
01:05:53     1000      7229      2,00      0,00 1461383544  129320   0,80  antigravity
01:05:53     1000      7244     26,20      0,00 1461351324  341640   2,10  antigravity
01:05:53     1000      7258      6,00      0,00 1461347760  125888   0,78  antigravity
01:05:53     1000      7260      4,00      0,00 1461367100  163644   1,01  antigravity
01:05:53     1000      8356      5,20      0,00 1459530528  101080   0,62  antigravity
01:05:53     1000      9291      8,60      0,00 55435272  374544   2,31  chrome
01:05:53     1000      9342      4,40      0,00 55467700  213696   1,32  chrome
01:05:53     1000      9345      3,80      0,00 54976356  135624   0,84  chrome
01:05:53     1000      9359      0,80      0,00 55015792   62664   0,39  chrome
01:05:53     1000     76014      0,40      0,00 1518513820  347088   2,14  chrome
01:05:53     1000     76063      0,20      0,00 55006444   86720   0,53  chrome
01:05:53     1000    112918     15,60      0,00 6506524  329344   2,03  java

01:05:48      UID       PID   kB_rd/s   kB_wr/s kB_ccwr/s iodelay  Command
01:05:53     1000      9291      0,00      6,40      0,00       0  chrome
01:05:53     1000    112886      0,00      1,00      0,00       0  pidstat
01:05:53     1000    112918      0,00      3,27      0,00       0  java

01:05:53      UID       PID    %usr %system  %guest   %wait    %CPU   CPU  Command
01:05:58        0      1411    0,00    0,20    0,00    0,00    0,20     0  anydesk
01:05:58        0      1423    0,20    0,20    0,00    0,00    0,40     2  containerd
01:05:58        0      2310    0,40    0,20    0,00    0,00    0,60     3  dockerd
01:05:58      117      2312    0,60    0,20    0,00    0,00    0,80     3  grafana
01:05:58        0      2932    0,20    0,20    0,00    0,00    0,40     6  mount.ntfs-3g
01:05:58        0      2975    0,00    0,20    0,00    0,00    0,20     7  containerd-shim
01:05:58        0      2976    0,00    0,20    0,00    0,00    0,20     6  containerd-shim
01:05:58        0      2977    0,20    0,00    0,00    0,00    0,20     7  containerd-shim
01:05:58      999      3130    0,40    0,00    0,00    0,00    0,40     3  redis-server
01:05:58     1000      4708    1,00    0,40    0,00    0,00    1,40     2  gnome-shell
01:05:58     1000      5107    0,00    0,20    0,00    0,00    0,20     7  anydesk
01:05:58     1000      6317    0,20    0,00    0,00    0,00    0,20     2  antigravity
01:05:58     1000      6339    0,80    0,20    0,00    0,00    1,00     3  gnome-terminal-
01:05:58     1000      6820    0,60    0,20    0,00    0,00    0,80     7  antigravity
01:05:58     1000      7059    0,80    2,00    0,00    0,00    2,80     3  language_server
01:05:58     1000      7229    0,40    0,20    0,00    0,00    0,60     4  antigravity
01:05:58     1000      7244    1,00    0,60    0,00    0,00    1,60     4  antigravity
01:05:58     1000      7260    0,60    0,00    0,00    0,00    0,60     0  antigravity
01:05:58     1000      8267    2,60    1,00    0,00    0,00    3,60     7  language_server
01:05:58     1000      8356    0,20    0,00    0,00    0,00    0,20     7  antigravity
01:05:58     1000      9519    0,20    0,00    0,00    0,00    0,20     4  chrome
01:05:58        0     78088    0,00    0,20    0,00    0,00    0,20     1  kworker/u32:6-flush-8:0
01:05:58     1000     98039    0,20    0,20    0,00    0,00    0,40     1  antigravity
01:05:58        0    111731    0,00    0,20    0,00    0,00    0,20     6  kworker/6:1-i915-unordered
01:05:58     1000    112886    0,20    0,20    0,00    0,00    0,40     2  pidstat
01:05:58     1000    112918    2,60    0,80    0,00    0,00    3,40     1  java

01:05:53      UID       PID  minflt/s  majflt/s     VSZ     RSS   %MEM  Command
01:05:58        0      1423      2,40      0,00 2463900   70728   0,44  containerd
01:05:58        0      2975      3,00      0,00 1235352   13676   0,08  containerd-shim
01:05:58        0      2976      4,60      0,00 1235608   14460   0,09  containerd-shim
01:05:58        0      2977      6,80      0,00 1235352   14236   0,09  containerd-shim
01:05:58        0      2981      3,20      0,00 1235608   13916   0,09  containerd-shim
01:05:58        0      2982      7,20      0,00 1235608   14532   0,09  containerd-shim
01:05:58     1000      4708      6,20      0,00 5454532  346548   2,13  gnome-shell
01:05:58     1000      6317     31,20      0,00 1461668528  315980   1,95  antigravity
01:05:58     1000      6757      0,80      0,00 34347196  169940   1,05  antigravity
01:05:58     1000      6771      0,40      0,00 33903964   81160   0,50  antigravity
01:05:58     1000      6820    106,40      0,00 1461417328  662928   4,08  antigravity
01:05:58     1000      7161      0,20      0,00 33951332   64332   0,40  antigravity
01:05:58     1000      7229     60,80      0,00 1461383544  129420   0,80  antigravity
01:05:58     1000      7244     35,20      0,00 1461351324  341780   2,11  antigravity
01:05:58     1000      7258      2,60      0,00 1461347760  125888   0,78  antigravity
01:05:58     1000      7260      5,40      0,00 1461367100  163516   1,01  antigravity
01:05:58     1000      8356      5,40      0,00 1459530528  101080   0,62  antigravity
01:05:58     1000      9291     10,60      0,00 55435272  374384   2,31  chrome
01:05:58     1000      9342      2,20      0,00 55467700  213696   1,32  chrome
01:05:58     1000      9345      8,20      0,00 54976356  135624   0,84  chrome
01:05:58     1000      9359      0,40      0,00 55015792   62664   0,39  chrome
01:05:58     1000     76014      0,40      0,00 1518513820  347088   2,14  chrome
01:05:58     1000     76063      0,20      0,00 55006444   86720   0,53  chrome
01:05:58     1000    112918     13,60      0,00 6506524  329856   2,03  java

01:05:53      UID       PID   kB_rd/s   kB_wr/s kB_ccwr/s iodelay  Command
01:05:58     1000    112886      0,00      0,93      0,00       0  pidstat
01:05:58     1000    112918      0,00      3,27      0,00       0  java

01:05:58      UID       PID    %usr %system  %guest   %wait    %CPU   CPU  Command
01:06:03        0         1    0,20    0,00    0,00    0,00    0,20     3  systemd
01:06:03        0        17    0,00    0,20    0,00    0,00    0,20     0  rcu_preempt
01:06:03        0        86    0,00    0,20    0,00    0,00    0,20     1  irq/9-acpi
01:06:03      990       903    0,80    0,00    0,00    0,00    0,80     2  dbus-daemon
01:06:03      115       930    1,20    0,60    0,00    0,00    1,80     5  prometheus-node
01:06:03      115       933    0,20    0,00    0,00    0,00    0,20     4  prometheus
01:06:03        0      1383    0,20    0,00    0,00    0,00    0,20     7  glances
01:06:03        0      1391    0,20    0,00    0,00    0,00    0,20     4  tailscaled
01:06:03        0      1423    0,20    0,20    0,00    0,00    0,40     2  containerd
01:06:03        0      2310    0,20    0,20    0,00    0,00    0,40     3  dockerd
01:06:03      117      2312    0,80    0,40    0,00    0,00    1,20     3  grafana
01:06:03        0      2932    0,20    0,20    0,00    0,00    0,40     6  mount.ntfs-3g
01:06:03        0      2981    0,20    0,00    0,00    0,00    0,20     0  containerd-shim
01:06:03        0      2982    0,20    0,20    0,00    0,00    0,40     1  containerd-shim
01:06:03      999      3130    0,40    0,00    0,00    0,00    0,40     4  redis-server
01:06:03     1000      4708    0,80    0,40    0,00    0,00    1,20     2  gnome-shell
01:06:03     1000      6317    0,20    0,00    0,00    0,00    0,20     3  antigravity
01:06:03     1000      6339    0,80    0,00    0,00    0,00    0,80     0  gnome-terminal-
01:06:03     1000      6820    0,80    0,60    0,00    0,00    1,40     4  antigravity
01:06:03     1000      7059    1,80    1,40    0,00    0,00    3,20     2  language_server
01:06:03     1000      7229    0,20    0,00    0,00    0,00    0,20     6  antigravity
01:06:03     1000      7244    1,80    0,40    0,00    0,00    2,20     6  antigravity
01:06:03     1000      7260    0,80    0,00    0,00    0,00    0,80     1  antigravity
01:06:03     1000      8267    1,20    2,00    0,00    0,00    3,20     7  language_server
01:06:03     1000      9291    0,20    0,20    0,00    0,00    0,40     1  chrome
01:06:03     1000      9500    0,00    0,20    0,00    0,00    0,20     2  chrome
01:06:03     1000    112886    0,20    0,20    0,00    0,00    0,40     2  pidstat
01:06:03     1000    112918    2,20    1,00    0,00    0,00    3,20     1  java

01:05:58      UID       PID  minflt/s  majflt/s     VSZ     RSS   %MEM  Command
01:06:03        0       902      0,40      0,00    6792    2752   0,02  cron
01:06:03      115       930     52,80      0,00 1762312   25396   0,16  prometheus-node
01:06:03      115       933     12,00      0,00 2711492  113124   0,70  prometheus
01:06:03        0      1423      3,60      0,00 2463900   70728   0,44  containerd
01:06:03        0      2975      9,60      0,00 1235352   13676   0,08  containerd-shim
01:06:03        0      2976     13,00      0,00 1235608   14588   0,09  containerd-shim
01:06:03        0      2977      8,40      0,00 1235352   14364   0,09  containerd-shim
01:06:03        0      2981      8,60      0,00 1235608   14172   0,09  containerd-shim
01:06:03        0      2982      9,00      0,00 1235608   14788   0,09  containerd-shim
01:06:03     1000      4708      0,80      0,00 5454468  346548   2,13  gnome-shell
01:06:03     1000      6317     33,60      0,00 1461668528  315500   1,94  antigravity
01:06:03     1000      6757      4,80      0,00 34347452  169940   1,05  antigravity
01:06:03     1000      6771      0,80      0,00 33903964   81160   0,50  antigravity
01:06:03     1000      6820    155,60      0,00 1461417328  665104   4,10  antigravity
01:06:03     1000      7161      0,20      0,00 33951332   64332   0,40  antigravity
01:06:03     1000      7229    126,80      0,00 1461383544  129416   0,80  antigravity
01:06:03     1000      7244     92,60      0,00 1461351324  342448   2,11  antigravity
01:06:03     1000      7258      3,00      0,00 1461347760  125888   0,78  antigravity
01:06:03     1000      7260     12,40      0,00 1461367100  163516   1,01  antigravity
01:06:03     1000      8267      0,20      0,00 4901536  357112   2,20  language_server
01:06:03     1000      8356      5,20      0,00 1459530528  101080   0,62  antigravity
01:06:03     1000      9291      7,00      0,00 55435272  374384   2,31  chrome
01:06:03     1000      9342      2,20      0,00 55467700  213696   1,32  chrome
01:06:03     1000      9345      3,80      0,00 54976356  135624   0,84  chrome
01:06:03     1000      9359      0,40      0,00 55015792   62664   0,39  chrome
01:06:03     1000      9519      0,00      0,00 1518554232  354836   2,19  chrome
01:06:03     1000     76014      0,80      0,00 1518513820  347088   2,14  chrome
01:06:03     1000     76063      0,20      0,00 55006444   86720   0,53  chrome
01:06:03     1000    112918      9,80      0,00 6506524  330112   2,03  java

01:05:58      UID       PID   kB_rd/s   kB_wr/s kB_ccwr/s iodelay  Command
01:06:03     1000    112886      0,00      0,92      0,00       0  pidstat
01:06:03     1000    112918      0,00      1,78      0,00       0  java

01:06:03      UID       PID    %usr %system  %guest   %wait    %CPU   CPU  Command
01:06:08      115       933    0,00    0,20    0,00    0,00    0,20     4  prometheus
01:06:08        0      1391    0,20    0,00    0,00    0,00    0,20     4  tailscaled
01:06:08        0      1423    0,20    0,20    0,00    0,00    0,40     2  containerd
01:06:08        0      2310    0,60    0,20    0,00    0,00    0,80     3  dockerd
01:06:08      117      2312    0,80    0,00    0,00    0,00    0,80     3  grafana
01:06:08        0      2932    0,20    0,20    0,00    0,00    0,40     6  mount.ntfs-3g
01:06:08        0      2975    0,00    0,20    0,00    0,00    0,20     7  containerd-shim
01:06:08      999      3130    0,40    0,00    0,00    0,00    0,40     3  redis-server
01:06:08     1000      4708    1,00    0,20    0,00    0,00    1,20     0  gnome-shell
01:06:08     1000      6317    0,00    0,20    0,00    0,00    0,20     3  antigravity
01:06:08     1000      6339    1,00    0,00    0,00    0,00    1,00     1  gnome-terminal-
01:06:08     1000      6820   12,60    0,20    0,00    0,00   12,80     1  antigravity
01:06:08     1000      7059    1,40    1,80    0,00    0,00    3,20     2  language_server
01:06:08     1000      7229    0,40    0,20    0,00    0,00    0,60     1  antigravity
01:06:08     1000      7244    1,40    0,20    0,00    0,00    1,60     4  antigravity
01:06:08     1000      7260    0,60    0,20    0,00    0,00    0,80     0  antigravity
01:06:08     1000      8267    1,80    1,00    0,00    0,00    2,80     7  language_server
01:06:08     1000      8356    0,00    0,20    0,00    0,00    0,20     7  antigravity
01:06:08     1000      9291    0,00    0,20    0,00    0,00    0,20     2  chrome
01:06:08     1000      9390    0,00    0,20    0,00    0,00    0,20     3  chrome
01:06:08     1000      9519    0,20    0,00    0,00    0,00    0,20     4  chrome
01:06:08     1000     91682    0,00    0,20    0,00    0,00    0,20     5  ssh
01:06:08        0    102824    0,00    0,20    0,00    0,00    0,20     1  kworker/1:1-events
01:06:08        0    109477    0,20    0,00    0,00    0,20    0,20     0  kworker/0:2-i915-unordered
01:06:08     1000    112886    0,00    0,40    0,00    0,00    0,40     2  pidstat
01:06:08     1000    112918    4,20    0,40    0,00    0,00    4,60     1  java

01:06:03      UID       PID  minflt/s  majflt/s     VSZ     RSS   %MEM  Command
01:06:08        0      1423      7,60      0,00 2463900   70856   0,44  containerd
01:06:08        0      2975     13,20      0,00 1235352   13932   0,09  containerd-shim
01:06:08        0      2976     11,80      0,00 1235608   14588   0,09  containerd-shim
01:06:08        0      2977     13,00      0,00 1235352   14620   0,09  containerd-shim
01:06:08        0      2981     12,00      0,00 1235608   14428   0,09  containerd-shim
01:06:08        0      2982     11,60      0,00 1235608   14916   0,09  containerd-shim
01:06:08     1000      4708      6,00      0,00 5454468  346548   2,13  gnome-shell
01:06:08     1000      6317     32,60      0,00 1461668528  315448   1,94  antigravity
01:06:08     1000      6757      1,20      0,00 34347452  169940   1,05  antigravity
01:06:08     1000      6771      0,40      0,00 33903964   81160   0,50  antigravity
01:06:08     1000      6820    234,60      0,00 1461417328  655264   4,04  antigravity
01:06:08     1000      7161      0,40      0,00 33951332   64332   0,40  antigravity
01:06:08     1000      7229     82,00      0,00 1461383544  129268   0,80  antigravity
01:06:08     1000      7244     13,60      0,00 1461351324  341728   2,11  antigravity
01:06:08     1000      7258      3,00      0,00 1461347760  125888   0,78  antigravity
01:06:08     1000      7260      1,80      0,00 1461367100  163516   1,01  antigravity
01:06:08     1000      8356      5,40      0,00 1459530528  101080   0,62  antigravity
01:06:08     1000      9291     14,00      0,00 55435272  374384   2,31  chrome
01:06:08     1000      9342      2,20      0,00 55467700  213696   1,32  chrome
01:06:08     1000      9345      3,80      0,00 54976356  135624   0,84  chrome
01:06:08     1000      9359      0,40      0,00 55015792   62664   0,39  chrome
01:06:08     1000     76014      0,20      0,00 1518513820  347088   2,14  chrome
01:06:08     1000     76063      0,40      0,00 55006444   86720   0,53  chrome
01:06:08     1000    112918     12,60      0,00 6506524  330240   2,03  java

01:06:03      UID       PID   kB_rd/s   kB_wr/s kB_ccwr/s iodelay  Command
01:06:08     1000    112886      0,00      1,03      0,00       0  pidstat
01:06:08     1000    112918      0,00      3,27      0,00       0  java

01:06:08      UID       PID    %usr %system  %guest   %wait    %CPU   CPU  Command
01:06:13      115       933    0,20    0,00    0,00    0,00    0,20     4  prometheus
01:06:13        0      1383    0,20    0,00    0,00    0,00    0,20     7  glances
01:06:13        0      1423    0,20    0,20    0,00    0,00    0,40     2  containerd
01:06:13        0      2310    0,40    0,20    0,00    0,00    0,60     3  dockerd
01:06:13      117      2312    0,40    0,40    0,00    0,00    0,80     3  grafana
01:06:13        0      2932    0,00    0,20    0,00    0,00    0,20     6  mount.ntfs-3g
01:06:13        0      2976    0,00    0,20    0,00    0,00    0,20     6  containerd-shim
01:06:13        0      2977    0,20    0,20    0,00    0,00    0,40     7  containerd-shim
01:06:13        0      2981    0,20    0,00    0,00    0,00    0,20     0  containerd-shim
01:06:13      999      3130    0,40    0,20    0,00    0,00    0,60     0  redis-server
01:06:13     1000      4708    0,80    0,40    0,00    0,00    1,20     1  gnome-shell
01:06:13     1000      6317    0,20    0,00    0,00    0,00    0,20     1  antigravity
01:06:13     1000      6339    0,40    0,00    0,00    0,00    0,40     0  gnome-terminal-
01:06:13     1000      6757    0,20    0,00    0,00    0,00    0,20     7  antigravity
01:06:13     1000      6820    0,80    0,20    0,00    0,00    1,00     4  antigravity
01:06:13     1000      7059    1,80    1,20    0,00    0,00    3,00     4  language_server
01:06:13     1000      7229    0,20    0,20    0,00    0,00    0,40     5  antigravity
01:06:13     1000      7244    1,40    0,40    0,00    0,00    1,80     3  antigravity
01:06:13     1000      7260    0,40    0,00    0,00    0,00    0,40     2  antigravity
01:06:13     1000      8267    2,20    0,80    0,00    0,00    3,00     7  language_server
01:06:13     1000      8356    0,20    0,00    0,00    0,00    0,20     7  antigravity
01:06:13     1000      9291    0,20    0,00    0,00    0,00    0,20     1  chrome
01:06:13     1000      9519    0,20    0,00    0,00    0,00    0,20     0  chrome
01:06:13     1000     91682    0,20    0,00    0,00    0,00    0,20     4  ssh
01:06:13        0    103884    0,00    0,20    0,00    0,00    0,20     4  kworker/4:1-events_freezable
01:06:13     1000    112886    0,20    0,20    0,00    0,00    0,40     1  pidstat
01:06:13     1000    112918    2,40    0,80    0,00    0,00    3,20     1  java

01:06:08      UID       PID  minflt/s  majflt/s     VSZ     RSS   %MEM  Command
01:06:13        0      1423      3,60      0,00 2463900   70984   0,44  containerd
01:06:13        0      2975      8,80      0,00 1235352   14060   0,09  containerd-shim
01:06:13        0      2976     13,80      0,00 1235608   14716   0,09  containerd-shim
01:06:13        0      2977     13,80      0,00 1235352   14748   0,09  containerd-shim
01:06:13        0      2981     12,40      0,00 1235608   14556   0,09  containerd-shim
01:06:13        0      2982     14,80      0,00 1235608   15172   0,09  containerd-shim
01:06:13     1000      4708      0,80      0,00 5454532  346548   2,13  gnome-shell
01:06:13     1000      6317     35,20      0,00 1461668528  315960   1,95  antigravity
01:06:13     1000      6757      0,60      0,00 34347452  169940   1,05  antigravity
01:06:13     1000      6771      0,40      0,00 33903964   81160   0,50  antigravity
01:06:13     1000      6820     77,20      0,00 1461417328  656672   4,05  antigravity
01:06:13     1000      7161      0,20      0,00 33951332   64332   0,40  antigravity
01:06:13     1000      7229     14,00      0,00 1461383544  129244   0,80  antigravity
01:06:13     1000      7244     22,40      0,00 1461351324  341808   2,11  antigravity
01:06:13     1000      7258      5,60      0,00 1461347760  125888   0,78  antigravity
01:06:13     1000      7260      4,00      0,00 1461367100  163388   1,01  antigravity
01:06:13     1000      8356      5,20      0,00 1459530528  101080   0,62  antigravity
01:06:13     1000      9291     10,60      0,00 55435272  374384   2,31  chrome
01:06:13     1000      9342      4,40      0,00 55467700  213696   1,32  chrome
01:06:13     1000      9345      4,80      0,00 54976356  135624   0,84  chrome
01:06:13     1000      9359      0,80      0,00 55015792   62664   0,39  chrome
01:06:13     1000     76014      0,40      0,00 1518513820  347088   2,14  chrome
01:06:13     1000     76063      0,20      0,00 55006444   86720   0,53  chrome
01:06:13     1000    112918     11,40      0,00 6506524  330368   2,04  java

01:06:08      UID       PID   kB_rd/s   kB_wr/s kB_ccwr/s iodelay  Command
01:06:13     1000      9345      0,00     14,40      0,00       0  chrome
01:06:13     1000    112886      0,00      0,91      0,00       0  pidstat
01:06:13     1000    112918      0,00      3,27      0,00       0  java

01:06:13      UID       PID    %usr %system  %guest   %wait    %CPU   CPU  Command
01:06:18        0         1    0,80    0,00    0,00    0,00    0,80     2  systemd
01:06:18        0        86    0,00    0,20    0,00    0,00    0,20     1  irq/9-acpi
01:06:18        0       408    0,20    0,00    0,00    0,00    0,20     2  systemd-udevd
01:06:18      990       903    1,20    0,20    0,00    0,20    1,40     0  dbus-daemon
01:06:18      115       930    1,00    0,60    0,00    0,00    1,60     2  prometheus-node
01:06:18      115       933    0,20    0,00    0,00    0,00    0,20     4  prometheus
01:06:18        0       943    0,00    0,20    0,00    0,00    0,20     2  udisksd
01:06:18        0      1079    0,20    0,00    0,00    0,00    0,20     3  NetworkManager
01:06:18        0      1383    0,20    0,00    0,00    0,00    0,20     7  glances
01:06:18        0      1391    0,00    0,40    0,00    0,20    0,40     7  tailscaled
01:06:18        0      1423    1,00    0,20    0,00    0,00    1,20     2  containerd
01:06:18        0      2310    0,80    0,80    0,00    0,00    1,60     3  dockerd
01:06:18      117      2312    1,80    0,20    0,00    0,00    2,00     3  grafana
01:06:18        0      2932    0,20    0,20    0,00    0,00    0,40     1  mount.ntfs-3g
01:06:18        0      2975    0,00    0,20    0,00    0,00    0,20     7  containerd-shim
01:06:18        0      2976    0,20    0,00    0,00    0,00    0,20     6  containerd-shim
01:06:18        0      2982    0,20    0,00    0,00    0,00    0,20     1  containerd-shim
01:06:18      999      3130    0,40    0,00    0,00    0,00    0,40     3  redis-server
01:06:18     1000      4549    0,20    0,00    0,00    0,00    0,20     6  systemd
01:06:18     1000      4569    0,20    0,00    0,00    0,20    0,20     3  dbus-daemon
01:06:18     1000      4708    1,20    0,20    0,00    0,20    1,40     5  gnome-shell
01:06:18     1000      5021    0,20    0,00    0,00    0,00    0,20     0  gsd-housekeepin
01:06:18     1000      5055    0,20    0,00    0,00    0,20    0,20     1  gsd-sharing
01:06:18     1000      6317    0,20    0,00    0,00    0,00    0,20     0  antigravity
01:06:18     1000      6339    0,60    0,20    0,00    0,00    0,80     3  gnome-terminal-
01:06:18     1000      6820    1,00    0,20    0,00    0,00    1,20     4  antigravity
01:06:18     1000      7059    1,80    1,20    0,00    0,00    3,00     4  language_server
01:06:18     1000      7244    1,20    0,20    0,00    0,00    1,40     7  antigravity
01:06:18     1000      7258    0,20    0,00    0,00    0,00    0,20     4  antigravity
01:06:18     1000      7260    0,60    0,00    0,00    0,00    0,60     2  antigravity
01:06:18     1000      8267    2,20    0,60    0,00    0,00    2,80     7  language_server
01:06:18     1000      9519    0,20    0,20    0,00    0,00    0,40     3  chrome
01:06:18     1000     76014    0,20    0,00    0,00    0,00    0,20     0  chrome
01:06:18     1000     98039    0,20    0,00    0,00    0,00    0,20     1  antigravity
01:06:18        0     99361    0,00    0,20    0,00    0,00    0,20     4  kworker/u32:3-flush-8:0
01:06:18        0    108416    0,20    0,00    0,00    0,00    0,20     4  cups-browsed
01:06:18     1000    112886    0,20    0,40    0,00    0,00    0,60     2  pidstat
01:06:18     1000    112918    2,40    0,60    0,00    0,00    3,00     1  java

01:06:13      UID       PID  minflt/s  majflt/s     VSZ     RSS   %MEM  Command
01:06:18        0       376     45,80      0,00  188968  108948   0,67  systemd-journal
01:06:18        0       408     95,60      0,00   37544   10908   0,07  systemd-udevd
01:06:18      115       930     73,60      0,00 1762312   25608   0,16  prometheus-node
01:06:18        0      1423     10,60      0,00 2463900   71112   0,44  containerd
01:06:18      114      1526      3,80      0,00  218252   29568   0,18  postgres
01:06:18        0      2975      0,80      0,00 1235352   14060   0,09  containerd-shim
01:06:18        0      2976      9,40      0,00 1235608   14844   0,09  containerd-shim
01:06:18        0      2977      7,20      0,00 1235352   14748   0,09  containerd-shim
01:06:18        0      2981     11,40      0,00 1235608   14812   0,09  containerd-shim
01:06:18        0      2982      2,00      0,00 1235608   15172   0,09  containerd-shim
01:06:18     1000      4708      9,00      0,00 5454468  346548   2,13  gnome-shell
01:06:18     1000      6317     31,60      0,00 1461668528  316020   1,95  antigravity
01:06:18     1000      6757      0,60      0,00 34347452  169940   1,05  antigravity
01:06:18     1000      6771      0,40      0,00 33903964   81160   0,50  antigravity
01:06:18     1000      6820    107,80      0,00 1461417328  658720   4,06  antigravity
01:06:18     1000      7161      0,20      0,00 33951332   64332   0,40  antigravity
01:06:18     1000      7229     11,20      0,00 1461383544  129244   0,80  antigravity
01:06:18     1000      7244     11,80      0,00 1461351324  341888   2,11  antigravity
01:06:18     1000      7258      3,40      0,00 1461347760  125888   0,78  antigravity
01:06:18     1000      7260      5,20      0,00 1461367100  163388   1,01  antigravity
01:06:18     1000      8356      5,40      0,00 1459530528  101080   0,62  antigravity
01:06:18     1000      9291      7,40      0,00 55435272  374384   2,31  chrome
01:06:18     1000      9342      2,20      0,00 55467700  213696   1,32  chrome
01:06:18     1000      9345      7,80      0,00 54976356  135624   0,84  chrome
01:06:18     1000      9359      0,40      0,00 55015792   62664   0,39  chrome
01:06:18     1000     76014      0,40      0,00 1518513820  347088   2,14  chrome
01:06:18     1000     76063      0,20      0,00 55006444   86720   0,53  chrome
01:06:18     1000    112918     18,40      0,00 6506524  339200   2,09  java
01:06:18        0    114112     55,60      0,00   37548    7060   0,04  (udev-worker)
01:06:18        0    114126     27,20      0,00   37548    6784   0,04  (udev-worker)
01:06:18        0    114127     60,20      0,00   37548    7060   0,04  (udev-worker)
01:06:18        0    114128     36,20      0,00   37548    6784   0,04  (udev-worker)
01:06:18        0    114130     27,60      0,00   37548    6784   0,04  (udev-worker)
01:06:18        0    114131     26,40      0,00   37548    6784   0,04  (udev-worker)
01:06:18        0    114132     27,60      0,00   37548    6784   0,04  (udev-worker)
01:06:18        0    114134     27,20      0,00   37548    6784   0,04  (udev-worker)
01:06:18        0    114135     27,80      0,00   37548    6784   0,04  (udev-worker)
01:06:18        0    114136     26,60      0,00   37548    6784   0,04  (udev-worker)
01:06:18        0    114137     27,20      0,00   37548    6784   0,04  (udev-worker)
01:06:18        0    114138     27,60      0,00   37548    6784   0,04  (udev-worker)
01:06:18        0    114139     26,40      0,00   37548    6784   0,04  (udev-worker)
01:06:18        0    114140     27,00      0,00   37548    6784   0,04  (udev-worker)
01:06:18        0    114142     26,60      0,00   37548    6784   0,04  (udev-worker)
01:06:18        0    114143     27,00      0,00   37548    6784   0,04  (udev-worker)

01:06:13      UID       PID   kB_rd/s   kB_wr/s kB_ccwr/s iodelay  Command
01:06:18     1000    112886      0,00      0,95      0,00       0  pidstat
01:06:18     1000    112918      0,00      1,72      0,00       0  java

01:06:18      UID       PID    %usr %system  %guest   %wait    %CPU   CPU  Command
01:06:23        0       120    0,00    0,20    0,00    0,00    0,20     7  kworker/u33:0-i915_flip
01:06:23      986       924    0,00    0,20    0,00    0,00    0,20     4  polkitd
01:06:23        0      1423    0,40    0,00    0,00    0,00    0,40     2  containerd
01:06:23        0      2310    0,20    0,20    0,00    0,00    0,40     3  dockerd
01:06:23      117      2312    0,40    0,60    0,00    0,00    1,00     3  grafana
01:06:23        0      2932    0,20    0,40    0,00    0,00    0,60     0  mount.ntfs-3g
01:06:23        0      2977    0,00    0,20    0,00    0,00    0,20     7  containerd-shim
01:06:23        0      2981    0,20    0,00    0,00    0,00    0,20     0  containerd-shim
01:06:23      999      3130    0,20    0,20    0,00    0,00    0,40     3  redis-server
01:06:23     1000      4708    0,80    0,40    0,00    0,00    1,20     5  gnome-shell
01:06:23     1000      6317    0,20    0,00    0,00    0,00    0,20     1  antigravity
01:06:23     1000      6339    1,00    0,00    0,00    0,00    1,00     0  gnome-terminal-
01:06:23     1000      6820    0,60    0,20    0,00    0,00    0,80     1  antigravity
01:06:23     1000      7059    1,60    1,80    0,00    0,00    3,40     0  language_server
01:06:23     1000      7229    0,20    0,20    0,00    0,00    0,40     3  antigravity
01:06:23     1000      7244    1,60    0,20    0,00    0,00    1,80     0  antigravity
01:06:23     1000      7260    0,60    0,20    0,00    0,00    0,80     7  antigravity
01:06:23     1000      8267    2,40    0,60    0,00    0,00    3,00     7  language_server
01:06:23     1000      8356    0,20    0,00    0,00    0,00    0,20     1  antigravity
01:06:23     1000      9291    0,40    0,00    0,00    0,00    0,40     1  chrome
01:06:23     1000     76025    0,20    0,00    0,00    0,00    0,20     2  chrome
01:06:23     1000    112886    0,20    0,20    0,00    0,00    0,40     2  pidstat
01:06:23     1000    112918    3,80    3,20    0,00    0,00    7,00     1  java

01:06:18      UID       PID  minflt/s  majflt/s     VSZ     RSS   %MEM  Command
01:06:23        0       408      1,40      0,00   37544   10908   0,07  systemd-udevd
01:06:23        0      2975      2,00      0,00 1235352   14060   0,09  containerd-shim
01:06:23        0      2976      0,20      0,00 1235608   14844   0,09  containerd-shim
01:06:23        0      2977      1,40      0,00 1235352   15004   0,09  containerd-shim
01:06:23        0      2981      2,80      0,00 1235608   14812   0,09  containerd-shim
01:06:23        0      2982      5,40      0,00 1235608   15300   0,09  containerd-shim
01:06:23     1000      4708      0,80      0,00 5454468  346548   2,13  gnome-shell
01:06:23     1000      6317     33,20      0,00 1461668528  315556   1,94  antigravity
01:06:23     1000      6757      0,60      0,00 34347452  169940   1,05  antigravity
01:06:23     1000      6771      0,80      0,00 33903964   81160   0,50  antigravity
01:06:23     1000      6820    109,00      0,00 1461417328  661024   4,07  antigravity
01:06:23     1000      7161      0,20      0,00 33951332   64332   0,40  antigravity
01:06:23     1000      7229      3,40      0,00 1461383544  129244   0,80  antigravity
01:06:23     1000      7244     49,80      0,00 1461351324  342512   2,11  antigravity
01:06:23     1000      7258      3,00      0,00 1461347760  125888   0,78  antigravity
01:06:23     1000      7260      3,40      0,00 1461367100  163388   1,01  antigravity
01:06:23     1000      8356      5,00      0,00 1459530528  101080   0,62  antigravity
01:06:23     1000      9291     17,00      0,00 55435272  374512   2,31  chrome
01:06:23     1000      9342      2,20      0,00 55467700  213696   1,32  chrome
01:06:23     1000      9345      3,80      0,00 54976356  135624   0,84  chrome
01:06:23     1000      9359      0,40      0,00 55015792   62664   0,39  chrome
01:06:23     1000      9519      0,00      0,00 1518554232  353212   2,18  chrome
01:06:23     1000     76014      0,60      0,00 1518513820  347088   2,14  chrome
01:06:23     1000     76063      0,40      0,00 55006444   86720   0,53  chrome
01:06:23     1000    112918     23,60      0,00 6506524  365992   2,25  java

01:06:18      UID       PID   kB_rd/s   kB_wr/s kB_ccwr/s iodelay  Command
01:06:23     1000      9291      0,00     17,60      0,00       0  chrome
01:06:23     1000    112886      0,00      1,45      0,00       0  pidstat
01:06:23     1000    112918      0,00      3,27      0,00       0  java

01:06:23      UID       PID    %usr %system  %guest   %wait    %CPU   CPU  Command
01:06:28      115       933    0,20    0,00    0,00    0,00    0,20     5  prometheus
01:06:28        0      1383    0,20    0,00    0,00    0,00    0,20     7  glances
01:06:28        0      1423    0,40    0,20    0,00    0,00    0,60     2  containerd
01:06:28        0      2310    0,40    0,00    0,00    0,00    0,40     3  dockerd
01:06:28      117      2312    0,40    0,20    0,00    0,00    0,60     3  grafana
01:06:28        0      2932    0,20    0,00    0,00    0,00    0,20     0  mount.ntfs-3g
01:06:28        0      2975    0,00    0,20    0,00    0,00    0,20     7  containerd-shim
01:06:28        0      2976    0,20    0,00    0,00    0,00    0,20     6  containerd-shim
01:06:28        0      2981    0,00    0,20    0,00    0,00    0,20     0  containerd-shim
01:06:28        0      2982    0,00    0,20    0,00    0,00    0,20     1  containerd-shim
01:06:28      999      3130    0,40    0,00    0,00    0,00    0,40     4  redis-server
01:06:28     1000      4708    1,00    0,20    0,00    0,00    1,20     5  gnome-shell
01:06:28     1000      6317    0,20    0,00    0,00    0,00    0,20     2  antigravity
01:06:28     1000      6339    0,60    0,00    0,00    0,00    0,60     6  gnome-terminal-
01:06:28     1000      6820    1,00    0,20    0,00    0,00    1,20     1  antigravity
01:06:28     1000      7059    1,80    1,40    0,00    0,00    3,20     2  language_server
01:06:28     1000      7229    0,20    0,00    0,00    0,00    0,20     5  antigravity
01:06:28     1000      7244    1,60    0,20    0,00    0,00    1,80     3  antigravity
01:06:28     1000      7260    0,40    0,20    0,00    0,00    0,60     7  antigravity
01:06:28     1000      8267    1,00    2,00    0,00    0,00    3,00     7  language_server
01:06:28     1000      9291    0,00    0,20    0,00    0,00    0,20     1  chrome
01:06:28     1000      9519    0,20    0,00    0,00    0,00    0,20     7  chrome
01:06:28     1000     91682    0,20    0,00    0,00    0,00    0,20     3  ssh
01:06:28        0    103256    0,00    0,20    0,00    0,00    0,20     1  kworker/u32:4-flush-8:0
01:06:28     1000    112886    0,40    0,00    0,00    0,00    0,40     7  pidstat
01:06:28     1000    112918    2,00    1,20    0,00    0,00    3,20     1  java

01:06:23      UID       PID  minflt/s  majflt/s     VSZ     RSS   %MEM  Command
01:06:28        0      2975      5,20      0,00 1235352   13444   0,08  containerd-shim
01:06:28        0      2976      0,40      0,00 1235608   14116   0,09  containerd-shim
01:06:28        0      2977      1,40      0,00 1235352   14680   0,09  containerd-shim
01:06:28        0      2981      2,40      0,00 1235608   14036   0,09  containerd-shim
01:06:28        0      2982      1,00      0,00 1235608   14448   0,09  containerd-shim
01:06:28       70      3117      4,40      0,00  174540   25424   0,16  postgres
01:06:28     1000      4708      6,40      0,00 5454468  346548   2,13  gnome-shell
01:06:28     1000      6317     32,60      0,00 1461668528  315576   1,94  antigravity
01:06:28     1000      6757      1,20      0,00 34347452  169940   1,05  antigravity
01:06:28     1000      6771      0,40      0,00 33903964   81160   0,50  antigravity
01:06:28     1000      6820    110,40      0,00 1461417328  663200   4,09  antigravity
01:06:28     1000      7161      0,40      0,00 33951332   64332   0,40  antigravity
01:06:28     1000      7229      3,00      0,00 1461383544  129244   0,80  antigravity
01:06:28     1000      7244     21,00      0,00 1461351324  342204   2,11  antigravity
01:06:28     1000      7258      3,40      0,00 1461347760  125888   0,78  antigravity
01:06:28     1000      7260      3,40      0,00 1461367100  163388   1,01  antigravity
01:06:28     1000      8356      5,00      0,00 1459530528  101080   0,62  antigravity
01:06:28     1000      9291     17,80      0,00 55435272  374640   2,31  chrome
01:06:28     1000      9342      2,20      0,00 55467700  213696   1,32  chrome
01:06:28     1000      9345      3,80      0,00 54976356  135624   0,84  chrome
01:06:28     1000      9359      0,40      0,00 55015792   62664   0,39  chrome
01:06:28     1000     76014      0,40      0,00 1518513820  347088   2,14  chrome
01:06:28     1000     76063      0,40      0,00 55006444   86720   0,53  chrome
01:06:28     1000    112918     11,60      0,00 6506524  365992   2,25  java

01:06:23      UID       PID   kB_rd/s   kB_wr/s kB_ccwr/s iodelay  Command
01:06:28     1000      9291      0,00      2,40      0,00       0  chrome
01:06:28     1000    112886      0,00      0,89      0,00       0  pidstat
01:06:28     1000    112918      0,00      3,27      0,00       0  java

01:06:28      UID       PID    %usr %system  %guest   %wait    %CPU   CPU  Command
01:06:33        0         1    0,20    0,00    0,00    0,00    0,20     7  systemd
01:06:33        0        57    0,00    0,20    0,00    0,00    0,20     6  ksoftirqd/6
01:06:33        0        86    0,00    0,20    0,00    0,00    0,20     1  irq/9-acpi
01:06:33      990       903    0,80    0,00    0,00    0,00    0,80     3  dbus-daemon
01:06:33      115       930    1,20    0,60    0,00    0,00    1,80     2  prometheus-node
01:06:33      115       933    0,20    0,00    0,00    0,00    0,20     5  prometheus
01:06:33        0      1383    0,20    0,00    0,00    0,00    0,20     7  glances
01:06:33        0      1391    0,20    0,00    0,00    0,00    0,20     5  tailscaled
01:06:33        0      1423    0,20    0,20    0,00    0,00    0,40     2  containerd
01:06:33        0      2310    0,40    0,20    0,00    0,00    0,60     3  dockerd
01:06:33      117      2312    0,80    0,40    0,00    0,00    1,20     3  grafana
01:06:33        0      2932    0,20    0,20    0,00    0,00    0,40     0  mount.ntfs-3g
01:06:33        0      2975    0,00    0,20    0,00    0,00    0,20     7  containerd-shim
01:06:33        0      2976    0,00    0,20    0,00    0,00    0,20     6  containerd-shim
01:06:33        0      2977    0,20    0,00    0,00    0,00    0,20     7  containerd-shim
01:06:33        0      2982    0,00    0,20    0,00    0,00    0,20     1  containerd-shim
01:06:33      999      3130    0,20    0,20    0,00    0,00    0,40     5  redis-server
01:06:33     1000      4708    0,80    0,20    0,00    0,00    1,00     5  gnome-shell
01:06:33     1000      6317    0,00    0,20    0,00    0,00    0,20     1  antigravity
01:06:33     1000      6339    1,00    0,00    0,00    0,00    1,00     6  gnome-terminal-
01:06:33     1000      6820    0,80    0,20    0,00    0,00    1,00     4  antigravity
01:06:33     1000      7059    2,00    1,20    0,00    0,00    3,20     5  language_server
01:06:33     1000      7229    0,20    0,00    0,00    0,00    0,20     5  antigravity
01:06:33     1000      7244    1,40    0,20    0,00    0,00    1,60     1  antigravity
01:06:33     1000      7260    0,60    0,00    0,00    0,00    0,60     2  antigravity
01:06:33     1000      8267    1,60    1,40    0,00    0,00    3,00     7  language_server
01:06:33     1000      8356    0,20    0,00    0,00    0,00    0,20     2  antigravity
01:06:33     1000      9291    0,00    0,20    0,00    0,00    0,20     6  chrome
01:06:33     1000      9519    0,20    0,00    0,00    0,00    0,20     1  chrome
01:06:33       33    108423    0,20    0,00    0,00    0,00    0,20     7  apache2
01:06:33     1000    112886    0,20    0,20    0,00    0,00    0,40     7  pidstat
01:06:33     1000    112918    2,00    0,60    0,00    0,00    2,60     1  java
01:06:33        0    113918    0,20    0,00    0,00    0,00    0,20     3  kworker/3:2-events

01:06:28      UID       PID  minflt/s  majflt/s     VSZ     RSS   %MEM  Command
01:06:33      115       930     69,20      0,00 1762312   25704   0,16  prometheus-node
01:06:33      115       933     12,00      0,00 2711492  113380   0,70  prometheus
01:06:33        0      2975      9,60      0,00 1235352   13700   0,08  containerd-shim
01:06:33        0      2976      8,00      0,00 1235608   14372   0,09  containerd-shim
01:06:33        0      2977     12,40      0,00 1235352   14680   0,09  containerd-shim
01:06:33        0      2981      9,20      0,00 1235608   14420   0,09  containerd-shim
01:06:33        0      2982     10,60      0,00 1235608   14704   0,09  containerd-shim
01:06:33     1000      4708      0,80      0,00 5454468  346548   2,13  gnome-shell
01:06:33     1000      6317     32,00      0,00 1461668528  316088   1,95  antigravity
01:06:33     1000      6757      4,40      0,00 34347516  169940   1,05  antigravity
01:06:33     1000      6771      0,40      0,00 33903964   81160   0,50  antigravity
01:06:33     1000      6820    142,60      0,00 1461417328  664412   4,09  antigravity
01:06:33     1000      7161      0,20      0,00 33951332   64332   0,40  antigravity
01:06:33     1000      7229     99,20      0,00 1461383544  129244   0,80  antigravity
01:06:33     1000      7244     23,60      0,00 1461351324  342064   2,11  antigravity
01:06:33     1000      7258      5,20      0,00 1461347760  125888   0,78  antigravity
01:06:33     1000      7260      3,80      0,00 1461367100  163388   1,01  antigravity
01:06:33     1000      8356      5,40      0,00 1459530528  101080   0,62  antigravity
01:06:33     1000      9291      7,20      0,00 55435272  374640   2,31  chrome
01:06:33     1000      9342      4,40      0,00 55467700  213696   1,32  chrome
01:06:33     1000      9345      3,80      0,00 54976356  135624   0,84  chrome
01:06:33     1000      9359      0,80      0,00 55015792   62664   0,39  chrome
01:06:33     1000     76014      0,40      0,00 1518513820  347088   2,14  chrome
01:06:33     1000     76063      0,20      0,00 55006444   86720   0,53  chrome
01:06:33     1000    112918     10,60      0,00 6506524  365992   2,25  java

01:06:28      UID       PID   kB_rd/s   kB_wr/s kB_ccwr/s iodelay  Command
01:06:33     1000      9291      0,00      1,60      0,00       0  chrome
01:06:33     1000    112886      0,00      0,93      0,00       0  pidstat
01:06:33     1000    112918      0,00      3,33      0,00       0  java

01:06:33      UID       PID    %usr %system  %guest   %wait    %CPU   CPU  Command
01:06:38        0        17    0,00    0,20    0,00    0,00    0,20     5  rcu_preempt
01:06:38      115       933    0,20    0,00    0,00    0,00    0,20     5  prometheus
01:06:38        0      1383    0,00    0,20    0,00    0,00    0,20     7  glances
01:06:38        0      1391    0,00    0,20    0,00    0,00    0,20     3  tailscaled
01:06:38        0      1423    0,00    0,20    0,00    0,00    0,20     2  containerd
01:06:38      111      1503    0,20    0,00    0,00    0,00    0,20     7  mariadbd
01:06:38        0      2310    0,40    0,20    0,00    0,00    0,60     3  dockerd
01:06:38      117      2312    0,40    0,40    0,00    0,00    0,80     3  grafana
01:06:38        0      2932    0,20    0,20    0,00    0,00    0,40     1  mount.ntfs-3g
01:06:38        0      2982    0,20    0,00    0,00    0,00    0,20     1  containerd-shim
01:06:38      999      3130    0,60    0,00    0,00    0,00    0,60     3  redis-server
01:06:38     1000      4708    0,80    0,40    0,00    0,00    1,20     5  gnome-shell
01:06:38     1000      6317    0,20    0,00    0,00    0,00    0,20     4  antigravity
01:06:38     1000      6339    0,80    0,00    0,00    0,00    0,80     6  gnome-terminal-
01:06:38     1000      6820    0,80    0,20    0,00    0,00    1,00     6  antigravity
01:06:38     1000      7059    1,40    1,80    0,00    0,00    3,20     5  language_server
01:06:38     1000      7229    0,40    0,20    0,00    0,00    0,60     2  antigravity
01:06:38     1000      7244    1,40    0,40    0,00    0,00    1,80     1  antigravity
01:06:38     1000      7260    0,60    0,20    0,00    0,00    0,80     2  antigravity
01:06:38     1000      8267    2,20    1,00    0,00    0,00    3,20     7  language_server
01:06:38     1000      9291    0,20    0,00    0,00    0,00    0,20     6  chrome
01:06:38     1000      9345    0,20    0,00    0,00    0,00    0,20     0  chrome
01:06:38     1000    112886    0,00    0,40    0,00    0,00    0,40     7  pidstat
01:06:38     1000    112918    5,80    1,20    0,00    0,00    7,00     1  java

01:06:33      UID       PID  minflt/s  majflt/s     VSZ     RSS   %MEM  Command
01:06:38        0      2975     13,80      0,00 1235352   13828   0,09  containerd-shim
01:06:38        0      2976     12,00      0,00 1235608   14500   0,09  containerd-shim
01:06:38        0      2977     14,60      0,00 1235352   14680   0,09  containerd-shim
01:06:38        0      2981     11,80      0,00 1235608   14420   0,09  containerd-shim
01:06:38        0      2982     12,00      0,00 1235608   14832   0,09  containerd-shim
01:06:38     1000      4708      6,20      0,00 5454532  346548   2,13  gnome-shell
01:06:38     1000      6317     34,00      0,00 1461668528  316228   1,95  antigravity
01:06:38     1000      6757      0,60      0,00 34347516  169940   1,05  antigravity
01:06:38     1000      6771      0,40      0,00 33903964   81160   0,50  antigravity
01:06:38     1000      6820    108,80      0,00 1461417328  666588   4,11  antigravity
01:06:38     1000      6924      0,80      0,00 1459611392  180164   1,11  antigravity
01:06:38     1000      7161      0,20      0,00 33951332   64332   0,40  antigravity
01:06:38     1000      7229    140,40      0,00 1461383544  128936   0,79  antigravity
01:06:38     1000      7244     19,00      0,00 1461351324  341920   2,11  antigravity
01:06:38     1000      7258      3,00      0,00 1461347760  125888   0,78  antigravity
01:06:38     1000      7260      5,80      0,00 1461367100  163388   1,01  antigravity
01:06:38     1000      8356      5,20      0,00 1459530528  101080   0,62  antigravity
01:06:38     1000      9291      6,80      0,00 55435272  374640   2,31  chrome
01:06:38     1000      9342      2,20      0,00 55467700  213696   1,32  chrome
01:06:38     1000      9345      8,20      0,00 54976356  135624   0,84  chrome
01:06:38     1000      9359      0,40      0,00 55015792   62664   0,39  chrome
01:06:38     1000     76014      0,40      0,00 1518513820  347088   2,14  chrome
01:06:38     1000     76063      0,20      0,00 55006444   86720   0,53  chrome
01:06:38     1000    112918    470,00      0,00 6506524  367092   2,26  java

01:06:33      UID       PID   kB_rd/s   kB_wr/s kB_ccwr/s iodelay  Command
01:06:38     1000    112886      0,00      1,06      0,00       0  pidstat
01:06:38     1000    112918      0,00      1,72      0,00       0  java

01:06:38      UID       PID    %usr %system  %guest   %wait    %CPU   CPU  Command
01:06:43        0      1383    0,20    0,00    0,00    0,00    0,20     7  glances
01:06:43        0      1423    0,60    0,00    0,00    0,00    0,60     2  containerd
01:06:43        0      2310    0,40    0,00    0,00    0,00    0,40     3  dockerd
01:06:43      117      2312    0,80    0,20    0,00    0,00    1,00     3  grafana
01:06:43        0      2932    0,00    0,20    0,00    0,00    0,20     1  mount.ntfs-3g
01:06:43        0      2975    0,00    0,20    0,00    0,00    0,20     7  containerd-shim
01:06:43        0      2976    0,20    0,00    0,00    0,00    0,20     6  containerd-shim
01:06:43        0      2977    0,20    0,00    0,00    0,00    0,20     7  containerd-shim
01:06:43        0      2981    0,20    0,20    0,00    0,00    0,40     0  containerd-shim
01:06:43      999      3130    0,40    0,00    0,00    0,00    0,40     3  redis-server
01:06:43     1000      4708    0,80    0,20    0,00    0,00    1,00     5  gnome-shell
01:06:43     1000      6317    0,00    0,20    0,00    0,00    0,20     4  antigravity
01:06:43     1000      6339    0,20    0,20    0,00    0,00    0,40     6  gnome-terminal-
01:06:43     1000      6820   12,00    0,60    0,00    0,00   12,60     6  antigravity
01:06:43     1000      7059    1,80    1,20    0,00    0,00    3,00     5  language_server
01:06:43     1000      7229    0,20    0,20    0,00    0,00    0,40     2  antigravity
01:06:43     1000      7244    1,60    0,20    0,00    0,00    1,80     1  antigravity
01:06:43     1000      7260    0,60    0,00    0,00    0,00    0,60     7  antigravity
01:06:43     1000      8267    2,00    1,20    0,00    0,00    3,20     7  language_server
01:06:43     1000      8356    0,20    0,00    0,00    0,00    0,20     7  antigravity
01:06:43     1000      9291    0,20    0,00    0,00    0,00    0,20     7  chrome
01:06:43     1000      9500    0,20    0,00    0,00    0,00    0,20     2  chrome
01:06:43     1000      9519    0,60    0,00    0,00    0,00    0,60     3  chrome
01:06:43        0     78088    0,00    0,20    0,00    0,00    0,20     1  kworker/u32:6-flush-8:0
01:06:43     1000     91682    0,20    0,00    0,00    0,00    0,20     4  ssh
01:06:43     1000     98039    0,20    0,00    0,00    0,00    0,20     1  antigravity
01:06:43        0    112264    0,00    0,20    0,00    0,00    0,20     2  kworker/2:2-events
01:06:43     1000    112886    0,20    0,20    0,00    0,00    0,40     7  pidstat
01:06:43     1000    112918    3,80    0,40    0,00    0,00    4,20     1  java

01:06:38      UID       PID  minflt/s  majflt/s     VSZ     RSS   %MEM  Command
01:06:43        0      1423      7,40      0,00 2463900   70696   0,44  containerd
01:06:43        0      2975     13,60      0,00 1235352   14084   0,09  containerd-shim
01:06:43        0      2976     16,60      0,00 1235608   15012   0,09  containerd-shim
01:06:43        0      2977      1,40      0,00 1235352   14680   0,09  containerd-shim
01:06:43        0      2981      6,20      0,00 1235608   14548   0,09  containerd-shim
01:06:43        0      2982     13,00      0,00 1235608   14960   0,09  containerd-shim
01:06:43     1000      4708      1,20      0,00 5454532  346548   2,13  gnome-shell
01:06:43     1000      6317     34,00      0,00 1461668528  315572   1,94  antigravity
01:06:43     1000      6757      0,60      0,00 34347516  169940   1,05  antigravity
01:06:43     1000      6771      0,80      0,00 33903964   81160   0,50  antigravity
01:06:43     1000      6820    144,20      0,00 1461417328  655364   4,04  antigravity
01:06:43     1000      7161      0,20      0,00 33951332   64332   0,40  antigravity
01:06:43     1000      7229     13,40      0,00 1461383544  128936   0,79  antigravity
01:06:43     1000      7244     35,00      0,00 1461351324  342048   2,11  antigravity
01:06:43     1000      7258      3,40      0,00 1461347760  125888   0,78  antigravity
01:06:43     1000      7260      3,40      0,00 1461367100  163388   1,01  antigravity
01:06:43     1000      8356      5,40      0,00 1459530528  101080   0,62  antigravity
01:06:43     1000      9291     12,80      0,00 55435272  374640   2,31  chrome
01:06:43     1000      9342      2,20      0,00 55467700  213696   1,32  chrome
01:06:43     1000      9345      8,20      0,00 54976356  135624   0,84  chrome
01:06:43     1000      9359      0,40      0,00 55015792   62664   0,39  chrome
01:06:43     1000      9519    358,80      0,00 1518554232  364472   2,25  chrome
01:06:43     1000     76014      0,20      0,00 1518513820  347088   2,14  chrome
01:06:43     1000     76063      0,20      0,00 55006444   86720   0,53  chrome
01:06:43     1000    112918     38,60      0,00 6506524  367732   2,27  java

01:06:38      UID       PID   kB_rd/s   kB_wr/s kB_ccwr/s iodelay  Command
01:06:43     1000      9291      0,00      4,00      0,00       0  chrome
01:06:43     1000    112886      0,00      0,88      0,00       0  pidstat
01:06:43     1000    112918      0,00      3,27      0,00       0  java

01:06:43      UID       PID    %usr %system  %guest   %wait    %CPU   CPU  Command
01:06:48        0         1    0,20    0,00    0,00    0,00    0,20     2  systemd
01:06:48      990       903    0,80    0,00    0,00    0,00    0,80     6  dbus-daemon
01:06:48      115       930    1,20    0,20    0,00    0,00    1,40     3  prometheus-node
01:06:48      115       933    0,20    0,00    0,00    0,00    0,20     5  prometheus
01:06:48        0      1383    0,20    0,00    0,00    0,00    0,20     7  glances
01:06:48        0      1411    0,00    0,20    0,00    0,00    0,20     3  anydesk
01:06:48        0      1423    0,40    0,00    0,00    0,00    0,40     2  containerd
01:06:48        0      2310    0,60    0,00    0,00    0,00    0,60     3  dockerd
01:06:48      117      2312    0,40    0,40    0,00    0,00    0,80     3  grafana
01:06:48        0      2932    0,00    0,40    0,00    0,00    0,40     7  mount.ntfs-3g
01:06:48        0      2975    0,20    0,00    0,00    0,00    0,20     7  containerd-shim
01:06:48        0      2982    0,00    0,20    0,00    0,00    0,20     1  containerd-shim
01:06:48      999      3130    0,20    0,20    0,00    0,00    0,40     4  redis-server
01:06:48     1000      4708    1,20    0,40    0,00    0,00    1,60     5  gnome-shell
01:06:48     1000      6317    0,20    0,00    0,00    0,00    0,20     6  antigravity
01:06:48     1000      6339    1,00    0,00    0,00    0,00    1,00     6  gnome-terminal-
01:06:48     1000      6820    0,40    0,40    0,00    0,00    0,80     1  antigravity
01:06:48     1000      7059    2,60    1,40    0,00    0,00    4,00     5  language_server
01:06:48     1000      7229    0,20    0,20    0,00    0,00    0,40     3  antigravity
01:06:48     1000      7244    8,20    0,80    0,00    0,00    9,00     0  antigravity
01:06:48     1000      7260    0,60    0,00    0,00    0,00    0,60     2  antigravity
01:06:48     1000      8267    2,00    1,80    0,00    0,00    3,80     7  language_server
01:06:48     1000      9291    0,20    0,20    0,00    0,00    0,40     7  chrome
01:06:48     1000      9519    0,20    0,20    0,00    0,00    0,40     1  chrome
01:06:48     1000     76014    0,00    0,20    0,00    0,00    0,20     1  chrome
01:06:48     1000    112886    0,40    0,20    0,00    0,00    0,60     7  pidstat
01:06:48     1000    112918    1,80    0,80    0,00    0,00    2,60     1  java

01:06:43      UID       PID  minflt/s  majflt/s     VSZ     RSS   %MEM  Command
01:06:48      115       930     72,80      0,00 1762312   25464   0,16  prometheus-node
01:06:48        0      2975     10,60      0,00 1235352   14340   0,09  containerd-shim
01:06:48        0      2977     11,20      0,00 1235352   14808   0,09  containerd-shim
01:06:48        0      2981      4,60      0,00 1235608   14548   0,09  containerd-shim
01:06:48        0      2982      7,60      0,00 1235608   15216   0,09  containerd-shim
01:06:48     1000      4708      6,40      0,00 5454468  346676   2,14  gnome-shell
01:06:48     1000      6317     33,20      0,00 1461668528  315580   1,94  antigravity
01:06:48     1000      6757      1,20      0,00 34347516  169940   1,05  antigravity
01:06:48     1000      6771      0,40      0,00 33903964   81160   0,50  antigravity
01:06:48     1000      6820    102,60      0,00 1461417328  657156   4,05  antigravity
01:06:48     1000      7059      0,00      0,00 4910056  363416   2,24  language_server
01:06:48     1000      7161      0,40      0,00 33951332   64332   0,40  antigravity
01:06:48     1000      7229      6,80      0,00 1461383544  128936   0,79  antigravity
01:06:48     1000      7244    496,00      0,00 1461351324  286732   1,77  antigravity
01:06:48     1000      7258      2,60      0,00 1461347760  125888   0,78  antigravity
01:06:48     1000      7260      3,00      0,00 1461367100  163388   1,01  antigravity
01:06:48     1000      8356      5,20      0,00 1459530528  101080   0,62  antigravity
01:06:48     1000      9291     13,60      0,00 55435272  374640   2,31  chrome
01:06:48     1000      9342      2,20      0,00 55467700  213696   1,32  chrome
01:06:48     1000      9345      3,80      0,00 54976356  135624   0,84  chrome
01:06:48     1000      9359      0,40      0,00 55015792   62664   0,39  chrome
01:06:48     1000     76014      0,60      0,00 1518513820  347088   2,14  chrome
01:06:48     1000     76063      0,40      0,00 55006444   86720   0,53  chrome
01:06:48     1000    112918      8,00      0,00 6506524  367988   2,27  java

01:06:43      UID       PID   kB_rd/s   kB_wr/s kB_ccwr/s iodelay  Command
01:06:48     1000    112886      0,00      1,00      0,00       0  pidstat
01:06:48     1000    112918      0,00      3,27      0,00       0  java

01:06:48      UID       PID    %usr %system  %guest   %wait    %CPU   CPU  Command
01:06:53      115       933    0,20    0,00    0,00    0,00    0,20     4  prometheus
01:06:53        0      1423    0,40    0,00    0,00    0,00    0,40     2  containerd
01:06:53        0      2310    0,20    0,40    0,00    0,00    0,60     3  dockerd
01:06:53      117      2312    0,40    0,40    0,00    0,00    0,80     3  grafana
01:06:53        0      2932    0,20    0,00    0,00    0,00    0,20     5  mount.ntfs-3g
01:06:53        0      2977    0,20    0,20    0,00    0,00    0,40     7  containerd-shim
01:06:53        0      2981    0,20    0,00    0,00    0,00    0,20     0  containerd-shim
01:06:53      999      3130    0,40    0,00    0,00    0,00    0,40     3  redis-server
01:06:53     1000      4708    0,60    0,40    0,00    0,00    1,00     5  gnome-shell
01:06:53     1000      5107    0,00    0,20    0,00    0,00    0,20     7  anydesk
01:06:53     1000      6317    0,20    0,00    0,00    0,00    0,20     5  antigravity
01:06:53     1000      6339    0,60    0,00    0,00    0,00    0,60     6  gnome-terminal-
01:06:53     1000      6820    0,60    0,60    0,00    0,00    1,20     7  antigravity
01:06:53     1000      7059    1,80    1,80    0,00    0,20    3,60     1  language_server
01:06:53     1000      7229    0,20    0,00    0,00    0,00    0,20     3  antigravity
01:06:53     1000      7244    1,60    0,40    0,00    0,00    2,00     0  antigravity
01:06:53     1000      7260    0,60    0,00    0,00    0,00    0,60     2  antigravity
01:06:53     1000      8267    1,40    1,80    0,00    0,00    3,20     7  language_server
01:06:53     1000      8356    0,20    0,20    0,00    0,00    0,40     4  antigravity
01:06:53     1000      9291    0,20    0,00    0,00    0,00    0,20     7  chrome
01:06:53     1000    112886    0,00    0,40    0,00    0,00    0,40     7  pidstat
01:06:53     1000    112918    2,40    0,20    0,00    0,00    2,60     1  java
01:06:53        0    114213    0,20    0,00    0,00    0,00    0,20     6  kworker/6:2-i915-unordered

01:06:48      UID       PID  minflt/s  majflt/s     VSZ     RSS   %MEM  Command
01:06:53        0      1423      0,40      0,00 2463900   70696   0,44  containerd
01:06:53        0      2975      1,20      0,00 1235352   14204   0,09  containerd-shim
01:06:53        0      2976      0,20      0,00 1235608   15012   0,09  containerd-shim
01:06:53        0      2977      6,40      0,00 1235352   14936   0,09  containerd-shim
01:06:53        0      2981     10,00      0,00 1235608   14804   0,09  containerd-shim
01:06:53        0      2982     11,40      0,00 1235608   15328   0,09  containerd-shim
01:06:53     1000      4708      1,20      0,00 5454468  346676   2,14  gnome-shell
01:06:53     1000      6317     31,60      0,00 1461668528  316092   1,95  antigravity
01:06:53     1000      6757      0,60      0,00 34347516  169940   1,05  antigravity
01:06:53     1000      6771      0,40      0,00 33903964   81160   0,50  antigravity
01:06:53     1000      6820    127,20      0,00 1461417328  658184   4,05  antigravity
01:06:53     1000      7161      0,20      0,00 33951332   64332   0,40  antigravity
01:06:53     1000      7229      4,00      0,00 1461383544  128936   0,79  antigravity
01:06:53     1000      7244     75,40      0,00 1461351324  286052   1,76  antigravity
01:06:53     1000      7258      5,60      0,00 1461347760  125888   0,78  antigravity
01:06:53     1000      7260      4,00      0,00 1461367100  163388   1,01  antigravity
01:06:53     1000      8356      5,20      0,00 1459530528  101080   0,62  antigravity
01:06:53     1000      9291      8,40      0,00 55435272  374640   2,31  chrome
01:06:53     1000      9342      4,40      0,00 55467700  213696   1,32  chrome
01:06:53     1000      9345      3,80      0,00 54976356  135624   0,84  chrome
01:06:53     1000      9359      0,80      0,00 55015792   62664   0,39  chrome
01:06:53     1000     76014      0,40      0,00 1518513820  347216   2,14  chrome
01:06:53     1000     76063      0,20      0,00 55006444   86720   0,53  chrome
01:06:53     1000    112918     11,80      0,00 6506524  368244   2,27  java

01:06:48      UID       PID   kB_rd/s   kB_wr/s kB_ccwr/s iodelay  Command
01:06:53     1000      9291      0,00      6,40      0,00       0  chrome
01:06:53     1000    112886      0,00      0,93      0,00       0  pidstat
01:06:53     1000    112918      0,00      1,72      0,00       0  java

01:06:53      UID       PID    %usr %system  %guest   %wait    %CPU   CPU  Command
01:06:58        0        86    0,00    0,20    0,00    0,00    0,20     1  irq/9-acpi
01:06:58      115       933    0,20    0,00    0,00    0,00    0,20     5  prometheus
01:06:58        0      1383    0,20    0,00    0,00    0,00    0,20     7  glances
01:06:58        0      1391    0,00    0,20    0,00    0,00    0,20     3  tailscaled
01:06:58        0      1423    0,20    0,20    0,00    0,00    0,40     2  containerd
01:06:58      114      1629    0,00    0,20    0,00    0,00    0,20     0  postgres
01:06:58        0      2310    0,20    0,20    0,00    0,00    0,40     3  dockerd
01:06:58      117      2312    0,60    0,40    0,00    0,00    1,00     3  grafana
01:06:58        0      2932    0,20    0,40    0,00    0,00    0,60     5  mount.ntfs-3g
01:06:58        0      2975    0,20    0,00    0,00    0,00    0,20     7  containerd-shim
01:06:58        0      2976    0,20    0,00    0,00    0,00    0,20     6  containerd-shim
01:06:58        0      2981    0,00    0,20    0,00    0,00    0,20     0  containerd-shim
01:06:58        0      2982    0,20    0,00    0,00    0,00    0,20     1  containerd-shim
01:06:58      999      3130    0,40    0,00    0,00    0,00    0,40     5  redis-server
01:06:58     1000      4708    1,00    0,20    0,00    0,00    1,20     5  gnome-shell
01:06:58     1000      6339    1,00    0,00    0,00    0,00    1,00     6  gnome-terminal-
01:06:58     1000      6820    1,00    0,00    0,00    0,00    1,00     3  antigravity
01:06:58     1000      7059    1,80    1,60    0,00    0,00    3,40     0  language_server
01:06:58     1000      7229    0,20    0,20    0,00    0,00    0,40     3  antigravity
01:06:58     1000      7244    1,60    0,20    0,00    0,00    1,80     4  antigravity
01:06:58     1000      7260    0,60    0,00    0,00    0,00    0,60     6  antigravity
01:06:58     1000      8267    2,60    0,80    0,00    0,00    3,40     7  language_server
01:06:58     1000      9345    0,00    0,20    0,00    0,00    0,20     4  chrome
01:06:58     1000      9519    0,20    0,00    0,00    0,00    0,20     6  chrome
01:06:58     1000     91682    0,20    0,00    0,00    0,00    0,20     3  ssh
01:06:58     1000    112886    0,20    0,00    0,00    0,00    0,20     7  pidstat
01:06:58     1000    112918    2,00    0,60    0,00    0,00    2,60     1  java

01:06:53      UID       PID  minflt/s  majflt/s     VSZ     RSS   %MEM  Command
01:06:58        0      2975      2,00      0,00 1235352   13796   0,08  containerd-shim
01:06:58        0      2976     10,40      0,00 1235608   14284   0,09  containerd-shim
01:06:58        0      2977      1,60      0,00 1235352   14412   0,09  containerd-shim
01:06:58        0      2981      5,80      0,00 1235608   14048   0,09  containerd-shim
01:06:58        0      2982      3,40      0,00 1235608   14640   0,09  containerd-shim
01:06:58     1000      4708      1,40      0,00 5454468  346548   2,13  gnome-shell
01:06:58     1000      6317     31,20      0,00 1461668528  316180   1,95  antigravity
01:06:58     1000      6757      0,60      0,00 34347516  169940   1,05  antigravity
01:06:58     1000      6771      0,40      0,00 33903964   81160   0,50  antigravity
01:06:58     1000      6820    118,60      0,00 1461417328  660360   4,07  antigravity
01:06:58     1000      7161      0,20      0,00 33951332   64332   0,40  antigravity
01:06:58     1000      7229      2,80      0,00 1461383544  128936   0,79  antigravity
01:06:58     1000      7244    193,60      0,00 1461351324  286280   1,76  antigravity
01:06:58     1000      7258      3,40      0,00 1461347760  125888   0,78  antigravity
01:06:58     1000      7260      7,60      0,00 1461367100  163388   1,01  antigravity
01:06:58     1000      8356      5,20      0,00 1459530528  101080   0,62  antigravity
01:06:58     1000      9291     11,40      0,00 55435272  374640   2,31  chrome
01:06:58     1000      9342      2,20      0,00 55467700  213696   1,32  chrome
01:06:58     1000      9345      8,20      0,00 54976356  135624   0,84  chrome
01:06:58     1000      9359      0,40      0,00 55015792   62664   0,39  chrome
01:06:58     1000     76014      0,20      0,00 1518513820  347216   2,14  chrome
01:06:58     1000     76063      0,20      0,00 55006444   86720   0,53  chrome
01:06:58     1000    112918     16,00      0,00 6506524  368500   2,27  java

01:06:53      UID       PID   kB_rd/s   kB_wr/s kB_ccwr/s iodelay  Command
01:06:58     1000      9291      0,00      4,00      0,00       0  chrome
01:06:58     1000    112886      0,00      0,88      0,00       0  pidstat
01:06:58     1000    112918      0,00      3,27      0,00       0  java

01:06:58      UID       PID    %usr %system  %guest   %wait    %CPU   CPU  Command
01:07:03        0         1    0,20    0,00    0,00    0,00    0,20     2  systemd
01:07:03      990       903    0,60    0,20    0,00    0,00    0,80     7  dbus-daemon
01:07:03      115       930    1,20    0,40    0,00    0,00    1,60     0  prometheus-node
01:07:03      115       933    0,20    0,00    0,00    0,00    0,20     4  prometheus
01:07:03        0      1383    0,20    0,00    0,00    0,00    0,20     7  glances
01:07:03        0      1391    0,20    0,00    0,00    0,00    0,20     0  tailscaled
01:07:03        0      1423    0,20    0,20    0,00    0,00    0,40     2  containerd
01:07:03        0      2310    0,60    0,00    0,00    0,00    0,60     3  dockerd
01:07:03      117      2312    1,20    0,20    0,00    0,00    1,40     3  grafana
01:07:03        0      2932    0,20    0,00    0,00    0,00    0,20     0  mount.ntfs-3g
01:07:03        0      2975    0,00    0,20    0,00    0,00    0,20     7  containerd-shim
01:07:03        0      2976    0,00    0,20    0,00    0,00    0,20     6  containerd-shim
01:07:03      999      3130    0,40    0,00    0,00    0,00    0,40     5  redis-server
01:07:03     1000      4708    0,80    0,20    0,00    0,00    1,00     5  gnome-shell
01:07:03     1000      6317    3,00    0,40    0,00    0,00    3,40     7  antigravity
01:07:03     1000      6339    0,40    0,00    0,00    0,00    0,40     6  gnome-terminal-
01:07:03     1000      6757    0,20    0,00    0,00    0,00    0,20     2  antigravity
01:07:03     1000      6820    1,00    0,20    0,00    0,00    1,20     3  antigravity
01:07:03     1000      7059    1,40    1,80    0,00    0,00    3,20     4  language_server
01:07:03     1000      7229    0,40    0,20    0,00    0,00    0,60     0  antigravity
01:07:03     1000      7244    1,80    0,40    0,00    0,00    2,20     6  antigravity
01:07:03     1000      7260    0,40    0,40    0,00    0,00    0,80     6  antigravity
01:07:03     1000      8267    1,20    1,60    0,00    0,00    2,80     7  language_server
01:07:03     1000      8356    0,20    0,00    0,00    0,00    0,20     5  antigravity
01:07:03     1000      9291    0,20    0,20    0,00    0,00    0,40     5  chrome
01:07:03     1000      9345    0,20    0,00    0,00    0,00    0,20     4  chrome
01:07:03     1000      9390    0,20    0,00    0,00    0,00    0,20     2  chrome
01:07:03     1000      9519    0,20    0,00    0,00    0,00    0,20     6  chrome
01:07:03     1000     76025    0,00    0,20    0,00    0,00    0,20     4  chrome
01:07:03     1000    112886    0,20    0,40    0,00    0,00    0,60     0  pidstat
01:07:03     1000    112918    5,00    0,60    0,00    0,00    5,60     1  java

01:06:58      UID       PID  minflt/s  majflt/s     VSZ     RSS   %MEM  Command
01:07:03      115       930     64,00      0,00 1762312   25484   0,16  prometheus-node
01:07:03      117      2312      2,60      0,00 1765180  349804   2,15  grafana
01:07:03        0      2975     11,20      0,00 1235352   13924   0,09  containerd-shim
01:07:03        0      2976      9,40      0,00 1235608   14412   0,09  containerd-shim
01:07:03        0      2977     11,00      0,00 1235352   14412   0,09  containerd-shim
01:07:03        0      2981      1,80      0,00 1235608   14048   0,09  containerd-shim
01:07:03        0      2982      9,20      0,00 1235608   14640   0,09  containerd-shim
01:07:03     1000      4708      5,40      0,00 5454532  346548   2,13  gnome-shell
01:07:03     1000      6317     98,40      0,00 1461668528  314268   1,94  antigravity
01:07:03     1000      6757      4,40      0,00 34347516  169940   1,05  antigravity
01:07:03     1000      6771      0,80      0,00 33903964   81160   0,50  antigravity
01:07:03     1000      6820    145,20      0,00 1461417328  662536   4,08  antigravity
01:07:03     1000      7161      0,20      0,00 33951332   64332   0,40  antigravity
01:07:03     1000      7229     94,80      0,00 1461383544  129192   0,80  antigravity
01:07:03     1000      7244     78,20      0,00 1461351324  286100   1,76  antigravity
01:07:03     1000      7258      2,60      0,00 1461347760  125888   0,78  antigravity
01:07:03     1000      7260      2,80      0,00 1461367100  163516   1,01  antigravity
01:07:03     1000      8356      5,40      0,00 1459530528  101080   0,62  antigravity
01:07:03     1000      9291     11,40      0,00 55435272  374768   2,31  chrome
01:07:03     1000      9342      2,20      0,00 55467700  213696   1,32  chrome
01:07:03     1000      9345     37,60      0,00 54976356  135780   0,84  chrome
01:07:03     1000      9359      0,40      0,00 55015792   62664   0,39  chrome
01:07:03     1000      9519      0,00      0,00 1518554232  354884   2,19  chrome
01:07:03     1000     76014      0,60      0,00 1518513820  347216   2,14  chrome
01:07:03     1000     76025      1,60      0,00 1518490664  121120   0,75  chrome
01:07:03     1000     76063      0,20      0,00 55006444   86720   0,53  chrome
01:07:03     1000    112918    329,00      0,00 6506524  374900   2,31  java

01:06:58      UID       PID   kB_rd/s   kB_wr/s kB_ccwr/s iodelay  Command
01:07:03     1000      9291      0,00      7,20      0,00       0  chrome
01:07:03     1000      9345      0,00     19,20      0,00       0  chrome
01:07:03     1000    112886      0,00      0,93      0,00       0  pidstat
01:07:03     1000    112918      0,00      3,33      0,00       0  java

01:07:03      UID       PID    %usr %system  %guest   %wait    %CPU   CPU  Command
01:07:08        0        17    0,00    0,20    0,00    0,00    0,20     6  rcu_preempt
01:07:08        0       233    0,00    0,20    0,00    0,00    0,20     6  kworker/6:1H-events_highpri
01:07:08      115       933    0,20    0,00    0,00    0,00    0,20     4  prometheus
01:07:08        0      1423    0,40    0,00    0,00    0,00    0,40     2  containerd
01:07:08        0      2310    0,20    0,20    0,00    0,00    0,40     3  dockerd
01:07:08      117      2312    0,60    0,20    0,00    0,00    0,80     3  grafana
01:07:08        0      2932    0,20    0,00    0,00    0,00    0,20     2  mount.ntfs-3g
01:07:08        0      2976    0,20    0,00    0,00    0,00    0,20     6  containerd-shim
01:07:08        0      2982    0,20    0,00    0,00    0,00    0,20     1  containerd-shim
01:07:08      999      3130    0,40    0,00    0,00    0,00    0,40     4  redis-server
01:07:08     1000      4708    1,00    0,20    0,00    0,00    1,20     5  gnome-shell
01:07:08        0      5954    0,00    0,20    0,00    0,00    0,20     4  fwupd
01:07:08     1000      6317    0,20    0,00    0,00    0,00    0,20     7  antigravity
01:07:08     1000      6339    1,00    0,00    0,00    0,00    1,00     2  gnome-terminal-
01:07:08     1000      6820    1,00    0,20    0,00    0,00    1,20     2  antigravity
01:07:08     1000      7059    1,60    1,60    0,00    0,00    3,20     3  language_server
01:07:08     1000      7229    0,40    0,20    0,00    0,00    0,60     0  antigravity
01:07:08     1000      7244    1,60    0,40    0,00    0,00    2,00     4  antigravity
01:07:08     1000      7260    0,40    0,20    0,00    0,00    0,60     3  antigravity
01:07:08     1000      8267    1,80    1,00    0,00    0,00    2,80     7  language_server
01:07:08     1000      9291    0,20    0,00    0,00    0,00    0,20     4  chrome
01:07:08     1000      9359    0,00    0,20    0,00    0,00    0,20     0  chrome
01:07:08     1000      9519    0,20    0,00    0,00    0,00    0,20     3  chrome
01:07:08     1000     98039    0,20    0,00    0,00    0,00    0,20     1  antigravity
01:07:08        0     99361    0,00    0,20    0,00    0,00    0,20     0  kworker/u32:3-events_unbound
01:07:08        0    103256    0,00    0,20    0,00    0,00    0,20     4  kworker/u32:4-events_unbound
01:07:08     1000    112886    0,20    0,20    0,00    0,00    0,40     5  pidstat
01:07:08     1000    112918    1,60    1,00    0,00    0,00    2,60     1  java

01:07:03      UID       PID  minflt/s  majflt/s     VSZ     RSS   %MEM  Command
01:07:08      115       933      0,00      0,00 2711492  113084   0,70  prometheus
01:07:08        0      2975     12,40      0,00 1235352   14052   0,09  containerd-shim
01:07:08        0      2976     12,00      0,00 1235608   14540   0,09  containerd-shim
01:07:08        0      2977     12,80      0,00 1235352   14668   0,09  containerd-shim
01:07:08        0      2981     12,80      0,00 1235608   14432   0,09  containerd-shim
01:07:08        0      2982     12,40      0,00 1235608   14896   0,09  containerd-shim
01:07:08     1000      4708      1,80      0,00 5454532  346548   2,13  gnome-shell
01:07:08     1000      6317     33,80      0,00 1461668528  314264   1,94  antigravity
01:07:08     1000      6757      1,20      0,00 34347516  169940   1,05  antigravity
01:07:08     1000      6771      0,40      0,00 33903964   81160   0,50  antigravity
01:07:08     1000      6820    112,20      0,00 1461417328  664968   4,10  antigravity
01:07:08     1000      7161      0,40      0,00 33951332   64332   0,40  antigravity
01:07:08     1000      7229    118,60      0,00 1461383544  129192   0,80  antigravity
01:07:08     1000      7244    101,40      0,00 1461351324  286584   1,77  antigravity
01:07:08     1000      7258      2,80      0,00 1461347760  125888   0,78  antigravity
01:07:08     1000      7260      3,40      0,00 1461367100  163516   1,01  antigravity
01:07:08     1000      8356      5,20      0,00 1459530528  101080   0,62  antigravity
01:07:08     1000      9291     14,20      0,00 55435272  374636   2,31  chrome
01:07:08     1000      9342      2,20      0,00 55467700  213696   1,32  chrome
01:07:08     1000      9345      3,00      0,00 54976356  135780   0,84  chrome
01:07:08     1000      9359      0,40      0,00 55015792   62664   0,39  chrome
01:07:08     1000     76014      0,60      0,00 1518513820  347344   2,14  chrome
01:07:08     1000     76063      0,40      0,00 55006444   86720   0,53  chrome
01:07:08     1000    112918     13,20      0,00 6506524  371172   2,29  java

01:07:03      UID       PID   kB_rd/s   kB_wr/s kB_ccwr/s iodelay  Command
01:07:08     1000      9291      0,00      2,40      0,00       0  chrome
01:07:08     1000      9359      0,00      0,80      0,00       0  chrome
01:07:08     1000    112886      0,00      1,07      0,00       0  pidstat
01:07:08     1000    112918      0,00      3,27      0,00       0  java

01:07:08      UID       PID    %usr %system  %guest   %wait    %CPU   CPU  Command
01:07:13        0       120    0,00    0,20    0,00    0,00    0,20     6  kworker/u33:0-i915_flip
01:07:13      115       933    0,20    0,20    0,00    0,00    0,40     5  prometheus
01:07:13        0      1383    0,20    0,00    0,00    0,00    0,20     7  glances
01:07:13        0      1423    0,40    0,00    0,00    0,00    0,40     2  containerd
01:07:13        0      2310    0,40    0,20    0,00    0,00    0,60     3  dockerd
01:07:13      117      2312    0,60    0,40    0,00    0,00    1,00     3  grafana
01:07:13        0      2932    0,40    0,20    0,00    0,00    0,60     6  mount.ntfs-3g
01:07:13        0      2975    0,00    0,20    0,00    0,00    0,20     7  containerd-shim
01:07:13        0      2977    0,20    0,20    0,00    0,00    0,40     7  containerd-shim
01:07:13        0      2981    0,20    0,00    0,00    0,00    0,20     0  containerd-shim
01:07:13        0      2982    0,00    0,20    0,00    0,00    0,20     1  containerd-shim
01:07:13      999      3130    0,40    0,00    0,00    0,00    0,40     5  redis-server
01:07:13     1000      4708    0,80    0,40    0,00    0,00    1,20     5  gnome-shell
01:07:13     1000      6339    0,40    0,00    0,00    0,20    0,40     6  gnome-terminal-
01:07:13     1000      6820   12,60    0,60    0,00    0,00   13,20     4  antigravity
01:07:13     1000      7059    1,40    1,80    0,00    0,20    3,20     2  language_server
01:07:13     1000      7229    0,20    0,00    0,00    0,00    0,20     2  antigravity
01:07:13     1000      7244    1,40    0,40    0,00    0,00    1,80     3  antigravity
01:07:13     1000      7260    0,40    0,20    0,00    0,00    0,60     7  antigravity
01:07:13     1000      8267    2,20    1,00    0,00    0,00    3,20     7  language_server
01:07:13     1000      9291    0,00    0,20    0,00    0,00    0,20     5  chrome
01:07:13        0    102824    0,00    0,20    0,00    0,00    0,20     1  kworker/1:1-mm_percpu_wq
01:07:13     1000    112886    0,00    0,40    0,00    0,00    0,40     5  pidstat
01:07:13     1000    112918    3,80    3,20    0,00    0,00    7,00     1  java

01:07:08      UID       PID  minflt/s  majflt/s     VSZ     RSS   %MEM  Command
01:07:13        0      2975      6,80      0,00 1235352   14180   0,09  containerd-shim
01:07:13        0      2976     14,20      0,00 1235608   14924   0,09  containerd-shim
01:07:13        0      2977     14,40      0,00 1235352   15052   0,09  containerd-shim
01:07:13        0      2981      9,20      0,00 1235608   14432   0,09  containerd-shim
01:07:13        0      2982      8,00      0,00 1235608   15024   0,09  containerd-shim
01:07:13     1000      4708      5,20      0,00 5454468  346548   2,13  gnome-shell
01:07:13     1000      6317     32,60      0,00 1461668528  314776   1,94  antigravity
01:07:13     1000      6757      0,60      0,00 34347516  169940   1,05  antigravity
01:07:13     1000      6771      0,40      0,00 33903964   81160   0,50  antigravity
01:07:13     1000      6820    256,00      0,00 1461417328  655372   4,04  antigravity
01:07:13     1000      7161      0,20      0,00 33951332   64332   0,40  antigravity
01:07:13     1000      7229     14,00      0,00 1461383544  129048   0,79  antigravity
01:07:13     1000      7244     72,20      0,00 1461351324  286240   1,76  antigravity
01:07:13     1000      7258      5,80      0,00 1461347760  125888   0,78  antigravity
01:07:13     1000      7260      3,80      0,00 1461367100  163516   1,01  antigravity
01:07:13     1000      8356      5,40      0,00 1459530528  101080   0,62  antigravity
01:07:13     1000      9291     10,40      0,00 55435272  374636   2,31  chrome
01:07:13     1000      9342      4,40      0,00 55467700  213696   1,32  chrome
01:07:13     1000      9345      7,20      0,00 54976356  135908   0,84  chrome
01:07:13     1000      9359      0,80      0,00 55015792   62664   0,39  chrome
01:07:13     1000     76014      0,20      0,00 1518513820  347344   2,14  chrome
01:07:13     1000     76063      0,20      0,00 55006444   86720   0,53  chrome
01:07:13     1000    112918     34,00      0,00 6506524  402664   2,48  java

01:07:08      UID       PID   kB_rd/s   kB_wr/s kB_ccwr/s iodelay  Command
01:07:13     1000      9345      0,00     30,40      0,00       0  chrome
01:07:13     1000    112886      0,00      0,98      0,00       0  pidstat
01:07:13     1000    112918      0,00      1,72      0,00       0  java

01:07:13      UID       PID    %usr %system  %guest   %wait    %CPU   CPU  Command
01:07:18        0         1    0,40    0,20    0,00    0,00    0,60     3  systemd
01:07:18        0        86    0,00    0,20    0,00    0,00    0,20     1  irq/9-acpi
01:07:18        0       376    0,00    0,20    0,00    0,20    0,20     6  systemd-journal
01:07:18        0       408    0,00    0,20    0,00    0,20    0,20     3  systemd-udevd
01:07:18      990       903    1,20    0,00    0,00    0,00    1,20     7  dbus-daemon
01:07:18      115       930    1,00    0,60    0,00    0,00    1,60     0  prometheus-node
01:07:18      115       933    0,20    0,00    0,00    0,00    0,20     5  prometheus
01:07:18        0      1079    0,20    0,00    0,00    0,00    0,20     4  NetworkManager
01:07:18        0      1383    0,20    0,00    0,00    0,00    0,20     7  glances
01:07:18        0      1391    0,20    0,20    0,00    0,00    0,40     1  tailscaled
01:07:18        0      1423    1,00    0,20    0,00    0,00    1,20     2  containerd
01:07:18        0      2310    0,40    1,00    0,00    0,00    1,40     3  dockerd
01:07:18      117      2312    0,60    0,20    0,00    0,00    0,80     3  grafana
01:07:18        0      2932    0,20    0,00    0,00    0,00    0,20     6  mount.ntfs-3g
01:07:18        0      2976    0,20    0,00    0,00    0,00    0,20     6  containerd-shim
01:07:18      999      3130    0,60    0,00    0,00    0,00    0,60     7  redis-server
01:07:18     1000      4549    0,20    0,20    0,00    0,00    0,40     5  systemd
01:07:18     1000      4708    0,80    0,20    0,00    0,00    1,00     2  gnome-shell
01:07:18     1000      5021    0,20    0,00    0,00    0,00    0,20     7  gsd-housekeepin
01:07:18     1000      5268    0,20    0,20    0,00    0,00    0,40     4  gvfs-udisks2-vo
01:07:18     1000      5586    0,20    0,00    0,00    0,00    0,20     6  gvfsd-trash
01:07:18        0      5954    0,20    0,00    0,00    0,00    0,20     5  fwupd
01:07:18     1000      6317    0,20    0,20    0,00    0,00    0,40     2  antigravity
01:07:18     1000      6339    0,60    0,00    0,00    0,00    0,60     6  gnome-terminal-
01:07:18     1000      6820    0,80    0,20    0,00    0,00    1,00     7  antigravity
01:07:18     1000      7059    1,00    2,00    0,00    0,00    3,00     1  language_server
01:07:18     1000      7229    0,40    0,00    0,00    0,00    0,40     2  antigravity
01:07:18     1000      7244    1,60    0,40    0,00    0,00    2,00     5  antigravity
01:07:18     1000      7260    0,60    0,00    0,00    0,00    0,60     1  antigravity
01:07:18     1000      8267    1,00    1,80    0,00    0,00    2,80     7  language_server
01:07:18     1000      8356    0,20    0,00    0,00    0,00    0,20     6  antigravity
01:07:18     1000      9291    0,20    0,00    0,00    0,00    0,20     6  chrome
01:07:18     1000      9519    0,20    0,00    0,00    0,00    0,20     5  chrome
01:07:18     1000     91682    0,00    0,20    0,00    0,00    0,20     5  ssh
01:07:18     1000     98039    0,00    0,20    0,00    0,00    0,20     2  antigravity
01:07:18     1000    112886    0,20    0,20    0,00    0,00    0,40     5  pidstat
01:07:18     1000    112918    2,20    0,20    0,00    0,00    2,40     1  java
01:07:18        0    114184    0,20    0,00    0,00    0,00    0,20     0  kworker/0:0-events
01:07:18        0    114382    0,20    0,00    0,00    0,00    0,20     0  (udev-worker)

01:07:13      UID       PID  minflt/s  majflt/s     VSZ     RSS   %MEM  Command
01:07:18        0       376     47,00      0,00  188968  108948   0,67  systemd-journal
01:07:18        0       408     94,20      0,00   37544   10908   0,07  systemd-udevd
01:07:18      115       930     73,60      0,00 1762312   25436   0,16  prometheus-node
01:07:18      115       933     18,40      0,00 2711492  113468   0,70  prometheus
01:07:18        0      1423     21,80      0,00 2463900   70824   0,44  containerd
01:07:18      114      1526      3,80      0,00  218252   29568   0,18  postgres
01:07:18        0      2975      0,40      0,00 1235352   14180   0,09  containerd-shim
01:07:18        0      2976      0,20      0,00 1235608   14924   0,09  containerd-shim
01:07:18        0      2977      8,80      0,00 1235352   15180   0,09  containerd-shim
01:07:18        0      2981      2,00      0,00 1235608   14432   0,09  containerd-shim
01:07:18        0      2982      0,60      0,00 1235608   15024   0,09  containerd-shim
01:07:18     1000      4708      3,20      0,00 5454468  346548   2,13  gnome-shell
01:07:18     1000      6317     32,00      0,00 1461668528  314664   1,94  antigravity
01:07:18     1000      6757      0,60      0,00 34347516  169940   1,05  antigravity
01:07:18     1000      6771      0,40      0,00 33903964   81160   0,50  antigravity
01:07:18     1000      6820     74,40      0,00 1461417328  656268   4,04  antigravity
01:07:18     1000      7161      0,20      0,00 33951332   64332   0,40  antigravity
01:07:18     1000      7229     15,80      0,00 1461383544  129048   0,79  antigravity
01:07:18     1000      7244     84,20      0,00 1461351324  286280   1,76  antigravity
01:07:18     1000      7258      3,40      0,00 1461347760  125888   0,78  antigravity
01:07:18     1000      7260      5,20      0,00 1461367100  163516   1,01  antigravity
01:07:18     1000      8356      5,20      0,00 1459530528  101080   0,62  antigravity
01:07:18     1000      9291      7,00      0,00 55435272  374636   2,31  chrome
01:07:18     1000      9342      2,20      0,00 55467700  213696   1,32  chrome
01:07:18     1000      9345      7,00      0,00 54976356  135908   0,84  chrome
01:07:18     1000      9359      0,40      0,00 55015792   62664   0,39  chrome
01:07:18     1000      9519      0,20      0,00 1518554232  354884   2,19  chrome
01:07:18     1000     76014      0,40      0,00 1518513820  347344   2,14  chrome
01:07:18     1000     76063      0,20      0,00 55006444   86720   0,53  chrome
01:07:18     1000    112918      7,20      0,00 6506524  402664   2,48  java
01:07:18        0    114382     89,80      0,00   37548    7188   0,04  (udev-worker)
01:07:18        0    114395     26,60      0,00   37548    6784   0,04  (udev-worker)
01:07:18        0    114397     27,40      0,00   37548    6784   0,04  (udev-worker)
01:07:18        0    114398     27,00      0,00   37548    6784   0,04  (udev-worker)
01:07:18        0    114399     27,60      0,00   37548    6784   0,04  (udev-worker)
01:07:18        0    114400     27,80      0,00   37548    6784   0,04  (udev-worker)
01:07:18        0    114401     27,60      0,00   37548    6784   0,04  (udev-worker)
01:07:18        0    114402     36,60      0,00   37548    6784   0,04  (udev-worker)
01:07:18        0    114403     27,40      0,00   37548    6784   0,04  (udev-worker)
01:07:18        0    114405     27,00      0,00   37548    6784   0,04  (udev-worker)
01:07:18        0    114406     26,40      0,00   37548    6784   0,04  (udev-worker)
01:07:18        0    114407     27,40      0,00   37548    6784   0,04  (udev-worker)
01:07:18        0    114409     26,60      0,00   37548    6784   0,04  (udev-worker)
01:07:18        0    114410     26,60      0,00   37548    6784   0,04  (udev-worker)
01:07:18        0    114411     26,60      0,00   37548    6784   0,04  (udev-worker)
01:07:18        0    114412     27,00      0,00   37548    6784   0,04  (udev-worker)

01:07:13      UID       PID   kB_rd/s   kB_wr/s kB_ccwr/s iodelay  Command
01:07:18     1000    112886      0,00      0,88      0,00       0  pidstat
01:07:18     1000    112918      0,00      3,27      0,00       0  java

01:07:18      UID       PID    %usr %system  %guest   %wait    %CPU   CPU  Command
01:07:23        0        80    0,00    0,20    0,00    0,00    0,20     6  kcompactd0
01:07:23        0      1391    0,20    0,00    0,00    0,00    0,20     3  tailscaled
01:07:23        0      1411    0,00    0,20    0,00    0,00    0,20     3  anydesk
01:07:23        0      1423    0,40    0,00    0,00    0,00    0,40     2  containerd
01:07:23        0      1554    0,00    0,20    0,00    0,00    0,20     1  apache2
01:07:23        0      2310    0,60    0,20    0,00    0,00    0,80     3  dockerd
01:07:23      117      2312    0,60    0,40    0,00    0,00    1,00     3  grafana
01:07:23        0      2932    0,00    0,40    0,00    0,00    0,40     3  mount.ntfs-3g
01:07:23        0      2981    0,20    0,00    0,00    0,00    0,20     0  containerd-shim
01:07:23        0      2982    0,20    0,00    0,00    0,00    0,20     1  containerd-shim
01:07:23      999      3130    0,20    0,20    0,00    0,00    0,40     2  redis-server
01:07:23     1000      4708    1,40    0,40    0,00    0,00    1,80     6  gnome-shell
01:07:23     1000      5043    0,20    0,00    0,00    0,00    0,20     4  gnome-software
01:07:23     1000      5107    0,20    0,00    0,00    0,00    0,20     7  anydesk
01:07:23     1000      6317    0,20    0,00    0,00    0,00    0,20     1  antigravity
01:07:23     1000      6339    1,20    0,00    0,00    0,00    1,20     2  gnome-terminal-
01:07:23     1000      6820    0,80    0,20    0,00    0,00    1,00     3  antigravity
01:07:23     1000      7059    1,60    1,80    0,00    0,00    3,40     4  language_server
01:07:23     1000      7229    0,20    0,00    0,00    0,00    0,20     1  antigravity
01:07:23     1000      7244    1,20    0,60    0,00    0,00    1,80     2  antigravity
01:07:23     1000      7260    0,60    0,00    0,00    0,00    0,60     6  antigravity
01:07:23     1000      8267    1,00    2,20    0,00    0,00    3,20     7  language_server
01:07:23     1000      9291    0,20    0,00    0,00    0,00    0,20     6  chrome
01:07:23     1000      9359    0,20    0,00    0,00    0,00    0,20     5  chrome
01:07:23     1000      9519    0,20    0,20    0,00    0,00    0,40     0  chrome
01:07:23        0    108361    0,00    0,20    0,00    0,00    0,20     5  kworker/5:0-events
01:07:23     1000    112886    0,20    0,40    0,00    0,00    0,60     3  pidstat
01:07:23     1000    112918    1,60    0,60    0,00    0,00    2,20     1  java
01:07:23        0    114213    0,20    0,00    0,00    0,20    0,20     6  kworker/6:2-i915-unordered

01:07:18      UID       PID  minflt/s  majflt/s     VSZ     RSS   %MEM  Command
01:07:23        0       408      1,40      0,00   37544   10908   0,07  systemd-udevd
01:07:23        0      1391      0,00      0,00 1421316   91976   0,57  tailscaled
01:07:23        0      2975      0,40      0,00 1235352   14308   0,09  containerd-shim
01:07:23        0      2976      7,00      0,00 1235608   14924   0,09  containerd-shim
01:07:23        0      2977     10,40      0,00 1235352   15308   0,09  containerd-shim
01:07:23        0      2981      3,40      0,00 1235608   14432   0,09  containerd-shim
01:07:23        0      2982      2,40      0,00 1235608   15280   0,09  containerd-shim
01:07:23     1000      4708      7,00      0,00 5454532  346548   2,13  gnome-shell
01:07:23     1000      6317     34,80      0,00 1461668528  314212   1,94  antigravity
01:07:23     1000      6757      0,60      0,00 34347516  169940   1,05  antigravity
01:07:23     1000      6771      0,80      0,00 33903964   81160   0,50  antigravity
01:07:23     1000      6820    109,00      0,00 1461417328  658444   4,06  antigravity
01:07:23     1000      7161      0,20      0,00 33951332   64332   0,40  antigravity
01:07:23     1000      7229      3,40      0,00 1461383544  129048   0,79  antigravity
01:07:23     1000      7244     28,00      0,00 1461351324  286128   1,76  antigravity
01:07:23     1000      7258      2,80      0,00 1461347760  125888   0,78  antigravity
01:07:23     1000      7260      3,60      0,00 1461367100  163516   1,01  antigravity
01:07:23     1000      8356      5,20      0,00 1459530528  101080   0,62  antigravity
01:07:23     1000      9291     11,20      0,00 55435272  374636   2,31  chrome
01:07:23     1000      9342      2,20      0,00 55467700  213696   1,32  chrome
01:07:23     1000      9345      3,60      0,00 54976356  135908   0,84  chrome
01:07:23     1000      9359      0,40      0,00 55015792   62664   0,39  chrome
01:07:23     1000      9519      0,00      0,00 1518554232  353260   2,18  chrome
01:07:23     1000     76014      0,60      0,00 1518513820  347344   2,14  chrome
01:07:23     1000     76063      0,20      0,00 55006444   86720   0,53  chrome
01:07:23     1000    112918     10,00      0,00 6506524  402792   2,48  java

01:07:18      UID       PID   kB_rd/s   kB_wr/s kB_ccwr/s iodelay  Command
01:07:23     1000      9291      0,00      8,80      0,00       0  chrome
01:07:23     1000    112886      0,00      1,50      0,00       0  pidstat
01:07:23     1000    112918      0,00      1,72      0,00       0  java

01:07:23      UID       PID    %usr %system  %guest   %wait    %CPU   CPU  Command
01:07:28      115       933    0,20    0,00    0,00    0,00    0,20     5  prometheus
01:07:28        0      1383    0,20    0,00    0,00    0,00    0,20     7  glances
01:07:28        0      1423    0,40    0,00    0,00    0,00    0,40     2  containerd
01:07:28        0      2310    0,20    0,40    0,00    0,00    0,60     3  dockerd
01:07:28      117      2312    0,40    0,20    0,00    0,00    0,60     3  grafana
01:07:28        0      2932    0,20    0,20    0,00    0,00    0,40     2  mount.ntfs-3g
01:07:28        0      2975    0,00    0,20    0,00    0,00    0,20     7  containerd-shim
01:07:28        0      2976    0,20    0,00    0,00    0,00    0,20     6  containerd-shim
01:07:28        0      2977    0,20    0,00    0,00    0,00    0,20     7  containerd-shim
01:07:28      999      3130    0,40    0,00    0,00    0,00    0,40     2  redis-server
01:07:28     1000      4708    0,40    0,40    0,00    0,00    0,80     1  gnome-shell
01:07:28     1000      6317    0,20    0,00    0,00    0,00    0,20     1  antigravity
01:07:28     1000      6339    0,60    0,00    0,00    0,00    0,60     2  gnome-terminal-
01:07:28     1000      6820    0,80    0,20    0,00    0,00    1,00     3  antigravity
01:07:28     1000      7059    2,00    1,40    0,00    0,00    3,40     3  language_server
01:07:28     1000      7229    0,20    0,20    0,00    0,00    0,40     7  antigravity
01:07:28     1000      7244    1,20    0,40    0,00    0,00    1,60     2  antigravity
01:07:28     1000      7260    0,60    0,00    0,00    0,00    0,60     0  antigravity
01:07:28     1000      8267    2,20    1,00    0,00    0,00    3,20     7  language_server
01:07:28     1000      8356    0,00    0,20    0,00    0,00    0,20     3  antigravity
01:07:28     1000      9291    0,00    0,20    0,00    0,00    0,20     4  chrome
01:07:28     1000      9500    0,20    0,00    0,00    0,00    0,20     7  chrome
01:07:28     1000      9519    0,20    0,00    0,00    0,00    0,20     0  chrome
01:07:28     1000     98039    0,20    0,00    0,00    0,00    0,20     2  antigravity
01:07:28     1000    112886    0,20    0,20    0,00    0,00    0,40     6  pidstat
01:07:28     1000    112918    2,20    0,60    0,00    0,00    2,80     1  java

01:07:23      UID       PID  minflt/s  majflt/s     VSZ     RSS   %MEM  Command
01:07:28      115       933      0,20      0,00 2711492  113468   0,70  prometheus
01:07:28        0      2975      1,60      0,00 1235352   13556   0,08  containerd-shim
01:07:28        0      2976      6,40      0,00 1235608   14444   0,09  containerd-shim
01:07:28        0      2977      1,00      0,00 1235352   14416   0,09  containerd-shim
01:07:28        0      2981      0,20      0,00 1235608   13904   0,09  containerd-shim
01:07:28        0      2982      1,80      0,00 1235608   14680   0,09  containerd-shim
01:07:28       70      3117      4,40      0,00  174540   25424   0,16  postgres
01:07:28        0      3144      0,20      0,00  743676   80044   0,49  node
01:07:28     1000      4708      0,40      0,00 5454532  346548   2,13  gnome-shell
01:07:28     1000      6317     33,60      0,00 1461668528  314216   1,94  antigravity
01:07:28     1000      6757      1,20      0,00 34347516  169940   1,05  antigravity
01:07:28     1000      6771      0,40      0,00 33903964   81160   0,50  antigravity
01:07:28     1000      6820    107,80      0,00 1461417328  660748   4,07  antigravity
01:07:28     1000      7161      0,40      0,00 33951332   64332   0,40  antigravity
01:07:28     1000      7229      2,60      0,00 1461383544  129176   0,80  antigravity
01:07:28     1000      7244     33,00      0,00 1461351324  286248   1,76  antigravity
01:07:28     1000      7258      2,80      0,00 1461347760  125888   0,78  antigravity
01:07:28     1000      7260      3,20      0,00 1461367100  163516   1,01  antigravity
01:07:28     1000      8356      5,00      0,00 1459530528  101080   0,62  antigravity
01:07:28     1000      9291     17,40      0,00 55435272  374636   2,31  chrome
01:07:28     1000      9342      2,20      0,00 55467700  213696   1,32  chrome
01:07:28     1000      9345      3,60      0,00 54976356  135908   0,84  chrome
01:07:28     1000      9359      0,40      0,00 55015792   62664   0,39  chrome
01:07:28     1000     76014      0,40      0,00 1518513820  347344   2,14  chrome
01:07:28     1000     76063      0,40      0,00 55006444   86720   0,53  chrome
01:07:28     1000    112918    109,40      0,00 6506524  404968   2,49  java

01:07:23      UID       PID   kB_rd/s   kB_wr/s kB_ccwr/s iodelay  Command
01:07:28     1000    112886      0,00      1,01      0,00       0  pidstat
01:07:28     1000    112918      0,00      3,27      0,00       0  java

01:07:28      UID       PID    %usr %system  %guest   %wait    %CPU   CPU  Command
01:07:33        0         1    0,20    0,00    0,00    0,00    0,20     6  systemd
01:07:33        0        17    0,00    0,20    0,00    0,00    0,20     0  rcu_preempt
01:07:33        0        86    0,00    0,20    0,00    0,00    0,20     1  irq/9-acpi
01:07:33      990       903    0,60    0,20    0,00    0,00    0,80     1  dbus-daemon
01:07:33      115       930    1,20    0,60    0,00    0,00    1,80     5  prometheus-node
01:07:33      115       933    0,20    0,00    0,00    0,00    0,20     4  prometheus
01:07:33        0      1383    0,20    0,00    0,00    0,00    0,20     7  glances
01:07:33        0      1391    0,20    0,00    0,00    0,00    0,20     6  tailscaled
01:07:33        0      1423    0,20    0,20    0,00    0,00    0,40     2  containerd
01:07:33        0      2310    0,40    0,00    0,00    0,00    0,40     3  dockerd
01:07:33      117      2312    1,00    0,40    0,00    0,00    1,40     3  grafana
01:07:33        0      2932    0,20    0,20    0,00    0,00    0,40     4  mount.ntfs-3g
01:07:33        0      2975    0,20    0,00    0,00    0,00    0,20     7  containerd-shim
01:07:33        0      2977    0,00    0,20    0,00    0,00    0,20     7  containerd-shim
01:07:33        0      2981    0,00    0,20    0,00    0,00    0,20     0  containerd-shim
01:07:33        0      2982    0,20    0,00    0,00    0,00    0,20     1  containerd-shim
01:07:33      999      3130    0,40    0,20    0,00    0,00    0,60     6  redis-server
01:07:33     1000      4708    1,20    0,40    0,00    0,00    1,60     3  gnome-shell
01:07:33     1000      6317    0,00    0,20    0,00    0,00    0,20     4  antigravity
01:07:33     1000      6339    0,80    0,00    0,00    0,00    0,80     2  gnome-terminal-
01:07:33     1000      6757    0,00    0,20    0,00    0,00    0,20     7  antigravity
01:07:33     1000      6820    1,00    0,20    0,00    0,00    1,20     3  antigravity
01:07:33     1000      7059    1,60    1,60    0,00    0,00    3,20     0  language_server
01:07:33     1000      7229    0,40    0,00    0,00    0,00    0,40     2  antigravity
01:07:33     1000      7244    1,60    0,20    0,00    0,00    1,80     2  antigravity
01:07:33     1000      7260    0,80    0,00    0,00    0,00    0,80     3  antigravity
01:07:33     1000      8267    0,80    2,40    0,00    0,00    3,20     7  language_server
01:07:33     1000      9291    0,20    0,00    0,00    0,20    0,20     4  chrome
01:07:33     1000     91682    0,20    0,00    0,00    0,00    0,20     4  ssh
01:07:33     1000    112886    0,20    0,40    0,00    0,00    0,60     3  pidstat
01:07:33     1000    112918    1,80    0,40    0,00    0,00    2,20     1  java

01:07:28      UID       PID  minflt/s  majflt/s     VSZ     RSS   %MEM  Command
01:07:33      115       930     86,40      0,00 1762312   25380   0,16  prometheus-node
01:07:33      115       933     32,40      0,00 2711492  114108   0,70  prometheus
01:07:33        0      1423      0,20      0,00 2463900   70824   0,44  containerd
01:07:33        0      2975      9,60      0,00 1235352   13556   0,08  containerd-shim
01:07:33        0      2976      9,20      0,00 1235608   14444   0,09  containerd-shim
01:07:33        0      2977     10,60      0,00 1235352   14672   0,09  containerd-shim
01:07:33        0      2981      9,20      0,00 1235608   14288   0,09  containerd-shim
01:07:33        0      2982      9,00      0,00 1235608   14680   0,09  containerd-shim
01:07:33     1000      4708      6,00      0,00 5454532  346548   2,13  gnome-shell
01:07:33     1000      6317     34,80      0,00 1461668528  314728   1,94  antigravity
01:07:33     1000      6757      4,00      0,00 34347388  170068   1,05  antigravity
01:07:33     1000      6771      0,40      0,00 33903964   81160   0,50  antigravity
01:07:33     1000      6820    123,40      0,00 1461417328  662080   4,08  antigravity
01:07:33     1000      7161      0,20      0,00 33951332   64332   0,40  antigravity
01:07:33     1000      7229     95,60      0,00 1461383544  129432   0,80  antigravity
01:07:33     1000      7244     53,40      0,00 1461351324  286240   1,76  antigravity
01:07:33     1000      7258      6,00      0,00 1461347760  125888   0,78  antigravity
01:07:33     1000      7260      4,20      0,00 1461367100  163516   1,01  antigravity
01:07:33     1000      8356      5,20      0,00 1459530528  101080   0,62  antigravity
01:07:33     1000      9291      7,00      0,00 55435272  374636   2,31  chrome
01:07:33     1000      9342      4,40      0,00 55467700  213696   1,32  chrome
01:07:33     1000      9345      3,60      0,00 54976356  135908   0,84  chrome
01:07:33     1000      9359      0,80      0,00 55015792   62664   0,39  chrome
01:07:33     1000     76014      0,80      0,00 1518513820  347344   2,14  chrome
01:07:33     1000     76025      0,40      0,00 1518490664  121120   0,75  chrome
01:07:33     1000     76063      0,20      0,00 55006444   86720   0,53  chrome
01:07:33     1000    112918     12,20      0,00 6506524  404968   2,49  java

01:07:28      UID       PID   kB_rd/s   kB_wr/s kB_ccwr/s iodelay  Command
01:07:33     1000    112886      0,00      0,94      0,00       0  pidstat
01:07:33     1000    112918      0,00      3,33      0,00       0  java

01:07:33      UID       PID    %usr %system  %guest   %wait    %CPU   CPU  Command
01:07:38        0        16    0,00    0,20    0,00    0,00    0,20     0  ksoftirqd/0
01:07:38      115       933    0,20    0,00    0,00    0,00    0,20     4  prometheus
01:07:38        0      1391    0,00    0,20    0,00    0,00    0,20     3  tailscaled
01:07:38        0      1423    0,20    0,20    0,00    0,00    0,40     2  containerd
01:07:38        0      2310    0,40    0,20    0,00    0,00    0,60     3  dockerd
01:07:38      117      2312    0,60    0,00    0,00    0,00    0,60     3  grafana
01:07:38        0      2932    0,20    0,20    0,00    0,00    0,40     6  mount.ntfs-3g
01:07:38        0      2975    0,00    0,20    0,00    0,00    0,20     7  containerd-shim
01:07:38        0      2982    0,00    0,20    0,00    0,00    0,20     1  containerd-shim
01:07:38      999      3130    0,20    0,00    0,00    0,00    0,20     6  redis-server
01:07:38     1000      4708    0,60    0,20    0,00    0,00    0,80     3  gnome-shell
01:07:38     1000      6317    0,20    0,00    0,00    0,00    0,20     2  antigravity
01:07:38     1000      6339    0,40    0,00    0,00    0,00    0,40     2  gnome-terminal-
01:07:38     1000      6820    0,80    0,20    0,00    0,00    1,00     3  antigravity
01:07:38     1000      7059    2,20    1,20    0,00    0,00    3,40     6  language_server
01:07:38     1000      7229    0,20    0,20    0,00    0,00    0,40     5  antigravity
01:07:38     1000      7244    1,40    0,40    0,00    0,00    1,80     7  antigravity
01:07:38     1000      7260    0,40    0,20    0,00    0,00    0,60     1  antigravity
01:07:38     1000      8267    1,80    1,40    0,00    0,00    3,20     7  language_server
01:07:38     1000      8356    0,20    0,00    0,00    0,00    0,20     6  antigravity
01:07:38     1000      9291    0,20    0,00    0,00    0,00    0,20     0  chrome
01:07:38     1000      9519    0,20    0,00    0,00    0,00    0,20     6  chrome
01:07:38     1000     76063    0,20    0,00    0,00    0,00    0,20     2  chrome
01:07:38        0    104590    0,00    0,20    0,00    0,00    0,20     3  kworker/3:1-events
01:07:38     1000    112886    0,20    0,20    0,00    0,00    0,40     3  pidstat
01:07:38     1000    112918    1,40    0,40    0,00    0,00    1,80     1  java

01:07:33      UID       PID  minflt/s  majflt/s     VSZ     RSS   %MEM  Command
01:07:38      115       933     32,40      0,00 2711492  114748   0,71  prometheus
01:07:38        0      2975     11,60      0,00 1235352   13556   0,08  containerd-shim
01:07:38        0      2976     14,60      0,00 1235608   14700   0,09  containerd-shim
01:07:38        0      2977     11,80      0,00 1235352   14928   0,09  containerd-shim
01:07:38        0      2981     11,00      0,00 1235608   14416   0,09  containerd-shim
01:07:38        0      2982     11,60      0,00 1235608   14808   0,09  containerd-shim
01:07:38     1000      4708      0,40      0,00 5454468  346548   2,13  gnome-shell
01:07:38     1000      6317     32,80      0,00 1461668528  314648   1,94  antigravity
01:07:38     1000      6757      0,60      0,00 34347388  170068   1,05  antigravity
01:07:38     1000      6771      0,40      0,00 33903964   81160   0,50  antigravity
01:07:38     1000      6820    109,00      0,00 1461417328  664256   4,09  antigravity
01:07:38     1000      6924      0,80      0,00 1459611392  180164   1,11  antigravity
01:07:38     1000      7161      0,20      0,00 33951332   64332   0,40  antigravity
01:07:38     1000      7229    126,00      0,00 1461383544  129292   0,80  antigravity
01:07:38     1000      7244     94,00      0,00 1461351324  286572   1,77  antigravity
01:07:38     1000      7258      2,80      0,00 1461347760  125888   0,78  antigravity
01:07:38     1000      7260      5,40      0,00 1461367100  163516   1,01  antigravity
01:07:38     1000      8356      5,40      0,00 1459530528  101080   0,62  antigravity
01:07:38     1000      9291      7,00      0,00 55435272  374636   2,31  chrome
01:07:38     1000      9342      2,20      0,00 55467700  213696   1,32  chrome
01:07:38     1000      9345      8,20      0,00 54976356  135908   0,84  chrome
01:07:38     1000      9359      0,40      0,00 55015792   62664   0,39  chrome
01:07:38     1000     76014      0,60      0,00 1518513820  347472   2,14  chrome
01:07:38     1000     76063      0,20      0,00 55006444   86720   0,53  chrome
01:07:38     1000    112918      9,00      0,00 6506524  405096   2,50  java

01:07:33      UID       PID   kB_rd/s   kB_wr/s kB_ccwr/s iodelay  Command
01:07:38     1000    112886      0,00      1,05      0,00       0  pidstat
01:07:38     1000    112918      0,00      3,27      0,00       0  java

01:07:38      UID       PID    %usr %system  %guest   %wait    %CPU   CPU  Command
01:07:43        0        39    0,00    0,20    0,00    0,00    0,20     3  ksoftirqd/3
01:07:43        0      1383    0,20    0,00    0,00    0,00    0,20     7  glances
01:07:43        0      1423    0,40    0,00    0,00    0,00    0,40     2  containerd
01:07:43        0      2310    0,40    0,00    0,00    0,00    0,40     3  dockerd
01:07:43      117      2312    0,60    0,40    0,00    0,00    1,00     3  grafana
01:07:43        0      2932    0,20    0,00    0,00    0,00    0,20     2  mount.ntfs-3g
01:07:43        0      2976    0,20    0,20    0,00    0,00    0,40     6  containerd-shim
01:07:43        0      2977    0,20    0,00    0,00    0,00    0,20     7  containerd-shim
01:07:43        0      2981    0,20    0,00    0,00    0,00    0,20     0  containerd-shim
01:07:43      999      3130    0,40    0,20    0,00    0,00    0,60     6  redis-server
01:07:43     1000      4708    1,00    0,20    0,00    0,00    1,20     1  gnome-shell
01:07:43     1000      6317    0,20    0,20    0,00    0,00    0,40     2  antigravity
01:07:43     1000      6339    0,60    0,00    0,00    0,00    0,60     4  gnome-terminal-
01:07:43     1000      6820    0,40    0,60    0,00    0,00    1,00     6  antigravity
01:07:43     1000      7059    1,60    1,60    0,00    0,00    3,20     5  language_server
01:07:43     1000      7161    0,20    0,00    0,00    0,00    0,20     5  antigravity
01:07:43     1000      7229    0,20    0,00    0,00    0,00    0,20     2  antigravity
01:07:43     1000      7244    1,80    0,40    0,00    0,00    2,20     2  antigravity
01:07:43     1000      7260    0,40    0,00    0,00    0,00    0,40     5  antigravity
01:07:43     1000      8267    2,00    1,40    0,00    0,00    3,40     7  language_server
01:07:43     1000      8356    0,00    0,20    0,00    0,00    0,20     6  antigravity
01:07:43     1000      9291    0,20    0,20    0,00    0,00    0,40     6  chrome
01:07:43     1000      9345    0,20    0,00    0,00    0,00    0,20     0  chrome
01:07:43     1000      9390    0,00    0,20    0,00    0,00    0,20     1  chrome
01:07:43     1000      9519    0,40    0,00    0,00    0,00    0,40     4  chrome
01:07:43        0    103884    0,00    0,20    0,00    0,00    0,20     4  kworker/4:1-events_freezable
01:07:43     1000    112886    0,00    0,40    0,00    0,00    0,40     3  pidstat
01:07:43     1000    112918    2,00    0,40    0,00    0,00    2,40     1  java

01:07:38      UID       PID  minflt/s  majflt/s     VSZ     RSS   %MEM  Command
01:07:43        0      1423      4,00      0,00 2463900   70824   0,44  containerd
01:07:43        0      2975     15,40      0,00 1235352   14068   0,09  containerd-shim
01:07:43        0      2976     11,40      0,00 1235608   14828   0,09  containerd-shim
01:07:43        0      2977     12,20      0,00 1235352   15056   0,09  containerd-shim
01:07:43        0      2981     16,00      0,00 1235608   14800   0,09  containerd-shim
01:07:43        0      2982     16,20      0,00 1235608   15064   0,09  containerd-shim
01:07:43     1000      4708      6,80      0,00 5454468  346548   2,13  gnome-shell
01:07:43     1000      6317     34,80      0,00 1461668528  314056   1,93  antigravity
01:07:43     1000      6757      0,60      0,00 34347388  170068   1,05  antigravity
01:07:43     1000      6771      0,80      0,00 33903964   81160   0,50  antigravity
01:07:43     1000      6820    108,80      0,00 1461417328  666432   4,11  antigravity
01:07:43     1000      7161      0,20      0,00 33951332   64332   0,40  antigravity
01:07:43     1000      7229      4,60      0,00 1461383544  129292   0,80  antigravity
01:07:43     1000      7244    154,60      0,00 1461351324  286856   1,77  antigravity
01:07:43     1000      7258      2,80      0,00 1461347760  125888   0,78  antigravity
01:07:43     1000      7260      3,40      0,00 1461367100  163516   1,01  antigravity
01:07:43     1000      8356      5,20      0,00 1459530528  101080   0,62  antigravity
01:07:43     1000      9291     13,00      0,00 55435272  374472   2,31  chrome
01:07:43     1000      9342      2,20      0,00 55467700  213696   1,32  chrome
01:07:43     1000      9345      8,60      0,00 54976356  135908   0,84  chrome
01:07:43     1000      9359      0,40      0,00 55015792   62664   0,39  chrome
01:07:43     1000      9519    358,80      0,00 1518554232  364452   2,25  chrome
01:07:43     1000     76063      0,20      0,00 55006444   86720   0,53  chrome
01:07:43     1000    112918      9,00      0,00 6506524  405352   2,50  java

01:07:38      UID       PID   kB_rd/s   kB_wr/s kB_ccwr/s iodelay  Command
01:07:43     1000      9291      0,00      5,60      0,00       0  chrome
01:07:43     1000    112886      0,00      0,93      0,00       0  pidstat
01:07:43     1000    112918      0,00      3,27      0,00       0  java

01:07:43      UID       PID    %usr %system  %guest   %wait    %CPU   CPU  Command
01:07:48        0         1    0,20    0,00    0,00    0,00    0,20     6  systemd
01:07:48      990       903    0,60    0,00    0,00    0,00    0,60     3  dbus-daemon
01:07:48      115       930    1,00    0,60    0,00    0,00    1,60     2  prometheus-node
01:07:48      115       933    0,20    0,00    0,00    0,00    0,20     4  prometheus
01:07:48        0      1383    0,20    0,00    0,00    0,00    0,20     7  glances
01:07:48        0      1391    0,20    0,00    0,00    0,00    0,20     3  tailscaled
01:07:48        0      1423    0,40    0,00    0,00    0,00    0,40     2  containerd
01:07:48        0      2310    0,20    0,40    0,00    0,00    0,60     3  dockerd
01:07:48      117      2312    0,40    0,40    0,00    0,00    0,80     3  grafana
01:07:48        0      2932    0,20    0,20    0,00    0,00    0,40     1  mount.ntfs-3g
01:07:48        0      2975    0,00    0,20    0,00    0,00    0,20     7  containerd-shim
01:07:48        0      2982    0,20    0,00    0,00    0,00    0,20     1  containerd-shim
01:07:48      999      3130    0,40    0,00    0,00    0,00    0,40     2  redis-server
01:07:48     1000      4708    0,60    0,40    0,00    0,00    1,00     3  gnome-shell
01:07:48     1000      6339    0,80    0,00    0,00    0,00    0,80     6  gnome-terminal-
01:07:48     1000      6820   12,40    0,40    0,00    0,00   12,80     3  antigravity
01:07:48     1000      7059    1,80    1,20    0,00    0,20    3,00     0  language_server
01:07:48     1000      7229    0,20    0,00    0,00    0,00    0,20     2  antigravity
01:07:48     1000      7244    1,80    0,00    0,00    0,00    1,80     7  antigravity
01:07:48     1000      7260    0,40    0,40    0,00    0,00    0,80     3  antigravity
01:07:48     1000      8267    3,20    0,40    0,00    0,00    3,60     7  language_server
01:07:48     1000      9519    0,20    0,00    0,00    0,20    0,20     0  chrome
01:07:48        0     93905    0,00    0,20    0,00    0,00    0,20     4  kworker/u32:7-flush-8:0
01:07:48     1000     98039    0,20    0,00    0,00    0,00    0,20     2  antigravity
01:07:48     1000    112886    0,00    0,40    0,00    0,00    0,40     3  pidstat
01:07:48     1000    112918    3,20    0,60    0,00    0,00    3,80     1  java

01:07:43      UID       PID  minflt/s  majflt/s     VSZ     RSS   %MEM  Command
01:07:48      115       930     67,20      0,00 1762312   25436   0,16  prometheus-node
01:07:48      115       933     12,00      0,00 2711492  115004   0,71  prometheus
01:07:48        0      1423     10,40      0,00 2463900   71208   0,44  containerd
01:07:48        0      2975      4,40      0,00 1235352   14068   0,09  containerd-shim
01:07:48        0      2976      1,20      0,00 1235608   14828   0,09  containerd-shim
01:07:48        0      2977     11,60      0,00 1235352   15184   0,09  containerd-shim
01:07:48        0      2981     10,60      0,00 1235608   14800   0,09  containerd-shim
01:07:48        0      2982      9,80      0,00 1235608   15320   0,09  containerd-shim
01:07:48     1000      4708      0,80      0,00 5454468  346548   2,13  gnome-shell
01:07:48     1000      6317     33,60      0,00 1461668528  314056   1,93  antigravity
01:07:48     1000      6757      1,20      0,00 34347388  170068   1,05  antigravity
01:07:48     1000      6771      0,40      0,00 33903964   81160   0,50  antigravity
01:07:48     1000      6820    140,00      0,00 1461417328  655752   4,04  antigravity
01:07:48     1000      7161      0,40      0,00 33951332   64332   0,40  antigravity
01:07:48     1000      7229      4,40      0,00 1461383544  129420   0,80  antigravity
01:07:48     1000      7244     80,20      0,00 1461351324  286904   1,77  antigravity
01:07:48     1000      7258      3,40      0,00 1461347760  125888   0,78  antigravity
01:07:48     1000      7260      3,60      0,00 1461367100  163644   1,01  antigravity
01:07:48     1000      8356      5,40      0,00 1459530528  101080   0,62  antigravity
01:07:48     1000      9291     14,00      0,00 55435272  374472   2,31  chrome
01:07:48     1000      9342      2,20      0,00 55467700  213696   1,32  chrome
01:07:48     1000      9345      4,00      0,00 54976356  135908   0,84  chrome
01:07:48     1000      9359      0,40      0,00 55015792   62664   0,39  chrome
01:07:48     1000     76014      0,60      0,00 1518513820  347472   2,14  chrome
01:07:48     1000     76063      0,40      0,00 55006444   86720   0,53  chrome
01:07:48     1000    112918    137,40      0,00 6506524  408424   2,52  java

01:07:43      UID       PID   kB_rd/s   kB_wr/s kB_ccwr/s iodelay  Command
01:07:48     1000    112886      0,00      0,96      0,00       0  pidstat
01:07:48     1000    112918      0,00      1,72      0,00       0  java

01:07:48      UID       PID    %usr %system  %guest   %wait    %CPU   CPU  Command
01:07:53      115       933    0,20    0,00    0,00    0,00    0,20     4  prometheus
01:07:53        0      1383    0,20    0,00    0,00    0,00    0,20     7  glances
01:07:53        0      1423    0,40    0,20    0,00    0,00    0,60     2  containerd
01:07:53        0      2310    0,40    0,00    0,00    0,00    0,40     3  dockerd
01:07:53      117      2312    0,40    0,60    0,00    0,00    1,00     3  grafana
01:07:53        0      2932    0,00    0,20    0,00    0,00    0,20     7  mount.ntfs-3g
01:07:53        0      2975    0,20    0,00    0,00    0,00    0,20     7  containerd-shim
01:07:53        0      2981    0,20    0,00    0,00    0,00    0,20     0  containerd-shim
01:07:53      999      3130    0,40    0,00    0,00    0,00    0,40     3  redis-server
01:07:53     1000      4708    1,00    0,40    0,00    0,00    1,40     3  gnome-shell
01:07:53     1000      6317    0,20    0,00    0,00    0,00    0,20     1  antigravity
01:07:53     1000      6339    0,60    0,00    0,00    0,00    0,60     6  gnome-terminal-
01:07:53     1000      6757    0,20    0,00    0,00    0,00    0,20     2  antigravity
01:07:53     1000      6820    1,20    0,20    0,00    0,00    1,40     0  antigravity
01:07:53     1000      7059    1,80    1,20    0,00    0,00    3,00     2  language_server
01:07:53     1000      7229    0,00    0,20    0,00    0,00    0,20     2  antigravity
01:07:53     1000      7244    1,60    0,20    0,00    0,00    1,80     7  antigravity
01:07:53     1000      7260    0,40    0,20    0,00    0,00    0,60     5  antigravity
01:07:53     1000      8267    1,80    1,40    0,00    0,00    3,20     7  language_server
01:07:53     1000      8356    0,20    0,00    0,00    0,00    0,20     6  antigravity
01:07:53     1000      9291    0,20    0,20    0,00    0,00    0,40     6  chrome
01:07:53     1000      9519    0,20    0,20    0,00    0,00    0,40     2  chrome
01:07:53     1000     91682    0,20    0,00    0,00    0,00    0,20     3  ssh
01:07:53     1000    112886    0,00    0,40    0,00    0,00    0,40     4  pidstat
01:07:53     1000    112918    1,40    0,80    0,00    0,00    2,20     1  java
01:07:53        0    114213    0,20    0,00    0,00    0,00    0,20     6  kworker/6:2-i915-unordered

01:07:48      UID       PID  minflt/s  majflt/s     VSZ     RSS   %MEM  Command
01:07:53        0      1423      7,00      0,00 2463900   70804   0,44  containerd
01:07:53        0      2975      5,80      0,00 1235352   14196   0,09  containerd-shim
01:07:53        0      2976      1,40      0,00 1235608   14828   0,09  containerd-shim
01:07:53        0      2977      4,20      0,00 1235352   15312   0,09  containerd-shim
01:07:53        0      2981      2,40      0,00 1235608   14928   0,09  containerd-shim
01:07:53        0      2982      5,80      0,00 1235608   15448   0,10  containerd-shim
01:07:53     1000      4708      6,00      0,00 5454532  346548   2,13  gnome-shell
01:07:53     1000      6317     36,20      0,00 1461668528  314568   1,94  antigravity
01:07:53     1000      6757      4,20      0,00 34347516  170196   1,05  antigravity
01:07:53     1000      6771      0,40      0,00 33903964   81160   0,50  antigravity
01:07:53     1000      6820    133,20      0,00 1461417328  656424   4,04  antigravity
01:07:53     1000      7161      0,20      0,00 33951332   64332   0,40  antigravity
01:07:53     1000      7229      5,20      0,00 1461383544  129420   0,80  antigravity
01:07:53     1000      7244     75,20      0,00 1461351324  286344   1,76  antigravity
01:07:53     1000      7258      5,20      0,00 1461347760  125888   0,78  antigravity
01:07:53     1000      7260      3,80      0,00 1461367100  163644   1,01  antigravity
01:07:53     1000      8356      5,20      0,00 1459530528  101080   0,62  antigravity
01:07:53     1000      9291      8,00      0,00 55435272  374472   2,31  chrome
01:07:53     1000      9342      4,40      0,00 55467700  213696   1,32  chrome
01:07:53     1000      9345      4,00      0,00 54976356  135908   0,84  chrome
01:07:53     1000      9359      0,80      0,00 55015792   62664   0,39  chrome
01:07:53     1000     76014      0,40      0,00 1518513820  347472   2,14  chrome
01:07:53     1000     76063      0,20      0,00 55006444   86720   0,53  chrome
01:07:53     1000     99008      6,60      0,00    7664    3936   0,02  bash
01:07:53     1000    112918     12,00      0,00 6506524  408552   2,52  java
01:07:53     1000    114554     24,00      0,00    5660    2096   0,01  sleep

01:07:48      UID       PID   kB_rd/s   kB_wr/s kB_ccwr/s iodelay  Command
01:07:53     1000      9291      0,00      4,00      0,00       0  chrome
01:07:53     1000    112886      0,00      0,95      0,00       0  pidstat
01:07:53     1000    112918      0,00      3,27      0,00       0  java

01:07:53      UID       PID    %usr %system  %guest   %wait    %CPU   CPU  Command
01:07:58        0        17    0,00    0,20    0,00    0,00    0,20     2  rcu_preempt
01:07:58        0        86    0,00    0,20    0,00    0,00    0,20     1  irq/9-acpi
01:07:58      115       933    0,20    0,00    0,00    0,00    0,20     5  prometheus
01:07:58        0      1391    0,20    0,00    0,00    0,00    0,20     3  tailscaled
01:07:58        0      1423    0,20    0,20    0,00    0,00    0,40     2  containerd
01:07:58        0      2123    0,00    0,20    0,00    0,00    0,20     2  upowerd
01:07:58        0      2310    0,20    0,40    0,00    0,00    0,60     3  dockerd
01:07:58      117      2312    0,40    0,40    0,00    0,00    0,80     3  grafana
01:07:58        0      2932    0,60    0,20    0,00    0,00    0,80     6  mount.ntfs-3g
01:07:58        0      2976    0,20    0,00    0,00    0,00    0,20     6  containerd-shim
01:07:58        0      2977    0,20    0,20    0,00    0,00    0,40     7  containerd-shim
01:07:58        0      2981    0,20    0,00    0,00    0,00    0,20     0  containerd-shim
01:07:58        0      2982    0,20    0,00    0,00    0,00    0,20     1  containerd-shim
01:07:58      999      3130    0,40    0,20    0,00    0,00    0,60     3  redis-server
01:07:58     1000      4708    0,60    0,60    0,00    0,00    1,20     1  gnome-shell
01:07:58     1000      6317    0,20    0,20    0,00    0,00    0,40     5  antigravity
01:07:58     1000      6339    0,60    0,00    0,00    0,00    0,60     6  gnome-terminal-
01:07:58     1000      6757    0,20    0,00    0,00    0,00    0,20     4  antigravity
01:07:58     1000      6820    1,40    0,20    0,00    0,00    1,60     2  antigravity
01:07:58     1000      7059    1,80    1,80    0,00    0,00    3,60     3  language_server
01:07:58     1000      7229    0,20    0,20    0,00    0,00    0,40     7  antigravity
01:07:58     1000      7244    1,20    0,80    0,00    0,00    2,00     7  antigravity
01:07:58     1000      7260    0,60    0,00    0,00    0,00    0,60     5  antigravity
01:07:58     1000      8267    3,20    0,80    0,00    0,00    4,00     7  language_server
01:07:58     1000      9291    0,20    0,00    0,00    0,00    0,20     6  chrome
01:07:58     1000    112886    0,00    0,20    0,00    0,00    0,20     4  pidstat
01:07:58     1000    112918    4,00    0,40    0,00    0,00    4,40     1  java

01:07:53      UID       PID  minflt/s  majflt/s     VSZ     RSS   %MEM  Command
01:07:58        0      1423      2,00      0,00 2463900   70804   0,44  containerd
01:07:58        0      2975      1,40      0,00 1235352   13536   0,08  containerd-shim
01:07:58        0      2976      0,60      0,00 1235608   14284   0,09  containerd-shim
01:07:58        0      2977      0,80      0,00 1235352   14352   0,09  containerd-shim
01:07:58        0      2981      0,00      0,00 1235608   14256   0,09  containerd-shim
01:07:58        0      2982      6,20      0,00 1235608   14752   0,09  containerd-shim
01:07:58     1000      4708      0,60      0,00 5454532  346548   2,13  gnome-shell
01:07:58     1000      6317     32,80      0,00 1461668528  314452   1,94  antigravity
01:07:58     1000      6757     10,80      0,00 34359668  170068   1,05  antigravity
01:07:58     1000      6771      0,40      0,00 33903964   81160   0,50  antigravity
01:07:58     1000      6820    292,00      0,00 1461417264  660452   4,07  antigravity
01:07:58     1000      7161      0,20      0,00 33951332   64332   0,40  antigravity
01:07:58     1000      7229     91,80      0,00 1461383544  129420   0,80  antigravity
01:07:58     1000      7244    273,00      0,00 1461351324  286584   1,77  antigravity
01:07:58     1000      7258      3,00      0,00 1461347760  125888   0,78  antigravity
01:07:58     1000      7260     29,40      0,00 1461367100  163608   1,01  antigravity
01:07:58     1000      8356      5,40      0,00 1459530528  101080   0,62  antigravity
01:07:58     1000      9291     11,20      0,00 55435272  374472   2,31  chrome
01:07:58     1000      9342      2,20      0,00 55467700  213696   1,32  chrome
01:07:58     1000      9345      8,60      0,00 54976356  135908   0,84  chrome
01:07:58     1000      9359      0,40      0,00 55015792   62664   0,39  chrome
01:07:58     1000     76014      0,40      0,00 1518513820  347472   2,14  chrome
01:07:58     1000     76063      0,20      0,00 55006444   86720   0,53  chrome
01:07:58     1000    112918      5,00      0,00 6506524  408552   2,52  java

01:07:53      UID       PID   kB_rd/s   kB_wr/s kB_ccwr/s iodelay  Command
01:07:58     1000      7244      0,00      0,80      0,00       0  antigravity
01:07:58     1000      9291      0,00      2,40      0,00       0  chrome
01:07:58     1000    112886      0,00      0,96      0,00       0  pidstat
01:07:58     1000    112918      0,00      3,13      0,00       0  java

01:07:58      UID       PID    %usr %system  %guest   %wait    %CPU   CPU  Command
01:08:03        0         1    0,20    0,00    0,00    0,00    0,20     2  systemd
01:08:03        0       120    0,00    0,20    0,00    0,00    0,20     0  kworker/u33:0-i915_flip
01:08:03      990       903    0,60    0,00    0,00    0,00    0,60     1  dbus-daemon
01:08:03      115       930    0,80    0,60    0,00    0,00    1,40     2  prometheus-node
01:08:03      115       933    0,20    0,00    0,00    0,00    0,20     5  prometheus
01:08:03        0      1383    0,20    0,00    0,00    0,00    0,20     7  glances
01:08:03        0      1411    0,00    0,20    0,00    0,00    0,20     3  anydesk
01:08:03        0      1423    0,20    0,20    0,00    0,00    0,40     2  containerd
01:08:03        0      2310    0,40    0,00    0,00    0,00    0,40     3  dockerd
01:08:03      117      2312    0,80    0,40    0,00    0,00    1,20     3  grafana
01:08:03        0      2932    0,40    0,20    0,00    0,00    0,60     1  mount.ntfs-3g
01:08:03        0      2976    0,20    0,00    0,00    0,00    0,20     6  containerd-shim
01:08:03        0      2982    0,00    0,20    0,00    0,00    0,20     1  containerd-shim
01:08:03      999      3130    0,20    0,00    0,00    0,00    0,20     6  redis-server
01:08:03     1000      4708    0,80    0,40    0,00    0,20    1,20     5  gnome-shell
01:08:03     1000      6317    0,00    0,20    0,00    0,00    0,20     1  antigravity
01:08:03     1000      6339    0,80    0,00    0,00    0,00    0,80     1  gnome-terminal-
01:08:03     1000      6757    0,20    0,00    0,00    0,00    0,20     4  antigravity
01:08:03     1000      6820    1,40    0,20    0,00    0,00    1,60     4  antigravity
01:08:03     1000      7059    1,20    1,80    0,00    0,00    3,00     2  language_server
01:08:03     1000      7229    0,20    0,40    0,00    0,00    0,60     0  antigravity
01:08:03     1000      7244    1,60    0,40    0,00    0,00    2,00     2  antigravity
01:08:03     1000      7258    0,20    0,00    0,00    0,00    0,20     5  antigravity
01:08:03     1000      7260    0,60    0,00    0,00    0,00    0,60     5  antigravity
01:08:03     1000      8267    1,20    2,00    0,00    0,00    3,20     7  language_server
01:08:03     1000      8356    0,20    0,00    0,00    0,00    0,20     6  antigravity
01:08:03     1000      9345    0,00    0,20    0,00    9,20    0,20     4  chrome
01:08:03     1000      9390    0,20    0,00    0,00    0,00    0,20     0  chrome
01:08:03     1000      9519    0,20    0,00    0,00    0,00    0,20     2  chrome
01:08:03     1000     76014    0,20    0,00    0,00    0,00    0,20     6  chrome
01:08:03        0    103256    0,00    0,20    0,00    0,00    0,20     1  kworker/u32:4-events_unbound
01:08:03        0    109833    0,00    0,20    0,00    0,00    0,20     2  kworker/2:0-mm_percpu_wq
01:08:03     1000    112886    0,20    0,40    0,00    0,00    0,60     4  pidstat
01:08:03     1000    112918    3,40    2,60    0,00    0,00    6,00     1  java

01:07:58      UID       PID  minflt/s  majflt/s     VSZ     RSS   %MEM  Command
01:08:03      115       930     77,40      0,00 1762312   25748   0,16  prometheus-node
01:08:03        0      1423      4,20      0,00 2463900   71060   0,44  containerd
01:08:03      117      2312      2,40      0,00 1765180  349652   2,15  grafana
01:08:03        0      2975      9,60      0,00 1235352   13664   0,08  containerd-shim
01:08:03        0      2976     11,00      0,00 1235608   14412   0,09  containerd-shim
01:08:03        0      2977      8,40      0,00 1235352   14480   0,09  containerd-shim
01:08:03        0      2981      9,20      0,00 1235608   14256   0,09  containerd-shim
01:08:03        0      2982     10,80      0,00 1235608   14752   0,09  containerd-shim
01:08:03     1000      4708      6,40      0,00 5454532  346676   2,14  gnome-shell
01:08:03     1000      6317     35,20      0,00 1461668528  313924   1,93  antigravity
01:08:03     1000      6757      6,40      0,00 34359436  170068   1,05  antigravity
01:08:03     1000      6771      0,80      0,00 33903964   81160   0,50  antigravity
01:08:03     1000      6820    195,20      0,00 1461417264  661664   4,08  antigravity
01:08:03     1000      7161      0,20      0,00 33951332   64332   0,40  antigravity
01:08:03     1000      7229    104,00      0,00 1461383544  129376   0,80  antigravity
01:08:03     1000      7244    305,60      0,00 1461351324  287092   1,77  antigravity
01:08:03     1000      7258      3,40      0,00 1461347760  125888   0,78  antigravity
01:08:03     1000      7260     47,60      0,00 1461367100  164248   1,01  antigravity
01:08:03     1000      8356      5,20      0,00 1459530528  101080   0,62  antigravity
01:08:03     1000      9291      7,00      0,00 55435272  374472   2,31  chrome
01:08:03     1000      9342      2,20      0,00 55467700  213696   1,32  chrome
01:08:03     1000      9345      4,00      0,00 54976356  135908   0,84  chrome
01:08:03     1000      9359      0,40      0,00 55015792   62664   0,39  chrome
01:08:03     1000      9519      0,00      0,00 1518554232  354864   2,19  chrome
01:08:03     1000     76014      0,60      0,00 1518513820  347472   2,14  chrome
01:08:03     1000     76063      0,20      0,00 55006444   86720   0,53  chrome
01:08:03     1000    112918     17,60      0,00 6506524  443912   2,73  java

01:07:58      UID       PID   kB_rd/s   kB_wr/s kB_ccwr/s iodelay  Command
01:08:03     1000      7244      0,00      0,80      0,00       0  antigravity
01:08:03     1000    112886      0,00      0,96      0,00       0  pidstat
01:08:03     1000    112918      0,00      3,16      0,00       0  java

01:08:03      UID       PID    %usr %system  %guest   %wait    %CPU   CPU  Command
01:08:08      115       933    0,20    0,00    0,00    0,00    0,20     5  prometheus
01:08:08        0      1383    0,20    0,00    0,00    0,00    0,20     7  glances
01:08:08        0      1391    0,20    0,20    0,00    0,00    0,40     6  tailscaled
01:08:08        0      1423    0,40    0,00    0,00    0,00    0,40     2  containerd
01:08:08        0      2310    0,20    0,20    0,00    0,00    0,40     3  dockerd
01:08:08      117      2312    0,60    0,40    0,00    0,00    1,00     3  grafana
01:08:08        0      2932    0,40    0,40    0,00    0,00    0,80     6  mount.ntfs-3g
01:08:08        0      2976    0,00    0,20    0,00    0,00    0,20     6  containerd-shim
01:08:08        0      2981    0,00    0,20    0,00    0,00    0,20     0  containerd-shim
01:08:08      999      3130    0,60    0,00    0,00    0,00    0,60     6  redis-server
01:08:08     1000      4708    1,00    0,20    0,00    0,00    1,20     5  gnome-shell
01:08:08     1000      5504    0,20    0,00    0,00    0,00    0,20     7  xdg-desktop-por
01:08:08     1000      6317    0,40    0,00    0,00    0,00    0,40     1  antigravity
01:08:08     1000      6339    0,60    0,00    0,00    0,00    0,60     1  gnome-terminal-
01:08:08     1000      6757    0,20    0,00    0,00    0,00    0,20     4  antigravity
01:08:08     1000      6820    1,20    0,20    0,00    0,00    1,40     0  antigravity
01:08:08     1000      7059    1,60    1,40    0,00    0,00    3,00     2  language_server
01:08:08     1000      7229    0,20    0,20    0,00    0,00    0,40     0  antigravity
01:08:08     1000      7244    1,40    0,80    0,00    0,00    2,20     7  antigravity
01:08:08     1000      7260    0,60    0,00    0,00    0,00    0,60     5  antigravity
01:08:08     1000      8267    1,80    1,40    0,00    0,00    3,20     7  language_server
01:08:08     1000      9291    0,20    0,00    0,00    0,00    0,20     6  chrome
01:08:08     1000      9342    0,20    0,00    0,00    0,00    0,20     5  chrome
01:08:08     1000      9519    0,20    0,00    0,00    0,00    0,20     2  chrome
01:08:08     1000     76063    0,00    0,20    0,00    0,00    0,20     1  chrome
01:08:08     1000     91682    0,00    0,20    0,00    0,00    0,20     6  ssh
01:08:08     1000     98039    0,20    0,00    0,00    0,00    0,20     2  antigravity
01:08:08     1000    112886    0,20    0,40    0,00    0,00    0,60     4  pidstat
01:08:08     1000    112918    1,20    0,20    0,00    0,00    1,40     1  java
01:08:08     1000    114648    0,80    0,00    0,00    0,00    0,80     1  gnome-screensho

01:08:03      UID       PID  minflt/s  majflt/s     VSZ     RSS   %MEM  Command
01:08:08        0      1423      0,20      0,00 2463900   71060   0,44  containerd
01:08:08        0      2975     13,60      0,00 1235352   13664   0,08  containerd-shim
01:08:08        0      2976     12,60      0,00 1235608   14540   0,09  containerd-shim
01:08:08        0      2977     11,80      0,00 1235352   14736   0,09  containerd-shim
01:08:08        0      2981     13,00      0,00 1235608   14640   0,09  containerd-shim
01:08:08        0      2982     12,40      0,00 1235608   14880   0,09  containerd-shim
01:08:08     1000      4708      1,20      0,00 5455044  346676   2,14  gnome-shell
01:08:08     1000      6317     33,80      0,00 1461668528  313928   1,93  antigravity
01:08:08     1000      6757      7,20      0,00 34359564  169940   1,05  antigravity
01:08:08     1000      6771      0,40      0,00 33903964   81160   0,50  antigravity
01:08:08     1000      6820    197,20      0,00 1461417264  663904   4,09  antigravity
01:08:08     1000      7161      0,40      0,00 33951332   64332   0,40  antigravity
01:08:08     1000      7229    112,60      0,00 1461383544  129504   0,80  antigravity
01:08:08     1000      7244    391,20      0,00 1461351324  287788   1,77  antigravity
01:08:08     1000      7258      2,60      0,00 1461347760  125888   0,78  antigravity
01:08:08     1000      7260     18,80      0,00 1461367100  163936   1,01  antigravity
01:08:08     1000      8356      5,20      0,00 1459530528  101080   0,62  antigravity
01:08:08     1000      9291     14,00      0,00 55435272  374472   2,31  chrome
01:08:08     1000      9342      2,20      0,00 55467700  213696   1,32  chrome
01:08:08     1000      9345      4,00      0,00 54976356  135908   0,84  chrome
01:08:08     1000      9359      0,40      0,00 55015792   62664   0,39  chrome
01:08:08     1000     76014      0,40      0,00 1518513820  347472   2,14  chrome
01:08:08     1000     76063      0,40      0,00 55006444   86720   0,53  chrome
01:08:08     1000     99008      6,60      0,00    7664    3936   0,02  bash
01:08:08     1000    112918      0,20      0,00 6506524  443912   2,73  java
01:08:08     1000    114648    336,20      0,00  409440   20960   0,13  gnome-screensho

01:08:03      UID       PID   kB_rd/s   kB_wr/s kB_ccwr/s iodelay  Command
01:08:08     1000    112886      0,00      1,12      0,00       0  pidstat
01:08:08     1000    112918      0,00      1,55      0,00       0  java

01:08:08      UID       PID    %usr %system  %guest   %wait    %CPU   CPU  Command
01:08:13        0      1391    0,00    0,20    0,00    0,00    0,20     6  tailscaled
01:08:13        0      1423    0,20    0,20    0,00    0,00    0,40     2  containerd
01:08:13        0      2310    0,20    0,40    0,00    0,00    0,60     3  dockerd
01:08:13      117      2312    0,80    0,00    0,00    0,00    0,80     3  grafana
01:08:13        0      2932    0,40    0,40    0,00    0,00    0,80     7  mount.ntfs-3g
01:08:13        0      2975    0,20    0,20    0,00    0,00    0,40     7  containerd-shim
01:08:13        0      2977    0,20    0,00    0,00    0,00    0,20     7  containerd-shim
01:08:13        0      2982    0,20    0,00    0,00    0,00    0,20     1  containerd-shim
01:08:13      999      3130    0,40    0,00    0,00    0,00    0,40     5  redis-server
01:08:13     1000      4570    0,20    0,20    0,00    0,00    0,40     0  pipewire
01:08:13     1000      4573    0,40    0,00    0,00    0,00    0,40     1  wireplumber
01:08:13     1000      4574    0,20    0,00    0,00    0,00    0,20     3  pipewire-pulse
01:08:13     1000      4708    6,20    1,60    0,00    0,00    7,80     7  gnome-shell
01:08:13     1000      5504    0,00    0,20    0,00    0,00    0,20     4  xdg-desktop-por
01:08:13     1000      6317    0,40    0,20    0,00    0,00    0,60     0  antigravity
01:08:13     1000      6339    0,60    0,00    0,00    0,00    0,60     1  gnome-terminal-
01:08:13     1000      6757    0,80    0,20    0,00    0,00    1,00     6  antigravity
01:08:13     1000      6820    3,40    0,40    0,00    0,00    3,80     2  antigravity
01:08:13     1000      7059    1,60    1,20    0,00    0,00    2,80     2  language_server
01:08:13     1000      7229    0,20    0,20    0,00    0,00    0,40     3  antigravity
01:08:13     1000      7244    1,20    0,80    0,00    0,00    2,00     5  antigravity
01:08:13     1000      7260    0,80    0,20    0,00    0,00    1,00     5  antigravity
01:08:13     1000      8267    1,80    1,00    0,00    0,00    2,80     7  language_server
01:08:13     1000      8356    0,20    0,00    0,00    0,00    0,20     0  antigravity
01:08:13     1000      9291    0,20    0,00    0,00    0,00    0,20     6  chrome
01:08:13     1000      9500    0,20    0,00    0,00    0,00    0,20     4  chrome
01:08:13     1000      9519    0,20    0,00    0,00    0,00    0,20     1  chrome
01:08:13        0    102824    0,00    0,20    0,00    0,00    0,20     1  kworker/1:1-events
01:08:13     1000    112886    0,20    0,20    0,00    0,00    0,40     0  pidstat
01:08:13     1000    112918    1,20    0,40    0,00    0,00    1,60     1  java
01:08:13        0    114213    0,20    0,00    0,00    0,00    0,20     6  kworker/6:2-i915-unordered

01:08:08      UID       PID  minflt/s  majflt/s     VSZ     RSS   %MEM  Command
01:08:13        0      2975     10,60      0,00 1235352   13792   0,08  containerd-shim
01:08:13        0      2976      3,00      0,00 1235608   14668   0,09  containerd-shim
01:08:13        0      2977     14,60      0,00 1235352   14992   0,09  containerd-shim
01:08:13        0      2981      9,20      0,00 1235608   14768   0,09  containerd-shim
01:08:13        0      2982     12,40      0,00 1235608   15008   0,09  containerd-shim
01:08:13     1000      4570     37,40      0,00  105040   14864   0,09  pipewire
01:08:13     1000      4574     38,00      0,00  110852   15844   0,10  pipewire-pulse
01:08:13     1000      4708     15,00      0,00 5454660  346676   2,14  gnome-shell
01:08:13     1000      5504      0,40      0,00  778332   19920   0,12  xdg-desktop-por
01:08:13     1000      6317     37,40      0,00 1461668528  314184   1,94  antigravity
01:08:13     1000      6757     63,80      0,00 34367436  170144   1,05  antigravity
01:08:13     1000      6771      0,40      0,00 33903964   81160   0,50  antigravity
01:08:13     1000      6820    278,80      0,00 1461417264  668484   4,12  antigravity
01:08:13     1000      7161      0,20      0,00 33951332   64332   0,40  antigravity
01:08:13     1000      7229    108,60      0,00 1461383544  129372   0,80  antigravity
01:08:13     1000      7244    311,80      0,00 1461351324  287060   1,77  antigravity
01:08:13     1000      7258      5,60      0,00 1461347760  125888   0,78  antigravity
01:08:13     1000      7260     21,20      0,00 1461367100  163724   1,01  antigravity
01:08:13     1000      8356      5,40      0,00 1459530528  101080   0,62  antigravity
01:08:13     1000      9291     11,60      0,00 55435272  374404   2,31  chrome
01:08:13     1000      9342      4,40      0,00 55467700  213696   1,32  chrome
01:08:13     1000      9345      5,40      0,00 54976356  135908   0,84  chrome
01:08:13     1000      9359      0,80      0,00 55015792   62664   0,39  chrome
01:08:13     1000     76014      0,40      0,00 1518513820  347472   2,14  chrome
01:08:13     1000     76063      0,20      0,00 55006444   86720   0,53  chrome
01:08:13     1000     99008      0,60      0,00    7664    3936   0,02  bash
01:08:13     1000    112918      0,20      0,00 6506524  443912   2,73  java

01:08:08      UID       PID   kB_rd/s   kB_wr/s kB_ccwr/s iodelay  Command
01:08:13     1000      4573      0,00      0,80      0,00       0  wireplumber
01:08:13     1000      4708      0,00     76,80      0,00       0  gnome-shell
01:08:13     1000      9291      0,00      4,00      0,00       0  chrome
01:08:13     1000      9345      0,00     14,40      0,00       0  chrome
01:08:13     1000     99008      0,00    182,28     76,80       0  bash
01:08:13     1000    112886      0,00      1,01      0,00       0  pidstat
01:08:13     1000    112918      0,00      3,09      0,00       0  java

01:08:13      UID       PID    %usr %system  %guest   %wait    %CPU   CPU  Command
01:08:18        0         1    0,60    0,20    0,00    0,00    0,80     3  systemd
01:08:18        0        86    0,00    0,20    0,00    0,00    0,20     1  irq/9-acpi
01:08:18        0       317    0,00    0,20    0,00    0,00    0,20     2  jbd2/sda6-8
01:08:18        0       408    0,20    0,20    0,00    0,00    0,40     3  systemd-udevd
01:08:18      102       898    0,00    0,20    0,00    0,00    0,20     6  avahi-daemon
01:08:18      990       903    1,40    0,00    0,00    0,00    1,40     5  dbus-daemon
01:08:18      115       930    1,40    0,60    0,00    0,00    2,00     2  prometheus-node
01:08:18      115       933    0,20    0,00    0,00    0,00    0,20     5  prometheus
01:08:18        0      1079    0,00    0,20    0,00    0,00    0,20     2  NetworkManager
01:08:18        0      1383    0,20    0,00    0,00    0,00    0,20     7  glances
01:08:18        0      1391    0,20    0,00    0,00    0,00    0,20     6  tailscaled
01:08:18        0      1423    0,60    0,40    0,00    0,00    1,00     2  containerd
01:08:18        0      2310    1,00    0,80    0,00    0,00    1,80     3  dockerd
01:08:18      117      2312    1,80    0,20    0,00    0,00    2,00     3  grafana
01:08:18        0      2932    0,20    0,40    0,00    0,00    0,60     7  mount.ntfs-3g
01:08:18        0      2975    0,20    0,00    0,00    0,00    0,20     7  containerd-shim
01:08:18        0      2977    0,00    0,20    0,00    0,00    0,20     7  containerd-shim
01:08:18        0      2981    0,00    0,20    0,00    0,00    0,20     0  containerd-shim
01:08:18      999      3130    0,40    0,00    0,00    0,00    0,40     7  redis-server
01:08:18     1000      4549    0,20    0,20    0,00    0,00    0,40     2  systemd
01:08:18     1000      4569    0,20    0,00    0,00    0,00    0,20     4  dbus-daemon
01:08:18     1000      4570    0,20    0,00    0,00    0,00    0,20     0  pipewire
01:08:18     1000      4708    1,00    0,20    0,00    0,00    1,20     4  gnome-shell
01:08:18     1000      5021    0,00    0,20    0,00    0,00    0,20     1  gsd-housekeepin
01:08:18     1000      5055    0,00    0,20    0,00    0,00    0,20     6  gsd-sharing
01:08:18     1000      6317    0,20    0,00    0,00    0,00    0,20     1  antigravity
01:08:18     1000      6339    0,40    0,20    0,00    0,00    0,60     0  gnome-terminal-
01:08:18     1000      6757    0,20    0,20    0,00    0,00    0,40     7  antigravity
01:08:18     1000      6820   12,60    0,60    0,00    0,60   13,20     0  antigravity
01:08:18     1000      7059    1,20    1,60    0,00    0,00    2,80     5  language_server
01:08:18     1000      7229    0,20    0,20    0,00    0,00    0,40     1  antigravity
01:08:18     1000      7244    1,80    0,40    0,00    0,00    2,20     2  antigravity
01:08:18     1000      7260    0,60    0,00    0,00    0,00    0,60     6  antigravity
01:08:18     1000      8267    2,00    1,20    0,00    0,00    3,20     7  language_server
01:08:18     1000      9291    0,20    0,20    0,00    0,00    0,40     6  chrome
01:08:18     1000     91682    0,00    0,20    0,00    0,00    0,20     3  ssh
01:08:18     1000    112886    0,00    0,40    0,00    0,00    0,40     0  pidstat
01:08:18     1000    112918    1,40    0,40    0,00    0,00    1,80     1  java

01:08:13      UID       PID  minflt/s  majflt/s     VSZ     RSS   %MEM  Command
01:08:18        0       376     49,20      0,00  188968  108948   0,67  systemd-journal
01:08:18        0       408     93,40      0,00   37544   10908   0,07  systemd-udevd
01:08:18      115       930     72,60      0,00 1762312   25648   0,16  prometheus-node
01:08:18        0      1391      0,40      0,00 1421316   91976   0,57  tailscaled
01:08:18        0      1423      2,80      0,00 2463900   71060   0,44  containerd
01:08:18      114      1526      3,80      0,00  218252   29568   0,18  postgres
01:08:18        0      2310      1,80      0,00 3498856  112056   0,69  dockerd
01:08:18        0      2975      0,40      0,00 1235352   13792   0,08  containerd-shim
01:08:18        0      2976      6,80      0,00 1235608   14796   0,09  containerd-shim
01:08:18        0      2977      0,40      0,00 1235352   14992   0,09  containerd-shim
01:08:18        0      2981      0,40      0,00 1235608   14768   0,09  containerd-shim
01:08:18        0      2982      1,60      0,00 1235608   15008   0,09  containerd-shim
01:08:18     1000      4570      0,00      0,00  104092   14864   0,09  pipewire
01:08:18     1000      4708      3,20      0,00 5454468  346804   2,14  gnome-shell
01:08:18     1000      6317     33,20      0,00 1461668528  314384   1,94  antigravity
01:08:18     1000      6757     11,40      0,00 34367052  170256   1,05  antigravity
01:08:18     1000      6771      0,40      0,00 33903964   81160   0,50  antigravity
01:08:18     1000      6820    297,60      0,00 1461417264  656504   4,04  antigravity
01:08:18     1000      7161      0,20      0,00 33951332   64332   0,40  antigravity
01:08:18     1000      7229     13,60      0,00 1461383544  129372   0,80  antigravity
01:08:18     1000      7244    278,60      0,00 1461351324  287316   1,77  antigravity
01:08:18     1000      7258      3,80      0,00 1461347760  125888   0,78  antigravity
01:08:18     1000      7260     21,20      0,00 1461367100  163688   1,01  antigravity
01:08:18     1000      8356      5,20      0,00 1459530528  101080   0,62  antigravity
01:08:18     1000      9291      7,80      0,00 55435272  374404   2,31  chrome
01:08:18     1000      9342      2,20      0,00 55467700  213696   1,32  chrome
01:08:18     1000      9345      7,60      0,00 54976356  136036   0,84  chrome
01:08:18     1000      9359      0,40      0,00 55015792   62664   0,39  chrome
01:08:18     1000     76014      0,40      0,00 1518513820  347472   2,14  chrome
01:08:18     1000     76063      0,20      0,00 55006444   86720   0,53  chrome
01:08:18        0    114732     54,00      0,00   37548    7060   0,04  (udev-worker)
01:08:18        0    114745     27,00      0,00   37548    6776   0,04  (udev-worker)
01:08:18        0    114746     27,40      0,00   37548    6848   0,04  (udev-worker)
01:08:18        0    114748     26,20      0,00   37548    6784   0,04  (udev-worker)
01:08:18        0    114749     27,20      0,00   37548    6784   0,04  (udev-worker)
01:08:18        0    114750     27,20      0,00   37548    6784   0,04  (udev-worker)
01:08:18        0    114751     28,00      0,00   37548    6784   0,04  (udev-worker)
01:08:18        0    114752     28,00      0,00   37548    6784   0,04  (udev-worker)
01:08:18        0    114753     27,20      0,00   37548    6784   0,04  (udev-worker)
01:08:18        0    114755     27,60      0,00   37548    6784   0,04  (udev-worker)
01:08:18        0    114756     27,80      0,00   37548    6760   0,04  (udev-worker)
01:08:18        0    114757     60,60      0,00   37548    7060   0,04  (udev-worker)
01:08:18        0    114758     27,20      0,00   37548    6784   0,04  (udev-worker)
01:08:18        0    114760     26,40      0,00   37548    6784   0,04  (udev-worker)
01:08:18        0    114761     27,20      0,00   37548    6784   0,04  (udev-worker)
01:08:18        0    114762     37,20      0,00   37548    6784   0,04  (udev-worker)

01:08:13      UID       PID   kB_rd/s   kB_wr/s kB_ccwr/s iodelay  Command
01:08:18     1000      9291      0,00      2,40      0,00       0  chrome
01:08:18     1000    112886      0,00      1,12      0,00       0  pidstat
01:08:18     1000    112918      0,00      3,09      0,00       0  java

01:08:18      UID       PID    %usr %system  %guest   %wait    %CPU   CPU  Command
01:08:23        0        17    0,00    0,20    0,00    0,00    0,20     1  rcu_preempt
01:08:23        0       120    0,00    0,20    0,00    0,00    0,20     0  kworker/u33:0-i915_flip
01:08:23        0      1383    0,20    0,00    0,00    0,00    0,20     7  glances
01:08:23        0      1391    0,00    0,20    0,00    0,00    0,20     6  tailscaled
01:08:23        0      1423    0,40    0,20    0,00    0,00    0,60     2  containerd
01:08:23        0      2310    0,40    0,20    0,00    0,00    0,60     3  dockerd
01:08:23      117      2312    0,80    0,00    0,00    0,00    0,80     3  grafana
01:08:23        0      2932    0,60    0,20    0,00    0,00    0,80     4  mount.ntfs-3g
01:08:23        0      2976    0,00    0,20    0,00    0,00    0,20     6  containerd-shim
01:08:23        0      2981    0,20    0,00    0,00    0,00    0,20     0  containerd-shim
01:08:23        0      2982    0,00    0,20    0,00    0,00    0,20     1  containerd-shim
01:08:23      999      3130    0,40    0,20    0,00    0,00    0,60     7  redis-server
01:08:23     1000      4708    1,00    0,40    0,00    0,00    1,40     4  gnome-shell
01:08:23     1000      6317    0,20    0,00    0,00    0,00    0,20     2  antigravity
01:08:23     1000      6339    0,60    0,00    0,00    0,00    0,60     1  gnome-terminal-
01:08:23     1000      6757    0,20    0,00    0,00    0,00    0,20     1  antigravity
01:08:23     1000      6820    0,80    0,60    0,00    0,00    1,40     3  antigravity
01:08:23     1000      7059    1,20    2,00    0,00    0,20    3,20     7  language_server
01:08:23     1000      7229    0,20    0,00    0,00    0,00    0,20     1  antigravity
01:08:23     1000      7244    1,40    0,40    0,00    0,00    1,80     5  antigravity
01:08:23     1000      7260    0,60    0,20    0,00    0,00    0,80     0  antigravity
01:08:23     1000      8267    1,40    1,80    0,00    0,00    3,20     7  language_server
01:08:23     1000      8356    0,20    0,00    0,00    0,00    0,20     0  antigravity
01:08:23     1000      9291    0,00    0,20    0,00    0,00    0,20     0  chrome
01:08:23     1000      9519    0,20    0,00    0,00    0,00    0,20     7  chrome
01:08:23     1000     76025    0,20    0,00    0,00    0,00    0,20     4  chrome
01:08:23        0     93905    0,00    0,20    0,00    0,00    0,20     6  kworker/u32:7-flush-8:0
01:08:23     1000    112886    0,00    0,40    0,00    0,00    0,40     2  pidstat
01:08:23     1000    112918    3,40    0,40    0,00    0,00    3,80     1  java
01:08:23        0    114184    0,20    0,00    0,00    0,00    0,20     0  kworker/0:0-events_freezable

01:08:18      UID       PID  minflt/s  majflt/s     VSZ     RSS   %MEM  Command
01:08:23        0       408      1,80      0,00   37544   10908   0,07  systemd-udevd
01:08:23        0      1423      5,60      0,00 2463900   71060   0,44  containerd
01:08:23        0      2975      3,40      0,00 1235352   13792   0,08  containerd-shim
01:08:23        0      2976      5,00      0,00 1235608   14924   0,09  containerd-shim
01:08:23        0      2981      3,20      0,00 1235608   14768   0,09  containerd-shim
01:08:23        0      2982      0,40      0,00 1235608   15008   0,09  containerd-shim
01:08:23     1000      4708      6,40      0,00 5454532  346676   2,14  gnome-shell
01:08:23     1000      6317     35,80      0,00 1461668528  313988   1,93  antigravity
01:08:23     1000      6757      6,60      0,00 34359884  169988   1,05  antigravity
01:08:23     1000      6771      0,80      0,00 33903964   81160   0,50  antigravity
01:08:23     1000      6820    178,60      0,00 1461417264  657744   4,05  antigravity
01:08:23     1000      7161      0,20      0,00 33951332   64332   0,40  antigravity
01:08:23     1000      7229      9,80      0,00 1461383544  129372   0,80  antigravity
01:08:23     1000      7244    296,20      0,00 1461351324  287168   1,77  antigravity
01:08:23     1000      7258      3,00      0,00 1461347760  125888   0,78  antigravity
01:08:23     1000      7260     19,40      0,00 1461367100  163916   1,01  antigravity
01:08:23     1000      8356      5,40      0,00 1459530528  101080   0,62  antigravity
01:08:23     1000      9291     16,60      0,00 55435272  374532   2,31  chrome
01:08:23     1000      9342      2,20      0,00 55467700  213696   1,32  chrome
01:08:23     1000      9345      3,80      0,00 54976356  136036   0,84  chrome
01:08:23     1000      9359      0,40      0,00 55015792   62664   0,39  chrome
01:08:23     1000      9519      0,00      0,00 1518554232  353240   2,18  chrome
01:08:23     1000     76014      0,60      0,00 1518513820  347472   2,14  chrome
01:08:23     1000     76063      0,40      0,00 55006444   86720   0,53  chrome
01:08:23     1000    112918      2,80      0,00 6506524  443912   2,73  java

01:08:18      UID       PID   kB_rd/s   kB_wr/s kB_ccwr/s iodelay  Command
01:08:23     1000      6317      0,00      2,40      0,00       0  antigravity
01:08:23     1000      7244      0,00      0,80      0,00       0  antigravity
01:08:23     1000      9291      0,00     16,00      0,00       0  chrome
01:08:23     1000    112886      0,00      1,50      0,00       0  pidstat
01:08:23     1000    112918      0,00      3,09      0,00       0  java

01:08:23      UID       PID    %usr %system  %guest   %wait    %CPU   CPU  Command
01:08:28      115       933    0,20    0,00    0,00    0,00    0,20     4  prometheus
01:08:28        0      1383    0,20    0,00    0,00    0,00    0,20     7  glances
01:08:28        0      1391    0,20    0,00    0,00    0,00    0,20     6  tailscaled
01:08:28        0      1423    0,40    0,00    0,00    0,00    0,40     2  containerd
01:08:28        0      2310    0,40    0,00    0,00    0,00    0,40     3  dockerd
01:08:28      117      2312    0,20    0,60    0,00    0,00    0,80     3  grafana
01:08:28        0      2932    0,20    0,40    0,00    0,00    0,60     5  mount.ntfs-3g
01:08:28        0      2975    0,20    0,00    0,00    0,00    0,20     7  containerd-shim
01:08:28        0      2976    0,20    0,00    0,00    0,00    0,20     6  containerd-shim
01:08:28        0      2977    0,20    0,00    0,00    0,00    0,20     7  containerd-shim
01:08:28        0      2982    0,00    0,20    0,00    0,00    0,20     1  containerd-shim
01:08:28      999      3130    0,40    0,00    0,00    0,00    0,40     0  redis-server
01:08:28     1000      4708    0,40    0,20    0,00    0,00    0,60     4  gnome-shell
01:08:28     1000      6317    0,20    0,20    0,00    0,00    0,40     2  antigravity
01:08:28     1000      6339    0,40    0,00    0,00    0,00    0,40     1  gnome-terminal-
01:08:28     1000      6820    1,20    0,20    0,00    0,00    1,40     0  antigravity
01:08:28     1000      7059    2,00    1,40    0,00    0,00    3,40     5  language_server
01:08:28     1000      7229    0,20    0,20    0,00    0,00    0,40     1  antigravity
01:08:28     1000      7244    1,40    0,60    0,00    0,00    2,00     5  antigravity
01:08:28     1000      7260    0,60    0,00    0,00    0,00    0,60     0  antigravity
01:08:28     1000      8267    1,00    2,20    0,00    0,00    3,20     7  language_server
01:08:28     1000      8393    0,00    0,20    0,00    0,00    0,20     6  antigravity
01:08:28     1000      9291    0,20    0,00    0,00    0,00    0,20     6  chrome
01:08:28     1000      9345    0,20    0,00    0,00    0,00    0,20     5  chrome
01:08:28     1000      9359    0,20    0,00    0,00    0,00    0,20     4  chrome
01:08:28     1000      9519    0,20    0,00    0,00    0,00    0,20     7  chrome
01:08:28     1000    112886    0,20    0,40    0,00    0,00    0,60     2  pidstat
01:08:28     1000    112918    1,20    0,20    0,00    0,00    1,40     1  java

01:08:23      UID       PID  minflt/s  majflt/s     VSZ     RSS   %MEM  Command
01:08:28        0      2975      5,20      0,00 1235352   13136   0,08  containerd-shim
01:08:28        0      2976      2,20      0,00 1235608   14296   0,09  containerd-shim
01:08:28        0      2977      1,80      0,00 1235352   14496   0,09  containerd-shim
01:08:28        0      2981     11,60      0,00 1235608   14368   0,09  containerd-shim
01:08:28        0      2982      2,00      0,00 1235608   14644   0,09  containerd-shim
01:08:28       70      3117      4,40      0,00  174540   25424   0,16  postgres
01:08:28     1000      4708      0,80      0,00 5454468  346676   2,14  gnome-shell
01:08:28     1000      6317     33,80      0,00 1461668528  314092   1,93  antigravity
01:08:28     1000      6757      6,20      0,00 34359756  170116   1,05  antigravity
01:08:28     1000      6771      0,40      0,00 33903964   81160   0,50  antigravity
01:08:28     1000      6820    131,60      0,00 1461417264  660048   4,07  antigravity
01:08:28     1000      7161      0,40      0,00 33951332   64332   0,40  antigravity
01:08:28     1000      7229      2,40      0,00 1461383544  129372   0,80  antigravity
01:08:28     1000      7244    274,40      0,00 1461351324  287112   1,77  antigravity
01:08:28     1000      7258      2,80      0,00 1461347760  125888   0,78  antigravity
01:08:28     1000      7260     48,60      0,00 1461367100  164368   1,01  antigravity
01:08:28     1000      8356      4,80      0,00 1459530528  101080   0,62  antigravity
01:08:28     1000      9291     17,20      0,00 55435272  374404   2,31  chrome
01:08:28     1000      9342      2,20      0,00 55467700  213696   1,32  chrome
01:08:28     1000      9345      3,80      0,00 54976356  136036   0,84  chrome
01:08:28     1000      9359      0,40      0,00 55015792   62664   0,39  chrome
01:08:28     1000     76014      0,60      0,00 1518513820  347472   2,14  chrome
01:08:28     1000     76063      0,40      0,00 55006444   86720   0,53  chrome

01:08:23      UID       PID   kB_rd/s   kB_wr/s kB_ccwr/s iodelay  Command
01:08:28     1000    112886      0,00      1,05      0,00       0  pidstat
01:08:28     1000    112918      0,00      1,55      0,00       0  java

01:08:28      UID       PID    %usr %system  %guest   %wait    %CPU   CPU  Command
01:08:33        0         1    0,20    0,00    0,00    0,00    0,20     1  systemd
01:08:33        0        86    0,00    0,20    0,00    0,00    0,20     1  irq/9-acpi
01:08:33      990       903    0,80    0,00    0,00    0,00    0,80     5  dbus-daemon
01:08:33      115       930    1,00    0,40    0,00    0,00    1,40     2  prometheus-node
01:08:33      115       933    0,20    0,00    0,00    0,00    0,20     5  prometheus
01:08:33        0      1391    0,20    0,00    0,00    0,00    0,20     6  tailscaled
01:08:33        0      1423    0,20    0,00    0,00    0,00    0,20     2  containerd
01:08:33        0      2310    0,20    0,40    0,00    0,00    0,60     3  dockerd
01:08:33      117      2312    0,60    0,60    0,00    0,00    1,20     3  grafana
01:08:33        0      2932    0,40    0,40    0,00    0,00    0,80     6  mount.ntfs-3g
01:08:33        0      2977    0,00    0,20    0,00    0,00    0,20     7  containerd-shim
01:08:33      999      3130    0,40    0,00    0,00    0,00    0,40     7  redis-server
01:08:33     1000      4708    1,20    0,60    0,00    0,00    1,80     5  gnome-shell
01:08:33     1000      6317    0,20    0,00    0,00    0,00    0,20     3  antigravity
01:08:33     1000      6339    1,20    0,00    0,00    0,00    1,20     1  gnome-terminal-
01:08:33     1000      6757    0,20    0,20    0,00    0,00    0,40     7  antigravity
01:08:33     1000      6820    1,60    0,00    0,00    0,00    1,60     6  antigravity
01:08:33     1000      7059    1,40    2,00    0,00    0,00    3,40     4  language_server
01:08:33     1000      7229    0,40    0,00    0,00    0,00    0,40     4  antigravity
01:08:33     1000      7244    8,80    0,80    0,00    0,00    9,60     3  antigravity
01:08:33     1000      7260    0,40    0,00    0,00    0,00    0,40     0  antigravity
01:08:33     1000      8267    1,40    1,80    0,00    0,00    3,20     7  language_server
01:08:33     1000      8356    0,20    0,00    0,00    0,00    0,20     0  antigravity
01:08:33     1000      9291    0,20    0,00    0,00    0,00    0,20     6  chrome
01:08:33     1000      9519    0,20    0,00    0,00   20,00    0,20     0  chrome
01:08:33     1000     98039    0,20    0,00    0,00    0,00    0,20     3  antigravity
01:08:33     1000    112886    0,20    0,20    0,00    0,00    0,40     1  pidstat
01:08:33     1000    112918    2,20    0,40    0,00    0,00    2,60     1  java

01:08:28      UID       PID  minflt/s  majflt/s     VSZ     RSS   %MEM  Command
01:08:33      115       930     87,20      0,00 1762312   25712   0,16  prometheus-node
01:08:33        0      1423      0,40      0,00 2463900   71060   0,44  containerd
01:08:33        0      2975     11,20      0,00 1235352   13392   0,08  containerd-shim
01:08:33        0      2976      9,40      0,00 1235608   14424   0,09  containerd-shim
01:08:33        0      2977      8,80      0,00 1235352   14624   0,09  containerd-shim
01:08:33        0      2981      9,40      0,00 1235608   14368   0,09  containerd-shim
01:08:33        0      2982     10,60      0,00 1235608   14772   0,09  containerd-shim
01:08:33     1000      4708      6,60      0,00 5454532  346676   2,14  gnome-shell
01:08:33     1000      6317     33,40      0,00 1461668528  314604   1,94  antigravity
01:08:33     1000      6757      6,60      0,00 34359884  169984   1,05  antigravity
01:08:33     1000      6771      0,40      0,00 33903964   81160   0,50  antigravity
01:08:33     1000      6820    197,60      0,00 1461417264  662360   4,08  antigravity
01:08:33     1000      7161      0,20      0,00 33951332   64332   0,40  antigravity
01:08:33     1000      7229    126,80      0,00 1461383544  129356   0,80  antigravity
01:08:33     1000      7244   1447,00      0,00 1461351324  285708   1,76  antigravity
01:08:33     1000      7258      5,80      0,00 1461347760  125888   0,78  antigravity
01:08:33     1000      7260     19,40      0,00 1461367100  163824   1,01  antigravity
01:08:33     1000      8356      5,20      0,00 1459530528  101080   0,62  antigravity
01:08:33     1000      9291      6,80      0,00 55435272  374404   2,31  chrome
01:08:33     1000      9342      4,40      0,00 55467700  213696   1,32  chrome
01:08:33     1000      9345      5,20      0,00 54976356  136036   0,84  chrome
01:08:33     1000      9359      0,80      0,00 55015792   62664   0,39  chrome
01:08:33     1000     76014      0,20      0,00 1518513820  347472   2,14  chrome
01:08:33     1000     76063      0,20      0,00 55006444   86720   0,53  chrome
01:08:33     1000    112918      0,80      0,00 6506524  443912   2,73  java

01:08:28      UID       PID   kB_rd/s   kB_wr/s kB_ccwr/s iodelay  Command
01:08:33     1000    112886      0,00      0,93      0,00       0  pidstat
01:08:33     1000    112918      0,00      4,70      0,00       0  java

01:08:33      UID       PID    %usr %system  %guest   %wait    %CPU   CPU  Command
01:08:38        0      1383    0,20    0,00    0,00    0,00    0,20     7  glances
01:08:38        0      1391    0,20    0,00    0,00    0,00    0,20     2  tailscaled
01:08:38        0      1423    0,40    0,20    0,00    0,00    0,60     2  containerd
01:08:38        0      2310    0,20    0,20    0,00    0,00    0,40     3  dockerd
01:08:38      117      2312    0,80    0,00    0,00    0,00    0,80     3  grafana
01:08:38        0      2932    0,20    0,40    0,00    0,00    0,60     6  mount.ntfs-3g
01:08:38        0      2976    0,00    0,20    0,00    0,00    0,20     6  containerd-shim
01:08:38        0      2981    0,20    0,20    0,00    0,00    0,40     0  containerd-shim
01:08:38      999      3130    0,40    0,00    0,00    0,00    0,40     4  redis-server
01:08:38     1000      4708    0,80    0,20    0,00    0,00    1,00     4  gnome-shell
01:08:38     1000      6317    0,60    0,40    0,00    0,00    1,00     6  antigravity
01:08:38     1000      6339    0,60    0,00    0,00    0,00    0,60     1  gnome-terminal-
01:08:38     1000      6757    0,20    0,00    0,00    0,00    0,20     2  antigravity
01:08:38     1000      6820    1,80    0,20    0,00    0,00    2,00     2  antigravity
01:08:38     1000      7059    2,00    1,20    0,00    0,00    3,20     3  language_server
01:08:38     1000      7229    0,40    0,20    0,00    0,00    0,60     6  antigravity
01:08:38     1000      7244    1,40    0,60    0,00    0,00    2,00     4  antigravity
01:08:38     1000      7260    0,80    0,00    0,00    0,00    0,80     2  antigravity
01:08:38     1000      8267    2,00    1,00    0,00    0,00    3,00     7  language_server
01:08:38     1000      9291    0,00    0,20    0,00    0,00    0,20     4  chrome
01:08:38     1000      9519    0,00    0,20    0,00    0,00    0,20     7  chrome
01:08:38     1000     76014    0,00    0,20    0,00    0,00    0,20     5  chrome
01:08:38     1000     76025    0,00    0,20    0,00    0,20    0,20     0  chrome
01:08:38        0    103884    0,00    0,20    0,00    0,00    0,20     4  kworker/4:1-events_power_efficient
01:08:38        0    107286    0,00    0,20    0,00    0,00    0,20     2  kworker/u32:8-flush-8:0
01:08:38        0    112008    0,20    0,00    0,00    0,00    0,20     7  kworker/7:2-mm_percpu_wq
01:08:38     1000    112886    0,00    0,40    0,00    0,00    0,40     1  pidstat
01:08:38     1000    112918    2,20    0,40    0,00    0,00    2,60     1  java
01:08:38        0    114213    0,20    0,00    0,00    0,00    0,20     6  kworker/6:2-events

01:08:33      UID       PID  minflt/s  majflt/s     VSZ     RSS   %MEM  Command
01:08:38        0      2975     12,00      0,00 1235352   13520   0,08  containerd-shim
01:08:38        0      2976     12,00      0,00 1235608   14552   0,09  containerd-shim
01:08:38        0      2977     14,60      0,00 1235352   14752   0,09  containerd-shim
01:08:38        0      2981     11,80      0,00 1235608   14624   0,09  containerd-shim
01:08:38        0      2982     12,00      0,00 1235608   14900   0,09  containerd-shim
01:08:38     1000      4708      1,00      0,00 5454532  346676   2,14  gnome-shell
01:08:38     1000      6317     61,80      0,00 1461668528  314928   1,94  antigravity
01:08:38     1000      6757     30,00      0,00 34359648  170368   1,05  antigravity
01:08:38     1000      6771      0,40      0,00 33903964   81160   0,50  antigravity
01:08:38     1000      6820    216,80      0,00 1461417264  664984   4,10  antigravity
01:08:38     1000      6924      2,20      0,00 1459611392  180164   1,11  antigravity
01:08:38     1000      7059      0,20      0,00 4910056  363416   2,24  language_server
01:08:38     1000      7161      0,20      0,00 33951332   64332   0,40  antigravity
01:08:38     1000      7229     97,40      0,00 1461383544  129484   0,80  antigravity
01:08:38     1000      7244    403,60      0,00 1461351324  285648   1,76  antigravity
01:08:38     1000      7258      3,00      0,00 1461347760  125888   0,78  antigravity
01:08:38     1000      7260     77,80      0,00 1461367100  163892   1,01  antigravity
01:08:38     1000      8356      5,20      0,00 1459530528  101080   0,62  antigravity
01:08:38     1000      9291      6,80      0,00 55435272  374404   2,31  chrome
01:08:38     1000      9342      2,20      0,00 55467700  213696   1,32  chrome
01:08:38     1000      9345      8,00      0,00 54976356  136036   0,84  chrome
01:08:38     1000      9359      0,40      0,00 55015792   62664   0,39  chrome
01:08:38     1000     76014      0,60      0,00 1518513820  347472   2,14  chrome
01:08:38     1000     76063      0,20      0,00 55006444   86720   0,53  chrome
01:08:38     1000    112918      0,40      0,00 6506524  443912   2,73  java

01:08:33      UID       PID   kB_rd/s   kB_wr/s kB_ccwr/s iodelay  Command
01:08:38     1000      6317      0,00      1,60      0,00       0  antigravity
01:08:38     1000    112886      0,00      0,96      0,00       0  pidstat
01:08:38     1000    112918      0,00      3,09      0,00       0  java

01:08:38      UID       PID    %usr %system  %guest   %wait    %CPU   CPU  Command
01:08:43        0        17    0,00    0,20    0,00    0,00    0,20     4  rcu_preempt
01:08:43        0        57    0,00    0,20    0,00    0,00    0,20     6  ksoftirqd/6
01:08:43      115       933    0,20    0,00    0,00    0,00    0,20     4  prometheus
01:08:43        0      1383    0,20    0,00    0,00    0,00    0,20     7  glances
01:08:43        0      1423    0,40    0,00    0,00    0,00    0,40     2  containerd
01:08:43        0      2310    0,00    0,40    0,00    0,00    0,40     3  dockerd
01:08:43      117      2312    0,80    0,20    0,00    0,00    1,00     3  grafana
01:08:43        0      2932    0,20    0,40    0,00    0,00    0,60     7  mount.ntfs-3g
01:08:43        0      2975    0,20    0,00    0,00    0,00    0,20     7  containerd-shim
01:08:43        0      2982    0,20    0,20    0,00    0,00    0,40     1  containerd-shim
01:08:43      999      3130    0,40    0,00    0,00    0,00    0,40     4  redis-server
01:08:43     1000      4708    1,00    0,40    0,00    0,00    1,40     4  gnome-shell
01:08:43     1000      5107    0,00    0,20    0,00    0,00    0,20     0  anydesk
01:08:43     1000      6317    0,40    0,00    0,00    0,00    0,40     6  antigravity
01:08:43     1000      6339    0,40    0,00    0,00    0,00    0,40     0  gnome-terminal-
01:08:43     1000      6820   12,77    0,20    0,00    0,40   12,97     0  antigravity
01:08:43     1000      7059    1,20    1,60    0,00    0,00    2,79     1  language_server
01:08:43     1000      7229    0,00    0,20    0,00    0,00    0,20     0  antigravity
01:08:43     1000      7244    1,20    0,80    0,00    0,20    2,00     4  antigravity
01:08:43     1000      7260    0,40    0,00    0,00    0,00    0,40     2  antigravity
01:08:43     1000      8267    1,20    2,00    0,00    0,00    3,19     7  language_server
01:08:43     1000      8356    0,00    0,20    0,00    0,00    0,20     6  antigravity
01:08:43     1000      9291    0,20    0,00    0,00    0,00    0,20     0  chrome
01:08:43     1000      9519    0,40    0,00    0,00    0,00    0,40     2  chrome
01:08:43     1000     91682    0,00    0,20    0,00    0,00    0,20     4  ssh
01:08:43     1000    112886    0,20    0,20    0,00    0,00    0,40     2  pidstat
01:08:43     1000    112918    1,00    0,80    0,00    0,00    1,80     1  java

01:08:38      UID       PID  minflt/s  majflt/s     VSZ     RSS   %MEM  Command
01:08:43        0      2975     10,58      0,00 1235352   13520   0,08  containerd-shim
01:08:43        0      2976     12,57      0,00 1235608   14808   0,09  containerd-shim
01:08:43        0      2977      8,38      0,00 1235352   14880   0,09  containerd-shim
01:08:43        0      2981     10,98      0,00 1235608   14752   0,09  containerd-shim
01:08:43        0      2982      6,99      0,00 1235608   14900   0,09  containerd-shim
01:08:43     1000      4708      2,00      0,00 5454532  346676   2,14  gnome-shell
01:08:43     1000      6317     31,34      0,00 1461668528  314128   1,94  antigravity
01:08:43     1000      6757      5,39      0,00 34359628  169872   1,05  antigravity
01:08:43     1000      6771      0,80      0,00 33903964   81160   0,50  antigravity
01:08:43     1000      6820    334,33      0,00 1461417264  654700   4,03  antigravity
01:08:43     1000      7161      0,20      0,00 33951332   64332   0,40  antigravity
01:08:43     1000      7229     15,37      0,00 1461383544  129612   0,80  antigravity
01:08:43     1000      7244    349,70      0,00 1461351324  286284   1,76  antigravity
01:08:43     1000      7258      4,39      0,00 1461347760  125888   0,78  antigravity
01:08:43     1000      7260     19,16      0,00 1461367100  164132   1,01  antigravity
01:08:43     1000      8356      5,19      0,00 1459530528  101080   0,62  antigravity
01:08:43     1000      9291     12,77      0,00 55435272  374532   2,31  chrome
01:08:43     1000      9342      2,20      0,00 55467700  213696   1,32  chrome
01:08:43     1000      9345     20,16      0,00 54976356  135876   0,84  chrome
01:08:43     1000      9359      0,40      0,00 55015792   62664   0,39  chrome
01:08:43     1000      9519    357,88      0,00 1518554232  364560   2,25  chrome
01:08:43     1000     76014      0,20      0,00 1518513820  347472   2,14  chrome
01:08:43     1000     76063      0,20      0,00 55006444   86720   0,53  chrome

01:08:38      UID       PID   kB_rd/s   kB_wr/s kB_ccwr/s iodelay  Command
01:08:43     1000      7244      0,00      0,80      0,00       0  antigravity
01:08:43     1000      9291      0,00      3,99      0,00       0  chrome
01:08:43     1000      9345      0,00     22,36      0,00       0  chrome
01:08:43     1000    112886      0,00      1,00      0,00       0  pidstat
01:08:43     1000    112918      0,00      3,09      0,00       0  java

01:08:43      UID       PID    %usr %system  %guest   %wait    %CPU   CPU  Command
01:08:48        0         1    0,00    0,20    0,00    0,00    0,20     1  systemd
01:08:48        0        86    0,00    0,20    0,00    0,00    0,20     1  irq/9-acpi
01:08:48      990       903    0,80    0,20    0,00    0,00    1,00     5  dbus-daemon
01:08:48      986       924    0,20    0,00    0,00    0,00    0,20     5  polkitd
01:08:48      115       930    1,20    0,60    0,00    0,00    1,80     7  prometheus-node
01:08:48      115       933    0,20    0,00    0,00    0,00    0,20     4  prometheus
01:08:48        0      1411    0,00    0,20    0,00    0,00    0,20     0  anydesk
01:08:48        0      1423    0,00    0,20    0,00    0,00    0,20     2  containerd
01:08:48        0      2310    0,60    0,20    0,00    0,00    0,80     3  dockerd
01:08:48      117      2312    0,20    0,60    0,00    0,00    0,80     3  grafana
01:08:48        0      2932    0,20    0,60    0,00    0,00    0,80     7  mount.ntfs-3g
01:08:48        0      2977    0,20    0,20    0,00    0,00    0,40     7  containerd-shim
01:08:48        0      2981    0,20    0,00    0,00    0,00    0,20     0  containerd-shim
01:08:48      999      3130    0,40    0,00    0,00    0,00    0,40     7  redis-server
01:08:48     1000      4708    0,60    0,60    0,00    0,00    1,20     1  gnome-shell
01:08:48     1000      6317    0,20    0,00    0,00    0,00    0,20     0  antigravity
01:08:48     1000      6339    0,80    0,00    0,00    0,00    0,80     6  gnome-terminal-
01:08:48     1000      6757    0,20    0,20    0,00    0,00    0,40     2  antigravity
01:08:48     1000      6820    1,40    0,20    0,00    0,00    1,60     3  antigravity
01:08:48     1000      7059    3,00    0,80    0,00    0,00    3,80     0  language_server
01:08:48     1000      7244    1,60    0,60    0,00    0,00    2,20     6  antigravity
01:08:48     1000      7260    0,40    0,20    0,00    0,00    0,60     5  antigravity
01:08:48     1000      8267    1,00    2,40    0,00    0,00    3,40     7  language_server
01:08:48     1000      8356    0,00    0,20    0,00    0,00    0,20     7  antigravity
01:08:48     1000      9291    0,20    0,20    0,00    0,00    0,40     2  chrome
01:08:48     1000      9519    0,20    0,00    0,00    0,00    0,20     4  chrome
01:08:48     1000     98039    0,20    0,00    0,00    0,00    0,20     6  antigravity
01:08:48        0    104590    0,00    0,20    0,00    0,00    0,20     3  kworker/3:1-events
01:08:48     1000    112886    0,20    0,40    0,00    0,00    0,60     7  pidstat
01:08:48     1000    112918    9,80    0,40    0,00    0,00   10,20     1  java

01:08:43      UID       PID  minflt/s  majflt/s     VSZ     RSS   %MEM  Command
01:08:48      115       930     67,00      0,00 1762312   25544   0,16  prometheus-node
01:08:48        0      2975      5,60      0,00 1235352   13904   0,09  containerd-shim
01:08:48        0      2976      0,20      0,00 1235608   14808   0,09  containerd-shim
01:08:48        0      2977      7,40      0,00 1235352   15008   0,09  containerd-shim
01:08:48        0      2982      1,80      0,00 1235608   15028   0,09  containerd-shim
01:08:48     1000      4708      5,40      0,00 5454532  346676   2,14  gnome-shell
01:08:48     1000      6317     34,00      0,00 1461668528  314116   1,94  antigravity
01:08:48     1000      6757     24,40      0,00 34361804  170256   1,05  antigravity
01:08:48     1000      6771      1,80      0,00 33903964   81028   0,50  antigravity
01:08:48     1000      6820    200,40      0,00 1461419440  656536   4,04  antigravity
01:08:48     1000      7161      0,40      0,00 33951332   64332   0,40  antigravity
01:08:48     1000      7229      7,00      0,00 1461383544  129612   0,80  antigravity
01:08:48     1000      7244    321,00      0,00 1461351324  286224   1,76  antigravity
01:08:48     1000      7258      2,80      0,00 1461347760  125888   0,78  antigravity
01:08:48     1000      7260     18,40      0,00 1461367100  164180   1,01  antigravity
01:08:48     1000      8356      5,40      0,00 1459530528  101080   0,62  antigravity
01:08:48     1000      9291     13,80      0,00 55435272  374532   2,31  chrome
01:08:48     1000      9342      2,20      0,00 55467700  213696   1,32  chrome
01:08:48     1000      9345      3,80      0,00 54976356  135876   0,84  chrome
01:08:48     1000      9359      0,40      0,00 55015792   62664   0,39  chrome
01:08:48     1000     76014      0,60      0,00 1518513820  347472   2,14  chrome
01:08:48     1000     76063      0,40      0,00 55006444   86720   0,53  chrome
01:08:48     1000    112918    605,00      0,00 6506524  455944   2,81  java

01:08:43      UID       PID   kB_rd/s   kB_wr/s kB_ccwr/s iodelay  Command
01:08:48     1000      9291      0,00      0,80      0,00       0  chrome
01:08:48     1000    112886      0,00      0,96      0,00       0  pidstat
01:08:48     1000    112918      0,00      4,64      0,00       0  java

01:08:48      UID       PID    %usr %system  %guest   %wait    %CPU   CPU  Command
01:08:53      115       933    0,20    0,00    0,00    0,00    0,20     4  prometheus
01:08:53        0      1383    0,20    0,00    0,00    0,00    0,20     7  glances
01:08:53        0      1391    0,20    0,00    0,00    0,00    0,20     1  tailscaled
01:08:53        0      1423    0,40    0,00    0,00    0,00    0,40     2  containerd
01:08:53        0      2310    0,20    0,20    0,00    0,00    0,40     3  dockerd
01:08:53      117      2312    0,60    0,20    0,00    0,00    0,80     3  grafana
01:08:53        0      2932    0,40    0,40    0,00    0,00    0,80     6  mount.ntfs-3g
01:08:53        0      2975    0,00    0,20    0,00    0,00    0,20     7  containerd-shim
01:08:53        0      2976    0,20    0,00    0,00    0,00    0,20     6  containerd-shim
01:08:53      999      3130    0,40    0,20    0,00    0,00    0,60     7  redis-server
01:08:53     1000      4708    0,60    0,40    0,00    0,00    1,00     4  gnome-shell
01:08:53     1000      6317    0,40    0,00    0,00    0,00    0,40     1  antigravity
01:08:53     1000      6339    0,60    0,20    0,00    0,00    0,80     6  gnome-terminal-
01:08:53     1000      6820    1,20    0,20    0,00    0,00    1,40     3  antigravity
01:08:53     1000      7059    1,80    1,60    0,00    0,00    3,40     4  language_server
01:08:53     1000      7229    0,20    0,20    0,00    0,00    0,40     5  antigravity
01:08:53     1000      7244    1,60    0,60    0,00    0,00    2,20     2  antigravity
01:08:53     1000      7260    0,60    0,00    0,00    0,00    0,60     5  antigravity
01:08:53     1000      8267    0,80    2,40    0,00    0,00    3,20     7  language_server
01:08:53     1000      9519    0,20    0,20    0,00    0,00    0,40     2  chrome
01:08:53     1000     76014    0,20    0,00    0,00    0,00    0,20     6  chrome
01:08:53     1000    112886    0,00    0,40    0,00    0,00    0,40     7  pidstat
01:08:53     1000    112918    5,00    0,40    0,00    0,00    5,40     1  java

01:08:48      UID       PID  minflt/s  majflt/s     VSZ     RSS   %MEM  Command
01:08:53        0      2975     12,80      0,00 1235352   14032   0,09  containerd-shim
01:08:53        0      2976      5,80      0,00 1235608   14808   0,09  containerd-shim
01:08:53        0      2977     13,20      0,00 1235352   15392   0,09  containerd-shim
01:08:53        0      2981      0,80      0,00 1235608   14752   0,09  containerd-shim
01:08:53        0      2982      0,60      0,00 1235608   15156   0,09  containerd-shim
01:08:53     1000      4708      0,40      0,00 5454468  346676   2,14  gnome-shell
01:08:53     1000      6317     35,00      0,00 1461668528  314628   1,94  antigravity
01:08:53     1000      6757      5,60      0,00 34361804  170256   1,05  antigravity
01:08:53     1000      6771      0,40      0,00 33903964   81028   0,50  antigravity
01:08:53     1000      6820    199,00      0,00 1461419440  659052   4,06  antigravity
01:08:53     1000      7161      0,20      0,00 33951332   64332   0,40  antigravity
01:08:53     1000      7229      2,00      0,00 1461383544  129484   0,80  antigravity
01:08:53     1000      7244    386,40      0,00 1461351324  286148   1,76  antigravity
01:08:53     1000      7258      6,00      0,00 1461347760  125888   0,78  antigravity
01:08:53     1000      7260     21,60      0,00 1461367100  163852   1,01  antigravity
01:08:53     1000      8356      5,20      0,00 1459530528  101080   0,62  antigravity
01:08:53     1000      9291      7,80      0,00 55435272  374532   2,31  chrome
01:08:53     1000      9342      4,40      0,00 55467700  213696   1,32  chrome
01:08:53     1000      9345      3,80      0,00 54976356  135876   0,84  chrome
01:08:53     1000      9359      0,80      0,00 55015792   62664   0,39  chrome
01:08:53     1000     76014      0,40      0,00 1518513820  347472   2,14  chrome
01:08:53     1000     76063      0,20      0,00 55006444   86720   0,53  chrome
01:08:53     1000    112918      9,80      0,00 6506524  443284   2,73  java

01:08:48      UID       PID   kB_rd/s   kB_wr/s kB_ccwr/s iodelay  Command
01:08:53     1000      7244      0,00      0,80      0,00       0  antigravity
01:08:53     1000      9291      0,00      4,00      0,00       0  chrome
01:08:53     1000    112886      0,00      0,98      0,00       0  pidstat
01:08:53     1000    112918      0,00      3,32      0,00       0  java

Rata-rata:    UID       PID    %usr %system  %guest   %wait    %CPU   CPU  Command
Rata-rata:      0         1    0,08    0,02    0,00    0,00    0,11     -  systemd
Rata-rata:      0        16    0,00    0,00    0,00    0,00    0,00     -  ksoftirqd/0
Rata-rata:      0        17    0,00    0,03    0,00    0,03    0,03     -  rcu_preempt
Rata-rata:      0        39    0,00    0,01    0,00    0,00    0,01     -  ksoftirqd/3
Rata-rata:      0        44    0,00    0,00    0,00    0,00    0,00     -  migration/4
Rata-rata:      0        57    0,00    0,01    0,00    0,00    0,01     -  ksoftirqd/6
Rata-rata:      0        80    0,00    0,00    0,00    0,00    0,00     -  kcompactd0
Rata-rata:      0        86    0,00    0,05    0,00    0,00    0,05     -  irq/9-acpi
Rata-rata:      0        96    0,00    0,00    0,00    0,00    0,00     -  kworker/0:1H-kblockd
Rata-rata:      0       120    0,00    0,02    0,00    0,36    0,02     -  kworker/u33:0-i915_flip
Rata-rata:      0       211    0,00    0,00    0,00    0,00    0,00     -  kworker/7:1H-kblockd
Rata-rata:      0       233    0,00    0,00    0,00    0,00    0,00     -  kworker/6:1H-events_highpri
Rata-rata:      0       317    0,00    0,01    0,00    0,00    0,01     -  jbd2/sda6-8
Rata-rata:      0       376    0,00    0,00    0,00    0,00    0,01     -  systemd-journal
Rata-rata:      0       408    0,01    0,01    0,00    0,01    0,02     -  systemd-udevd
Rata-rata:    102       898    0,00    0,00    0,00    0,00    0,01     -  avahi-daemon
Rata-rata:    990       903    0,27    0,03    0,00    0,00    0,30     -  dbus-daemon
Rata-rata:    986       924    0,01    0,00    0,00    0,00    0,01     -  polkitd
Rata-rata:    115       930    0,38    0,17    0,00    0,00    0,55     -  prometheus-node
Rata-rata:    115       933    0,15    0,01    0,00    0,00    0,16     -  prometheus
Rata-rata:      0       942    0,00    0,00    0,00    0,00    0,00     -  systemd-logind
Rata-rata:      0       943    0,00    0,00    0,00    0,00    0,01     -  udisksd
Rata-rata:      0      1079    0,01    0,01    0,00    0,00    0,02     -  NetworkManager
Rata-rata:      0      1081    0,00    0,00    0,00    0,00    0,00     -  psimon
Rata-rata:      0      1383    0,13    0,01    0,00    0,00    0,14     -  glances
Rata-rata:      0      1391    0,08    0,05    0,00    0,00    0,13     -  tailscaled
Rata-rata:      0      1411    0,00    0,03    0,00    0,00    0,03     -  anydesk
Rata-rata:      0      1423    0,34    0,13    0,00    0,00    0,47     -  containerd
Rata-rata:    111      1503    0,01    0,00    0,00    0,00    0,01     -  mariadbd
Rata-rata:      0      1554    0,00    0,00    0,00    0,00    0,00     -  apache2
Rata-rata:    114      1629    0,00    0,00    0,00    0,00    0,00     -  postgres
Rata-rata:      0      2123    0,00    0,01    0,00    0,00    0,01     -  upowerd
Rata-rata:      0      2310    0,38    0,23    0,00    0,00    0,61     -  dockerd
Rata-rata:    117      2312    0,63    0,34    0,00    0,00    0,97     -  grafana
Rata-rata:      0      2932    0,21    0,23    0,00    0,00    0,43     -  mount.ntfs-3g
Rata-rata:      0      2975    0,06    0,06    0,00    0,00    0,12     -  containerd-shim
Rata-rata:      0      2976    0,07    0,04    0,00    0,00    0,11     -  containerd-shim
Rata-rata:      0      2977    0,06    0,05    0,00    0,00    0,12     -  containerd-shim
Rata-rata:      0      2981    0,06    0,05    0,00    0,00    0,11     -  containerd-shim
Rata-rata:      0      2982    0,06    0,06    0,00    0,00    0,12     -  containerd-shim
Rata-rata:    999      3130    0,38    0,05    0,00    0,00    0,44     -  redis-server
Rata-rata:     70      3571    0,00    0,00    0,00    0,00    0,00     -  postgres
Rata-rata:    117      3601    0,00    0,00    0,00    0,00    0,00     -  gpx_grafana_ela
Rata-rata:   1000      4549    0,02    0,01    0,00    0,00    0,03     -  systemd
Rata-rata:   1000      4569    0,01    0,00    0,00    0,00    0,01     -  dbus-daemon
Rata-rata:   1000      4570    0,01    0,00    0,00    0,00    0,01     -  pipewire
Rata-rata:   1000      4573    0,01    0,00    0,00    0,00    0,01     -  wireplumber
Rata-rata:   1000      4574    0,00    0,00    0,00    0,00    0,00     -  pipewire-pulse
Rata-rata:   1000      4708    0,96    0,36    0,00    0,01    1,33     -  gnome-shell
Rata-rata:   1000      5021    0,01    0,01    0,00    0,00    0,02     -  gsd-housekeepin
Rata-rata:   1000      5043    0,01    0,00    0,00    0,00    0,01     -  gnome-software
Rata-rata:   1000      5050    0,00    0,00    0,00    0,00    0,00     -  gsd-rfkill
Rata-rata:   1000      5055    0,01    0,00    0,00    0,00    0,01     -  gsd-sharing
Rata-rata:   1000      5107    0,01    0,01    0,00    0,00    0,02     -  anydesk
Rata-rata:   1000      5268    0,00    0,01    0,00    0,00    0,01     -  gvfs-udisks2-vo
Rata-rata:   1000      5331    0,00    0,00    0,00    0,00    0,01     -  goa-daemon
Rata-rata:   1000      5351    0,00    0,00    0,00    0,00    0,00     -  goa-identity-se
Rata-rata:   1000      5364    0,00    0,00    0,00    0,00    0,00     -  gvfs-afc-volume
Rata-rata:   1000      5504    0,00    0,00    0,00    0,01    0,01     -  xdg-desktop-por
Rata-rata:   1000      5586    0,00    0,00    0,00    0,27    0,00     -  gvfsd-trash
Rata-rata:   1000      5872    0,00    0,00    0,00    0,00    0,00     -  xdg-desktop-por
Rata-rata:      0      5954    0,01    0,00    0,00    0,00    0,01     -  fwupd
Rata-rata:   1000      6317    0,22    0,07    0,00    0,00    0,30     -  antigravity
Rata-rata:   1000      6339    0,71    0,03    0,00    0,01    0,74     -  gnome-terminal-
Rata-rata:   1000      6757    0,10    0,02    0,00    0,00    0,12     -  antigravity
Rata-rata:   1000      6771    0,00    0,00    0,00    0,00    0,00     -  antigravity
Rata-rata:   1000      6820    2,98    0,25    0,00    0,02    3,23     -  antigravity
Rata-rata:   1000      7059    1,67    1,54    0,00    0,02    3,21     -  language_server
Rata-rata:   1000      7161    0,00    0,00    0,00    0,00    0,00     -  antigravity
Rata-rata:   1000      7229    0,22    0,14    0,00    0,00    0,35     -  antigravity
Rata-rata:   1000      7244    1,84    0,40    0,00    0,01    2,24     -  antigravity
Rata-rata:   1000      7258    0,01    0,00    0,00    0,00    0,01     -  antigravity
Rata-rata:   1000      7260    0,60    0,09    0,00    0,01    0,68     -  antigravity
Rata-rata:   1000      8267    1,70    1,43    0,00    0,00    3,13     -  language_server
Rata-rata:   1000      8356    0,07    0,04    0,00    0,06    0,11     -  antigravity
Rata-rata:   1000      8393    0,00    0,00    0,00    0,00    0,01     -  antigravity
Rata-rata:   1000      9291    0,14    0,07    0,00    0,01    0,22     -  chrome
Rata-rata:   1000      9342    0,01    0,00    0,00    0,00    0,01     -  chrome
Rata-rata:   1000      9345    0,03    0,01    0,00    1,92    0,04     -  chrome
Rata-rata:   1000      9359    0,01    0,01    0,00    1,08    0,02     -  chrome
Rata-rata:   1000      9390    0,01    0,01    0,00    1,29    0,02     -  chrome
Rata-rata:   1000      9500    0,02    0,00    0,00    0,00    0,02     -  chrome
Rata-rata:   1000      9519    0,17    0,03    0,00    0,65    0,20     -  chrome
Rata-rata:   1000     76014    0,01    0,01    0,00    0,51    0,03     -  chrome
Rata-rata:   1000     76025    0,01    0,01    0,00    0,33    0,02     -  chrome
Rata-rata:   1000     76063    0,01    0,01    0,00    0,33    0,01     -  chrome
Rata-rata:      0     78088    0,00    0,01    0,00    0,02    0,01     -  kworker/u32:6-events_unbound
Rata-rata:   1000     91682    0,03    0,04    0,00    0,00    0,07     -  ssh
Rata-rata:      0     93905    0,00    0,01    0,00    0,00    0,01     -  kworker/u32:7-events_unbound
Rata-rata:   1000     98039    0,05    0,01    0,00    0,16    0,06     -  antigravity
Rata-rata:      0     99361    0,00    0,01    0,00    0,00    0,01     -  kworker/u32:3-flush-8:0
Rata-rata:      0    102824    0,00    0,01    0,00    0,01    0,01     -  kworker/1:1-mm_percpu_wq
Rata-rata:      0    103256    0,00    0,01    0,00    0,00    0,01     -  kworker/u32:4-flush-8:0
Rata-rata:      0    103884    0,00    0,01    0,00    0,01    0,01     -  kworker/4:1-mm_percpu_wq
Rata-rata:      0    104590    0,00    0,01    0,00    0,01    0,01     -  kworker/3:1-events
Rata-rata:      0    107286    0,00    0,01    0,00    0,00    0,01     -  kworker/u32:8-flush-8:0
Rata-rata:      0    108361    0,00    0,01    0,00    0,01    0,01     -  kworker/5:0-events
Rata-rata:      0    108416    0,00    0,00    0,00    0,00    0,01     -  cups-browsed
Rata-rata:     33    108423    0,00    0,00    0,00    0,00    0,00     -  apache2
Rata-rata:      0    109477    0,00    0,00    0,00    0,00    0,00     -  kworker/0:2-events
Rata-rata:      0    109833    0,00    0,00    0,00    0,00    0,00     -  kworker/2:0-mm_percpu_wq
Rata-rata:      0    111731    0,00    0,02    0,00    0,02    0,02     -  kworker/6:1-events
Rata-rata:      0    111971    0,01    0,00    0,00    0,00    0,01     -  kworker/0:1-events
Rata-rata:      0    112008    0,01    0,00    0,00    0,01    0,01     -  kworker/7:2-mm_percpu_wq
Rata-rata:      0    112264    0,00    0,01    0,00    0,01    0,01     -  kworker/2:2-events
Rata-rata:      0    112873    0,00    0,00    0,00   19,56    0,00     -  kworker/u32:0-ext4-rsv-conversion
Rata-rata:   1000    112886    0,16    0,28    0,00    0,00    0,44     -  pidstat
Rata-rata:   1000    112918    5,53    0,91    0,00    0,00    6,44     -  java
Rata-rata:      0    113918    0,00    0,00    0,00    0,00    0,00     -  kworker/3:2-events
Rata-rata:      0    114184    0,01    0,00    0,00    0,00    0,01     -  kworker/0:0-mm_percpu_wq
Rata-rata:      0    114213    0,02    0,00    0,00    0,02    0,02     -  kworker/6:2-i915-unordered

Rata-rata:    UID       PID  minflt/s  majflt/s     VSZ     RSS   %MEM  Command
Rata-rata:      0         1      0,00      0,00   24788   14916   0,09  systemd
Rata-rata:      0       376      3,93      0,00  188968  108948   0,67  systemd-journal
Rata-rata:      0       408      7,76      0,00   37544   10908   0,07  systemd-udevd
Rata-rata:      0       902      0,03      0,00    6792    2752   0,02  cron
Rata-rata:    115       930     26,36      0,00 1762312   25514   0,16  prometheus-node
Rata-rata:    115       933      2,00      0,00 2711492  114185   0,70  prometheus
Rata-rata:      0      1391      0,01      0,00 1421316   93574   0,58  tailscaled
Rata-rata:      0      1423      2,34      0,00 2463900   70834   0,44  containerd
Rata-rata:    114      1526      0,31      0,00  218252   29568   0,18  postgres
Rata-rata:      0      2310      0,03      0,00 3498856  111945   0,69  dockerd
Rata-rata:    117      2312      0,16      0,00 1765218  349858   2,16  grafana
Rata-rata:      0      2975      7,88      0,00 1235352   13823   0,09  containerd-shim
Rata-rata:      0      2976      7,47      0,00 1235608   14641   0,09  containerd-shim
Rata-rata:      0      2977      7,57      0,00 1235352   14740   0,09  containerd-shim
Rata-rata:      0      2981      7,17      0,00 1235608   14480   0,09  containerd-shim
Rata-rata:      0      2982      6,98      0,00 1235608   14958   0,09  containerd-shim
Rata-rata:     70      3117      0,35      0,00  174540   25424   0,16  postgres
Rata-rata:      0      3144      0,00      0,00  743676   80044   0,49  node
Rata-rata:   1000      4570      0,60      0,00  104107   14744   0,09  pipewire
Rata-rata:   1000      4574      0,61      0,00  110852   15837   0,10  pipewire-pulse
Rata-rata:   1000      4708      3,75      0,00 5454508  346648   2,14  gnome-shell
Rata-rata:   1000      5504      0,01      0,00  778332   19920   0,12  xdg-desktop-por
Rata-rata:   1000      6317     35,06      0,00 1461668528  315184   1,94  antigravity
Rata-rata:   1000      6757      5,46      0,00 34350848  169991   1,05  antigravity
Rata-rata:   1000      6771      0,55      0,00 33903964   81156   0,50  antigravity
Rata-rata:   1000      6820    153,17      0,00 1461417382  660720   4,07  antigravity
Rata-rata:   1000      6924      0,09      0,00 1459611392  180201   1,11  antigravity
Rata-rata:   1000      7059      1,81      0,00 4910056  363944   2,24  language_server
Rata-rata:   1000      7161      0,25      0,00 33951332   64332   0,40  antigravity
Rata-rata:   1000      7229     46,31      0,00 1461383544  129252   0,80  antigravity
Rata-rata:   1000      7244    179,04      0,00 1461351324  306707   1,89  antigravity
Rata-rata:   1000      7258      3,71      0,00 1461347760  125886   0,78  antigravity
Rata-rata:   1000      7260      9,59      0,00 1461367100  163650   1,01  antigravity
Rata-rata:   1000      8267      0,00      0,00 4901536  357112   2,20  language_server
Rata-rata:   1000      8356      5,25      0,00 1459530528  101037   0,62  antigravity
Rata-rata:   1000      9291     11,05      0,00 55435272  374526   2,31  chrome
Rata-rata:   1000      9342      2,77      0,00 55467700  213696   1,32  chrome
Rata-rata:   1000      9345      6,06      0,00 54976356  135763   0,84  chrome
Rata-rata:   1000      9359      0,50      0,00 55015792   62664   0,39  chrome
Rata-rata:   1000      9519     28,93      0,00 1518554232  357681   2,20  chrome
Rata-rata:   1000     76014      0,44      0,00 1518513820  347208   2,14  chrome
Rata-rata:   1000     76025      0,03      0,00 1518490664  121120   0,75  chrome
Rata-rata:   1000     76063      0,26      0,00 55006444   86720   0,53  chrome
Rata-rata:   1000     99008      0,22      0,00    7664    3936   0,02  bash
Rata-rata:   1000    112886      0,15      0,00    6301    5050   0,03  pidstat
Rata-rata:   1000    112887      0,07      0,00    2676    1556   0,01  jmeter
Rata-rata:   1000    112918    193,45      0,00 6506524  354765   2,19  java

Rata-rata:    UID       PID   kB_rd/s   kB_wr/s kB_ccwr/s iodelay  Command
Rata-rata:   1000      4573      0,00      0,01      0,00       0  wireplumber
Rata-rata:   1000      4708      0,00      1,24      0,00       0  gnome-shell
Rata-rata:   1000      6317      0,00      0,06      0,00       0  antigravity
Rata-rata:   1000      6771      0,00      0,03      0,00       0  antigravity
Rata-rata:   1000      7244      0,00      0,09      0,00       0  antigravity
Rata-rata:   1000      9291      0,00      2,89      0,00       0  chrome
Rata-rata:   1000      9345      0,00      1,96      0,00       0  chrome
Rata-rata:   1000      9359      0,00      0,01      0,00       0  chrome
Rata-rata:   1000     99008      0,00      2,94      1,24       0  bash
Rata-rata:   1000    112886      0,00      0,99      0,00       0  pidstat
Rata-rata:   1000    112918      0,00      2,80      0,00       0  java
