Linux 6.12.94+deb13-amd64 (debian) 	02/07/26 	_x86_64_	(8 CPU)

00:53:13      UID       PID    %usr %system  %guest   %wait    %CPU   CPU  Command
00:53:18        0         1    0,00    0,20    0,00    0,00    0,20     7  systemd
00:53:18        0        86    0,00    0,20    0,00    0,00    0,20     1  irq/9-acpi
00:53:18        0       120    0,00    0,20    0,00    0,00    0,20     4  kworker/u33:0-i915_flip
00:53:18      990       903    0,60    0,20    0,00    0,00    0,80     3  dbus-daemon
00:53:18      115       930    0,80    0,80    0,00    0,00    1,59     2  prometheus-node
00:53:18      115       933    0,40    0,00    0,00    0,00    0,40     0  prometheus
00:53:18        0      1383    0,20    0,00    0,00    0,00    0,20     7  glances
00:53:18        0      1391    0,00    0,20    0,00    0,00    0,20     7  tailscaled
00:53:18        0      1423    0,40    0,00    0,00    0,00    0,40     2  containerd
00:53:18        0      2310    0,20    0,20    0,00    0,00    0,40     4  dockerd
00:53:18      117      2312    0,40    0,40    0,00    0,00    0,80     3  grafana
00:53:18        0      2932    0,00    0,20    0,00    0,00    0,20     7  mount.ntfs-3g
00:53:18        0      2975    0,20    0,00    0,00    0,00    0,20     7  containerd-shim
00:53:18        0      2981    0,00    0,20    0,00    0,00    0,20     0  containerd-shim
00:53:18      999      3130    0,40    0,00    0,00    0,00    0,40     1  redis-server
00:53:18     1000      4708    1,79    0,40    0,00    0,00    2,19     5  gnome-shell
00:53:18     1000      6317    0,80    0,00    0,00    0,00    0,80     6  antigravity
00:53:18     1000      6339    0,80    0,00    0,00    0,00    0,80     2  gnome-terminal-
00:53:18     1000      6757    1,99    0,40    0,00    0,00    2,39     6  antigravity
00:53:18     1000      6820   15,31    0,40    0,00    0,20   15,71     2  antigravity
00:53:18     1000      7059    1,39    1,39    0,00    0,40    2,78     3  language_server
00:53:18     1000      7229    0,40    0,20    0,00    0,00    0,60     4  antigravity
00:53:18     1000      7244    1,59    0,20    0,00    0,00    1,79     3  antigravity
00:53:18     1000      7260    2,58    0,00    0,00    0,00    2,58     2  antigravity
00:53:18     1000      8267    1,39    1,19    0,00    0,00    2,58     7  language_server
00:53:18     1000      9291    0,20    0,00    0,00    0,00    0,20     7  chrome
00:53:18     1000      9519    0,20    0,00    0,00    0,00    0,20     2  chrome
00:53:18        0     93905    0,00    0,20    0,00    0,00    0,20     5  kworker/u32:7-i915
00:53:18     1000     98039    0,20    0,00    0,00    0,00    0,20     7  antigravity
00:53:18     1000    108954    0,20    0,20    0,00    0,00    0,40     2  pidstat
00:53:18     1000    108986  101,59    5,77    0,00    0,00  107,36     0  java

00:53:13      UID       PID  minflt/s  majflt/s     VSZ     RSS   %MEM  Command
00:53:18      115       930     66,80      0,00 1762312   25988   0,16  prometheus-node
00:53:18      114      1526      3,78      0,00  218252   29568   0,18  postgres
00:53:18        0      2975      0,99      0,00 1235352   13804   0,09  containerd-shim
00:53:18        0      2976      1,59      0,00 1235608   14548   0,09  containerd-shim
00:53:18        0      2981      0,40      0,00 1235608   14636   0,09  containerd-shim
00:53:18        0      2982      3,98      0,00 1235608   15016   0,09  containerd-shim
00:53:18     1000      4708      1,39      0,00 5454468  346752   2,14  gnome-shell
00:53:18     1000      6317     35,59      0,00 1461668528  315556   1,94  antigravity
00:53:18     1000      6757     54,47      0,00 34362428  170012   1,05  antigravity
00:53:18     1000      6771      0,60      0,00 33903964   81292   0,50  antigravity
00:53:18     1000      6820    443,34      0,00 1461417264  660128   4,07  antigravity
00:53:18     1000      7161      0,20      0,00 33951332   64332   0,40  antigravity
00:53:18     1000      7229     85,09      0,00 1461383544  129628   0,80  antigravity
00:53:18     1000      7244     27,63      0,00 1461351324  379924   2,34  antigravity
00:53:18     1000      7258      2,58      0,00 1461347760  125636   0,77  antigravity
00:53:18     1000      7260      8,95      0,00 1461367100  164280   1,01  antigravity
00:53:18     1000      8356      5,17      0,00 1459530528  101100   0,62  antigravity
00:53:18     1000      9291      7,16      0,00 55435272  374076   2,30  chrome
00:53:18     1000      9342      2,19      0,00 55467700  213696   1,32  chrome
00:53:18     1000      9345      8,35      0,00 54976356  135672   0,84  chrome
00:53:18     1000      9359      0,60      0,00 55015792   62664   0,39  chrome
00:53:18     1000     76014      0,40      0,00 1518513820  345680   2,13  chrome
00:53:18     1000     76063      0,20      0,00 55006444   86720   0,53  chrome
00:53:18     1000    108954      0,80      0,00    6184    4980   0,03  pidstat
00:53:18     1000    108955     12,33      0,00    2676    1716   0,01  jmeter
00:53:18     1000    108986   7678,53      0,00 6198124  245368   1,51  java

00:53:13      UID       PID   kB_rd/s   kB_wr/s kB_ccwr/s iodelay  Command
00:53:18     1000      9291      0,00      1,59      0,00       0  chrome
00:53:18     1000    108986      0,00      2,15      0,00       0  java

00:53:18      UID       PID    %usr %system  %guest   %wait    %CPU   CPU  Command
00:53:23        0        17    0,00    0,20    0,00    0,00    0,20     7  rcu_preempt
00:53:23        0      1391    0,20    0,20    0,00    0,00    0,40     2  tailscaled
00:53:23        0      1423    0,40    0,20    0,00    0,00    0,60     2  containerd
00:53:23        0      2123    0,20    0,00    0,00    0,00    0,20     5  upowerd
00:53:23        0      2310    0,40    0,40    0,00    0,00    0,80     4  dockerd
00:53:23      117      2312    0,80    0,20    0,00    0,00    1,00     3  grafana
00:53:23        0      2932    0,20    0,20    0,00    0,00    0,40     2  mount.ntfs-3g
00:53:23        0      2977    0,20    0,00    0,00    0,00    0,20     7  containerd-shim
00:53:23      999      3130    0,40    0,00    0,00    0,00    0,40     6  redis-server
00:53:23     1000      4708    1,00    0,20    0,00    0,00    1,20     6  gnome-shell
00:53:23     1000      6317    0,20    0,00    0,00    0,00    0,20     6  antigravity
00:53:23     1000      6339    0,40    0,00    0,00    0,00    0,40     2  gnome-terminal-
00:53:23     1000      6820    1,00    0,20    0,00    0,00    1,20     1  antigravity
00:53:23     1000      7059    1,80    1,60    0,00    0,00    3,40     2  language_server
00:53:23     1000      7229    0,40    0,00    0,00    0,00    0,40     1  antigravity
00:53:23     1000      7244    1,40    0,20    0,00    0,00    1,60     4  antigravity
00:53:23     1000      7260    0,40    0,40    0,00    0,00    0,80     5  antigravity
00:53:23     1000      8267    1,80    0,80    0,00    0,00    2,60     7  language_server
00:53:23     1000      8356    0,00    0,20    0,00    0,00    0,20     5  antigravity
00:53:23     1000      9291    0,20    0,00    0,00    0,00    0,20     7  chrome
00:53:23     1000    108954    0,00    0,40    0,00    0,00    0,40     5  pidstat
00:53:23     1000    108986    5,00    0,40    0,00    0,00    5,40     0  java

00:53:18      UID       PID  minflt/s  majflt/s     VSZ     RSS   %MEM  Command
00:53:23        0      1423      0,00      0,00 2463900   69992   0,43  containerd
00:53:23        0      2975      8,80      0,00 1235352   13932   0,09  containerd-shim
00:53:23        0      2976      0,20      0,00 1235608   14548   0,09  containerd-shim
00:53:23        0      2977      4,00      0,00 1235352   14900   0,09  containerd-shim
00:53:23        0      2981      1,40      0,00 1235608   14636   0,09  containerd-shim
00:53:23        0      2982      0,40      0,00 1235608   15016   0,09  containerd-shim
00:53:23     1000      4708      6,40      0,00 5454468  346752   2,14  gnome-shell
00:53:23     1000      6317     34,20      0,00 1461668528  315140   1,94  antigravity
00:53:23     1000      6757      4,80      0,00 34354236  170012   1,05  antigravity
00:53:23     1000      6771      1,20      0,00 33903964   81292   0,50  antigravity
00:53:23     1000      6820    113,40      0,00 1461417264  661776   4,08  antigravity
00:53:23     1000      7161      0,20      0,00 33951332   64332   0,40  antigravity
00:53:23     1000      7229    133,20      0,00 1461383544  129440   0,80  antigravity
00:53:23     1000      7244     21,80      0,00 1461351324  380308   2,34  antigravity
00:53:23     1000      7258      3,00      0,00 1461347760  125636   0,77  antigravity
00:53:23     1000      7260      3,40      0,00 1461367100  164280   1,01  antigravity
00:53:23     1000      8356      5,40      0,00 1459530528  101100   0,62  antigravity
00:53:23     1000      9291     11,20      0,00 55435272  374076   2,30  chrome
00:53:23     1000      9342      2,20      0,00 55467700  213696   1,32  chrome
00:53:23     1000      9345      4,20      0,00 54976356  135672   0,84  chrome
00:53:23     1000      9359      0,60      0,00 55015792   62664   0,39  chrome
00:53:23     1000      9519      0,00      0,00 1518554232  352584   2,17  chrome
00:53:23     1000     76014      0,60      0,00 1518513820  345808   2,13  chrome
00:53:23     1000     76063      0,20      0,00 55006444   86720   0,53  chrome
00:53:23     1000    108954      0,40      0,00    6184    4980   0,03  pidstat
00:53:23     1000    108986     46,00      0,00 6198124  242004   1,49  java

00:53:18      UID       PID   kB_rd/s   kB_wr/s kB_ccwr/s iodelay  Command
00:53:23     1000      6317      0,00      2,40      0,00       0  antigravity
00:53:23     1000      9291      0,00      8,80      0,00       0  chrome
00:53:23     1000    108954      0,00      1,03      0,00       0  pidstat
00:53:23     1000    108986      0,00      0,17      0,00       0  java

00:53:23      UID       PID    %usr %system  %guest   %wait    %CPU   CPU  Command
00:53:28        0        39    0,00    0,20    0,00    0,00    0,20     3  ksoftirqd/3
00:53:28        0      1383    0,20    0,00    0,00    0,00    0,20     7  glances
00:53:28        0      1411    0,20    0,00    0,00    0,00    0,20     1  anydesk
00:53:28        0      1423    0,40    0,00    0,00    0,00    0,40     2  containerd
00:53:28        0      2310    0,40    0,20    0,00    0,00    0,60     4  dockerd
00:53:28      117      2312    0,60    0,20    0,00    0,00    0,80     3  grafana
00:53:28        0      2932    0,00    0,20    0,00    0,00    0,20     7  mount.ntfs-3g
00:53:28        0      2976    0,20    0,00    0,00    0,00    0,20     6  containerd-shim
00:53:28        0      2981    0,20    0,20    0,00    0,00    0,40     0  containerd-shim
00:53:28        0      2982    0,20    0,20    0,00    0,00    0,40     1  containerd-shim
00:53:28      999      3130    0,40    0,00    0,00    0,00    0,40     6  redis-server
00:53:28     1000      4708    0,60    0,40    0,00    0,00    1,00     5  gnome-shell
00:53:28     1000      6317    0,20    0,20    0,00    0,00    0,40     4  antigravity
00:53:28     1000      6339    1,00    0,00    0,00    0,00    1,00     7  gnome-terminal-
00:53:28     1000      6757    0,00    0,20    0,00    0,00    0,20     6  antigravity
00:53:28     1000      6820    1,00    0,00    0,00    0,00    1,00     3  antigravity
00:53:28     1000      7059    1,60    2,00    0,00    0,00    3,60     1  language_server
00:53:28     1000      7229    0,20    0,00    0,00    0,00    0,20     1  antigravity
00:53:28     1000      7244    1,20    0,40    0,00    0,00    1,60     4  antigravity
00:53:28     1000      7260    0,60    0,00    0,00    0,00    0,60     6  antigravity
00:53:28     1000      8267    2,00    1,20    0,00    0,00    3,20     7  language_server
00:53:28     1000      9291    0,20    0,00    0,00    0,00    0,20     1  chrome
00:53:28     1000      9519    0,20    0,00    0,00    0,00    0,20     5  chrome
00:53:28     1000     76063    0,00    0,20    0,00    0,00    0,20     4  chrome
00:53:28        0     78088    0,00    0,20    0,00    0,00    0,20     4  kworker/u32:6-events_unbound
00:53:28        0     97469    0,00    0,20    0,00    0,00    0,20     5  kworker/5:2-mm_percpu_wq
00:53:28     1000    108954    0,20    0,20    0,00    0,00    0,40     5  pidstat
00:53:28     1000    108986    4,20    0,60    0,00    0,00    4,80     0  java

00:53:23      UID       PID  minflt/s  majflt/s     VSZ     RSS   %MEM  Command
00:53:28        0      2975      7,00      0,00 1235352   13376   0,08  containerd-shim
00:53:28        0      2976      4,80      0,00 1235608   13976   0,09  containerd-shim
00:53:28        0      2977      1,00      0,00 1235352   14404   0,09  containerd-shim
00:53:28        0      2981      4,20      0,00 1235608   14212   0,09  containerd-shim
00:53:28        0      2982      0,20      0,00 1235608   14436   0,09  containerd-shim
00:53:28       70      3117      4,40      0,00  174540   25424   0,16  postgres
00:53:28     1000      4708      0,60      0,00 5454468  346752   2,14  gnome-shell
00:53:28     1000      6317     33,00      0,00 1461668528  315148   1,94  antigravity
00:53:28     1000      6757      1,00      0,00 34354236  170012   1,05  antigravity
00:53:28     1000      6771      0,60      0,00 33903964   81292   0,50  antigravity
00:53:28     1000      6820    108,60      0,00 1461417264  663824   4,09  antigravity
00:53:28     1000      7161      0,40      0,00 33951332   64332   0,40  antigravity
00:53:28     1000      7229     17,40      0,00 1461383544  129440   0,80  antigravity
00:53:28     1000      7244     18,80      0,00 1461351324  380436   2,34  antigravity
00:53:28     1000      7258      3,40      0,00 1461347760  125636   0,77  antigravity
00:53:28     1000      7260      3,20      0,00 1461367100  164280   1,01  antigravity
00:53:28     1000      8356      5,20      0,00 1459530528  101100   0,62  antigravity
00:53:28     1000      9291     17,40      0,00 55435272  374076   2,30  chrome
00:53:28     1000      9342      2,20      0,00 55467700  213696   1,32  chrome
00:53:28     1000      9345      4,20      0,00 54976356  135672   0,84  chrome
00:53:28     1000      9359      0,60      0,00 55015792   62664   0,39  chrome
00:53:28     1000     76014      0,20      0,00 1518513820  345808   2,13  chrome
00:53:28     1000     76063      0,40      0,00 55006444   86720   0,53  chrome
00:53:28     1000    108986     46,80      0,00 6198124  242772   1,50  java

00:53:23      UID       PID   kB_rd/s   kB_wr/s kB_ccwr/s iodelay  Command
00:53:28     1000    108954      0,00      0,91      0,00       0  pidstat
00:53:28     1000    108986      0,00      1,77      0,00       0  java

00:53:28      UID       PID    %usr %system  %guest   %wait    %CPU   CPU  Command
00:53:33        0         1    0,00    0,20    0,00    0,00    0,20     2  systemd
00:53:33        0       376    0,00    0,20    0,00    0,00    0,20     4  systemd-journal
00:53:33      990       903    0,80    0,00    0,00    0,00    0,80     6  dbus-daemon
00:53:33      115       930    0,80    0,60    0,00    0,00    1,40     1  prometheus-node
00:53:33      115       933    0,20    0,20    0,00    0,00    0,40     0  prometheus
00:53:33        0      1383    0,20    0,00    0,00    0,00    0,20     7  glances
00:53:33        0      1391    0,20    0,00    0,00    0,00    0,20     7  tailscaled
00:53:33        0      1423    0,20    0,20    0,00    0,00    0,40     2  containerd
00:53:33        0      2310    0,20    0,20    0,00    0,00    0,40     4  dockerd
00:53:33      117      2312    0,60    0,40    0,00    0,00    1,00     3  grafana
00:53:33        0      2932    0,40    0,00    0,00    0,00    0,40     3  mount.ntfs-3g
00:53:33        0      2975    0,20    0,00    0,00    0,00    0,20     7  containerd-shim
00:53:33        0      2977    0,20    0,00    0,00    0,00    0,20     7  containerd-shim
00:53:33      999      3130    0,40    0,20    0,00    0,00    0,60     6  redis-server
00:53:33     1000      4708    0,80    0,40    0,00    0,00    1,20     5  gnome-shell
00:53:33     1000      6339    0,60    0,20    0,00    0,00    0,80     7  gnome-terminal-
00:53:33     1000      6757    0,20    0,00    0,00    0,00    0,20     6  antigravity
00:53:33     1000      6820    0,80    0,40    0,00    0,00    1,20     3  antigravity
00:53:33     1000      7059    2,00    1,20    0,00    0,00    3,20     5  language_server
00:53:33     1000      7229    0,00    0,40    0,00    0,00    0,40     4  antigravity
00:53:33     1000      7244    1,20    0,40    0,00    0,20    1,60     2  antigravity
00:53:33     1000      7260    0,40    0,20    0,00    0,00    0,60     4  antigravity
00:53:33     1000      8267    1,80    1,20    0,00    0,00    3,00     7  language_server
00:53:33     1000      8356    0,20    0,00    0,00    0,00    0,20     5  antigravity
00:53:33     1000      9291    0,20    0,20    0,00    0,00    0,40     7  chrome
00:53:33     1000      9519    0,20    0,00    0,00    0,00    0,20     4  chrome
00:53:33     1000     76025    0,20    0,00    0,00    0,00    0,20     5  chrome
00:53:33     1000     91682    0,00    0,20    0,00    0,00    0,20     4  ssh
00:53:33        0    104961    0,00    0,20    0,00    0,00    0,20     6  kworker/6:0-rcu_gp
00:53:33     1000    108954    0,00    0,20    0,00    0,00    0,20     3  pidstat
00:53:33     1000    108986    7,80    0,20    0,00    0,00    8,00     0  java

00:53:28      UID       PID  minflt/s  majflt/s     VSZ     RSS   %MEM  Command
00:53:33        0         1     36,00      0,00   24788   14916   0,09  systemd
00:53:33        0       376      7,80      0,00  188968  108948   0,67  systemd-journal
00:53:33      115       930     86,60      0,00 1762312   26228   0,16  prometheus-node
00:53:33      115       933     32,40      0,00 2711492  114432   0,70  prometheus
00:53:33      117      2312      0,20      0,00 1765300  350108   2,16  grafana
00:53:33        0      2975     10,80      0,00 1235352   13504   0,08  containerd-shim
00:53:33        0      2976     10,60      0,00 1235608   14232   0,09  containerd-shim
00:53:33        0      2977      5,20      0,00 1235352   14404   0,09  containerd-shim
00:53:33        0      2981      7,60      0,00 1235608   14340   0,09  containerd-shim
00:53:33        0      2982      9,80      0,00 1235608   14564   0,09  containerd-shim
00:53:33     1000      4708      6,40      0,00 5454532  346752   2,14  gnome-shell
00:53:33        0      5954      6,00      0,00  370432   46948   0,29  fwupd
00:53:33     1000      6317     35,40      0,00 1461668528  315660   1,94  antigravity
00:53:33     1000      6757      4,00      0,00 34350268  170012   1,05  antigravity
00:53:33     1000      6771      0,60      0,00 33903964   81292   0,50  antigravity
00:53:33     1000      6820    134,40      0,00 1461417264  664708   4,09  antigravity
00:53:33     1000      7161      0,20      0,00 33951332   64332   0,40  antigravity
00:53:33     1000      7229     94,40      0,00 1461383544  129568   0,80  antigravity
00:53:33     1000      7244     27,00      0,00 1461351324  380436   2,34  antigravity
00:53:33     1000      7258      5,20      0,00 1461347760  125636   0,77  antigravity
00:53:33     1000      7260      5,60      0,00 1461367100  164280   1,01  antigravity
00:53:33     1000      8356      5,40      0,00 1459530528  101100   0,62  antigravity
00:53:33     1000      9291      7,00      0,00 55435272  374076   2,30  chrome
00:53:33     1000      9342      4,40      0,00 55467700  213696   1,32  chrome
00:53:33     1000      9345      4,20      0,00 54976356  135672   0,84  chrome
00:53:33     1000      9359      1,20      0,00 55015792   62664   0,39  chrome
00:53:33     1000     76014      0,60      0,00 1518513820  345808   2,13  chrome
00:53:33     1000     76025      0,20      0,00 1518490664  121120   0,75  chrome
00:53:33     1000     76063      0,20      0,00 55006444   86720   0,53  chrome
00:53:33     1000    108986     49,00      0,00 6198124  243924   1,50  java

00:53:28      UID       PID   kB_rd/s   kB_wr/s kB_ccwr/s iodelay  Command
00:53:33     1000    108954      0,00      0,95      0,00       0  pidstat
00:53:33     1000    108986      0,00      1,81      0,00       0  java

00:53:33      UID       PID    %usr %system  %guest   %wait    %CPU   CPU  Command
00:53:38      115       933    0,20    0,00    0,00    0,00    0,20     0  prometheus
00:53:38        0      1383    0,00    0,20    0,00    0,00    0,20     7  glances
00:53:38        0      1423    0,20    0,20    0,00    0,00    0,40     2  containerd
00:53:38        0      2310    0,40    0,20    0,00    0,00    0,60     4  dockerd
00:53:38      117      2312    0,80    0,20    0,00    0,00    1,00     3  grafana
00:53:38        0      2932    0,20    0,20    0,00    0,00    0,40     1  mount.ntfs-3g
00:53:38        0      2975    0,00    0,20    0,00    0,00    0,20     7  containerd-shim
00:53:38        0      2976    0,20    0,00    0,00    0,00    0,20     6  containerd-shim
00:53:38        0      2977    0,00    0,20    0,00    0,00    0,20     7  containerd-shim
00:53:38      999      3130    0,40    0,00    0,00    0,00    0,40     6  redis-server
00:53:38     1000      4708    0,80    0,40    0,00    0,00    1,20     5  gnome-shell
00:53:38     1000      6317    0,60    0,60    0,00    0,00    1,20     6  antigravity
00:53:38     1000      6339    0,60    0,00    0,00    0,00    0,60     2  gnome-terminal-
00:53:38     1000      6757    0,20    0,00    0,00    0,00    0,20     7  antigravity
00:53:38     1000      6820    1,60    0,20    0,00    0,00    1,80     5  antigravity
00:53:38     1000      7059    2,00    2,00    0,00    0,00    4,00     4  language_server
00:53:38     1000      7229    0,20    0,00    0,00    0,00    0,20     1  antigravity
00:53:38     1000      7244    9,40    0,80    0,00    0,00   10,20     3  antigravity
00:53:38     1000      7260    0,60    0,00    0,00    0,00    0,60     2  antigravity
00:53:38     1000      8267    2,20    0,80    0,00    0,00    3,00     7  language_server
00:53:38     1000      9345    0,00    0,20    0,00    0,00    0,20     6  chrome
00:53:38     1000      9359    0,20    0,00    0,00    0,00    0,20     7  chrome
00:53:38     1000      9519    0,20    0,00    0,00    0,00    0,20     5  chrome
00:53:38     1000     76014    0,20    0,00    0,00    0,00    0,20     2  chrome
00:53:38     1000    108954    0,40    0,20    0,00    0,00    0,60     5  pidstat
00:53:38     1000    108986    6,40    0,80    0,00    0,00    7,20     0  java

00:53:33      UID       PID  minflt/s  majflt/s     VSZ     RSS   %MEM  Command
00:53:38        0      2975     12,00      0,00 1235352   13632   0,08  containerd-shim
00:53:38        0      2976     11,40      0,00 1235608   14360   0,09  containerd-shim
00:53:38        0      2977     11,80      0,00 1235352   14532   0,09  containerd-shim
00:53:38        0      2981     11,00      0,00 1235608   14596   0,09  containerd-shim
00:53:38        0      2982     12,00      0,00 1235608   14820   0,09  containerd-shim
00:53:38     1000      4708      0,60      0,00 5454468  346752   2,14  gnome-shell
00:53:38     1000      6317     98,00      0,00 1461668528  315928   1,95  antigravity
00:53:38     1000      6757     11,00      0,00 34366100  170140   1,05  antigravity
00:53:38     1000      6771      0,60      0,00 33903964   81292   0,50  antigravity
00:53:38     1000      6820    257,80      0,00 1461419440  668316   4,12  antigravity
00:53:38     1000      6924      1,80      0,00 1459611392  179928   1,11  antigravity
00:53:38     1000      7161      0,20      0,00 33951332   64332   0,40  antigravity
00:53:38     1000      7229      9,00      0,00 1461383544  129568   0,80  antigravity
00:53:38     1000      7244    854,20      0,00 1461351324  286364   1,76  antigravity
00:53:38     1000      7258      3,00      0,00 1461347760  125636   0,77  antigravity
00:53:38     1000      7260      3,40      0,00 1461367100  164280   1,01  antigravity
00:53:38     1000      8356      5,20      0,00 1459530528  101100   0,62  antigravity
00:53:38     1000      9291      7,00      0,00 55435272  374076   2,30  chrome
00:53:38     1000      9342      2,20      0,00 55467700  213696   1,32  chrome
00:53:38     1000      9345      9,00      0,00 54976356  135672   0,84  chrome
00:53:38     1000      9359      0,60      0,00 55015792   62664   0,39  chrome
00:53:38     1000     76014      0,60      0,00 1518513820  345808   2,13  chrome
00:53:38     1000     76063      0,20      0,00 55006444   86720   0,53  chrome
00:53:38     1000     91682     13,40      0,00   14488    9236   0,06  ssh
00:53:38     1000    108986     40,40      0,00 6198124  244692   1,51  java

00:53:33      UID       PID   kB_rd/s   kB_wr/s kB_ccwr/s iodelay  Command
00:53:38     1000      6317      0,00      1,60      0,00       0  antigravity
00:53:38     1000    108954      0,00      1,09      0,00       0  pidstat
00:53:38     1000    108986      0,00      3,37      0,00       0  java

00:53:38      UID       PID    %usr %system  %guest   %wait    %CPU   CPU  Command
00:53:43        0      1383    0,20    0,00    0,00    0,00    0,20     7  glances
00:53:43        0      1391    0,20    0,00    0,00    0,00    0,20     4  tailscaled
00:53:43        0      1423    0,40    0,00    0,00    0,00    0,40     2  containerd
00:53:43        0      2310    0,40    0,20    0,00    0,00    0,60     4  dockerd
00:53:43      117      2312    0,60    0,20    0,00    0,00    0,80     3  grafana
00:53:43        0      2932    0,20    0,20    0,00    0,00    0,40     0  mount.ntfs-3g
00:53:43        0      2975    0,20    0,00    0,00    0,00    0,20     7  containerd-shim
00:53:43        0      2981    0,00    0,20    0,00    0,00    0,20     0  containerd-shim
00:53:43        0      2982    0,00    0,20    0,00    0,00    0,20     1  containerd-shim
00:53:43      999      3130    0,20    0,00    0,00    0,00    0,20     2  redis-server
00:53:43     1000      4708    1,00    0,40    0,00    0,00    1,40     0  gnome-shell
00:53:43     1000      6317    0,20    0,00    0,00    0,00    0,20     6  antigravity
00:53:43     1000      6339    0,80    0,00    0,00    0,00    0,80     7  gnome-terminal-
00:53:43     1000      6757    0,00    0,20    0,00    0,00    0,20     7  antigravity
00:53:43     1000      6820   12,80    0,40    0,00    0,00   13,20     7  antigravity
00:53:43     1000      7059    2,00    1,20    0,00    0,20    3,20     6  language_server
00:53:43     1000      7229    0,20    0,20    0,00    0,00    0,40     1  antigravity
00:53:43     1000      7244    1,40    0,40    0,00    0,00    1,80     6  antigravity
00:53:43     1000      7260    0,60    0,20    0,00    0,00    0,80     7  antigravity
00:53:43     1000      8267    1,20    1,80    0,00    0,00    3,00     7  language_server
00:53:43     1000      9291    0,20    0,00    0,00    0,20    0,20     1  chrome
00:53:43     1000      9519    0,40    0,20    0,00    0,00    0,60     4  chrome
00:53:43     1000     91682    0,20    0,00    0,00    0,00    0,20     4  ssh
00:53:43     1000     98039    0,20    0,20    0,00    0,00    0,40     1  antigravity
00:53:43     1000    108954    0,00    0,40    0,00    0,00    0,40     0  pidstat
00:53:43     1000    108986    7,20    0,80    0,00    0,00    8,00     0  java

00:53:38      UID       PID  minflt/s  majflt/s     VSZ     RSS   %MEM  Command
00:53:43        0      2975     12,00      0,00 1235352   13760   0,08  containerd-shim
00:53:43        0      2976      9,60      0,00 1235608   14616   0,09  containerd-shim
00:53:43        0      2977      8,00      0,00 1235352   14660   0,09  containerd-shim
00:53:43        0      2981     14,60      0,00 1235608   14724   0,09  containerd-shim
00:53:43        0      2982     10,20      0,00 1235608   14948   0,09  containerd-shim
00:53:43     1000      4708      6,40      0,00 5454468  346752   2,14  gnome-shell
00:53:43     1000      6317     39,00      0,00 1461668528  314924   1,94  antigravity
00:53:43     1000      6757      0,40      0,00 34355532  170140   1,05  antigravity
00:53:43     1000      6771      1,20      0,00 33903964   81292   0,50  antigravity
00:53:43     1000      6820    224,40      0,00 1461417264  655620   4,04  antigravity
00:53:43     1000      7161      0,20      0,00 33951332   64332   0,40  antigravity
00:53:43     1000      7229      9,40      0,00 1461383544  129568   0,80  antigravity
00:53:43     1000      7244    106,60      0,00 1461351324  286808   1,77  antigravity
00:53:43     1000      7258      5,00      0,00 1461347760  125636   0,77  antigravity
00:53:43     1000      7260      3,00      0,00 1461367100  164280   1,01  antigravity
00:53:43     1000      8356      5,40      0,00 1459530528  101100   0,62  antigravity
00:53:43     1000      9291     13,20      0,00 55435272  374204   2,31  chrome
00:53:43     1000      9342      2,20      0,00 55467700  213696   1,32  chrome
00:53:43     1000      9345      8,80      0,00 54976356  135672   0,84  chrome
00:53:43     1000      9359      0,60      0,00 55015792   62664   0,39  chrome
00:53:43     1000      9519    359,00      0,00 1518554232  363704   2,24  chrome
00:53:43     1000     76063      0,20      0,00 55006444   86720   0,53  chrome
00:53:43     1000    108986     33,80      0,00 6198124  245716   1,51  java

00:53:38      UID       PID   kB_rd/s   kB_wr/s kB_ccwr/s iodelay  Command
00:53:43     1000      9291      0,00      6,40      0,00       0  chrome
00:53:43     1000    108954      0,00      0,94      0,00       0  pidstat
00:53:43     1000    108986      0,00      1,77      0,00       0  java

00:53:43      UID       PID    %usr %system  %guest   %wait    %CPU   CPU  Command
00:53:48        0         1    0,20    0,20    0,00    0,00    0,40     4  systemd
00:53:48        0        86    0,00    0,20    0,00    0,00    0,20     1  irq/9-acpi
00:53:48        0       317    0,00    0,20    0,00    0,00    0,20     7  jbd2/sda6-8
00:53:48      990       903    0,80    0,20    0,00    0,00    1,00     0  dbus-daemon
00:53:48      115       930    1,00    0,80    0,00    0,00    1,80     1  prometheus-node
00:53:48      115       933    0,20    0,00    0,00    0,00    0,20     0  prometheus
00:53:48        0      1383    0,20    0,00    0,00    0,00    0,20     7  glances
00:53:48        0      1423    0,20    0,20    0,00    0,00    0,40     2  containerd
00:53:48        0      2310    0,20    0,20    0,00    0,00    0,40     4  dockerd
00:53:48      117      2312    0,60    0,20    0,00    0,00    0,80     3  grafana
00:53:48        0      2932    0,20    0,20    0,00    0,00    0,40     5  mount.ntfs-3g
00:53:48        0      2976    0,00    0,20    0,00    0,00    0,20     6  containerd-shim
00:53:48        0      2981    0,20    0,00    0,00    0,00    0,20     0  containerd-shim
00:53:48        0      2982    0,20    0,00    0,00    0,00    0,20     1  containerd-shim
00:53:48      999      3130    0,40    0,00    0,00    0,00    0,40     2  redis-server
00:53:48     1000      4708    0,60    0,20    0,00    0,00    0,80     5  gnome-shell
00:53:48     1000      5107    0,00    0,20    0,00    0,00    0,20     6  anydesk
00:53:48     1000      6317    0,40    0,00    0,00    0,00    0,40     3  antigravity
00:53:48     1000      6339    0,40    0,00    0,00    0,00    0,40     0  gnome-terminal-
00:53:48     1000      6820    1,00    0,00    0,00    0,00    1,00     0  antigravity
00:53:48     1000      7059    1,60    1,80    0,00    0,00    3,40     7  language_server
00:53:48     1000      7229    0,20    0,00    0,00    0,00    0,20     4  antigravity
00:53:48     1000      7244    1,60    0,20    0,00    0,00    1,80     2  antigravity
00:53:48     1000      7258    0,00    0,20    0,00    0,00    0,20     1  antigravity
00:53:48     1000      7260    0,20    0,40    0,00    0,00    0,60     6  antigravity
00:53:48     1000      8267    0,80    2,60    0,00    0,00    3,40     7  language_server
00:53:48     1000      8356    0,20    0,20    0,00    0,00    0,40     0  antigravity
00:53:48     1000      9291    0,20    0,00    0,00    0,00    0,20     7  chrome
00:53:48     1000      9345    0,20    0,00    0,00    0,00    0,20     0  chrome
00:53:48     1000      9519    0,20    0,00    0,00    0,00    0,20     1  chrome
00:53:48     1000    108954    0,40    0,20    0,00    0,00    0,60     3  pidstat
00:53:48     1000    108986    7,60    2,00    0,00    0,00    9,60     0  java

00:53:43      UID       PID  minflt/s  majflt/s     VSZ     RSS   %MEM  Command
00:53:48        0         1     16,00      0,00   24788   14916   0,09  systemd
00:53:48      115       930     44,80      0,00 1762312   26044   0,16  prometheus-node
00:53:48      115       933     32,40      0,00 2711492  115072   0,71  prometheus
00:53:48        0      2975      4,40      0,00 1235352   13888   0,09  containerd-shim
00:53:48        0      2976      2,60      0,00 1235608   14616   0,09  containerd-shim
00:53:48        0      2977      9,40      0,00 1235352   14788   0,09  containerd-shim
00:53:48        0      2981      8,80      0,00 1235608   14980   0,09  containerd-shim
00:53:48        0      2982      5,60      0,00 1235608   15204   0,09  containerd-shim
00:53:48     1000      4708      1,60      0,00 5454468  346752   2,14  gnome-shell
00:53:48     1000      6317     33,60      0,00 1461668528  314864   1,94  antigravity
00:53:48     1000      6757      1,20      0,00 34355532  170140   1,05  antigravity
00:53:48     1000      6771      2,00      0,00 33903964   81292   0,50  antigravity
00:53:48     1000      6820     85,00      0,00 1461417264  657284   4,05  antigravity
00:53:48     1000      7161      0,40      0,00 33951332   64332   0,40  antigravity
00:53:48     1000      7229      6,60      0,00 1461383544  129568   0,80  antigravity
00:53:48     1000      7244     31,40      0,00 1461351324  286388   1,76  antigravity
00:53:48     1000      7258      2,60      0,00 1461347760  125636   0,77  antigravity
00:53:48     1000      7260      3,00      0,00 1461367100  164280   1,01  antigravity
00:53:48     1000      8356      5,20      0,00 1459530528  101100   0,62  antigravity
00:53:48     1000      9291     14,00      0,00 55435272  374204   2,31  chrome
00:53:48     1000      9342      2,20      0,00 55467700  213696   1,32  chrome
00:53:48     1000      9345      4,20      0,00 54976356  135672   0,84  chrome
00:53:48     1000      9359      0,60      0,00 55015792   62664   0,39  chrome
00:53:48     1000     76014      0,60      0,00 1518513820  345808   2,13  chrome
00:53:48     1000     76063      0,40      0,00 55006444   86720   0,53  chrome
00:53:48     1000    108986     56,60      0,00 6198124  254868   1,57  java

00:53:43      UID       PID   kB_rd/s   kB_wr/s kB_ccwr/s iodelay  Command
00:53:48     1000    108954      0,00      0,91      0,00       0  pidstat
00:53:48     1000    108986      0,00      3,30      0,00       0  java

00:53:48      UID       PID    %usr %system  %guest   %wait    %CPU   CPU  Command
00:53:53        0       120    0,00    0,20    0,00    0,00    0,20     7  kworker/u33:0-i915_flip
00:53:53      115       933    0,20    0,00    0,00    0,00    0,20     1  prometheus
00:53:53        0      1411    0,00    0,20    0,00    0,00    0,20     0  anydesk
00:53:53        0      1423    0,40    0,00    0,00    0,00    0,40     2  containerd
00:53:53        0      2310    0,40    0,00    0,00    0,00    0,40     4  dockerd
00:53:53      117      2312    0,60    0,40    0,00    0,00    1,00     3  grafana
00:53:53        0      2932    0,00    0,20    0,00    0,00    0,20     5  mount.ntfs-3g
00:53:53        0      2976    0,20    0,00    0,00    0,00    0,20     6  containerd-shim
00:53:53        0      2977    0,20    0,00    0,00    0,00    0,20     7  containerd-shim
00:53:53        0      2982    0,00    0,20    0,00    0,00    0,20     1  containerd-shim
00:53:53      999      3130    0,40    0,00    0,00    0,00    0,40     2  redis-server
00:53:53     1000      4708    1,20    0,20    0,00    0,00    1,40     6  gnome-shell
00:53:53     1000      6339    0,80    0,00    0,00    0,00    0,80     7  gnome-terminal-
00:53:53     1000      6820    1,00    0,20    0,00    0,00    1,20     7  antigravity
00:53:53     1000      7059    2,00    1,40    0,00    0,00    3,40     2  language_server
00:53:53     1000      7229    0,20    0,00    0,00    0,00    0,20     4  antigravity
00:53:53     1000      7244    1,80    0,40    0,00    0,00    2,20     3  antigravity
00:53:53     1000      7260    0,60    0,00    0,00    0,00    0,60     0  antigravity
00:53:53     1000      8267    1,80    1,20    0,00    0,00    3,00     7  language_server
00:53:53     1000      9291    0,00    0,20    0,00    0,00    0,20     1  chrome
00:53:53     1000      9359    0,00    0,20    0,00    0,00    0,20     4  chrome
00:53:53     1000      9390    0,20    0,00    0,00    0,00    0,20     5  chrome
00:53:53     1000      9519    0,20    0,00    0,00    0,00    0,20     4  chrome
00:53:53     1000     91682    0,00    0,20    0,00    0,00    0,20     5  ssh
00:53:53     1000    108954    0,20    0,20    0,00    0,00    0,40     4  pidstat
00:53:53     1000    108986    3,80    0,60    0,00    0,00    4,40     0  java

00:53:48      UID       PID  minflt/s  majflt/s     VSZ     RSS   %MEM  Command
00:53:53        0      1423      0,60      0,00 2463900   69992   0,43  containerd
00:53:53        0      2975      1,40      0,00 1235352   14016   0,09  containerd-shim
00:53:53        0      2976     10,40      0,00 1235608   14744   0,09  containerd-shim
00:53:53        0      2977      4,20      0,00 1235352   14916   0,09  containerd-shim
00:53:53        0      2981      0,60      0,00 1235608   14980   0,09  containerd-shim
00:53:53        0      2982      4,60      0,00 1235608   15204   0,09  containerd-shim
00:53:53     1000      4708      6,60      0,00 5454532  346752   2,14  gnome-shell
00:53:53     1000      6317     32,20      0,00 1461668528  315504   1,94  antigravity
00:53:53     1000      6757      0,60      0,00 34355532  170140   1,05  antigravity
00:53:53     1000      6771      0,60      0,00 33903964   81292   0,50  antigravity
00:53:53     1000      6820    128,60      0,00 1461417264  657704   4,05  antigravity
00:53:53     1000      7161      0,20      0,00 33951332   64332   0,40  antigravity
00:53:53     1000      7229      2,80      0,00 1461383544  129568   0,80  antigravity
00:53:53     1000      7244    208,20      0,00 1461351324  286288   1,76  antigravity
00:53:53     1000      7258      5,60      0,00 1461347760  125636   0,77  antigravity
00:53:53     1000      7260      5,80      0,00 1461367100  164280   1,01  antigravity
00:53:53     1000      8356      5,40      0,00 1459530528  101100   0,62  antigravity
00:53:53     1000      9291      9,00      0,00 55435272  374204   2,31  chrome
00:53:53     1000      9342      4,40      0,00 55467700  213696   1,32  chrome
00:53:53     1000      9345      4,20      0,00 54976356  135672   0,84  chrome
00:53:53     1000      9359      1,20      0,00 55015792   62664   0,39  chrome
00:53:53     1000     76014      0,40      0,00 1518513820  345808   2,13  chrome
00:53:53     1000     76063      0,20      0,00 55006444   86720   0,53  chrome
00:53:53     1000    108986    101,60      0,00 6198124  256660   1,58  java

00:53:48      UID       PID   kB_rd/s   kB_wr/s kB_ccwr/s iodelay  Command
00:53:53     1000      9291      0,00      8,00      0,00       0  chrome
00:53:53     1000    108954      0,00      1,05      0,00       0  pidstat
00:53:53     1000    108986      0,00      3,18      0,00       0  java

00:53:53      UID       PID    %usr %system  %guest   %wait    %CPU   CPU  Command
00:53:58      115       933    0,20    0,00    0,00    0,00    0,20     1  prometheus
00:53:58        0      1383    0,20    0,00    0,00    0,00    0,20     7  glances
00:53:58        0      1391    0,00    0,20    0,00    0,00    0,20     4  tailscaled
00:53:58        0      1423    0,40    0,00    0,00    0,00    0,40     2  containerd
00:53:58        0      2310    0,40    0,20    0,00    0,00    0,60     4  dockerd
00:53:58      117      2312    0,80    0,20    0,00    0,00    1,00     3  grafana
00:53:58        0      2932    0,20    0,20    0,00    0,00    0,40     7  mount.ntfs-3g
00:53:58        0      2975    0,20    0,00    0,00    0,00    0,20     7  containerd-shim
00:53:58        0      2976    0,20    0,00    0,00    0,00    0,20     6  containerd-shim
00:53:58        0      2977    0,00    0,20    0,00    0,00    0,20     7  containerd-shim
00:53:58        0      2981    0,00    0,20    0,00    0,00    0,20     0  containerd-shim
00:53:58      999      3130    0,40    0,20    0,00    0,00    0,60     2  redis-server
00:53:58     1000      4708    0,80    0,20    0,00    0,00    1,00     2  gnome-shell
00:53:58     1000      6317    0,20    0,20    0,00    0,00    0,40     3  antigravity
00:53:58     1000      6339    0,80    0,00    0,00    0,00    0,80     7  gnome-terminal-
00:53:58     1000      6820    0,80    0,20    0,00    0,00    1,00     7  antigravity
00:53:58     1000      7059    1,80    1,40    0,00    0,00    3,20     2  language_server
00:53:58     1000      7229    0,40    0,20    0,00    0,00    0,60     1  antigravity
00:53:58     1000      7244   11,40    1,20    0,00    0,00   12,60     2  antigravity
00:53:58     1000      7260    0,60    0,00    0,00    0,00    0,60     0  antigravity
00:53:58     1000      8267    3,20    0,80    0,00    0,00    4,00     7  language_server
00:53:58     1000      8356    0,20    0,00    0,00    0,00    0,20     0  antigravity
00:53:58     1000      9291    0,20    0,00    0,00    0,00    0,20     1  chrome
00:53:58        0    104961    0,00    0,20    0,00    0,00    0,20     6  kworker/6:0-events
00:53:58     1000    108954    0,20    0,00    0,00    0,00    0,20     3  pidstat
00:53:58     1000    108986    5,00    0,80    0,00    0,00    5,80     0  java

00:53:53      UID       PID  minflt/s  majflt/s     VSZ     RSS   %MEM  Command
00:53:58      115       933     32,40      0,00 2711492  115712   0,71  prometheus
00:53:58        0      1423      2,80      0,00 2463900   69992   0,43  containerd
00:53:58        0      2975      4,40      0,00 1235352   13240   0,08  containerd-shim
00:53:58        0      2976     10,40      0,00 1235608   14144   0,09  containerd-shim
00:53:58        0      2977      0,40      0,00 1235352   14452   0,09  containerd-shim
00:53:58        0      2981      3,80      0,00 1235608   14360   0,09  containerd-shim
00:53:58        0      2982      7,20      0,00 1235608   14740   0,09  containerd-shim
00:53:58     1000      4708      0,60      0,00 5454532  346752   2,14  gnome-shell
00:53:58     1000      6317     31,80      0,00 1461668528  315596   1,94  antigravity
00:53:58     1000      6757      0,60      0,00 34355532  170140   1,05  antigravity
00:53:58     1000      6771      0,60      0,00 33903964   81292   0,50  antigravity
00:53:58     1000      6820    105,80      0,00 1461417264  659752   4,06  antigravity
00:53:58     1000      7161      0,20      0,00 33951332   64332   0,40  antigravity
00:53:58     1000      7229      2,20      0,00 1461383544  129568   0,80  antigravity
00:53:58     1000      7244   3514,00      0,00 1461351324  351580   2,17  antigravity
00:53:58     1000      7258      3,00      0,00 1461347760  125636   0,77  antigravity
00:53:58     1000      7260      3,20      0,00 1461367100  164280   1,01  antigravity
00:53:58     1000      8356      5,00      0,00 1459530528  101100   0,62  antigravity
00:53:58     1000      9291     10,60      0,00 55435272  374168   2,31  chrome
00:53:58     1000      9342      2,20      0,00 55467700  213696   1,32  chrome
00:53:58     1000      9345      9,00      0,00 54976356  135672   0,84  chrome
00:53:58     1000      9359      0,60      0,00 55015792   62664   0,39  chrome
00:53:58     1000     76014      0,40      0,00 1518513820  345808   2,13  chrome
00:53:58     1000     76063      0,20      0,00 55006444   86720   0,53  chrome
00:53:58     1000    108986     27,20      0,00 6198124  257428   1,59  java

00:53:53      UID       PID   kB_rd/s   kB_wr/s kB_ccwr/s iodelay  Command
00:53:58     1000    108954      0,00      0,93      0,00       0  pidstat
00:53:58     1000    108986      0,00      3,18      0,00       0  java

00:53:58      UID       PID    %usr %system  %guest   %wait    %CPU   CPU  Command
00:54:03        0         1    0,20    0,00    0,00    0,00    0,20     5  systemd
00:54:03        0        86    0,00    0,20    0,00    0,00    0,20     1  irq/9-acpi
00:54:03      990       903    0,60    0,00    0,00    0,00    0,60     0  dbus-daemon
00:54:03      986       924    0,20    0,00    0,00    0,00    0,20     6  polkitd
00:54:03      115       930    1,00    0,60    0,00    0,00    1,60     1  prometheus-node
00:54:03      115       933    0,20    0,00    0,00    0,00    0,20     1  prometheus
00:54:03        0      1423    0,40    0,00    0,00    0,00    0,40     2  containerd
00:54:03        0      2310    0,40    0,20    0,00    0,00    0,60     4  dockerd
00:54:03      117      2312    0,80    0,20    0,00    0,00    1,00     3  grafana
00:54:03        0      2932    0,20    0,20    0,00    0,00    0,40     1  mount.ntfs-3g
00:54:03        0      2982    0,00    0,20    0,00    0,00    0,20     1  containerd-shim
00:54:03      999      3130    0,40    0,00    0,00    0,00    0,40     1  redis-server
00:54:03     1000      4708    1,20    0,40    0,00    0,00    1,60     3  gnome-shell
00:54:03     1000      6317    0,20    0,00    0,00    0,00    0,20     3  antigravity
00:54:03     1000      6339    1,20    0,00    0,00    0,00    1,20     7  gnome-terminal-
00:54:03     1000      6820    1,00    0,20    0,00    0,00    1,20     0  antigravity
00:54:03     1000      7059    1,80    1,60    0,00    0,00    3,40     3  language_server
00:54:03     1000      7229    0,40    0,20    0,00    0,00    0,60     1  antigravity
00:54:03     1000      7244    1,40    0,40    0,00    0,00    1,80     2  antigravity
00:54:03     1000      7260    0,60    0,20    0,00    0,00    0,80     3  antigravity
00:54:03     1000      8267    1,60    1,80    0,00    0,00    3,40     7  language_server
00:54:03     1000      9291    0,20    0,00    0,00    0,00    0,20     1  chrome
00:54:03     1000      9500    0,00    0,20    0,00    0,00    0,20     1  chrome
00:54:03     1000      9519    0,20    0,00    0,00    0,00    0,20     5  chrome
00:54:03        0     78088    0,00    0,20    0,00    0,00    0,20     2  kworker/u32:6-events_unbound
00:54:03     1000     98039    0,20    0,00    0,00    0,00    0,20     7  antigravity
00:54:03        0    103256    0,00    0,20    0,00    0,00    0,20     4  kworker/u32:4-kvfree_rcu_reclaim
00:54:03        0    108721    0,00    0,20    0,00    0,00    0,20     3  kworker/3:2-events
00:54:03     1000    108954    0,20    0,40    0,00    0,00    0,60     7  pidstat
00:54:03     1000    108986    4,80    0,40    0,00    0,00    5,20     0  java

00:53:58      UID       PID  minflt/s  majflt/s     VSZ     RSS   %MEM  Command
00:54:03        0         1      1,20      0,00   24788   14916   0,09  systemd
00:54:03      115       930     85,80      0,00 1762312   25920   0,16  prometheus-node
00:54:03      117      2312      2,40      0,00 1765300  350108   2,16  grafana
00:54:03        0      2975      9,80      0,00 1235352   13496   0,08  containerd-shim
00:54:03        0      2976      9,40      0,00 1235608   14272   0,09  containerd-shim
00:54:03        0      2977      6,20      0,00 1235352   14452   0,09  containerd-shim
00:54:03        0      2981      9,20      0,00 1235608   14488   0,09  containerd-shim
00:54:03        0      2982      9,20      0,00 1235608   14996   0,09  containerd-shim
00:54:03     1000      4708      1,60      0,00 5454532  346596   2,14  gnome-shell
00:54:03     1000      6317     34,80      0,00 1461668528  315116   1,94  antigravity
00:54:03     1000      6757      4,00      0,00 34347340  170140   1,05  antigravity
00:54:03     1000      6771      1,20      0,00 33903964   81292   0,50  antigravity
00:54:03     1000      6820    155,60      0,00 1461417264  662312   4,08  antigravity
00:54:03     1000      7161      0,20      0,00 33951332   64332   0,40  antigravity
00:54:03     1000      7229    131,00      0,00 1461383544  129424   0,80  antigravity
00:54:03     1000      7244     35,80      0,00 1461351324  351668   2,17  antigravity
00:54:03     1000      7258      3,00      0,00 1461347760  125636   0,77  antigravity
00:54:03     1000      7260      3,20      0,00 1461367100  164280   1,01  antigravity
00:54:03     1000      8356      5,20      0,00 1459530528  101100   0,62  antigravity
00:54:03     1000      9291      7,40      0,00 55435272  374168   2,31  chrome
00:54:03     1000      9342      2,20      0,00 55467700  213696   1,32  chrome
00:54:03     1000      9345      4,20      0,00 54976356  135672   0,84  chrome
00:54:03     1000      9359      0,60      0,00 55015792   62664   0,39  chrome
00:54:03     1000      9519      0,00      0,00 1518554232  354192   2,18  chrome
00:54:03     1000     76014      0,60      0,00 1518513820  345808   2,13  chrome
00:54:03     1000     76063      0,20      0,00 55006444   86720   0,53  chrome
00:54:03     1000    108986     22,00      0,00 6198124  257684   1,59  java

00:53:58      UID       PID   kB_rd/s   kB_wr/s kB_ccwr/s iodelay  Command
00:54:03     1000      9291      0,00      1,60      0,00       0  chrome
00:54:03     1000    108954      0,00      0,93      0,00       0  pidstat
00:54:03     1000    108986      0,00      1,74      0,00       0  java

00:54:03      UID       PID    %usr %system  %guest   %wait    %CPU   CPU  Command
00:54:08        0         1    0,40    0,00    0,00    0,00    0,40     3  systemd
00:54:08        0        17    0,00    0,20    0,00    0,00    0,20     1  rcu_preempt
00:54:08        0       408    0,20    0,20    0,00    0,20    0,40     1  systemd-udevd
00:54:08      990       903    0,40    0,00    0,00    0,00    0,40     7  dbus-daemon
00:54:08      115       933    0,20    0,00    0,00    0,00    0,20     1  prometheus
00:54:08        0      1079    0,20    0,00    0,00    0,20    0,20     0  NetworkManager
00:54:08        0      1383    0,20    0,00    0,00    0,00    0,20     7  glances
00:54:08        0      1391    0,20    0,20    0,00    0,00    0,40     2  tailscaled
00:54:08        0      1423    0,40    0,20    0,00    0,00    0,60     2  containerd
00:54:08        0      2310    0,80    0,40    0,00    0,00    1,20     4  dockerd
00:54:08      117      2312    0,40    0,60    0,00    0,00    1,00     3  grafana
00:54:08        0      2932    0,40    0,00    0,00    0,00    0,40     7  mount.ntfs-3g
00:54:08        0      2975    0,20    0,20    0,00    0,00    0,40     7  containerd-shim
00:54:08        0      2977    0,00    0,20    0,00    0,00    0,20     7  containerd-shim
00:54:08      999      3130    0,40    0,00    0,00    0,00    0,40     3  redis-server
00:54:08     1000      4549    0,20    0,20    0,00    0,00    0,40     4  systemd
00:54:08     1000      4708    1,00    0,20    0,00    0,20    1,20     6  gnome-shell
00:54:08     1000      5021    0,20    0,00    0,00    0,00    0,20     6  gsd-housekeepin
00:54:08     1000      5055    0,20    0,00    0,00    0,00    0,20     4  gsd-sharing
00:54:08     1000      5586    0,00    0,20    0,00    0,00    0,20     4  gvfsd-trash
00:54:08        0      5954    0,20    0,00    0,00    0,00    0,20     7  fwupd
00:54:08     1000      6317    0,20    0,00    0,00    0,00    0,20     5  antigravity
00:54:08     1000      6339    0,80    0,00    0,00    0,00    0,80     7  gnome-terminal-
00:54:08     1000      6820    1,00    0,20    0,00    0,00    1,20     1  antigravity
00:54:08     1000      7059    1,60    1,80    0,00    0,00    3,40     6  language_server
00:54:08     1000      7229    0,00    0,20    0,00    0,00    0,20     1  antigravity
00:54:08     1000      7244    1,80    0,20    0,00    0,00    2,00     3  antigravity
00:54:08     1000      7260    0,60    0,00    0,00    0,00    0,60     5  antigravity
00:54:08     1000      8267    1,60    1,40    0,00    0,00    3,00     7  language_server
00:54:08     1000      9291    0,20    0,00    0,00    0,00    0,20     1  chrome
00:54:08     1000      9519    0,00    0,20    0,00    0,00    0,20     4  chrome
00:54:08     1000     91682    0,00    0,20    0,00    0,00    0,20     3  ssh
00:54:08     1000    108954    0,00    0,40    0,00    0,00    0,40     2  pidstat
00:54:08     1000    108986    5,80    0,40    0,00    0,00    6,20     0  java
00:54:08        0    109395    3,20    1,00    0,00    0,00    4,20     4  node

00:54:03      UID       PID  minflt/s  majflt/s     VSZ     RSS   %MEM  Command
00:54:08        0         1     20,00      0,00   24788   14916   0,09  systemd
00:54:08        0       376     27,60      0,00  188968  108948   0,67  systemd-journal
00:54:08        0       408     94,40      0,00   37544   10908   0,07  systemd-udevd
00:54:08        0      1423      9,00      0,00 2463900   70120   0,43  containerd
00:54:08        0      2975     14,00      0,00 1235352   13752   0,08  containerd-shim
00:54:08        0      2976     12,80      0,00 1235608   14528   0,09  containerd-shim
00:54:08        0      2977     13,00      0,00 1235352   14708   0,09  containerd-shim
00:54:08        0      2981     11,80      0,00 1235608   14744   0,09  containerd-shim
00:54:08        0      2982     12,40      0,00 1235608   15124   0,09  containerd-shim
00:54:08     1000      4708      7,40      0,00 5454532  346596   2,14  gnome-shell
00:54:08     1000      6317     33,40      0,00 1461668528  315140   1,94  antigravity
00:54:08     1000      6757      1,40      0,00 34347404  170140   1,05  antigravity
00:54:08     1000      6771      1,00      0,00 33903964   81292   0,50  antigravity
00:54:08     1000      6820    109,80      0,00 1461417328  664360   4,09  antigravity
00:54:08     1000      7161      0,40      0,00 33951332   64332   0,40  antigravity
00:54:08     1000      7229    107,60      0,00 1461383544  129424   0,80  antigravity
00:54:08     1000      7244    108,00      0,00 1461351324  352204   2,17  antigravity
00:54:08     1000      7258      3,20      0,00 1461347760  125636   0,77  antigravity
00:54:08     1000      7260      4,80      0,00 1461367100  164148   1,01  antigravity
00:54:08     1000      8356      5,20      0,00 1459530528  101100   0,62  antigravity
00:54:08     1000      9291     14,20      0,00 55435272  374168   2,31  chrome
00:54:08     1000      9342      2,20      0,00 55467700  213696   1,32  chrome
00:54:08     1000      9345      4,20      0,00 54976356  135672   0,84  chrome
00:54:08     1000      9359      0,60      0,00 55015792   62664   0,39  chrome
00:54:08     1000     76014      0,20      0,00 1518513820  345808   2,13  chrome
00:54:08     1000     76063      0,40      0,00 55006444   86720   0,53  chrome
00:54:08     1000    108986     26,00      0,00 6198124  258068   1,59  java
00:54:08        0    109372    148,00      0,00 1235352   12624   0,08  containerd-shim
00:54:08        0    109395   2035,80      0,00  707060   69864   0,43  node
00:54:08        0    109405     54,80      0,00   37548    7188   0,04  (udev-worker)
00:54:08        0    109419     26,00      0,00   37548    6784   0,04  (udev-worker)
00:54:08        0    109420     26,80      0,00   37548    6784   0,04  (udev-worker)
00:54:08        0    109421     26,60      0,00   37548    6784   0,04  (udev-worker)
00:54:08        0    109423     27,00      0,00   37548    6784   0,04  (udev-worker)
00:54:08        0    109424     27,00      0,00   37548    6784   0,04  (udev-worker)
00:54:08        0    109425     27,00      0,00   37548    6784   0,04  (udev-worker)
00:54:08        0    109426     27,20      0,00   37548    6784   0,04  (udev-worker)
00:54:08        0    109427     27,00      0,00   37548    6784   0,04  (udev-worker)
00:54:08        0    109428     26,80      0,00   37548    6784   0,04  (udev-worker)
00:54:08        0    109430     26,80      0,00   37548    6784   0,04  (udev-worker)
00:54:08        0    109431     25,60      0,00   37548    6784   0,04  (udev-worker)
00:54:08        0    109432     26,40      0,00   37548    6784   0,04  (udev-worker)
00:54:08        0    109434     26,60      0,00   37548    6784   0,04  (udev-worker)
00:54:08        0    109435     26,00      0,00   37548    6784   0,04  (udev-worker)
00:54:08        0    109436     26,40      0,00   37548    6736   0,04  (udev-worker)
00:54:08        0    109444     61,60      0,00 1812588    8468   0,05  docker-proxy
00:54:08        0    109452     59,20      0,00 1673248    8336   0,05  docker-proxy

00:54:03      UID       PID   kB_rd/s   kB_wr/s kB_ccwr/s iodelay  Command
00:54:08     1000      6771      0,00      1,60      0,00       0  antigravity
00:54:08     1000    108954      0,00      1,05      0,00       0  pidstat
00:54:08     1000    108986      0,00      3,26      0,00       0  java

00:54:08      UID       PID    %usr %system  %guest   %wait    %CPU   CPU  Command
00:54:13      990       903    0,20    0,00    0,00    0,00    0,20     7  dbus-daemon
00:54:13        0      1079    0,20    0,00    0,00    0,00    0,20     5  NetworkManager
00:54:13        0      1391    0,00    0,20    0,00    0,00    0,20     4  tailscaled
00:54:13        0      1423    0,80    0,20    0,00    0,00    1,00     2  containerd
00:54:13        0      2310    0,40    0,40    0,00    0,00    0,80     4  dockerd
00:54:13      117      2312    0,60    0,20    0,00    0,00    0,80     3  grafana
00:54:13        0      2932    0,00    0,60    0,00    0,00    0,60     5  mount.ntfs-3g
00:54:13        0      2976    0,20    0,00    0,00    0,00    0,20     6  containerd-shim
00:54:13        0      2977    0,20    0,00    0,00    0,00    0,20     7  containerd-shim
00:54:13        0      2981    0,00    0,20    0,00    0,00    0,20     0  containerd-shim
00:54:13        0      2982    0,20    0,20    0,00    0,00    0,40     1  containerd-shim
00:54:13      999      3130    0,40    0,00    0,00    0,00    0,40     5  redis-server
00:54:13     1000      4708    0,80    0,20    0,00    0,00    1,00     0  gnome-shell
00:54:13     1000      5043    0,20    0,00    0,00    0,00    0,20     1  gnome-software
00:54:13     1000      5268    0,20    0,00    0,00    0,00    0,20     7  gvfs-udisks2-vo
00:54:13     1000      6317    0,20    0,20    0,00    0,00    0,40     0  antigravity
00:54:13     1000      6339    0,40    0,00    0,00    0,00    0,40     7  gnome-terminal-
00:54:13     1000      6820   12,40    0,20    0,00    0,00   12,60     4  antigravity
00:54:13     1000      7059    1,40    1,80    0,00    0,00    3,20     5  language_server
00:54:13     1000      7229    0,20    0,20    0,00    0,00    0,40     2  antigravity
00:54:13     1000      7244    1,40    0,20    0,00    0,00    1,60     3  antigravity
00:54:13     1000      7258    0,20    0,00    0,00    0,00    0,20     1  antigravity
00:54:13     1000      7260    0,60    0,40    0,00    0,00    1,00     4  antigravity
00:54:13     1000      8267    2,00    1,20    0,00    0,00    3,20     7  language_server
00:54:13     1000      8356    0,20    0,00    0,00    0,00    0,20     2  antigravity
00:54:13     1000      9291    0,20    0,20    0,00    0,00    0,40     7  chrome
00:54:13     1000      9519    0,20    0,00    0,00    0,00    0,20     0  chrome
00:54:13     1000     76025    0,00    0,20    0,00    0,00    0,20     1  chrome
00:54:13        0    107265    0,20    0,00    0,00    0,00    0,20     0  kworker/0:0-cgroup_free
00:54:13     1000    108954    0,20    0,20    0,00    0,00    0,40     6  pidstat
00:54:13     1000    108986    4,20    1,20    0,00    0,00    5,40     0  java

00:54:08      UID       PID  minflt/s  majflt/s     VSZ     RSS   %MEM  Command
00:54:13        0         1      0,20      0,00   24788   14916   0,09  systemd
00:54:13        0       376     19,20      0,00  188968  108948   0,67  systemd-journal
00:54:13        0       408      1,80      0,00   37544   10908   0,07  systemd-udevd
00:54:13        0      1423      8,40      0,00 2463900   70120   0,43  containerd
00:54:13        0      2975     12,80      0,00 1235352   14008   0,09  containerd-shim
00:54:13        0      2976      5,20      0,00 1235608   14656   0,09  containerd-shim
00:54:13        0      2977      4,20      0,00 1235352   14836   0,09  containerd-shim
00:54:13        0      2981     16,00      0,00 1235608   14872   0,09  containerd-shim
00:54:13        0      2982     14,40      0,00 1235608   15380   0,09  containerd-shim
00:54:13     1000      4708      0,60      0,00 5454468  346596   2,14  gnome-shell
00:54:13     1000      6317     35,80      0,00 1461668528  315652   1,94  antigravity
00:54:13     1000      6757      0,60      0,00 34347404  170140   1,05  antigravity
00:54:13     1000      6771      0,60      0,00 33903964   81292   0,50  antigravity
00:54:13     1000      6820    241,60      0,00 1461417328  655008   4,04  antigravity
00:54:13     1000      7161      0,20      0,00 33951332   64332   0,40  antigravity
00:54:13     1000      7229      9,00      0,00 1461383544  129292   0,80  antigravity
00:54:13     1000      7244     18,80      0,00 1461351324  351768   2,17  antigravity
00:54:13     1000      7258      5,80      0,00 1461347760  125636   0,77  antigravity
00:54:13     1000      7260      5,80      0,00 1461367100  164148   1,01  antigravity
00:54:13     1000      8356      5,00      0,00 1459530528  101100   0,62  antigravity
00:54:13     1000      9291     10,80      0,00 55435272  374296   2,31  chrome
00:54:13     1000      9342      4,40      0,00 55467700  213696   1,32  chrome
00:54:13     1000      9345      5,60      0,00 54976356  135672   0,84  chrome
00:54:13     1000      9359      1,20      0,00 55015792   62664   0,39  chrome
00:54:13     1000     76014      0,40      0,00 1518513820  345808   2,13  chrome
00:54:13     1000     76063      0,20      0,00 55006444   86720   0,53  chrome
00:54:13     1000    108954      8,80      0,00    6316    5236   0,03  pidstat
00:54:13     1000    108986     29,00      0,00 6198124  265180   1,63  java

00:54:08      UID       PID   kB_rd/s   kB_wr/s kB_ccwr/s iodelay  Command
00:54:13     1000      9291      0,00      0,80      0,00       0  chrome
00:54:13     1000      9345      0,00     14,40      0,00       0  chrome
00:54:13     1000    108954      0,00      1,46      0,00       0  pidstat
00:54:13     1000    108986      0,00      3,22      0,00       0  java

00:54:13      UID       PID    %usr %system  %guest   %wait    %CPU   CPU  Command
00:54:18        0         1    0,20    0,00    0,00    0,00    0,20     1  systemd
00:54:18        0        86    0,00    0,20    0,00    0,00    0,20     1  irq/9-acpi
00:54:18      990       903    0,60    0,00    0,00    0,00    0,60     4  dbus-daemon
00:54:18      115       930    1,20    0,40    0,00    0,00    1,60     1  prometheus-node
00:54:18      115       933    0,20    0,00    0,00    0,00    0,20     2  prometheus
00:54:18        0      1383    0,20    0,20    0,00    0,00    0,40     7  glances
00:54:18        0      1423    0,20    0,00    0,00    0,00    0,20     2  containerd
00:54:18        0      2310    0,20    0,20    0,00    0,00    0,40     4  dockerd
00:54:18      117      2312    2,00    0,20    0,00    0,00    2,20     3  grafana
00:54:18        0      2932    0,20    0,20    0,00    0,00    0,40     3  mount.ntfs-3g
00:54:18        0      2981    0,20    0,00    0,00    0,00    0,20     0  containerd-shim
00:54:18      999      3130    0,40    0,00    0,00    0,00    0,40     5  redis-server
00:54:18     1000      4708    1,00    0,40    0,00    0,00    1,40     0  gnome-shell
00:54:18     1000      6339    1,00    0,20    0,00    0,00    1,20     7  gnome-terminal-
00:54:18     1000      6820    0,80    0,40    0,00    0,00    1,20     4  antigravity
00:54:18     1000      7059    1,60    1,60    0,00    0,00    3,20     5  language_server
00:54:18     1000      7229    0,00    0,20    0,00    0,00    0,20     5  antigravity
00:54:18     1000      7244    1,80    0,00    0,00    0,00    1,80     2  antigravity
00:54:18     1000      7260    0,60    0,20    0,00    0,00    0,80     5  antigravity
00:54:18     1000      8267    2,20    1,00    0,00    0,00    3,20     7  language_server
00:54:18     1000      8356    0,00    0,20    0,00    0,00    0,20     2  antigravity
00:54:18     1000      9291    0,20    0,00    0,00    0,00    0,20     2  chrome
00:54:18     1000      9345    0,00    0,20    0,00    0,00    0,20     1  chrome
00:54:18     1000      9519    0,20    0,00    0,00    0,00    0,20     5  chrome
00:54:18     1000     76014    0,20    0,00    0,00    0,00    0,20     6  chrome
00:54:18     1000     91682    0,00    0,20    0,00    0,00    0,20     4  ssh
00:54:18        0    103884    0,00    0,20    0,00    0,00    0,20     4  kworker/4:1-events
00:54:18        0    107514    0,20    0,00    0,00    0,00    0,20     1  kworker/1:3-events
00:54:18     1000    108954    0,40    0,20    0,00    0,00    0,60     3  pidstat
00:54:18     1000    108986    4,00    0,60    0,00    0,00    4,60     0  java

00:54:13      UID       PID  minflt/s  majflt/s     VSZ     RSS   %MEM  Command
00:54:18      115       930     77,60      0,00 1762312   25852   0,16  prometheus-node
00:54:18      114      1526      3,80      0,00  218252   29568   0,18  postgres
00:54:18        0      2975      8,60      0,00 1235352   14136   0,09  containerd-shim
00:54:18        0      2976     12,40      0,00 1235608   14784   0,09  containerd-shim
00:54:18        0      2977      0,20      0,00 1235352   14836   0,09  containerd-shim
00:54:18        0      2981      1,40      0,00 1235608   15000   0,09  containerd-shim
00:54:18        0      2982     11,40      0,00 1235608   15380   0,09  containerd-shim
00:54:18     1000      4708      6,80      0,00 5454468  346596   2,14  gnome-shell
00:54:18     1000      6317     31,80      0,00 1461668528  315664   1,94  antigravity
00:54:18     1000      6757      0,60      0,00 34347404  170140   1,05  antigravity
00:54:18     1000      6771      0,60      0,00 33903964   81292   0,50  antigravity
00:54:18     1000      6820     68,20      0,00 1461417328  655904   4,04  antigravity
00:54:18     1000      7161      0,20      0,00 33951332   64332   0,40  antigravity
00:54:18     1000      7229      3,00      0,00 1461383544  129292   0,80  antigravity
00:54:18     1000      7244     28,40      0,00 1461351324  350548   2,16  antigravity
00:54:18     1000      7258      3,00      0,00 1461347760  125636   0,77  antigravity
00:54:18     1000      7260      3,20      0,00 1461367100  164148   1,01  antigravity
00:54:18     1000      8356      5,40      0,00 1459530528  101100   0,62  antigravity
00:54:18     1000      9291      8,40      0,00 55435272  374296   2,31  chrome
00:54:18     1000      9342      2,20      0,00 55467700  213696   1,32  chrome
00:54:18     1000      9345      8,40      0,00 54976356  135672   0,84  chrome
00:54:18     1000      9359      0,60      0,00 55015792   62664   0,39  chrome
00:54:18     1000     76014      0,40      0,00 1518513820  345808   2,13  chrome
00:54:18     1000     76063      0,20      0,00 55006444   86720   0,53  chrome
00:54:18     1000    108954      0,00      0,00    6212    5236   0,03  pidstat
00:54:18     1000    108986     26,00      0,00 6198124  265564   1,64  java

00:54:13      UID       PID   kB_rd/s   kB_wr/s kB_ccwr/s iodelay  Command
00:54:18     1000      9291      0,00      5,60      0,00       0  chrome
00:54:18     1000    108954      0,00      1,10      0,00       0  pidstat
00:54:18     1000    108986      0,00      1,70      0,00       0  java

00:54:18      UID       PID    %usr %system  %guest   %wait    %CPU   CPU  Command
00:54:23      115       933    0,20    0,00    0,00    0,00    0,20     2  prometheus
00:54:23        0      1383    0,20    0,00    0,00    0,00    0,20     7  glances
00:54:23        0      1423    0,40    0,20    0,00    0,00    0,60     2  containerd
00:54:23        0      2310    0,20    0,40    0,00    0,00    0,60     4  dockerd
00:54:23      117      2312    0,60    0,40    0,00    0,00    1,00     3  grafana
00:54:23        0      2932    0,20    0,20    0,00    0,00    0,40     3  mount.ntfs-3g
00:54:23        0      2975    0,00    0,20    0,00    0,00    0,20     7  containerd-shim
00:54:23        0      2976    0,00    0,20    0,00    0,00    0,20     6  containerd-shim
00:54:23      999      3130    0,40    0,20    0,00    0,00    0,60     7  redis-server
00:54:23     1000      4708    0,80    0,20    0,00    0,00    1,00     1  gnome-shell
00:54:23     1000      6317    0,20    0,00    0,00    0,00    0,20     5  antigravity
00:54:23     1000      6339    0,60    0,00    0,00    0,00    0,60     7  gnome-terminal-
00:54:23     1000      6820    0,80    0,00    0,00    0,00    0,80     4  antigravity
00:54:23     1000      7059    1,40    2,20    0,00    0,00    3,60     0  language_server
00:54:23     1000      7229    0,20    0,00    0,00    0,00    0,20     5  antigravity
00:54:23     1000      7244    1,60    0,20    0,00    0,00    1,80     4  antigravity
00:54:23     1000      7260    0,80    0,00    0,00    0,00    0,80     2  antigravity
00:54:23     1000      8267    1,40    1,80    0,00    0,00    3,20     7  language_server
00:54:23     1000      9291    0,40    0,00    0,00    0,00    0,40     2  chrome
00:54:23     1000     98039    0,20    0,00    0,00    0,00    0,20     7  antigravity
00:54:23     1000    108954    0,20    0,20    0,00    0,00    0,40     1  pidstat
00:54:23     1000    108986   10,00    0,20    0,00    0,00   10,20     0  java

00:54:18      UID       PID  minflt/s  majflt/s     VSZ     RSS   %MEM  Command
00:54:23        0      1423      5,00      0,00 2463900   70244   0,43  containerd
00:54:23        0      2975      5,00      0,00 1235352   14136   0,09  containerd-shim
00:54:23        0      2976      1,00      0,00 1235608   14784   0,09  containerd-shim
00:54:23        0      2977      5,40      0,00 1235352   14836   0,09  containerd-shim
00:54:23        0      2981      2,40      0,00 1235608   15000   0,09  containerd-shim
00:54:23        0      2982      3,80      0,00 1235608   15224   0,09  containerd-shim
00:54:23     1000      4708      0,40      0,00 5454532  346596   2,14  gnome-shell
00:54:23     1000      6317     34,60      0,00 1461668528  315200   1,94  antigravity
00:54:23     1000      6757      0,60      0,00 34347404  170140   1,05  antigravity
00:54:23     1000      6771      1,20      0,00 33903964   81292   0,50  antigravity
00:54:23     1000      6820    108,00      0,00 1461417328  658080   4,05  antigravity
00:54:23     1000      7161      0,20      0,00 33951332   64332   0,40  antigravity
00:54:23     1000      7229      2,40      0,00 1461383544  129292   0,80  antigravity
00:54:23     1000      7244     21,00      0,00 1461351324  350396   2,16  antigravity
00:54:23     1000      7258      2,60      0,00 1461347760  125636   0,77  antigravity
00:54:23     1000      7260      3,00      0,00 1461367100  164148   1,01  antigravity
00:54:23     1000      8356      5,20      0,00 1459530528  101100   0,62  antigravity
00:54:23     1000      9291     16,60      0,00 55435272  374296   2,31  chrome
00:54:23     1000      9342      2,20      0,00 55467700  213696   1,32  chrome
00:54:23     1000      9345      4,20      0,00 54976356  135672   0,84  chrome
00:54:23     1000      9359      0,60      0,00 55015792   62664   0,39  chrome
00:54:23     1000      9519      0,00      0,00 1518554232  352648   2,17  chrome
00:54:23     1000     76014      0,60      0,00 1518513820  345808   2,13  chrome
00:54:23     1000     76063      0,40      0,00 55006444   86720   0,53  chrome
00:54:23     1000    108986     65,00      0,00 6198124  266716   1,64  java

00:54:18      UID       PID   kB_rd/s   kB_wr/s kB_ccwr/s iodelay  Command
00:54:23     1000      9291      0,00     16,00      0,00       0  chrome
00:54:23     1000    108954      0,00      1,02      0,00       0  pidstat
00:54:23     1000    108986      0,00      3,22      0,00       0  java

00:54:23      UID       PID    %usr %system  %guest   %wait    %CPU   CPU  Command
00:54:28      115       933    0,20    0,00    0,00    0,00    0,20     2  prometheus
00:54:28        0      1391    0,20    0,00    0,00    0,00    0,20     5  tailscaled
00:54:28        0      1423    0,40    0,00    0,00    0,00    0,40     2  containerd
00:54:28        0      2310    0,40    0,00    0,00    0,00    0,40     4  dockerd
00:54:28      117      2312    0,60    0,20    0,00    0,00    0,80     3  grafana
00:54:28        0      2932    0,20    0,20    0,00    0,00    0,40     6  mount.ntfs-3g
00:54:28        0      2975    0,20    0,00    0,00    0,00    0,20     7  containerd-shim
00:54:28        0      2976    0,20    0,00    0,00    0,00    0,20     6  containerd-shim
00:54:28        0      2977    0,20    0,20    0,00    0,00    0,40     7  containerd-shim
00:54:28        0      2981    0,20    0,20    0,00    0,00    0,40     0  containerd-shim
00:54:28        0      2982    0,20    0,00    0,00    0,00    0,20     1  containerd-shim
00:54:28       70      3117    0,00    0,20    0,00    0,00    0,20     2  postgres
00:54:28      999      3130    0,40    0,00    0,00    0,00    0,40     7  redis-server
00:54:28     1000      4708    0,80    0,40    0,00    0,00    1,20     3  gnome-shell
00:54:28     1000      6317    0,20    0,00    0,00    0,00    0,20     0  antigravity
00:54:28     1000      6339    0,80    0,00    0,00    0,00    0,80     0  gnome-terminal-
00:54:28     1000      6820    1,00    0,00    0,00    0,00    1,00     4  antigravity
00:54:28     1000      7059    1,20    2,00    0,00    0,00    3,20     2  language_server
00:54:28     1000      7229    0,20    0,00    0,00    0,00    0,20     2  antigravity
00:54:28     1000      7244    1,60    0,00    0,00    0,00    1,60     3  antigravity
00:54:28     1000      7260    0,40    0,00    0,00    0,00    0,40     2  antigravity
00:54:28     1000      8267    1,80    1,60    0,00    0,00    3,40     7  language_server
00:54:28     1000      8356    0,00    0,20    0,00    0,00    0,20     2  antigravity
00:54:28     1000      9519    0,20    0,20    0,00    0,00    0,40     6  chrome
00:54:28        0     93905    0,00    0,20    0,00    0,00    0,20     5  kworker/u32:7-events_unbound
00:54:28        0    104961    0,00    0,20    0,00    0,00    0,20     6  kworker/6:0-i915-unordered
00:54:28     1000    108954    0,20    0,20    0,00    0,00    0,40     2  pidstat
00:54:28     1000    108986    5,20    0,20    0,00    0,00    5,40     0  java

00:54:23      UID       PID  minflt/s  majflt/s     VSZ     RSS   %MEM  Command
00:54:28        0      1423      1,00      0,00 2463900   70244   0,43  containerd
00:54:28        0      2975      5,80      0,00 1235352   13444   0,08  containerd-shim
00:54:28        0      2976      0,20      0,00 1235608   14088   0,09  containerd-shim
00:54:28        0      2977      0,20      0,00 1235352   14244   0,09  containerd-shim
00:54:28        0      2981      8,80      0,00 1235608   14068   0,09  containerd-shim
00:54:28        0      2982      9,60      0,00 1235608   14800   0,09  containerd-shim
00:54:28       70      3117      4,40      0,00  174540   25424   0,16  postgres
00:54:28     1000      4708      6,60      0,00 5454468  346320   2,13  gnome-shell
00:54:28     1000      6317     33,20      0,00 1461668528  315208   1,94  antigravity
00:54:28     1000      6757      1,20      0,00 34347404  170140   1,05  antigravity
00:54:28     1000      6771      0,60      0,00 33903964   81292   0,50  antigravity
00:54:28     1000      6820    153,60      0,00 1461417328  660336   4,07  antigravity
00:54:28     1000      7161      0,40      0,00 33951332   64332   0,40  antigravity
00:54:28     1000      7229      2,20      0,00 1461383544  129292   0,80  antigravity
00:54:28     1000      7244     12,80      0,00 1461351324  350200   2,16  antigravity
00:54:28     1000      7258      3,00      0,00 1461347760  125636   0,77  antigravity
00:54:28     1000      7260      3,00      0,00 1461367100  164020   1,01  antigravity
00:54:28     1000      8356      5,40      0,00 1459530528  101100   0,62  antigravity
00:54:28     1000      9291     18,00      0,00 55435272  374424   2,31  chrome
00:54:28     1000      9342      2,20      0,00 55467700  213696   1,32  chrome
00:54:28     1000      9345      4,20      0,00 54976356  135672   0,84  chrome
00:54:28     1000      9359      0,60      0,00 55015792   62664   0,39  chrome
00:54:28     1000     76014      0,60      0,00 1518513820  345808   2,13  chrome
00:54:28     1000     76063      0,40      0,00 55006444   86720   0,53  chrome
00:54:28     1000    108986     30,60      0,00 6198124  267484   1,65  java

00:54:23      UID       PID   kB_rd/s   kB_wr/s kB_ccwr/s iodelay  Command
00:54:28     1000      9291      0,00      3,20      0,00       0  chrome
00:54:28     1000    108954      0,00      0,88      0,00       0  pidstat
00:54:28     1000    108986      0,00      3,22      0,00       0  java

00:54:28      UID       PID    %usr %system  %guest   %wait    %CPU   CPU  Command
00:54:33        0         1    0,20    0,00    0,00    0,00    0,20     0  systemd
00:54:33        0        16    0,00    0,20    0,00    0,00    0,20     0  ksoftirqd/0
00:54:33        0        86    0,00    0,20    0,00    0,00    0,20     1  irq/9-acpi
00:54:33      990       903    0,80    0,20    0,00    0,00    1,00     7  dbus-daemon
00:54:33      115       930    1,20    0,60    0,00    0,00    1,80     1  prometheus-node
00:54:33      115       933    0,20    0,00    0,00    0,00    0,20     2  prometheus
00:54:33        0      1383    0,20    0,00    0,00    0,00    0,20     7  glances
00:54:33        0      1391    0,00    0,20    0,00    0,00    0,20     5  tailscaled
00:54:33        0      1423    0,20    0,20    0,00    0,00    0,40     2  containerd
00:54:33        0      2310    0,20    0,20    0,00    0,00    0,40     4  dockerd
00:54:33      117      2312    1,00    0,20    0,00    0,00    1,20     3  grafana
00:54:33        0      2932    0,40    0,00    0,00    0,00    0,40     2  mount.ntfs-3g
00:54:33        0      2975    0,00    0,20    0,00    0,00    0,20     7  containerd-shim
00:54:33        0      2982    0,00    0,20    0,00    0,00    0,20     1  containerd-shim
00:54:33      999      3130    0,40    0,20    0,00    0,00    0,60     7  redis-server
00:54:33     1000      4708    0,80    0,20    0,00    0,00    1,00     1  gnome-shell
00:54:33     1000      6317    0,20    0,20    0,00    0,00    0,40     0  antigravity
00:54:33     1000      6339    0,60    0,00    0,00    0,00    0,60     0  gnome-terminal-
00:54:33     1000      6771    0,20    0,00    0,00    0,00    0,20     1  antigravity
00:54:33     1000      6820    1,20    0,20    0,00    0,00    1,40     3  antigravity
00:54:33     1000      7059    1,60    1,80    0,00    0,00    3,40     1  language_server
00:54:33     1000      7229    0,20    0,20    0,00    0,00    0,40     3  antigravity
00:54:33     1000      7244    1,40    0,40    0,00    0,00    1,80     6  antigravity
00:54:33     1000      7260    1,00    0,00    0,00    0,00    1,00     3  antigravity
00:54:33     1000      8267    1,60    1,60    0,00    0,00    3,20     7  language_server
00:54:33     1000      9291    0,20    0,20    0,00    0,00    0,40     1  chrome
00:54:33     1000      9390    0,20    0,00    0,00    0,00    0,20     5  chrome
00:54:33     1000      9519    0,20    0,00    0,00    0,00    0,20     4  chrome
00:54:33     1000    108954    0,20    0,20    0,00    0,00    0,40     4  pidstat
00:54:33     1000    108986    2,40    0,80    0,00    0,00    3,20     0  java

00:54:28      UID       PID  minflt/s  majflt/s     VSZ     RSS   %MEM  Command
00:54:33      115       930     78,00      0,00 1762312   25648   0,16  prometheus-node
00:54:33        0      1423      0,20      0,00 2463900   70244   0,43  containerd
00:54:33        0      2975      9,60      0,00 1235352   13444   0,08  containerd-shim
00:54:33        0      2976      8,40      0,00 1235608   14088   0,09  containerd-shim
00:54:33        0      2977      8,40      0,00 1235352   14244   0,09  containerd-shim
00:54:33        0      2981      9,20      0,00 1235608   14068   0,09  containerd-shim
00:54:33        0      2982      7,20      0,00 1235608   14800   0,09  containerd-shim
00:54:33     1000      4708      0,60      0,00 5454468  346320   2,13  gnome-shell
00:54:33     1000      6317     32,80      0,00 1461668528  315720   1,94  antigravity
00:54:33     1000      6757      3,80      0,00 34347404  170140   1,05  antigravity
00:54:33     1000      6771      0,60      0,00 33903964   81292   0,50  antigravity
00:54:33     1000      6820    141,80      0,00 1461417328  661808   4,08  antigravity
00:54:33     1000      7161      0,20      0,00 33951332   64332   0,40  antigravity
00:54:33     1000      7229    133,40      0,00 1461383544  129136   0,80  antigravity
00:54:33     1000      7244     52,00      0,00 1461351324  350040   2,16  antigravity
00:54:33     1000      7258      6,00      0,00 1461347760  125636   0,77  antigravity
00:54:33     1000      7260     58,60      0,00 1461367100  164176   1,01  antigravity
00:54:33     1000      8356      5,20      0,00 1459530528  101100   0,62  antigravity
00:54:33     1000      9291      6,80      0,00 55435272  374424   2,31  chrome
00:54:33     1000      9342      4,40      0,00 55467700  213696   1,32  chrome
00:54:33     1000      9345      4,20      0,00 54976356  135672   0,84  chrome
00:54:33     1000      9359      1,20      0,00 55015792   62664   0,39  chrome
00:54:33     1000     76014      0,40      0,00 1518513820  345808   2,13  chrome
00:54:33     1000     76063      0,20      0,00 55006444   86720   0,53  chrome
00:54:33     1000    108986     21,00      0,00 6198124  267612   1,65  java

00:54:28      UID       PID   kB_rd/s   kB_wr/s kB_ccwr/s iodelay  Command
00:54:33     1000    108954      0,00      0,99      0,00       0  pidstat
00:54:33     1000    108986      0,00      3,31      0,00       0  java

00:54:33      UID       PID    %usr %system  %guest   %wait    %CPU   CPU  Command
00:54:38        0      1383    0,20    0,00    0,00    0,00    0,20     7  glances
00:54:38        0      1423    0,20    0,20    0,00    0,00    0,40     2  containerd
00:54:38        0      1554    0,00    0,20    0,00    0,00    0,20     1  apache2
00:54:38        0      2310    0,40    0,00    0,00    0,00    0,40     4  dockerd
00:54:38      117      2312    0,60    0,20    0,00    0,00    0,80     3  grafana
00:54:38        0      2932    0,20    0,20    0,00    0,00    0,40     5  mount.ntfs-3g
00:54:38      999      3130    0,40    0,00    0,00    0,00    0,40     7  redis-server
00:54:38       70      3567    0,00    0,20    0,00    0,00    0,20     1  postgres
00:54:38     1000      4708    1,00    0,20    0,00    0,00    1,20     3  gnome-shell
00:54:38     1000      6339    0,80    0,00    0,00    0,00    0,80     1  gnome-terminal-
00:54:38     1000      6820    1,00    0,20    0,00    0,00    1,20     7  antigravity
00:54:38     1000      7059    1,40    1,80    0,00    0,20    3,20     6  language_server
00:54:38     1000      7229    0,20    0,20    0,00    0,00    0,40     3  antigravity
00:54:38     1000      7244    1,80    0,00    0,00    0,00    1,80     3  antigravity
00:54:38     1000      7260    0,60    0,00    0,00    0,00    0,60     6  antigravity
00:54:38     1000      8267    1,80    1,40    0,00    0,00    3,20     7  language_server
00:54:38     1000      8356    0,20    0,20    0,00    0,00    0,40     2  antigravity
00:54:38     1000      9291    0,00    0,20    0,00    0,00    0,20     1  chrome
00:54:38     1000      9390    0,00    0,20    0,00    0,00    0,20     2  chrome
00:54:38     1000     91682    0,20    0,00    0,00    0,00    0,20     6  ssh
00:54:38     1000    108954    0,40    0,00    0,00    0,00    0,40     4  pidstat
00:54:38     1000    108986    6,80    0,20    0,00    0,00    7,00     0  java

00:54:33      UID       PID  minflt/s  majflt/s     VSZ     RSS   %MEM  Command
00:54:38        0      2975     12,80      0,00 1235352   13572   0,08  containerd-shim
00:54:38        0      2976     11,20      0,00 1235608   14344   0,09  containerd-shim
00:54:38        0      2977     13,80      0,00 1235352   14500   0,09  containerd-shim
00:54:38        0      2981     11,00      0,00 1235608   14324   0,09  containerd-shim
00:54:38        0      2982     11,20      0,00 1235608   14928   0,09  containerd-shim
00:54:38     1000      4708      6,60      0,00 5454468  346448   2,13  gnome-shell
00:54:38     1000      6317     35,20      0,00 1461668528  315720   1,94  antigravity
00:54:38     1000      6757      0,60      0,00 34347404  170140   1,05  antigravity
00:54:38     1000      6771      0,60      0,00 33903964   81292   0,50  antigravity
00:54:38     1000      6820    125,20      0,00 1461417328  664112   4,09  antigravity
00:54:38     1000      7161      0,20      0,00 33951332   64332   0,40  antigravity
00:54:38     1000      7229     92,80      0,00 1461383544  129136   0,80  antigravity
00:54:38     1000      7244    100,60      0,00 1461351324  350308   2,16  antigravity
00:54:38     1000      7258      2,60      0,00 1461347760  125636   0,77  antigravity
00:54:38     1000      7260      3,20      0,00 1461367100  164048   1,01  antigravity
00:54:38     1000      8356      5,40      0,00 1459530528  101100   0,62  antigravity
00:54:38     1000      9291      6,80      0,00 55435272  374424   2,31  chrome
00:54:38     1000      9342      2,20      0,00 55467700  213696   1,32  chrome
00:54:38     1000      9345      9,00      0,00 54976356  135672   0,84  chrome
00:54:38     1000      9359      0,60      0,00 55015792   62664   0,39  chrome
00:54:38     1000     76014      0,40      0,00 1518513820  345808   2,13  chrome
00:54:38     1000     76063      0,20      0,00 55006444   86720   0,53  chrome
00:54:38     1000    108986     31,00      0,00 6198124  268380   1,65  java

00:54:33      UID       PID   kB_rd/s   kB_wr/s kB_ccwr/s iodelay  Command
00:54:38     1000    108954      0,00      1,00      0,00       0  pidstat
00:54:38     1000    108986      0,00      3,23      0,00       0  java

00:54:38      UID       PID    %usr %system  %guest   %wait    %CPU   CPU  Command
00:54:43        0        17    0,00    0,20    0,00    0,00    0,20     5  rcu_preempt
00:54:43      115       933    0,20    0,00    0,00    0,00    0,20     0  prometheus
00:54:43        0      1391    0,00    0,20    0,00    0,00    0,20     2  tailscaled
00:54:43        0      1423    0,20    0,20    0,00    0,00    0,40     2  containerd
00:54:43        0      2310    0,40    0,20    0,00    0,00    0,60     4  dockerd
00:54:43      117      2312    0,60    0,20    0,00    0,00    0,80     3  grafana
00:54:43        0      2932    0,20    0,20    0,00    0,00    0,40     4  mount.ntfs-3g
00:54:43        0      2975    0,00    0,20    0,00    0,00    0,20     7  containerd-shim
00:54:43        0      2976    0,20    0,00    0,00    0,00    0,20     6  containerd-shim
00:54:43        0      2977    0,20    0,00    0,00    0,00    0,20     7  containerd-shim
00:54:43        0      2981    0,00    0,20    0,00    0,00    0,20     0  containerd-shim
00:54:43      999      3130    0,40    0,00    0,00    0,00    0,40     5  redis-server
00:54:43     1000      4708    0,60    0,40    0,00    0,00    1,00     3  gnome-shell
00:54:43     1000      6317    0,40    0,20    0,00    0,00    0,60     0  antigravity
00:54:43     1000      6339    0,60    0,00    0,00    0,00    0,60     1  gnome-terminal-
00:54:43     1000      6820    0,80    0,00    0,00    0,00    0,80     4  antigravity
00:54:43     1000      7059    1,40    2,20    0,00    0,00    3,60     7  language_server
00:54:43     1000      7229    0,20    0,20    0,00    0,00    0,40     4  antigravity
00:54:43     1000      7244    1,60    0,20    0,00    0,00    1,80     7  antigravity
00:54:43     1000      7260    0,40    0,00    0,00    0,00    0,40     1  antigravity
00:54:43     1000      8267    2,20    1,00    0,00    0,00    3,20     7  language_server
00:54:43     1000      9291    0,20    0,00    0,00    0,00    0,20     2  chrome
00:54:43     1000      9500    0,20    0,00    0,00    0,00    0,20     4  chrome
00:54:43     1000      9519    0,40    0,20    0,00    0,00    0,60     1  chrome
00:54:43     1000     76014    0,00    0,20    0,00    0,00    0,20     0  chrome
00:54:43     1000     98039    0,20    0,00    0,00    0,00    0,20     7  antigravity
00:54:43        0    108721    0,00    0,20    0,00    0,00    0,20     3  kworker/3:2-events_freezable
00:54:43     1000    108954    0,20    0,20    0,00    0,00    0,40     4  pidstat
00:54:43     1000    108986    2,80    1,40    0,00    0,00    4,20     0  java

00:54:38      UID       PID  minflt/s  majflt/s     VSZ     RSS   %MEM  Command
00:54:43        0      2975     10,20      0,00 1235352   13700   0,08  containerd-shim
00:54:43        0      2976     12,60      0,00 1235608   14600   0,09  containerd-shim
00:54:43        0      2977     12,20      0,00 1235352   14628   0,09  containerd-shim
00:54:43        0      2981     14,60      0,00 1235608   14708   0,09  containerd-shim
00:54:43        0      2982     10,00      0,00 1235608   15056   0,09  containerd-shim
00:54:43     1000      4708      0,80      0,00 5454532  346448   2,13  gnome-shell
00:54:43     1000      6317     51,20      0,00 1461668528  315096   1,94  antigravity
00:54:43     1000      6757      0,60      0,00 34347404  170140   1,05  antigravity
00:54:43     1000      6771      1,20      0,00 33903964   81292   0,50  antigravity
00:54:43     1000      6820    102,80      0,00 1461417328  666160   4,10  antigravity
00:54:43     1000      7161      0,20      0,00 33951332   64332   0,40  antigravity
00:54:43     1000      7229     12,00      0,00 1461383544  129264   0,80  antigravity
00:54:43     1000      7244     59,80      0,00 1461351324  350260   2,16  antigravity
00:54:43     1000      7258      3,00      0,00 1461347760  125636   0,77  antigravity
00:54:43     1000      7260      3,20      0,00 1461367100  164048   1,01  antigravity
00:54:43     1000      8356      5,20      0,00 1459530528  101100   0,62  antigravity
00:54:43     1000      9291     12,40      0,00 55435272  374284   2,31  chrome
00:54:43     1000      9342      2,20      0,00 55467700  213696   1,32  chrome
00:54:43     1000      9345      8,80      0,00 54976356  135544   0,84  chrome
00:54:43     1000      9359      0,60      0,00 55015792   62664   0,39  chrome
00:54:43     1000      9519    358,40      0,00 1518554232  363760   2,24  chrome
00:54:43     1000     76014      0,20      0,00 1518513820  345808   2,13  chrome
00:54:43     1000     76063      0,20      0,00 55006444   86720   0,53  chrome
00:54:43     1000    108986     18,00      0,00 6198124  274932   1,69  java

00:54:38      UID       PID   kB_rd/s   kB_wr/s kB_ccwr/s iodelay  Command
00:54:43     1000      9291      0,00      2,40      0,00       0  chrome
00:54:43     1000    108954      0,00      0,82      0,00       0  pidstat
00:54:43     1000    108986      0,00      1,71      0,00       0  java

00:54:43      UID       PID    %usr %system  %guest   %wait    %CPU   CPU  Command
00:54:48        0         1    0,20    0,00    0,00    0,00    0,20     1  systemd
00:54:48        0       120    0,00    0,20    0,00    0,00    0,20     6  kworker/u33:0-i915_flip
00:54:48      990       903    0,60    0,00    0,00    0,00    0,60     0  dbus-daemon
00:54:48      115       930    0,80    0,60    0,00    0,00    1,40     1  prometheus-node
00:54:48      115       933    0,20    0,00    0,00    0,00    0,20     0  prometheus
00:54:48        0      1383    0,20    0,00    0,00    0,00    0,20     7  glances
00:54:48        0      1411    0,00    0,20    0,00    0,00    0,20     0  anydesk
00:54:48        0      1423    0,20    0,20    0,00    0,00    0,40     2  containerd
00:54:48        0      2310    0,20    0,40    0,00    0,00    0,60     4  dockerd
00:54:48      117      2312    0,80    0,40    0,00    0,00    1,20     3  grafana
00:54:48        0      2932    0,20    0,20    0,00    0,00    0,40     0  mount.ntfs-3g
00:54:48        0      2976    0,00    0,20    0,00    0,00    0,20     6  containerd-shim
00:54:48        0      2982    0,00    0,20    0,00    0,00    0,20     1  containerd-shim
00:54:48      999      3130    0,40    0,00    0,00    0,00    0,40     6  redis-server
00:54:48     1000      4708    1,20    0,40    0,00    0,00    1,60     7  gnome-shell
00:54:48     1000      6339    0,80    0,00    0,00    0,00    0,80     0  gnome-terminal-
00:54:48     1000      6757    0,00    0,20    0,00    0,00    0,20     5  antigravity
00:54:48     1000      6820   12,20    0,80    0,00    0,00   13,00     4  antigravity
00:54:48     1000      7059    2,60    1,60    0,00    0,00    4,20     2  language_server
00:54:48     1000      7229    0,20    0,00    0,00    0,00    0,20     3  antigravity
00:54:48     1000      7244    1,60    0,20    0,00    0,00    1,80     7  antigravity
00:54:48     1000      7260    0,80    0,20    0,00    0,00    1,00     4  antigravity
00:54:48     1000      8267    1,80    1,80    0,00    0,00    3,60     7  language_server
00:54:48     1000      8356    0,20    0,00    0,00    0,00    0,20     3  antigravity
00:54:48     1000      9291    0,20    0,00    0,00    0,00    0,20     2  chrome
00:54:48        0    107286    0,00    0,20    0,00    0,00    0,20     0  kworker/u32:8-kvfree_rcu_reclaim
00:54:48     1000    108954    0,20    0,40    0,00    0,00    0,60     1  pidstat
00:54:48     1000    108986    2,00    0,20    0,00    0,00    2,20     0  java

00:54:43      UID       PID  minflt/s  majflt/s     VSZ     RSS   %MEM  Command
00:54:48      115       930    112,00      0,00 1762312   25756   0,16  prometheus-node
00:54:48        0      2975      1,00      0,00 1235352   13700   0,08  containerd-shim
00:54:48        0      2976      4,80      0,00 1235608   14728   0,09  containerd-shim
00:54:48        0      2977      9,80      0,00 1235352   15012   0,09  containerd-shim
00:54:48        0      2981      8,80      0,00 1235608   14708   0,09  containerd-shim
00:54:48        0      2982      0,60      0,00 1235608   15056   0,09  containerd-shim
00:54:48     1000      4708      7,00      0,00 5454532  346448   2,13  gnome-shell
00:54:48     1000      6317     33,20      0,00 1461668528  315064   1,94  antigravity
00:54:48     1000      6757      1,20      0,00 34347404  170140   1,05  antigravity
00:54:48     1000      6771      0,60      0,00 33903964   81292   0,50  antigravity
00:54:48     1000      6820    139,40      0,00 1461417328  655304   4,04  antigravity
00:54:48     1000      7161      0,40      0,00 33951332   64332   0,40  antigravity
00:54:48     1000      7229      8,80      0,00 1461383544  129264   0,80  antigravity
00:54:48     1000      7244     23,60      0,00 1461351324  350500   2,16  antigravity
00:54:48     1000      7258      3,40      0,00 1461347760  125636   0,77  antigravity
00:54:48     1000      7260      3,20      0,00 1461367100  164048   1,01  antigravity
00:54:48     1000      8356      5,20      0,00 1459530528  101100   0,62  antigravity
00:54:48     1000      9291     13,60      0,00 55435272  374284   2,31  chrome
00:54:48     1000      9342      2,20      0,00 55467700  213696   1,32  chrome
00:54:48     1000      9345      4,20      0,00 54976356  135544   0,84  chrome
00:54:48     1000      9359      0,60      0,00 55015792   62664   0,39  chrome
00:54:48     1000     76014      0,60      0,00 1518513820  345808   2,13  chrome
00:54:48     1000     76063      0,40      0,00 55006444   86720   0,53  chrome
00:54:48     1000    108986     11,80      0,00 6198124  275188   1,70  java

00:54:43      UID       PID   kB_rd/s   kB_wr/s kB_ccwr/s iodelay  Command
00:54:48     1000    108954      0,00      0,98      0,00       0  pidstat
00:54:48     1000    108986      0,00      3,23      0,00       0  java

00:54:48      UID       PID    %usr %system  %guest   %wait    %CPU   CPU  Command
00:54:53      115       933    0,20    0,00    0,00    0,00    0,20     0  prometheus
00:54:53        0      1383    0,20    0,00    0,00    0,00    0,20     7  glances
00:54:53        0      1423    0,20    0,20    0,00    0,00    0,40     2  containerd
00:54:53        0      2123    0,00    0,20    0,00    0,00    0,20     6  upowerd
00:54:53        0      2310    0,20    0,20    0,00    0,00    0,40     4  dockerd
00:54:53      117      2312    0,40    0,40    0,00    0,00    0,80     3  grafana
00:54:53        0      2932    0,40    0,00    0,00    0,00    0,40     2  mount.ntfs-3g
00:54:53        0      2975    0,20    0,00    0,00    0,00    0,20     7  containerd-shim
00:54:53        0      2977    0,00    0,20    0,00    0,00    0,20     7  containerd-shim
00:54:53        0      2981    0,20    0,00    0,00    0,00    0,20     0  containerd-shim
00:54:53      999      3130    0,40    0,00    0,00    0,00    0,40     6  redis-server
00:54:53     1000      4708    1,00    0,40    0,00    0,00    1,40     4  gnome-shell
00:54:53     1000      6317    0,20    0,00    0,00    0,00    0,20     0  antigravity
00:54:53     1000      6339    1,20    0,00    0,00    0,00    1,20     2  gnome-terminal-
00:54:53     1000      6757    0,20    0,00    0,00    0,00    0,20     0  antigravity
00:54:53     1000      6820    1,20    0,00    0,00    0,00    1,20     1  antigravity
00:54:53     1000      7059    1,40    1,40    0,00    0,00    2,80     3  language_server
00:54:53     1000      7229    0,20    0,20    0,00    0,00    0,40     6  antigravity
00:54:53     1000      7244    1,40    0,40    0,00    0,00    1,80     0  antigravity
00:54:53     1000      7260    0,40    0,00    0,00    0,00    0,40     6  antigravity
00:54:53     1000      8267    1,20    2,00    0,00    0,00    3,20     7  language_server
00:54:53     1000      9345    0,20    0,00    0,00    0,00    0,20     4  chrome
00:54:53     1000      9519    0,20    0,00    0,00    0,00    0,20     5  chrome
00:54:53     1000     91682    0,20    0,20    0,00    0,00    0,40     5  ssh
00:54:53        0    104961    0,00    0,20    0,00    0,00    0,20     6  kworker/6:0-i915-unordered
00:54:53     1000    108954    0,00    0,40    0,00    0,00    0,40     1  pidstat
00:54:53     1000    108986    2,20    0,60    0,00    0,00    2,80     0  java

00:54:48      UID       PID  minflt/s  majflt/s     VSZ     RSS   %MEM  Command
00:54:53        0      2975     10,00      0,00 1235352   14084   0,09  containerd-shim
00:54:53        0      2976      0,40      0,00 1235608   14728   0,09  containerd-shim
00:54:53        0      2977      8,20      0,00 1235352   15268   0,09  containerd-shim
00:54:53        0      2981      0,40      0,00 1235608   14836   0,09  containerd-shim
00:54:53        0      2982      0,40      0,00 1235608   15056   0,09  containerd-shim
00:54:53     1000      4708      0,80      0,00 5462724  346448   2,13  gnome-shell
00:54:53     1000      6317     32,80      0,00 1461668528  315704   1,94  antigravity
00:54:53     1000      6757      4,00      0,00 34347404  170140   1,05  antigravity
00:54:53     1000      6771      0,60      0,00 33903964   81292   0,50  antigravity
00:54:53     1000      6820    148,60      0,00 1461417328  656340   4,04  antigravity
00:54:53     1000      7161      0,20      0,00 33951332   64332   0,40  antigravity
00:54:53     1000      7229      8,00      0,00 1461383544  129392   0,80  antigravity
00:54:53     1000      7244     17,80      0,00 1461351324  350052   2,16  antigravity
00:54:53     1000      7258      5,20      0,00 1461347760  125636   0,77  antigravity
00:54:53     1000      7260      5,80      0,00 1461367100  164048   1,01  antigravity
00:54:53     1000      8356      5,40      0,00 1459530528  101100   0,62  antigravity
00:54:53     1000      9291      9,20      0,00 55435272  374284   2,31  chrome
00:54:53     1000      9342      4,40      0,00 55467700  213696   1,32  chrome
00:54:53     1000      9345      4,20      0,00 54976356  135544   0,84  chrome
00:54:53     1000      9359      1,20      0,00 55015792   62664   0,39  chrome
00:54:53     1000     76014      0,40      0,00 1518513820  345808   2,13  chrome
00:54:53     1000     76063      0,20      0,00 55006444   86720   0,53  chrome
00:54:53     1000     99008      7,00      0,00    7664    3936   0,02  bash
00:54:53     1000    108986     15,60      0,00 6198124  275316   1,70  java
00:54:53     1000    109576     24,60      0,00    5660    2172   0,01  sleep

00:54:48      UID       PID   kB_rd/s   kB_wr/s kB_ccwr/s iodelay  Command
00:54:53     1000      9291      0,00      9,60      0,00       0  chrome
00:54:53     1000    108954      0,00      0,95      0,00       0  pidstat
00:54:53     1000    108986      0,00      3,23      0,00       0  java

00:54:53      UID       PID    %usr %system  %guest   %wait    %CPU   CPU  Command
00:54:58        0      1391    0,20    0,00    0,00    0,00    0,20     0  tailscaled
00:54:58        0      1423    0,20    0,20    0,00    0,00    0,40     2  containerd
00:54:58        0      2310    0,20    0,20    0,00    0,00    0,40     4  dockerd
00:54:58      117      2312    0,80    0,00    0,00    0,00    0,80     3  grafana
00:54:58        0      2932    0,20    0,20    0,00    0,00    0,40     1  mount.ntfs-3g
00:54:58        0      2975    0,20    0,00    0,00    0,00    0,20     7  containerd-shim
00:54:58        0      2976    0,20    0,00    0,00    0,00    0,20     6  containerd-shim
00:54:58        0      2977    0,20    0,00    0,00    0,00    0,20     7  containerd-shim
00:54:58        0      2982    0,20    0,20    0,00    0,00    0,40     1  containerd-shim
00:54:58      999      3130    0,40    0,00    0,00    0,00    0,40     7  redis-server
00:54:58     1000      4708    1,20    0,20    0,00    0,00    1,40     5  gnome-shell
00:54:58     1000      5364    0,00    0,20    0,00    0,00    0,20     0  gvfs-afc-volume
00:54:58     1000      6317    0,20    0,00    0,00    0,00    0,20     4  antigravity
00:54:58     1000      6339    0,60    0,00    0,00    0,00    0,60     2  gnome-terminal-
00:54:58     1000      6757    0,20    0,00    0,00    0,00    0,20     1  antigravity
00:54:58     1000      6820    1,00    0,40    0,00    0,00    1,40     2  antigravity
00:54:58     1000      7059    1,40    1,80    0,00    0,00    3,19     0  language_server
00:54:58     1000      7229    0,20    0,40    0,00    0,00    0,60     2  antigravity
00:54:58     1000      7244   13,17    0,20    0,00    0,00   13,37     7  antigravity
00:54:58     1000      7260    0,60    0,00    0,00    0,00    0,60     4  antigravity
00:54:58     1000      8267    2,00    1,40    0,00    0,00    3,39     7  language_server
00:54:58     1000      8356    0,20    0,00    0,00    0,00    0,20     2  antigravity
00:54:58     1000      9291    0,20    0,00    0,00    0,00    0,20     6  chrome
00:54:58     1000      9519    0,20    0,20    0,00    0,00    0,40     3  chrome
00:54:58     1000    108954    0,00    0,40    0,00    0,00    0,40     3  pidstat
00:54:58     1000    108986    2,00    0,00    0,00    0,00    2,00     0  java
00:54:58        0    109477    0,20    0,00    0,00    0,00    0,20     0  kworker/0:2-events

00:54:53      UID       PID  minflt/s  majflt/s     VSZ     RSS   %MEM  Command
00:54:58        0      1423      0,20      0,00 2463900   70244   0,43  containerd
00:54:58        0      2975     12,57      0,00 1235352   13828   0,09  containerd-shim
00:54:58        0      2976      9,58      0,00 1235608   14196   0,09  containerd-shim
00:54:58        0      2977      0,40      0,00 1235352   14576   0,09  containerd-shim
00:54:58        0      2981      0,40      0,00 1235608   14268   0,09  containerd-shim
00:54:58        0      2982      9,78      0,00 1235608   14468   0,09  containerd-shim
00:54:58     1000      4708      6,39      0,00 5454468  346448   2,13  gnome-shell
00:54:58     1000      6317     35,73      0,00 1461668528  315868   1,95  antigravity
00:54:58     1000      6757      6,39      0,00 34359668  170140   1,05  antigravity
00:54:58     1000      6771      0,60      0,00 33903964   81292   0,50  antigravity
00:54:58     1000      6820    279,44      0,00 1461417264  660316   4,07  antigravity
00:54:58     1000      7161      0,20      0,00 33951332   64332   0,40  antigravity
00:54:58     1000      7229     94,21      0,00 1461383544  129520   0,80  antigravity
00:54:58     1000      7244   1766,07      0,00 1461351324  374724   2,31  antigravity
00:54:58     1000      7258      2,99      0,00 1461347760  125636   0,77  antigravity
00:54:58     1000      7260     16,17      0,00 1461367100  164036   1,01  antigravity
00:54:58     1000      8356      4,99      0,00 1459530528  101100   0,62  antigravity
00:54:58     1000      9291     10,38      0,00 55435272  374412   2,31  chrome
00:54:58     1000      9342      2,20      0,00 55467700  213696   1,32  chrome
00:54:58     1000      9345      8,98      0,00 54976356  135544   0,84  chrome
00:54:58     1000      9359      0,60      0,00 55015792   62664   0,39  chrome
00:54:58     1000     76014      0,20      0,00 1518513820  345936   2,13  chrome
00:54:58     1000     76063      0,20      0,00 55006444   86720   0,53  chrome
00:54:58     1000    108986      9,18      0,00 6198124  275444   1,70  java

00:54:53      UID       PID   kB_rd/s   kB_wr/s kB_ccwr/s iodelay  Command
00:54:58     1000      7244      0,00      0,80      0,00       0  antigravity
00:54:58     1000    108954      0,00      0,96      0,00       0  pidstat
00:54:58     1000    108986      0,00      1,56      0,00       0  java

00:54:58      UID       PID    %usr %system  %guest   %wait    %CPU   CPU  Command
00:55:03        0         1    0,20    0,00    0,00    0,00    0,20     1  systemd
00:55:03        0        86    0,00    0,20    0,00    0,00    0,20     1  irq/9-acpi
00:55:03      102       898    0,00    0,20    0,00    0,00    0,20     0  avahi-daemon
00:55:03      990       903    0,80    0,00    0,00    0,00    0,80     7  dbus-daemon
00:55:03      115       930    1,40    0,40    0,00    0,00    1,80     1  prometheus-node
00:55:03      115       933    0,60    0,00    0,00    0,00    0,60     0  prometheus
00:55:03        0      1383    0,20    0,00    0,00    0,00    0,20     7  glances
00:55:03        0      1391    0,20    0,00    0,00    0,00    0,20     3  tailscaled
00:55:03        0      1423    0,40    0,20    0,00    0,00    0,60     2  containerd
00:55:03        0      2310    0,60    0,40    0,00    0,00    1,00     4  dockerd
00:55:03      117      2312    1,00    0,40    0,00    0,00    1,40     3  grafana
00:55:03        0      2932    0,40    0,40    0,00    0,00    0,80     0  mount.ntfs-3g
00:55:03        0      2981    0,20    0,00    0,00    0,00    0,20     0  containerd-shim
00:55:03      999      3130    0,40    0,20    0,00    0,00    0,60     3  redis-server
00:55:03     1000      4708    1,00    0,20    0,00    0,00    1,20     5  gnome-shell
00:55:03     1000      6317    0,40    0,20    0,00    0,00    0,60     0  antigravity
00:55:03     1000      6339    1,00    0,00    0,00    0,00    1,00     7  gnome-terminal-
00:55:03     1000      6757    0,00    0,20    0,00    0,00    0,20     0  antigravity
00:55:03     1000      6820    1,40    0,20    0,00    0,00    1,60     2  antigravity
00:55:03     1000      7059    1,60    1,40    0,00    0,00    3,01     7  language_server
00:55:03     1000      7229    0,20    0,20    0,00    0,00    0,40     1  antigravity
00:55:03     1000      7244    2,00    0,00    0,00    0,00    2,00     0  antigravity
00:55:03     1000      7260    0,60    0,00    0,00    0,00    0,60     3  antigravity
00:55:03     1000      8267    1,60    1,40    0,00    0,00    3,01     7  language_server
00:55:03     1000      9291    0,20    0,00    0,00    0,00    0,20     1  chrome
00:55:03     1000      9519    0,20    0,00    0,00    0,00    0,20     5  chrome
00:55:03     1000     76025    0,00    0,20    0,00    0,00    0,20     3  chrome
00:55:03     1000     76063    0,20    0,00    0,00    0,00    0,20     5  chrome
00:55:03        0     93905    0,00    0,20    0,00    0,00    0,20     7  kworker/u32:7-writeback
00:55:03     1000     98039    0,00    0,20    0,00    0,00    0,20     0  antigravity
00:55:03        0    100626    0,00    0,20    0,00    0,00    0,20     2  kworker/2:1-events
00:55:03     1000    108954    0,40    0,00    0,00    0,00    0,40     3  pidstat
00:55:03     1000    108986    1,60    0,40    0,00    0,00    2,00     0  java

00:54:58      UID       PID  minflt/s  majflt/s     VSZ     RSS   %MEM  Command
00:55:03        0         1      0,20      0,00   24788   14916   0,09  systemd
00:55:03        0       376     13,83      0,00  188968  108948   0,67  systemd-journal
00:55:03        0       902      1,60      0,00    6792    2752   0,02  cron
00:55:03      115       930     88,18      0,00 1762312   25976   0,16  prometheus-node
00:55:03      115       933     19,24      0,00 2711492  115180   0,71  prometheus
00:55:03        0      1423      3,41      0,00 2463900   70396   0,43  containerd
00:55:03        0      2310      4,21      0,00 3498856  111800   0,69  dockerd
00:55:03      117      2312      2,40      0,00 1765300  350108   2,16  grafana
00:55:03        0      2975      2,00      0,00 1235352   13956   0,09  containerd-shim
00:55:03        0      2976      9,22      0,00 1235608   14324   0,09  containerd-shim
00:55:03        0      2977      8,42      0,00 1235352   14576   0,09  containerd-shim
00:55:03        0      2981      9,42      0,00 1235608   14396   0,09  containerd-shim
00:55:03        0      2982      9,02      0,00 1235608   14724   0,09  containerd-shim
00:55:03     1000      4708      1,00      0,00 5454468  346448   2,13  gnome-shell
00:55:03     1000      6317     35,87      0,00 1461668528  315216   1,94  antigravity
00:55:03     1000      6757      9,82      0,00 34359676  170140   1,05  antigravity
00:55:03     1000      6771      1,20      0,00 33903964   81292   0,50  antigravity
00:55:03     1000      6820    206,61      0,00 1461417264  661996   4,08  antigravity
00:55:03     1000      7161      0,20      0,00 33951332   64332   0,40  antigravity
00:55:03     1000      7229    135,07      0,00 1461383544  129512   0,80  antigravity
00:55:03     1000      7244    349,70      0,00 1461351324  375300   2,31  antigravity
00:55:03     1000      7258      3,01      0,00 1461347760  125636   0,77  antigravity
00:55:03     1000      7260     21,24      0,00 1461367100  164292   1,01  antigravity
00:55:03     1000      8356      5,41      0,00 1459530528  101100   0,62  antigravity
00:55:03     1000      9291      6,81      0,00 55435272  374412   2,31  chrome
00:55:03     1000      9342      2,20      0,00 55467700  213696   1,32  chrome
00:55:03     1000      9345      4,21      0,00 54976356  135544   0,84  chrome
00:55:03     1000      9359      0,60      0,00 55015792   62664   0,39  chrome
00:55:03     1000      9519      0,00      0,00 1518554232  354228   2,18  chrome
00:55:03     1000     76014      0,60      0,00 1518513820  345936   2,13  chrome
00:55:03     1000     76063      0,20      0,00 55006444   86720   0,53  chrome
00:55:03     1000    108986      3,41      0,00 6198124  275700   1,70  java

00:54:58      UID       PID   kB_rd/s   kB_wr/s kB_ccwr/s iodelay  Command
00:55:03     1000    108954      0,00      0,95      0,00       0  pidstat
00:55:03     1000    108986      0,00      3,12      0,00       0  java

00:55:03      UID       PID    %usr %system  %guest   %wait    %CPU   CPU  Command
00:55:08      115       933    0,20    0,00    0,00    0,00    0,20     0  prometheus
00:55:08        0      1383    0,20    0,00    0,00    0,00    0,20     7  glances
00:55:08        0      1391    0,20    0,00    0,00    0,00    0,20     3  tailscaled
00:55:08        0      1423    0,40    0,00    0,00    0,00    0,40     2  containerd
00:55:08      111      1503    0,00    0,20    0,00    0,00    0,20     7  mariadbd
00:55:08        0      2310    0,40    0,00    0,00    0,00    0,40     4  dockerd
00:55:08      117      2312    0,40    0,60    0,00    0,00    1,00     3  grafana
00:55:08        0      2932    0,40    0,20    0,00    0,00    0,60     0  mount.ntfs-3g
00:55:08        0      2976    0,00    0,20    0,00    0,00    0,20     6  containerd-shim
00:55:08        0      2977    0,00    0,20    0,00    0,00    0,20     7  containerd-shim
00:55:08      999      3130    0,40    0,00    0,00    0,00    0,40     3  redis-server
00:55:08     1000      4708    1,00    0,40    0,00    0,00    1,40     7  gnome-shell
00:55:08     1000      6317    0,20    0,00    0,00    0,00    0,20     7  antigravity
00:55:08     1000      6339    0,80    0,00    0,00    0,00    0,80     7  gnome-terminal-
00:55:08     1000      6757    0,20    0,00    0,00    0,00    0,20     0  antigravity
00:55:08     1000      6820    1,20    0,20    0,00    0,00    1,40     4  antigravity
00:55:08     1000      7059    1,60    1,40    0,00    0,00    3,00     0  language_server
00:55:08     1000      7229    0,20    0,40    0,00    0,00    0,60     4  antigravity
00:55:08     1000      7244    1,40    0,60    0,00    0,00    2,00     5  antigravity
00:55:08     1000      7260    0,40    0,20    0,00    0,00    0,60     3  antigravity
00:55:08     1000      8267    1,20    2,00    0,00    0,00    3,20     7  language_server
00:55:08     1000      8356    0,20    0,00    0,00    0,00    0,20     1  antigravity
00:55:08     1000      9291    0,20    0,20    0,00    0,00    0,40     6  chrome
00:55:08     1000     76014    0,20    0,00    0,00    0,00    0,20     4  chrome
00:55:08     1000     91682    0,20    0,00    0,00    0,00    0,20     5  ssh
00:55:08     1000     98039    0,20    0,00    0,00    0,00    0,20     7  antigravity
00:55:08     1000    108954    0,00    0,40    0,00    0,00    0,40     6  pidstat
00:55:08     1000    108986    3,00    0,20    0,00    0,00    3,20     0  java
00:55:08     1000    109674    0,60    0,00    0,00    0,00    0,60     3  gnome-screensho

00:55:03      UID       PID  minflt/s  majflt/s     VSZ     RSS   %MEM  Command
00:55:08      115       933      6,60      0,00 2711492  115308   0,71  prometheus
00:55:08        0      1423      4,60      0,00 2463900   70396   0,43  containerd
00:55:08        0      2975      9,00      0,00 1235352   13956   0,09  containerd-shim
00:55:08        0      2976     11,20      0,00 1235608   14452   0,09  containerd-shim
00:55:08        0      2977     14,00      0,00 1235352   14704   0,09  containerd-shim
00:55:08        0      2981     11,00      0,00 1235608   14652   0,09  containerd-shim
00:55:08        0      2982     11,60      0,00 1235608   14852   0,09  containerd-shim
00:55:08     1000      4569      0,40      0,00    9624    5712   0,04  dbus-daemon
00:55:08     1000      4708      7,20      0,00 5455044  346576   2,14  gnome-shell
00:55:08     1000      6317     35,20      0,00 1461668528  315356   1,94  antigravity
00:55:08     1000      6757      7,00      0,00 34359612  170268   1,05  antigravity
00:55:08     1000      6771      0,60      0,00 33903964   81292   0,50  antigravity
00:55:08     1000      6820    189,80      0,00 1461417264  664044   4,09  antigravity
00:55:08     1000      7161      0,40      0,00 33951332   64332   0,40  antigravity
00:55:08     1000      7229     98,20      0,00 1461383544  129336   0,80  antigravity
00:55:08     1000      7244    206,00      0,00 1461351324  375140   2,31  antigravity
00:55:08     1000      7258      3,00      0,00 1461347760  125636   0,77  antigravity
00:55:08     1000      7260     18,80      0,00 1461367100  164224   1,01  antigravity
00:55:08     1000      8356      5,00      0,00 1459530528  100960   0,62  antigravity
00:55:08     1000      9291     15,00      0,00 55435272  374412   2,31  chrome
00:55:08     1000      9342      2,20      0,00 55467700  213696   1,32  chrome
00:55:08     1000      9345      4,20      0,00 54976356  135544   0,84  chrome
00:55:08     1000      9359      0,60      0,00 55015792   62664   0,39  chrome
00:55:08     1000     76014      0,60      0,00 1518513820  345936   2,13  chrome
00:55:08     1000     76063      0,40      0,00 55006444   86720   0,53  chrome
00:55:08     1000     99008      6,60      0,00    7664    3936   0,02  bash
00:55:08     1000    108986      9,20      0,00 6198124  275828   1,70  java
00:55:08     1000    109674    306,40      0,00  408916   20192   0,12  gnome-screensho

00:55:03      UID       PID   kB_rd/s   kB_wr/s kB_ccwr/s iodelay  Command
00:55:08     1000      7244      0,00      0,80      0,00       0  antigravity
00:55:08     1000      9291      0,00      5,60      0,00       0  chrome
00:55:08     1000    108954      0,00      1,16      0,00       0  pidstat
00:55:08     1000    108986      0,00      3,05      0,00       0  java

00:55:08      UID       PID    %usr %system  %guest   %wait    %CPU   CPU  Command
00:55:13        0         1    0,40    0,00    0,00    0,00    0,40     7  systemd
00:55:13        0        17    0,00    0,20    0,00    0,00    0,20     4  rcu_preempt
00:55:13        0        33    0,20    0,00    0,00    0,00    0,20     2  ksoftirqd/2
00:55:13        0       120    0,00    0,20    0,00    0,00    0,20     6  kworker/u33:0-i915_flip
00:55:13        0       376    0,20    0,00    0,00    0,00    0,20     3  systemd-journal
00:55:13        0       408    0,20    0,00    0,00    0,20    0,20     6  systemd-udevd
00:55:13      990       903    0,60    0,00    0,00    0,00    0,60     4  dbus-daemon
00:55:13      115       933    0,20    0,00    0,00    0,00    0,20     1  prometheus
00:55:13        0      1079    0,20    0,00    0,00    0,00    0,20     1  NetworkManager
00:55:13        0      1391    0,40    0,20    0,00    0,00    0,60     5  tailscaled
00:55:13        0      1423    0,80    0,20    0,00    0,00    1,00     2  containerd
00:55:13        0      2310    0,60    1,00    0,00    0,00    1,60     3  dockerd
00:55:13      117      2312    0,60    0,20    0,00    0,00    0,80     3  grafana
00:55:13        0      2932    0,20    0,80    0,00    0,00    1,00     7  mount.ntfs-3g
00:55:13        0      2975    0,20    0,20    0,00    0,00    0,40     7  containerd-shim
00:55:13        0      2976    0,20    0,00    0,00    0,00    0,20     6  containerd-shim
00:55:13        0      2981    0,00    0,20    0,00    0,00    0,20     0  containerd-shim
00:55:13        0      2982    0,20    0,00    0,00    0,00    0,20     1  containerd-shim
00:55:13      999      3130    0,40    0,00    0,00    0,00    0,40     4  redis-server
00:55:13     1000      4549    0,40    0,20    0,00    0,00    0,60     5  systemd
00:55:13     1000      4569    0,20    0,20    0,00    0,00    0,40     3  dbus-daemon
00:55:13     1000      4570    0,20    0,00    0,00    0,00    0,20     5  pipewire
00:55:13     1000      4573    0,40    0,00    0,00    0,00    0,40     6  wireplumber
00:55:13     1000      4574    0,40    0,00    0,00    1,00    0,40     3  pipewire-pulse
00:55:13     1000      4708    6,79    1,60    0,00    0,20    8,38     7  gnome-shell
00:55:13     1000      5021    0,20    0,00    0,00    0,00    0,20     0  gsd-housekeepin
00:55:13     1000      5050    0,20    0,00    0,00    0,00    0,20     0  gsd-rfkill
00:55:13     1000      5055    0,20    0,00    0,00    0,00    0,20     5  gsd-sharing
00:55:13     1000      5107    0,20    0,20    0,00    0,00    0,40     7  anydesk
00:55:13     1000      5504    0,00    0,20    0,00    0,00    0,20     1  xdg-desktop-por
00:55:13        0      5954    0,00    0,20    0,00    0,00    0,20     7  fwupd
00:55:13     1000      6317    0,40    0,20    0,00    0,00    0,60     3  antigravity
00:55:13     1000      6339    0,60    0,00    0,00    0,00    0,60     2  gnome-terminal-
00:55:13     1000      6757    0,80    0,20    0,00    0,00    1,00     5  antigravity
00:55:13     1000      6820   15,57    0,20    0,00    0,00   15,77     5  antigravity
00:55:13     1000      7059    2,00    1,00    0,00    0,20    2,99     0  language_server
00:55:13     1000      7229    0,40    0,00    0,00    0,20    0,40     2  antigravity
00:55:13     1000      7244    1,60    0,40    0,00    0,00    2,00     0  antigravity
00:55:13     1000      7260    0,80    0,00    0,00    0,00    0,80     1  antigravity
00:55:13     1000      8267    1,00    1,60    0,00    0,00    2,59     7  language_server
00:55:13     1000      9291    0,20    0,00    0,00    0,20    0,20     0  chrome
00:55:13     1000      9342    0,20    0,00    0,00    0,00    0,20     6  chrome
00:55:13     1000      9519    0,20    0,00    0,00    0,20    0,20     3  chrome
00:55:13        0     78088    0,00    0,20    0,00    0,00    0,20     2  kworker/u32:6-events_unbound
00:55:13        0     99362    0,00    0,20    0,00 1211,38    0,20     6  kworker/u32:5-events_unbound
00:55:13        0    104961    0,00    0,20    0,00    0,20    0,20     6  kworker/6:0-events
00:55:13     1000    108954    0,20    0,20    0,00    0,00    0,40     7  pidstat
00:55:13     1000    108986    2,20    0,40    0,00    0,00    2,59     0  java

00:55:08      UID       PID  minflt/s  majflt/s     VSZ     RSS   %MEM  Command
00:55:13        0       376     45,51      0,00  188968  108948   0,67  systemd-journal
00:55:13        0       408     94,41      0,00   37544   10908   0,07  systemd-udevd
00:55:13      115       933      4,59      0,00 2711492  115436   0,71  prometheus
00:55:13        0      1391      0,40      0,00 1421316   96600   0,60  tailscaled
00:55:13        0      1423      3,39      0,00 2463900   70396   0,43  containerd
00:55:13        0      2975      8,78      0,00 1235352   14212   0,09  containerd-shim
00:55:13        0      2976     12,38      0,00 1235608   14708   0,09  containerd-shim
00:55:13        0      2977      8,18      0,00 1235352   14832   0,09  containerd-shim
00:55:13        0      2981      6,79      0,00 1235608   14780   0,09  containerd-shim
00:55:13        0      2982     12,38      0,00 1235608   14980   0,09  containerd-shim
00:55:13     1000      4570     37,33      0,00  105040   14740   0,09  pipewire
00:55:13     1000      4574     37,92      0,00  110852   15736   0,10  pipewire-pulse
00:55:13     1000      4708     10,98      0,00 5454660  346704   2,14  gnome-shell
00:55:13     1000      5504      0,20      0,00  778332   19920   0,12  xdg-desktop-por
00:55:13     1000      5523      0,20      0,00  688428    6872   0,04  xdg-document-po
00:55:13     1000      6317     33,53      0,00 1461668528  315868   1,95  antigravity
00:55:13     1000      6757     62,87      0,00 34367484  170752   1,05  antigravity
00:55:13     1000      6771      0,60      0,00 33903964   81292   0,50  antigravity
00:55:13     1000      6820    430,74      0,00 1461417264  655896   4,04  antigravity
00:55:13     1000      7161      0,20      0,00 33951332   64332   0,40  antigravity
00:55:13     1000      7229    147,11      0,00 1461383544  129304   0,80  antigravity
00:55:13     1000      7244    277,64      0,00 1461351324  374936   2,31  antigravity
00:55:13     1000      7258      6,39      0,00 1461347760  125636   0,77  antigravity
00:55:13     1000      7260     15,37      0,00 1461367100  164056   1,01  antigravity
00:55:13     1000      8356      5,19      0,00 1459530528  100960   0,62  antigravity
00:55:13     1000      9291     11,78      0,00 55435272  374412   2,31  chrome
00:55:13     1000      9342      4,39      0,00 55467700  213696   1,32  chrome
00:55:13     1000      9345      5,59      0,00 54976356  135544   0,84  chrome
00:55:13     1000      9359      1,20      0,00 55015792   62664   0,39  chrome
00:55:13     1000     76014      0,20      0,00 1518513820  345936   2,13  chrome
00:55:13     1000     76063      0,20      0,00 55006444   86720   0,53  chrome
00:55:13     1000     99008      0,80      0,00    7664    3936   0,02  bash
00:55:13     1000    108986      3,59      0,00 6198124  277920   1,71  java

00:55:08      UID       PID   kB_rd/s   kB_wr/s kB_ccwr/s iodelay  Command
00:55:13     1000      4573      0,00      0,80      0,00       0  wireplumber
00:55:13     1000      4708      0,00     78,24      0,00       0  gnome-shell
00:55:13     1000      7244      0,00      0,80      0,00       0  antigravity
00:55:13     1000      9291      0,00      4,79      0,00       0  chrome
00:55:13     1000      9345      0,00     14,37      0,00       0  chrome
00:55:13     1000     99008      0,00    182,88     78,24       0  bash
00:55:13     1000    108954      0,00      1,05      0,00       0  pidstat
00:55:13     1000    108986      0,00      4,63      0,00       0  java

00:55:13      UID       PID    %usr %system  %guest   %wait    %CPU   CPU  Command
00:55:18        0         1    0,20    0,20    0,00    0,00    0,40     2  systemd
00:55:18        0        86    0,00    0,20    0,00    0,00    0,20     1  irq/9-acpi
00:55:18      990       903    0,60    0,20    0,00    0,00    0,80     4  dbus-daemon
00:55:18      115       930    1,20    0,40    0,00    0,00    1,60     1  prometheus-node
00:55:18      115       933    0,20    0,00    0,00    0,00    0,20     1  prometheus
00:55:18        0      1383    0,20    0,00    0,00    0,00    0,20     7  glances
00:55:18        0      1423    0,40    0,00    0,00    0,00    0,40     2  containerd
00:55:18        0      2310    0,40    0,20    0,00    0,00    0,60     3  dockerd
00:55:18      117      2312    0,60    0,20    0,00    0,00    0,80     3  grafana
00:55:18        0      2932    0,40    0,40    0,00    0,00    0,80     4  mount.ntfs-3g
00:55:18        0      2977    0,20    0,00    0,00    0,00    0,20     7  containerd-shim
00:55:18        0      2981    0,20    0,00    0,00    0,00    0,20     0  containerd-shim
00:55:18        0      2982    0,00    0,20    0,00    0,00    0,20     1  containerd-shim
00:55:18      999      3130    0,40    0,00    0,00    0,00    0,40     4  redis-server
00:55:18     1000      4570    0,20    0,00    0,00    0,00    0,20     5  pipewire
00:55:18     1000      4708    1,20    0,20    0,00    0,00    1,40     5  gnome-shell
00:55:18     1000      6317    0,20    0,00    0,00    0,00    0,20     1  antigravity
00:55:18     1000      6339    0,80    0,00    0,00    0,00    0,80     2  gnome-terminal-
00:55:18     1000      6757    0,20    0,20    0,00    0,00    0,40     0  antigravity
00:55:18     1000      6820    1,40    0,20    0,00    0,00    1,60     4  antigravity
00:55:18     1000      7059    1,80    1,40    0,00    0,00    3,20     2  language_server
00:55:18     1000      7229    0,20    0,00    0,00    0,00    0,20     7  antigravity
00:55:18     1000      7244    1,60    0,40    0,00    0,00    2,00     0  antigravity
00:55:18     1000      7260    0,80    0,20    0,00    0,00    1,00     1  antigravity
00:55:18     1000      8267    2,40    0,80    0,00    0,00    3,20     7  language_server
00:55:18     1000      9291    0,20    0,00    0,00    0,00    0,20     0  chrome
00:55:18     1000      9359    0,20    0,00    0,00    0,00    0,20     7  chrome
00:55:18     1000      9519    0,20    0,00    0,00    0,00    0,20     2  chrome
00:55:18     1000    108954    0,40    0,40    0,00    0,00    0,80     0  pidstat
00:55:18     1000    108986    2,00    1,80    0,00    0,00    3,80     0  java

00:55:13      UID       PID  minflt/s  majflt/s     VSZ     RSS   %MEM  Command
00:55:18      115       930     74,00      0,00 1762312   25928   0,16  prometheus-node
00:55:18      115       933      1,00      0,00 2711492  115436   0,71  prometheus
00:55:18        0      1423      0,40      0,00 2463900   70396   0,43  containerd
00:55:18      114      1526      3,80      0,00  218252   29568   0,18  postgres
00:55:18        0      2975      2,80      0,00 1235352   14212   0,09  containerd-shim
00:55:18        0      2976      1,20      0,00 1235608   14708   0,09  containerd-shim
00:55:18        0      2977      0,80      0,00 1235352   14832   0,09  containerd-shim
00:55:18        0      2982      1,00      0,00 1235608   14980   0,09  containerd-shim
00:55:18     1000      4570      0,00      0,00  104092   14740   0,09  pipewire
00:55:18     1000      4708      6,80      0,00 5454468  346704   2,14  gnome-shell
00:55:18     1000      6317     35,20      0,00 1461668528  315876   1,95  antigravity
00:55:18     1000      6757     11,00      0,00 34367100  170752   1,05  antigravity
00:55:18     1000      6771      0,60      0,00 33903964   81292   0,50  antigravity
00:55:18     1000      6820    139,40      0,00 1461417264  658200   4,05  antigravity
00:55:18     1000      7161      0,20      0,00 33951332   64332   0,40  antigravity
00:55:18     1000      7229      2,40      0,00 1461383544  129304   0,80  antigravity
00:55:18     1000      7244    467,40      0,00 1461351324  373576   2,30  antigravity
00:55:18     1000      7258      3,00      0,00 1461347760  125636   0,77  antigravity
00:55:18     1000      7260     20,40      0,00 1461367100  164152   1,01  antigravity
00:55:18     1000      8356      5,40      0,00 1459530528  100960   0,62  antigravity
00:55:18     1000      9291      7,40      0,00 55435272  374412   2,31  chrome
00:55:18     1000      9342      2,20      0,00 55467700  213696   1,32  chrome
00:55:18     1000      9345      8,20      0,00 54976356  135544   0,84  chrome
00:55:18     1000      9359      0,60      0,00 55015792   62664   0,39  chrome
00:55:18     1000     76014      0,40      0,00 1518513820  345936   2,13  chrome
00:55:18     1000     76063      0,20      0,00 55006444   86720   0,53  chrome
00:55:18     1000    108986     10,20      0,00 6198124  300772   1,85  java

00:55:13      UID       PID   kB_rd/s   kB_wr/s kB_ccwr/s iodelay  Command
00:55:18     1000      9291      0,00      2,40      0,00       0  chrome
00:55:18     1000    108954      0,00      1,53      0,00       0  pidstat
00:55:18     1000    108986      0,00      1,55      0,00       0  java

00:55:18      UID       PID    %usr %system  %guest   %wait    %CPU   CPU  Command
00:55:23        0      1383    0,20    0,00    0,00    0,00    0,20     7  glances
00:55:23        0      1391    0,20    0,00    0,00    0,00    0,20     3  tailscaled
00:55:23        0      1423    0,20    0,20    0,00    0,00    0,40     2  containerd
00:55:23        0      2310    0,40    0,00    0,00    0,00    0,40     3  dockerd
00:55:23      117      2312    0,40    0,60    0,00    0,00    1,00     3  grafana
00:55:23        0      2932    0,20    0,60    0,00    0,00    0,80     0  mount.ntfs-3g
00:55:23        0      2976    0,20    0,00    0,00    0,00    0,20     6  containerd-shim
00:55:23        0      2981    0,20    0,00    0,00    0,00    0,20     0  containerd-shim
00:55:23      999      3130    0,40    0,00    0,00    0,00    0,40     5  redis-server
00:55:23      117      3601    0,20    0,00    0,00    0,00    0,20     1  gpx_grafana_ela
00:55:23     1000      4708    0,80    0,40    0,00    0,00    1,20     6  gnome-shell
00:55:23     1000      6317    0,20    0,00    0,00    0,00    0,20     2  antigravity
00:55:23     1000      6339    0,60    0,00    0,00    0,00    0,60     2  gnome-terminal-
00:55:23     1000      6757    0,20    0,00    0,00    0,00    0,20     2  antigravity
00:55:23     1000      6820    1,20    0,00    0,00    0,00    1,20     4  antigravity
00:55:23     1000      7059    1,60    1,40    0,00    0,00    3,00     2  language_server
00:55:23     1000      7229    0,20    0,00    0,00    0,00    0,20     7  antigravity
00:55:23     1000      7244    1,00    0,80    0,00    0,00    1,80     0  antigravity
00:55:23     1000      7260    0,20    0,20    0,00    0,00    0,40     2  antigravity
00:55:23     1000      8267    1,80    1,20    0,00    0,00    3,00     7  language_server
00:55:23     1000      8356    0,20    0,20    0,00    0,00    0,40     4  antigravity
00:55:23     1000      9291    0,20    0,00    0,00    0,00    0,20     1  chrome
00:55:23     1000      9519    0,20    0,00    0,00    0,00    0,20     2  chrome
00:55:23        0    104961    0,00    0,20    0,00    0,00    0,20     6  kworker/6:0-i915-unordered
00:55:23     1000    108954    0,20    0,00    0,00    0,00    0,20     7  pidstat
00:55:23     1000    108986    2,40    0,60    0,00    0,00    3,00     0  java

00:55:18      UID       PID  minflt/s  majflt/s     VSZ     RSS   %MEM  Command
00:55:23      115       933      0,40      0,00 2711492  115436   0,71  prometheus
00:55:23        0      1423      5,00      0,00 2463900   70396   0,43  containerd
00:55:23        0      2975      1,60      0,00 1235352   14212   0,09  containerd-shim
00:55:23        0      2976      5,40      0,00 1235608   14708   0,09  containerd-shim
00:55:23        0      2977      4,80      0,00 1235352   14960   0,09  containerd-shim
00:55:23        0      2981      8,40      0,00 1235608   14908   0,09  containerd-shim
00:55:23        0      2982      0,40      0,00 1235608   14980   0,09  containerd-shim
00:55:23     1000      4708      1,00      0,00 5454532  346704   2,14  gnome-shell
00:55:23     1000      6317     35,00      0,00 1461668528  315296   1,94  antigravity
00:55:23     1000      6757      6,00      0,00 34359804  170308   1,05  antigravity
00:55:23     1000      6771      1,20      0,00 33903964   81292   0,50  antigravity
00:55:23     1000      6820    180,40      0,00 1461417264  659344   4,06  antigravity
00:55:23     1000      7161      0,20      0,00 33951332   64332   0,40  antigravity
00:55:23     1000      7229      2,40      0,00 1461383544  129304   0,80  antigravity
00:55:23     1000      7244    287,40      0,00 1461351324  373684   2,30  antigravity
00:55:23     1000      7258      3,00      0,00 1461347760  125636   0,77  antigravity
00:55:23     1000      7260     20,00      0,00 1461367100  164280   1,01  antigravity
00:55:23     1000      8356      5,20      0,00 1459530528  100960   0,62  antigravity
00:55:23     1000      9291     10,60      0,00 55435272  374412   2,31  chrome
00:55:23     1000      9342      2,20      0,00 55467700  213696   1,32  chrome
00:55:23     1000      9345      4,00      0,00 54976356  135544   0,84  chrome
00:55:23     1000      9359      0,60      0,00 55015792   62664   0,39  chrome
00:55:23     1000      9519      0,00      0,00 1518554232  352676   2,17  chrome
00:55:23     1000     76014      0,60      0,00 1518513820  345936   2,13  chrome
00:55:23     1000     76063      0,20      0,00 55006444   86720   0,53  chrome
00:55:23     1000    108986      1,00      0,00 6198124  300772   1,85  java

00:55:18      UID       PID   kB_rd/s   kB_wr/s kB_ccwr/s iodelay  Command
00:55:23     1000      9291      0,00      6,40      0,00       0  chrome
00:55:23     1000    108954      0,00      1,04      0,00       0  pidstat
00:55:23     1000    108986      0,00      4,64      0,00       0  java

00:55:23      UID       PID    %usr %system  %guest   %wait    %CPU   CPU  Command
00:55:28        0        27    0,00    0,20    0,00    0,00    0,20     1  ksoftirqd/1
00:55:28        0        57    0,00    0,20    0,00    0,00    0,20     6  ksoftirqd/6
00:55:28      115       933    0,20    0,00    0,00    0,00    0,20     2  prometheus
00:55:28        0      1391    0,00    0,20    0,00    0,00    0,20     3  tailscaled
00:55:28        0      1411    0,00    0,20    0,00    0,00    0,20     2  anydesk
00:55:28        0      1423    0,60    0,00    0,00    0,00    0,60     2  containerd
00:55:28        0      2310    0,20    0,40    0,00    0,00    0,60     3  dockerd
00:55:28      117      2312    0,60    0,20    0,00    0,00    0,80     3  grafana
00:55:28        0      2932    0,40    0,20    0,00    0,00    0,60     2  mount.ntfs-3g
00:55:28        0      2975    0,20    0,00    0,00    0,00    0,20     7  containerd-shim
00:55:28        0      2977    0,20    0,20    0,00    0,00    0,40     7  containerd-shim
00:55:28        0      2982    0,20    0,00    0,00    0,00    0,20     1  containerd-shim
00:55:28      999      3130    0,40    0,00    0,00    0,00    0,40     3  redis-server
00:55:28     1000      4708    1,00    0,40    0,00    0,00    1,40     5  gnome-shell
00:55:28     1000      6317    0,20    0,20    0,00    0,00    0,40     0  antigravity
00:55:28     1000      6339    1,00    0,20    0,00    0,00    1,20     3  gnome-terminal-
00:55:28     1000      6820    1,20    0,40    0,00    0,00    1,60     1  antigravity
00:55:28     1000      7059    1,80    1,00    0,00    0,00    2,80     6  language_server
00:55:28     1000      7229    0,20    0,20    0,00    0,00    0,40     2  antigravity
00:55:28     1000      7244    1,40    0,40    0,00    0,00    1,80     3  antigravity
00:55:28     1000      7260    0,60    0,20    0,00    0,00    0,80     4  antigravity
00:55:28     1000      8267    1,20    1,80    0,00    0,00    3,00     7  language_server
00:55:28     1000      9291    0,20    0,00    0,00    0,00    0,20     1  chrome
00:55:28        0    104590    0,20    0,00    0,00    0,00    0,20     3  kworker/3:1-events
00:55:28     1000    108954    0,40    0,20    0,00    0,00    0,60     2  pidstat
00:55:28     1000    108986    2,60    0,60    0,00    0,00    3,20     0  java

00:55:23      UID       PID  minflt/s  majflt/s     VSZ     RSS   %MEM  Command
00:55:28        0      1423     14,60      0,00 2463900   71036   0,44  containerd
00:55:28        0      2975     10,40      0,00 1235352   13368   0,08  containerd-shim
00:55:28        0      2976      1,60      0,00 1235608   14036   0,09  containerd-shim
00:55:28        0      2977      2,20      0,00 1235352   14416   0,09  containerd-shim
00:55:28        0      2981      9,00      0,00 1235608   14300   0,09  containerd-shim
00:55:28        0      2982     12,60      0,00 1235608   14556   0,09  containerd-shim
00:55:28       70      3117      4,40      0,00  174540   25424   0,16  postgres
00:55:28     1000      4708      6,00      0,00 5454468  346704   2,14  gnome-shell
00:55:28     1000      6317     33,40      0,00 1461668528  315264   1,94  antigravity
00:55:28     1000      6757      6,40      0,00 34359676  170436   1,05  antigravity
00:55:28     1000      6771      0,60      0,00 33903964   81292   0,50  antigravity
00:55:28     1000      6820    148,80      0,00 1461417264  661904   4,08  antigravity
00:55:28     1000      7161      0,40      0,00 33951332   64332   0,40  antigravity
00:55:28     1000      7229      3,60      0,00 1461383544  129304   0,80  antigravity
00:55:28     1000      7244    261,40      0,00 1461351324  373800   2,30  antigravity
00:55:28     1000      7258      2,60      0,00 1461347760  125636   0,77  antigravity
00:55:28     1000      7260     18,60      0,00 1461367100  164280   1,01  antigravity
00:55:28     1000      8356      5,40      0,00 1459530528  100960   0,62  antigravity
00:55:28     1000      9291     17,40      0,00 55435272  374412   2,31  chrome
00:55:28     1000      9342      2,20      0,00 55467700  213696   1,32  chrome
00:55:28     1000      9345      4,00      0,00 54976356  135544   0,84  chrome
00:55:28     1000      9359      0,60      0,00 55015792   62664   0,39  chrome
00:55:28     1000     76014      0,20      0,00 1518513820  345936   2,13  chrome
00:55:28     1000     76063      0,40      0,00 55006444   86720   0,53  chrome
00:55:28     1000    108986      7,00      0,00 6198124  300900   1,85  java

00:55:23      UID       PID   kB_rd/s   kB_wr/s kB_ccwr/s iodelay  Command
00:55:28     1000    108954      0,00      0,96      0,00       0  pidstat
00:55:28     1000    108986      0,00      3,09      0,00       0  java

00:55:28      UID       PID    %usr %system  %guest   %wait    %CPU   CPU  Command
00:55:33        0        86    0,00    0,20    0,00    0,00    0,20     1  irq/9-acpi
00:55:33      990       903    0,60    0,20    0,00    0,00    0,80     2  dbus-daemon
00:55:33      115       930    1,00    0,60    0,00    0,00    1,60     1  prometheus-node
00:55:33      115       933    0,20    0,00    0,00    0,00    0,20     2  prometheus
00:55:33        0      1383    0,20    0,00    0,00    0,00    0,20     7  glances
00:55:33        0      1423    0,20    0,20    0,00    0,00    0,40     2  containerd
00:55:33        0      2310    0,40    0,00    0,00    0,00    0,40     3  dockerd
00:55:33      117      2312    0,60    0,40    0,00    0,00    1,00     3  grafana
00:55:33        0      2932    0,40    0,40    0,00    0,00    0,80     1  mount.ntfs-3g
00:55:33      999      3130    0,40    0,00    0,00    0,00    0,40     3  redis-server
00:55:33     1000      4708    0,80    0,20    0,00    0,00    1,00     5  gnome-shell
00:55:33     1000      6317    0,20    0,00    0,00    0,00    0,20     2  antigravity
00:55:33     1000      6339    0,60    0,00    0,00    0,00    0,60     2  gnome-terminal-
00:55:33     1000      6757    0,40    0,00    0,00    0,00    0,40     2  antigravity
00:55:33     1000      6820    1,40    0,20    0,00    0,00    1,60     1  antigravity
00:55:33     1000      7059    1,40    1,60    0,00    0,00    3,00     1  language_server
00:55:33     1000      7229    0,00    0,40    0,00    0,00    0,40     7  antigravity
00:55:33     1000      7244    1,40    0,60    0,00    0,00    2,00     3  antigravity
00:55:33     1000      7260    0,60    0,00    0,00    0,00    0,60     3  antigravity
00:55:33     1000      8267    1,40    1,80    0,00    0,00    3,20     7  language_server
00:55:33     1000      9291    0,20    0,00    0,00    0,00    0,20     3  chrome
00:55:33     1000      9519    0,20    0,20    0,00    0,00    0,40     7  chrome
00:55:33     1000     91682    0,20    0,00    0,00    0,00    0,20     3  ssh
00:55:33     1000     98039    0,20    0,00    0,00    0,00    0,20     0  antigravity
00:55:33        0    108416    0,20    0,00    0,00    0,00    0,20     5  cups-browsed
00:55:33     1000    108954    0,20    0,20    0,00    0,00    0,40     2  pidstat
00:55:33     1000    108986    1,80    0,60    0,00    0,00    2,40     0  java

00:55:28      UID       PID  minflt/s  majflt/s     VSZ     RSS   %MEM  Command
00:55:33      115       930     69,20      0,00 1762312   25856   0,16  prometheus-node
00:55:33        0      1423      1,00      0,00 2463900   70900   0,44  containerd
00:55:33        0      2975      9,80      0,00 1235352   13368   0,08  containerd-shim
00:55:33        0      2976     12,80      0,00 1235608   14164   0,09  containerd-shim
00:55:33        0      2977      7,00      0,00 1235352   14544   0,09  containerd-shim
00:55:33        0      2981      9,20      0,00 1235608   14428   0,09  containerd-shim
00:55:33        0      2982     12,20      0,00 1235608   14812   0,09  containerd-shim
00:55:33     1000      4708      0,80      0,00 5454476  346704   2,14  gnome-shell
00:55:33     1000      6317     33,00      0,00 1461668528  315776   1,95  antigravity
00:55:33     1000      6757      6,40      0,00 34359804  170436   1,05  antigravity
00:55:33     1000      6771      0,60      0,00 33903964   81292   0,50  antigravity
00:55:33     1000      6820    197,00      0,00 1461417264  664188   4,09  antigravity
00:55:33     1000      7161      0,20      0,00 33951332   64332   0,40  antigravity
00:55:33     1000      7229     92,00      0,00 1461383544  129304   0,80  antigravity
00:55:33     1000      7244    322,00      0,00 1461351324  373472   2,30  antigravity
00:55:33     1000      7258      6,00      0,00 1461347760  125636   0,77  antigravity
00:55:33     1000      7260     18,80      0,00 1461367100  164264   1,01  antigravity
00:55:33     1000      8356      5,20      0,00 1459530528  100960   0,62  antigravity
00:55:33     1000      9291      7,00      0,00 55435272  374412   2,31  chrome
00:55:33     1000      9342      4,40      0,00 55467700  213696   1,32  chrome
00:55:33     1000      9345      4,00      0,00 54976356  135544   0,84  chrome
00:55:33     1000      9359      1,20      0,00 55015792   62664   0,39  chrome
00:55:33     1000     76014      0,60      0,00 1518513820  345936   2,13  chrome
00:55:33     1000     76063      0,20      0,00 55006444   86720   0,53  chrome
00:55:33     1000    108986      2,80      0,00 6198124  301028   1,85  java

00:55:28      UID       PID   kB_rd/s   kB_wr/s kB_ccwr/s iodelay  Command
00:55:33     1000    108954      0,00      0,93      0,00       0  pidstat
00:55:33     1000    108986      0,00      1,61      0,00       0  java

00:55:33      UID       PID    %usr %system  %guest   %wait    %CPU   CPU  Command
00:55:38        0        17    0,00    0,20    0,00    0,00    0,20     6  rcu_preempt
00:55:38      115       933    0,20    0,00    0,00    0,00    0,20     2  prometheus
00:55:38        0      1391    0,20    0,00    0,00    0,00    0,20     3  tailscaled
00:55:38        0      1423    0,20    0,20    0,00    0,00    0,40     2  containerd
00:55:38        0      2310    0,80    0,00    0,00    0,00    0,80     3  dockerd
00:55:38      117      2312    0,60    0,40    0,00    0,00    1,00     3  grafana
00:55:38        0      2932    0,40    0,20    0,00    0,00    0,60     1  mount.ntfs-3g
00:55:38        0      2975    0,00    0,20    0,00    0,00    0,20     7  containerd-shim
00:55:38        0      2976    0,20    0,20    0,00    0,00    0,40     6  containerd-shim
00:55:38        0      2977    0,00    0,20    0,00    0,00    0,20     7  containerd-shim
00:55:38        0      2981    0,20    0,20    0,00    0,00    0,40     0  containerd-shim
00:55:38        0      2982    0,20    0,20    0,00    0,00    0,40     1  containerd-shim
00:55:38      999      3130    0,40    0,00    0,00    0,00    0,40     5  redis-server
00:55:38     1000      4708    1,20    0,40    0,00    0,00    1,60     5  gnome-shell
00:55:38     1000      6317    0,20    0,20    0,00    0,00    0,40     4  antigravity
00:55:38     1000      6339    1,20    0,00    0,00    0,00    1,20     3  gnome-terminal-
00:55:38     1000      6820    1,00    0,20    0,00    0,00    1,20     6  antigravity
00:55:38     1000      7059    1,60    1,40    0,00    0,00    3,00     7  language_server
00:55:38     1000      7229    0,40    0,00    0,00    0,00    0,40     5  antigravity
00:55:38     1000      7244    0,80    1,20    0,00    0,00    2,00     1  antigravity
00:55:38     1000      7260    0,40    0,00    0,00    0,00    0,40     1  antigravity
00:55:38     1000      8267    2,00    1,20    0,00    0,00    3,20     7  language_server
00:55:38     1000      8356    0,20    0,00    0,00    0,00    0,20     3  antigravity
00:55:38     1000      9345    0,00    0,20    0,00    0,00    0,20     3  chrome
00:55:38     1000      9519    0,20    0,00    0,00    0,00    0,20     6  chrome
00:55:38     1000    108954    0,20    0,20    0,00    0,00    0,40     6  pidstat
00:55:38     1000    108986    3,40    0,40    0,00    0,00    3,80     0  java

00:55:33      UID       PID  minflt/s  majflt/s     VSZ     RSS   %MEM  Command
00:55:38      115       933      0,80      0,00 2711492  115436   0,71  prometheus
00:55:38        0      1423      3,60      0,00 2463900   70900   0,44  containerd
00:55:38        0      2975     14,20      0,00 1235352   13624   0,08  containerd-shim
00:55:38        0      2976     11,80      0,00 1235608   14548   0,09  containerd-shim
00:55:38        0      2977     11,60      0,00 1235352   14544   0,09  containerd-shim
00:55:38        0      2981     12,80      0,00 1235608   14428   0,09  containerd-shim
00:55:38        0      2982     11,60      0,00 1235608   14812   0,09  containerd-shim
00:55:38     1000      4708      6,20      0,00 5454468  346704   2,14  gnome-shell
00:55:38     1000      6317     32,20      0,00 1461668528  315788   1,95  antigravity
00:55:38     1000      6757     27,40      0,00 34359292  170692   1,05  antigravity
00:55:38     1000      6771      0,60      0,00 33903964   81292   0,50  antigravity
00:55:38     1000      6820    188,60      0,00 1461417264  666196   4,10  antigravity
00:55:38     1000      7161      0,20      0,00 33951332   64332   0,40  antigravity
00:55:38     1000      7229    120,80      0,00 1461383544  129296   0,80  antigravity
00:55:38     1000      7244    270,80      0,00 1461351324  373316   2,30  antigravity
00:55:38     1000      7258      3,00      0,00 1461347760  125636   0,77  antigravity
00:55:38     1000      7260     18,60      0,00 1461367100  164312   1,01  antigravity
00:55:38     1000      8356      5,40      0,00 1459530528  100960   0,62  antigravity
00:55:38     1000      9291      8,00      0,00 55435272  374412   2,31  chrome
00:55:38     1000      9342      2,20      0,00 55467700  213696   1,32  chrome
00:55:38     1000      9345      8,60      0,00 54976356  135544   0,84  chrome
00:55:38     1000      9359      0,60      0,00 55015792   62664   0,39  chrome
00:55:38     1000     76014      0,60      0,00 1518513820  345936   2,13  chrome
00:55:38     1000     76063      0,20      0,00 55006444   86720   0,53  chrome
00:55:38     1000    108986      3,80      0,00 6198124  301028   1,85  java

00:55:33      UID       PID   kB_rd/s   kB_wr/s kB_ccwr/s iodelay  Command
00:55:38     1000      9291      0,00      7,20      0,00       0  chrome
00:55:38     1000    108954      0,00      0,94      0,00       0  pidstat
00:55:38     1000    108986      0,00      3,09      0,00       0  java

00:55:38      UID       PID    %usr %system  %guest   %wait    %CPU   CPU  Command
00:55:43        0      1383    0,20    0,00    0,00    0,00    0,20     7  glances
00:55:43        0      1391    0,20    0,00    0,00    0,00    0,20     3  tailscaled
00:55:43        0      1411    0,20    0,00    0,00    0,00    0,20     3  anydesk
00:55:43        0      1423    0,20    0,20    0,00    0,00    0,40     2  containerd
00:55:43      111      1503    0,20    0,00    0,00    0,00    0,20     7  mariadbd
00:55:43        0      2310    0,20    0,20    0,00    0,00    0,40     3  dockerd
00:55:43      117      2312    0,40    0,40    0,00    0,00    0,80     3  grafana
00:55:43        0      2932    0,40    0,40    0,00    0,00    0,80     1  mount.ntfs-3g
00:55:43        0      2975    0,20    0,00    0,00    0,00    0,20     7  containerd-shim
00:55:43      999      3130    0,40    0,20    0,00    0,00    0,60     2  redis-server
00:55:43     1000      4708    0,80    0,20    0,00    0,00    1,00     5  gnome-shell
00:55:43     1000      6317    0,40    0,00    0,00    0,00    0,40     4  antigravity
00:55:43     1000      6339    0,60    0,00    0,00    0,00    0,60     7  gnome-terminal-
00:55:43     1000      6757    0,20    0,00    0,00    0,00    0,20     3  antigravity
00:55:43     1000      6820   12,60    0,60    0,00    0,00   13,20     1  antigravity
00:55:43     1000      7059    1,40    1,80    0,00    0,00    3,20     4  language_server
00:55:43     1000      7229    0,00    0,20    0,00    0,00    0,20     2  antigravity
00:55:43     1000      7244    1,40    0,60    0,00    0,00    2,00     5  antigravity
00:55:43     1000      7260    0,60    0,00    0,00    0,00    0,60     6  antigravity
00:55:43     1000      8267    2,20    1,00    0,00    0,00    3,20     7  language_server
00:55:43     1000      9291    0,20    0,20    0,00    0,00    0,40     0  chrome
00:55:43     1000      9390    0,20    0,00    0,00    0,00    0,20     1  chrome
00:55:43     1000      9500    0,00    0,20    0,00    0,00    0,20     3  chrome
00:55:43     1000      9519    0,40    0,00    0,00    0,00    0,40     2  chrome
00:55:43     1000    108954    0,20    0,20    0,00    0,00    0,40     3  pidstat
00:55:43     1000    108986    1,80    0,40    0,00    0,00    2,20     0  java

00:55:38      UID       PID  minflt/s  majflt/s     VSZ     RSS   %MEM  Command
00:55:43      115       933     33,00      0,00 2711492  116204   0,72  prometheus
00:55:43        0      1423      0,20      0,00 2463900   70900   0,44  containerd
00:55:43        0      2975      5,80      0,00 1235352   13752   0,08  containerd-shim
00:55:43        0      2976     12,00      0,00 1235608   14548   0,09  containerd-shim
00:55:43        0      2977     12,20      0,00 1235352   14800   0,09  containerd-shim
00:55:43        0      2981      7,00      0,00 1235608   14684   0,09  containerd-shim
00:55:43        0      2982      7,40      0,00 1235608   14812   0,09  containerd-shim
00:55:43     1000      4708      1,20      0,00 5454532  346704   2,14  gnome-shell
00:55:43     1000      6317     63,00      0,00 1461668528  315228   1,94  antigravity
00:55:43     1000      6757      5,80      0,00 34359292  170408   1,05  antigravity
00:55:43     1000      6771      1,20      0,00 33903964   81292   0,50  antigravity
00:55:43     1000      6820    324,60      0,00 1461417264  654900   4,03  antigravity
00:55:43     1000      7161      0,20      0,00 33951332   64332   0,40  antigravity
00:55:43     1000      7229      5,80      0,00 1461383544  129296   0,80  antigravity
00:55:43     1000      7244    260,40      0,00 1461351324  373552   2,30  antigravity
00:55:43     1000      7258      2,60      0,00 1461347760  125636   0,77  antigravity
00:55:43     1000      7260     21,20      0,00 1461367100  164424   1,01  antigravity
00:55:43     1000      8356      5,20      0,00 1459530528  100960   0,62  antigravity
00:55:43     1000      9291     12,60      0,00 55435272  374412   2,31  chrome
00:55:43     1000      9342      2,20      0,00 55467700  213696   1,32  chrome
00:55:43     1000      9345      8,60      0,00 54976356  135672   0,84  chrome
00:55:43     1000      9359      0,60      0,00 55015792   62664   0,39  chrome
00:55:43     1000      9519    358,40      0,00 1518554232  363932   2,24  chrome
00:55:43     1000     76014      0,20      0,00 1518513820  345936   2,13  chrome
00:55:43     1000     76063      0,20      0,00 55006444   86720   0,53  chrome
00:55:43     1000    108986      3,00      0,00 6198124  301028   1,85  java

00:55:38      UID       PID   kB_rd/s   kB_wr/s kB_ccwr/s iodelay  Command
00:55:43     1000      9291      0,00      4,00      0,00       0  chrome
00:55:43     1000    108954      0,00      0,96      0,00       0  pidstat
00:55:43     1000    108986      0,00      3,09      0,00       0  java

00:55:43      UID       PID    %usr %system  %guest   %wait    %CPU   CPU  Command
00:55:48        0         1    0,20    0,20    0,00    0,00    0,40     5  systemd
00:55:48      990       903    0,80    0,00    0,00    0,00    0,80     3  dbus-daemon
00:55:48      986       924    0,20    0,00    0,00    0,00    0,20     4  polkitd
00:55:48      115       930    1,00    0,60    0,00    0,00    1,60     1  prometheus-node
00:55:48      115       933    0,20    0,00    0,00    0,00    0,20     2  prometheus
00:55:48        0      1383    0,20    0,00    0,00    0,00    0,20     7  glances
00:55:48        0      1423    0,40    0,00    0,00    0,00    0,40     2  containerd
00:55:48        0      2310    0,20    0,40    0,00    0,00    0,60     3  dockerd
00:55:48      117      2312    0,60    0,40    0,00    0,00    1,00     3  grafana
00:55:48        0      2932    0,20    0,40    0,00    0,00    0,60     2  mount.ntfs-3g
00:55:48        0      2976    0,20    0,00    0,00    0,00    0,20     6  containerd-shim
00:55:48      999      3130    0,40    0,00    0,00    0,00    0,40     1  redis-server
00:55:48     1000      4708    1,00    0,40    0,00    0,00    1,40     6  gnome-shell
00:55:48     1000      6317    0,00    0,20    0,00    0,00    0,20     4  antigravity
00:55:48     1000      6339    0,60    0,00    0,00    0,00    0,60     0  gnome-terminal-
00:55:48     1000      6757    0,20    0,00    0,00    0,00    0,20     3  antigravity
00:55:48     1000      6820    1,40    0,00    0,00    0,00    1,40     4  antigravity
00:55:48     1000      7059    2,20    0,80    0,00    0,20    3,00     2  language_server
00:55:48     1000      7229    0,00    0,40    0,00    0,00    0,40     0  antigravity
00:55:48     1000      7244    1,60    0,40    0,00    0,00    2,00     0  antigravity
00:55:48     1000      7260    0,40    0,00    0,00    0,00    0,40     4  antigravity
00:55:48     1000      8267    2,60    0,80    0,00    0,00    3,40     7  language_server
00:55:48     1000      9359    0,00    0,20    0,00    0,00    0,20     2  chrome
00:55:48     1000      9519    0,20    0,00    0,00    0,00    0,20     7  chrome
00:55:48     1000     91682    0,20    0,00    0,00    0,00    0,20     4  ssh
00:55:48        0    100626    0,00    0,20    0,00    0,00    0,20     2  kworker/2:1-events
00:55:48     1000    108954    0,00    0,40    0,00    0,00    0,40     3  pidstat
00:55:48     1000    108986    1,60    0,20    0,00    0,00    1,80     0  java

00:55:43      UID       PID  minflt/s  majflt/s     VSZ     RSS   %MEM  Command
00:55:48      115       930     74,40      0,00 1762312   25912   0,16  prometheus-node
00:55:48      115       933     12,00      0,00 2711492  116460   0,72  prometheus
00:55:48        0      2975      9,60      0,00 1235352   13880   0,09  containerd-shim
00:55:48        0      2976     10,00      0,00 1235608   14804   0,09  containerd-shim
00:55:48        0      2977      5,80      0,00 1235352   14928   0,09  containerd-shim
00:55:48        0      2981      3,40      0,00 1235608   14684   0,09  containerd-shim
00:55:48        0      2982      1,80      0,00 1235608   14812   0,09  containerd-shim
00:55:48     1000      4708      6,60      0,00 5454532  346704   2,14  gnome-shell
00:55:48     1000      6317     33,40      0,00 1461668528  315256   1,94  antigravity
00:55:48     1000      6757     23,60      0,00 34359292  170536   1,05  antigravity
00:55:48     1000      6771      0,60      0,00 33903964   81292   0,50  antigravity
00:55:48     1000      6820    195,80      0,00 1461417264  656356   4,04  antigravity
00:55:48     1000      7161      0,40      0,00 33951332   64332   0,40  antigravity
00:55:48     1000      7229      7,00      0,00 1461383544  129296   0,80  antigravity
00:55:48     1000      7244    321,40      0,00 1461351324  373636   2,30  antigravity
00:55:48     1000      7258      3,00      0,00 1461347760  125636   0,77  antigravity
00:55:48     1000      7260     18,40      0,00 1461367100  164552   1,01  antigravity
00:55:48     1000      8356      5,40      0,00 1459530528  100960   0,62  antigravity
00:55:48     1000      9291     14,00      0,00 55435272  374412   2,31  chrome
00:55:48     1000      9342      2,20      0,00 55467700  213696   1,32  chrome
00:55:48     1000      9345      4,00      0,00 54976356  135672   0,84  chrome
00:55:48     1000      9359      0,60      0,00 55015792   62664   0,39  chrome
00:55:48     1000     76014      0,60      0,00 1518513820  345936   2,13  chrome
00:55:48     1000     76063      0,40      0,00 55006444   86720   0,53  chrome
00:55:48     1000    108986      1,40      0,00 6198124  301156   1,86  java

00:55:43      UID       PID   kB_rd/s   kB_wr/s kB_ccwr/s iodelay  Command
00:55:48     1000      7244      0,00      1,60      0,00       0  antigravity
00:55:48     1000    108954      0,00      0,95      0,00       0  pidstat
00:55:48     1000    108986      0,00      3,09      0,00       0  java

00:55:48      UID       PID    %usr %system  %guest   %wait    %CPU   CPU  Command
00:55:53        0        86    0,00    0,20    0,00    0,00    0,20     1  irq/9-acpi
00:55:53        0       120    0,00    0,20    0,00    0,00    0,20     0  kworker/u33:0-i915_flip
00:55:53      115       933    0,20    0,00    0,00    0,00    0,20     1  prometheus
00:55:53        0      1383    0,20    0,00    0,00    0,00    0,20     7  glances
00:55:53        0      1391    0,00    0,20    0,00    0,00    0,20     3  tailscaled
00:55:53        0      1423    0,20    0,00    0,00    0,00    0,20     2  containerd
00:55:53        0      2310    0,40    0,00    0,00    0,00    0,40     3  dockerd
00:55:53      117      2312    0,20    0,60    0,00    0,00    0,80     3  grafana
00:55:53        0      2932    0,40    0,20    0,00    0,00    0,60     4  mount.ntfs-3g
00:55:53        0      2975    0,20    0,00    0,00    0,00    0,20     7  containerd-shim
00:55:53        0      2977    0,20    0,00    0,00    0,00    0,20     7  containerd-shim
00:55:53        0      2982    0,00    0,20    0,00    0,00    0,20     1  containerd-shim
00:55:53      999      3130    0,40    0,00    0,00    0,00    0,40     1  redis-server
00:55:53     1000      4708    1,00    0,20    0,00    0,00    1,20     5  gnome-shell
00:55:53     1000      6317    0,20    0,20    0,00    0,00    0,40     4  antigravity
00:55:53     1000      6339    1,00    0,00    0,00    0,00    1,00     0  gnome-terminal-
00:55:53     1000      6757    0,20    0,00    0,00    0,00    0,20     4  antigravity
00:55:53     1000      6820    1,40    0,20    0,00    0,00    1,60     2  antigravity
00:55:53     1000      7059    1,00    1,80    0,00    0,00    2,80     6  language_server
00:55:53     1000      7229    0,20    0,20    0,00    0,00    0,40     2  antigravity
00:55:53     1000      7244    1,60    0,60    0,00    0,00    2,20     0  antigravity
00:55:53     1000      7258    0,20    0,00    0,00    0,00    0,20     7  antigravity
00:55:53     1000      7260    0,60    0,00    0,00    0,00    0,60     1  antigravity
00:55:53     1000      8267    1,80    1,20    0,00    0,00    3,00     7  language_server
00:55:53     1000      8356    0,20    0,00    0,00    0,00    0,20     3  antigravity
00:55:53     1000      9291    0,20    0,00    0,00    0,00    0,20     7  chrome
00:55:53     1000      9500    0,20    0,00    0,00    0,00    0,20     2  chrome
00:55:53     1000      9519    0,20    0,00    0,00    0,00    0,20     0  chrome
00:55:53        0     78088    0,00    0,20    0,00    0,00    0,20     1  kworker/u32:6-kvfree_rcu_reclaim
00:55:53     1000     91682    0,00    0,20    0,00    0,00    0,20     4  ssh
00:55:53     1000     98039    0,20    0,00    0,00    0,00    0,20     0  antigravity
00:55:53        0     99362    0,00    0,20    0,00    0,00    0,20     6  kworker/u32:5-kvfree_rcu_reclaim
00:55:53        0    104961    0,00    0,20    0,00    0,00    0,20     6  kworker/6:0-events
00:55:53     1000    108954    0,00    0,40    0,00    0,00    0,40     3  pidstat
00:55:53     1000    108986    2,40    0,60    0,00    0,00    3,00     0  java

00:55:48      UID       PID  minflt/s  majflt/s     VSZ     RSS   %MEM  Command
00:55:53        0      2975      6,40      0,00 1235352   14008   0,09  containerd-shim
00:55:53        0      2976      6,00      0,00 1235608   14752   0,09  containerd-shim
00:55:53        0      2977     11,00      0,00 1235352   14904   0,09  containerd-shim
00:55:53        0      2981      2,60      0,00 1235608   14812   0,09  containerd-shim
00:55:53        0      2982     10,20      0,00 1235608   15196   0,09  containerd-shim
00:55:53     1000      4708      1,20      0,00 5454532  346704   2,14  gnome-shell
00:55:53     1000      6317     32,00      0,00 1461668528  315768   1,95  antigravity
00:55:53     1000      6757      5,00      0,00 34359292  170536   1,05  antigravity
00:55:53     1000      6771      0,60      0,00 33903964   81292   0,50  antigravity
00:55:53     1000      6820    174,60      0,00 1461417264  658072   4,05  antigravity
00:55:53     1000      7161      0,20      0,00 33951332   64332   0,40  antigravity
00:55:53     1000      7229      2,80      0,00 1461383544  129296   0,80  antigravity
00:55:53     1000      7244    319,80      0,00 1461351324  373680   2,30  antigravity
00:55:53     1000      7258      6,00      0,00 1461347760  125636   0,77  antigravity
00:55:53     1000      7260     21,20      0,00 1461367100  164288   1,01  antigravity
00:55:53     1000      8356      5,20      0,00 1459530528  100960   0,62  antigravity
00:55:53     1000      9291      8,20      0,00 55435272  374412   2,31  chrome
00:55:53     1000      9342      4,40      0,00 55467700  213696   1,32  chrome
00:55:53     1000      9345      4,00      0,00 54976356  135672   0,84  chrome
00:55:53     1000      9359      1,20      0,00 55015792   62664   0,39  chrome
00:55:53     1000     76014      0,40      0,00 1518513820  346064   2,13  chrome
00:55:53     1000     76063      0,20      0,00 55006444   86720   0,53  chrome
00:55:53     1000    108986      6,00      0,00 6198124  300844   1,85  java

00:55:48      UID       PID   kB_rd/s   kB_wr/s kB_ccwr/s iodelay  Command
00:55:53     1000      9291      0,00      4,80      0,00       0  chrome
00:55:53     1000    108954      0,00      0,98      0,00       0  pidstat
00:55:53     1000    108986      0,00      3,24      0,00       0  java

Rata-rata:    UID       PID    %usr %system  %guest   %wait    %CPU   CPU  Command
Rata-rata:      0         1    0,07    0,03    0,00    0,00    0,11     -  systemd
Rata-rata:      0        16    0,00    0,01    0,00    0,00    0,01     -  ksoftirqd/0
Rata-rata:      0        17    0,00    0,03    0,00    0,17    0,03     -  rcu_preempt
Rata-rata:      0        27    0,00    0,01    0,00    0,00    0,01     -  ksoftirqd/1
Rata-rata:      0        33    0,01    0,00    0,00    0,00    0,01     -  ksoftirqd/2
Rata-rata:      0        39    0,00    0,01    0,00    0,01    0,01     -  ksoftirqd/3
Rata-rata:      0        57    0,00    0,01    0,00    0,00    0,01     -  ksoftirqd/6
Rata-rata:      0        86    0,00    0,06    0,00    0,00    0,06     -  irq/9-acpi
Rata-rata:      0       120    0,00    0,03    0,00    0,06    0,03     -  kworker/u33:0-i915_flip
Rata-rata:      0       317    0,00    0,01    0,00    0,00    0,01     -  jbd2/sda6-8
Rata-rata:      0       376    0,01    0,01    0,00    0,00    0,01     -  systemd-journal
Rata-rata:      0       408    0,01    0,01    0,00    0,01    0,02     -  systemd-udevd
Rata-rata:    102       898    0,00    0,01    0,00    0,00    0,01     -  avahi-daemon
Rata-rata:    990       903    0,27    0,03    0,00    0,00    0,31     -  dbus-daemon
Rata-rata:    986       924    0,01    0,00    0,00    0,00    0,01     -  polkitd
Rata-rata:    115       930    0,36    0,20    0,00    0,00    0,56     -  prometheus-node
Rata-rata:    115       933    0,17    0,01    0,00    0,00    0,17     -  prometheus
Rata-rata:      0      1079    0,02    0,00    0,00    0,01    0,02     -  NetworkManager
Rata-rata:      0      1383    0,13    0,01    0,00    0,00    0,14     -  glances
Rata-rata:      0      1391    0,08    0,06    0,00    0,00    0,14     -  tailscaled
Rata-rata:      0      1411    0,01    0,02    0,00    0,00    0,03     -  anydesk
Rata-rata:      0      1423    0,34    0,12    0,00    0,00    0,46     -  containerd
Rata-rata:    111      1503    0,01    0,01    0,00    0,00    0,01     -  mariadbd
Rata-rata:      0      1554    0,00    0,01    0,00    0,00    0,01     -  apache2
Rata-rata:      0      2123    0,01    0,01    0,00    0,00    0,01     -  upowerd
Rata-rata:      0      2310    0,36    0,22    0,00    0,00    0,59     -  dockerd
Rata-rata:    117      2312    0,66    0,31    0,00    0,00    0,97     -  grafana
Rata-rata:      0      2932    0,25    0,25    0,00    0,00    0,50     -  mount.ntfs-3g
Rata-rata:      0      2975    0,07    0,04    0,00    0,00    0,12     -  containerd-shim
Rata-rata:      0      2976    0,07    0,03    0,00    0,00    0,11     -  containerd-shim
Rata-rata:      0      2977    0,06    0,05    0,00    0,00    0,11     -  containerd-shim
Rata-rata:      0      2981    0,06    0,06    0,00    0,00    0,11     -  containerd-shim
Rata-rata:      0      2982    0,05    0,07    0,00    0,00    0,12     -  containerd-shim
Rata-rata:     70      3117    0,00    0,01    0,00    0,00    0,01     -  postgres
Rata-rata:    999      3130    0,39    0,04    0,00    0,00    0,43     -  redis-server
Rata-rata:     70      3567    0,00    0,01    0,00    0,00    0,01     -  postgres
Rata-rata:    117      3601    0,01    0,00    0,00    0,00    0,01     -  gpx_grafana_ela
Rata-rata:   1000      4549    0,02    0,01    0,00    0,00    0,03     -  systemd
Rata-rata:   1000      4569    0,01    0,01    0,00    0,00    0,01     -  dbus-daemon
Rata-rata:   1000      4570    0,01    0,00    0,00    0,00    0,01     -  pipewire
Rata-rata:   1000      4573    0,01    0,00    0,00    0,00    0,01     -  wireplumber
Rata-rata:   1000      4574    0,01    0,00    0,00    0,03    0,01     -  pipewire-pulse
Rata-rata:   1000      4708    1,14    0,34    0,00    0,01    1,49     -  gnome-shell
Rata-rata:   1000      5021    0,01    0,00    0,00    0,00    0,01     -  gsd-housekeepin
Rata-rata:   1000      5043    0,01    0,00    0,00    0,42    0,01     -  gnome-software
Rata-rata:   1000      5050    0,01    0,00    0,00    0,00    0,01     -  gsd-rfkill
Rata-rata:   1000      5055    0,01    0,00    0,00    0,00    0,01     -  gsd-sharing
Rata-rata:   1000      5107    0,01    0,01    0,00    0,00    0,02     -  anydesk
Rata-rata:   1000      5268    0,01    0,00    0,00    0,00    0,01     -  gvfs-udisks2-vo
Rata-rata:   1000      5364    0,00    0,01    0,00    0,00    0,01     -  gvfs-afc-volume
Rata-rata:   1000      5504    0,00    0,01    0,00    0,00    0,01     -  xdg-desktop-por
Rata-rata:   1000      5586    0,00    0,01    0,00    0,00    0,01     -  gvfsd-trash
Rata-rata:      0      5954    0,01    0,01    0,00    0,00    0,01     -  fwupd
Rata-rata:   1000      6317    0,22    0,09    0,00    0,00    0,31     -  antigravity
Rata-rata:   1000      6339    0,76    0,02    0,00    0,00    0,78     -  gnome-terminal-
Rata-rata:   1000      6757    0,16    0,05    0,00    0,00    0,21     -  antigravity
Rata-rata:   1000      6771    0,01    0,00    0,00    0,00    0,01     -  antigravity
Rata-rata:   1000      6820    3,42    0,22    0,00    0,01    3,64     -  antigravity
Rata-rata:   1000      7059    1,66    1,58    0,00    0,04    3,24     -  language_server
Rata-rata:   1000      7229    0,20    0,16    0,00    0,01    0,36     -  antigravity
Rata-rata:   1000      7244    2,42    0,39    0,00    0,01    2,81     -  antigravity
Rata-rata:   1000      7258    0,01    0,01    0,00    0,00    0,02     -  antigravity
Rata-rata:   1000      7260    0,62    0,09    0,00    0,00    0,72     -  antigravity
Rata-rata:   1000      8267    1,77    1,39    0,00    0,00    3,16     -  language_server
Rata-rata:   1000      8356    0,07    0,04    0,00    0,01    0,11     -  antigravity
Rata-rata:   1000      9291    0,16    0,04    0,00    0,01    0,21     -  chrome
Rata-rata:   1000      9342    0,01    0,00    0,00    0,00    0,01     -  chrome
Rata-rata:   1000      9345    0,01    0,02    0,00    1,26    0,03     -  chrome
Rata-rata:   1000      9359    0,01    0,01    0,00    0,01    0,02     -  chrome
Rata-rata:   1000      9390    0,02    0,01    0,00    0,63    0,02     -  chrome
Rata-rata:   1000      9500    0,01    0,01    0,00    1,26    0,02     -  chrome
Rata-rata:   1000      9519    0,17    0,04    0,00    0,01    0,21     -  chrome
Rata-rata:   1000     76014    0,02    0,01    0,00    0,00    0,02     -  chrome
Rata-rata:   1000     76025    0,01    0,01    0,00    1,87    0,02     -  chrome
Rata-rata:   1000     76063    0,01    0,01    0,00    0,00    0,01     -  chrome
Rata-rata:      0     78088    0,00    0,02    0,00    0,01    0,02     -  kworker/u32:6-kvfree_rcu_reclaim
Rata-rata:   1000     91682    0,04    0,04    0,00    0,00    0,07     -  ssh
Rata-rata:      0     93905    0,00    0,02    0,00    0,32    0,02     -  kworker/u32:7-flush-8:0
Rata-rata:      0     97469    0,00    0,01    0,00    0,00    0,01     -  kworker/5:2-events
Rata-rata:   1000     98039    0,05    0,01    0,00    0,01    0,06     -  antigravity
Rata-rata:      0     99362    0,00    0,01    0,00   37,92    0,01     -  kworker/u32:5-kvfree_rcu_reclaim
Rata-rata:      0    100626    0,00    0,01    0,00    0,01    0,01     -  kworker/2:1-events
Rata-rata:      0    103256    0,00    0,01    0,00    0,00    0,01     -  kworker/u32:4-flush-8:0
Rata-rata:      0    103884    0,00    0,01    0,00    0,02    0,01     -  kworker/4:1-events
Rata-rata:      0    104590    0,01    0,00    0,00    0,01    0,01     -  kworker/3:1-events
Rata-rata:      0    104961    0,00    0,04    0,00    0,02    0,04     -  kworker/6:0-events
Rata-rata:      0    107265    0,01    0,00    0,00    0,00    0,01     -  kworker/0:0-cgroup_free
Rata-rata:      0    107286    0,00    0,01    0,00    0,24    0,01     -  kworker/u32:8-flush-8:0
Rata-rata:      0    107514    0,01    0,00    0,00    0,00    0,01     -  kworker/1:3-events
Rata-rata:      0    108416    0,01    0,00    0,00    0,00    0,01     -  cups-browsed
Rata-rata:      0    108721    0,00    0,01    0,00    0,01    0,01     -  kworker/3:2-mm_percpu_wq
Rata-rata:   1000    108954    0,19    0,24    0,00    0,00    0,43     -  pidstat
Rata-rata:   1000    108986    7,07    0,76    0,00    0,00    7,83     -  java
Rata-rata:      0    109477    0,01    0,00    0,00    0,01    0,01     -  kworker/0:2-events

Rata-rata:    UID       PID  minflt/s  majflt/s     VSZ     RSS   %MEM  Command
Rata-rata:      0         1      2,30      0,00   24788   14916   0,09  systemd
Rata-rata:      0       376      3,56      0,00  188968  108948   0,67  systemd-journal
Rata-rata:      0       408      5,96      0,00   37544   10908   0,07  systemd-udevd
Rata-rata:      0       902      0,05      0,00    6792    2752   0,02  cron
Rata-rata:    115       930     26,79      0,00 1762312   25919   0,16  prometheus-node
Rata-rata:    115       933      5,46      0,00 2711492  115353   0,71  prometheus
Rata-rata:      0      1391      0,01      0,00 1421316   96600   0,60  tailscaled
Rata-rata:      0      1423      1,98      0,00 2463900   70333   0,43  containerd
Rata-rata:    114      1526      0,36      0,00  218252   29568   0,18  postgres
Rata-rata:      0      2310      0,13      0,00 3498856  111800   0,69  dockerd
Rata-rata:    117      2312      0,16      0,00 1765300  350108   2,16  grafana
Rata-rata:      0      2975      7,95      0,00 1235352   13781   0,08  containerd-shim
Rata-rata:      0      2976      7,60      0,00 1235608   14479   0,09  containerd-shim
Rata-rata:      0      2977      6,62      0,00 1235352   14692   0,09  containerd-shim
Rata-rata:      0      2981      7,06      0,00 1235608   14606   0,09  containerd-shim
Rata-rata:      0      2982      7,63      0,00 1235608   14929   0,09  containerd-shim
Rata-rata:     70      3117      0,41      0,00  174540   25424   0,16  postgres
Rata-rata:   1000      4569      0,01      0,00    9624    5712   0,04  dbus-daemon
Rata-rata:   1000      4570      1,17      0,00  104122   14473   0,09  pipewire
Rata-rata:   1000      4574      1,19      0,00  110852   15684   0,10  pipewire-pulse
Rata-rata:   1000      4708      3,91      0,00 5454774  346625   2,14  gnome-shell
Rata-rata:   1000      5504      0,01      0,00  778332   19920   0,12  xdg-desktop-por
Rata-rata:   1000      5523      0,01      0,00  688428    6872   0,04  xdg-document-po
Rata-rata:      0      5954      0,19      0,00  370420   46936   0,29  fwupd
Rata-rata:   1000      6317     37,47      0,00 1461668528  315443   1,94  antigravity
Rata-rata:   1000      6757      8,59      0,00 34355024  170240   1,05  antigravity
Rata-rata:   1000      6771      0,81      0,00 33903964   81292   0,50  antigravity
Rata-rata:   1000      6820    179,81      0,00 1461417352  660320   4,07  antigravity
Rata-rata:   1000      6924      0,06      0,00 1459611392  179928   1,11  antigravity
Rata-rata:   1000      7161      0,25      0,00 33951332   64332   0,40  antigravity
Rata-rata:   1000      7229     49,44      0,00 1461383544  129381   0,80  antigravity
Rata-rata:   1000      7244    324,98      0,00 1461351324  355165   2,19  antigravity
Rata-rata:   1000      7258      3,71      0,00 1461347760  125636   0,77  antigravity
Rata-rata:   1000      7260     11,42      0,00 1461367100  164217   1,01  antigravity
Rata-rata:   1000      8356      5,25      0,00 1459530528  101056   0,62  antigravity
Rata-rata:   1000      9291     10,93      0,00 55435272  374295   2,31  chrome
Rata-rata:   1000      9342      2,75      0,00 55467700  213696   1,32  chrome
Rata-rata:   1000      9345      5,80      0,00 54976356  135624   0,84  chrome
Rata-rata:   1000      9359      0,75      0,00 55015792   62664   0,39  chrome
Rata-rata:   1000      9519     33,61      0,00 1518554232  356912   2,20  chrome
Rata-rata:   1000     76014      0,43      0,00 1518513820  345856   2,13  chrome
Rata-rata:   1000     76025      0,01      0,00 1518490664  121120   0,75  chrome
Rata-rata:   1000     76063      0,26      0,00 55006444   86720   0,53  chrome
Rata-rata:   1000     91682      0,42      0,00   14520    9252   0,06  ssh
Rata-rata:   1000     99008      0,45      0,00    7664    3936   0,02  bash
Rata-rata:   1000    108954      0,31      0,00    6206    5148   0,03  pidstat
Rata-rata:   1000    108955      0,39      0,00    2676    1716   0,01  jmeter
Rata-rata:   1000    108986    265,01      0,00 6198124  271499   1,67  java

Rata-rata:    UID       PID   kB_rd/s   kB_wr/s kB_ccwr/s iodelay  Command
Rata-rata:   1000      4573      0,00      0,02      0,00       0  wireplumber
Rata-rata:   1000      4708      0,00      2,45      0,00       0  gnome-shell
Rata-rata:   1000      6317      0,00      0,12      0,00       0  antigravity
Rata-rata:   1000      6771      0,00      0,05      0,00       0  antigravity
Rata-rata:   1000      7244      0,00      0,12      0,00       0  antigravity
Rata-rata:   1000      9291      0,00      3,10      0,00       0  chrome
Rata-rata:   1000      9345      0,00      0,90      0,00       0  chrome
Rata-rata:   1000     99008      0,00      5,72      2,45       0  bash
Rata-rata:   1000    108954      0,00      0,98      0,00       0  pidstat
Rata-rata:   1000    108986      0,00      2,74      0,00       0  java
