Linux 6.12.94+deb13-amd64 (debian) 	02/07/26 	_x86_64_	(8 CPU)

00:38:30      UID       PID    %usr %system  %guest   %wait    %CPU   CPU  Command
00:38:35        0         1    0,20    0,00    0,00    0,00    0,20     6  systemd
00:38:35        0        16    0,00    0,20    0,00    0,00    0,20     0  ksoftirqd/0
00:38:35        0        33    0,20    0,00    0,00    0,00    0,20     2  ksoftirqd/2
00:38:35        0        57    0,00    0,20    0,00    0,00    0,20     6  ksoftirqd/6
00:38:35        0        82    0,00    0,20    0,00    0,00    0,20     3  khugepaged
00:38:35        0        86    0,00    0,20    0,00    0,00    0,20     1  irq/9-acpi
00:38:35      990       903    0,60    0,00    0,00    0,00    0,60     2  dbus-daemon
00:38:35      115       930    0,99    0,60    0,00    0,00    1,59     7  prometheus-node
00:38:35      115       933    0,20    0,00    0,00    0,00    0,20     1  prometheus
00:38:35        0      1383    0,20    0,00    0,00    0,00    0,20     7  glances
00:38:35        0      1391    0,20    0,20    0,00    0,00    0,40     7  tailscaled
00:38:35        0      1423    0,20    0,20    0,00    0,00    0,40     2  containerd
00:38:35        0      2310    0,40    0,20    0,00    0,00    0,60     0  dockerd
00:38:35      117      2312    0,99    0,20    0,00    0,00    1,19     3  grafana
00:38:35        0      2932    0,20    0,20    0,00    0,00    0,40     4  mount.ntfs-3g
00:38:35      999      3130    0,40    0,00    0,00    0,00    0,40     4  redis-server
00:38:35     1000      4708    1,39    0,80    0,00    0,20    2,19     1  gnome-shell
00:38:35     1000      6317    0,80    0,40    0,00    0,40    1,19     5  antigravity
00:38:35     1000      6339    0,40    0,00    0,00    0,00    0,40     4  gnome-terminal-
00:38:35     1000      6757    1,79    0,80    0,00    0,40    2,58     0  antigravity
00:38:35     1000      6820   21,67    0,60    0,00    0,60   22,27     5  antigravity
00:38:35     1000      7059    1,39    1,39    0,00    0,00    2,78     4  language_server
00:38:35     1000      7229    0,60    0,00    0,00    0,00    0,60     7  antigravity
00:38:35     1000      7244    1,59    0,20    0,00    0,60    1,79     2  antigravity
00:38:35     1000      7260    0,60    0,20    0,00    0,00    0,80     6  antigravity
00:38:35     1000      8267    1,39    1,59    0,00    0,00    2,98     7  language_server
00:38:35     1000      8356    0,00    0,20    0,00    0,00    0,20     3  antigravity
00:38:35     1000      9291    0,20    0,00    0,00    0,00    0,20     1  chrome
00:38:35     1000      9359    0,20    0,00    0,00    0,00    0,20     0  chrome
00:38:35     1000      9519    0,20    0,00    0,00    0,00    0,20     0  chrome
00:38:35     1000     76063    0,20    0,00    0,00    0,00    0,20     7  chrome
00:38:35        0     98479    0,00    0,20    0,00    0,00    0,20     1  kworker/1:0-mm_percpu_wq
00:38:35        0    102820    0,00    0,20    0,00    0,40    0,20     6  kworker/6:1-i915-unordered
00:38:35     1000    103549    0,00    0,20    0,00    0,00    0,20     1  pidstat
00:38:35     1000    103581   78,33    4,37    0,00    0,00   82,70     6  java

00:38:30      UID       PID  minflt/s  majflt/s     VSZ     RSS   %MEM  Command
00:38:35      115       930     62,43      0,00 1762312   25716   0,16  prometheus-node
00:38:35        0      1423      5,96      0,00 2463900   70508   0,43  containerd
00:38:35        0      2975     10,74      0,00 1235352   13556   0,08  containerd-shim
00:38:35        0      2976     10,93      0,00 1235608   14548   0,09  containerd-shim
00:38:35        0      2977     12,72      0,00 1235352   15260   0,09  containerd-shim
00:38:35        0      2981     10,74      0,00 1235608   14444   0,09  containerd-shim
00:38:35        0      2982     13,72      0,00 1235608   14716   0,09  containerd-shim
00:38:35     1000      4708      0,80      0,00 5454596  346616   2,14  gnome-shell
00:38:35     1000      6317     36,38      0,00 1461668528  315236   1,94  antigravity
00:38:35     1000      6757     64,02      0,00 34362684  169780   1,05  antigravity
00:38:35     1000      6771      0,60      0,00 33903964   81164   0,50  antigravity
00:38:35     1000      6820    593,44      0,00 1461417264  658992   4,06  antigravity
00:38:35     1000      7161      0,20      0,00 33951332   64332   0,40  antigravity
00:38:35     1000      7229     95,43      0,00 1461383544  129412   0,80  antigravity
00:38:35     1000      7244     30,42      0,00 1461351324  291248   1,79  antigravity
00:38:35     1000      7258      2,58      0,00 1461347760  125768   0,77  antigravity
00:38:35     1000      7260      5,96      0,00 1461367100  163904   1,01  antigravity
00:38:35     1000      8356      5,17      0,00 1459530528  100844   0,62  antigravity
00:38:35     1000      9291      7,55      0,00 55435272  374492   2,31  chrome
00:38:35     1000      9342      2,19      0,00 55467700  213584   1,32  chrome
00:38:35     1000      9345      3,98      0,00 54976356  135860   0,84  chrome
00:38:35     1000      9359      0,60      0,00 55015792   62536   0,39  chrome
00:38:35     1000     76014      0,60      0,00 1518513820  344144   2,12  chrome
00:38:35     1000     76063      0,20      0,00 55006444   86720   0,53  chrome
00:38:35     1000    103549      1,19      0,00    6184    5128   0,03  pidstat
00:38:35     1000    103550      3,78      0,00    2676    1860   0,01  jmeter
00:38:35     1000    103581   4935,98      0,00 6043924  210312   1,30  java

00:38:30      UID       PID   kB_rd/s   kB_wr/s kB_ccwr/s iodelay  Command
00:38:35     1000      9291      0,00      2,39      0,00       0  chrome
00:38:35     1000    103581      0,00      2,18      0,00       0  java

00:38:35      UID       PID    %usr %system  %guest   %wait    %CPU   CPU  Command
00:38:40        0      1391    0,40    0,00    0,00    0,00    0,40     4  tailscaled
00:38:40        0      1423    0,40    0,00    0,00    0,00    0,40     2  containerd
00:38:40        0      2310    0,20    0,20    0,00    0,00    0,40     0  dockerd
00:38:40      117      2312    0,40    0,20    0,00    0,00    0,60     3  grafana
00:38:40        0      2932    0,20    0,20    0,00    0,00    0,40     6  mount.ntfs-3g
00:38:40        0      2976    0,00    0,20    0,00    0,00    0,20     6  containerd-shim
00:38:40        0      2982    0,20    0,00    0,00    0,00    0,20     1  containerd-shim
00:38:40      999      3130    0,40    0,00    0,00    0,00    0,40     6  redis-server
00:38:40       70      3572    0,20    0,00    0,00    0,00    0,20     0  postgres
00:38:40     1000      4708    1,00    0,20    0,00    0,00    1,20     1  gnome-shell
00:38:40     1000      5872    0,20    0,00    0,00    0,00    0,20     2  xdg-desktop-por
00:38:40     1000      6317    0,80    0,00    0,00    0,00    0,80     5  antigravity
00:38:40     1000      6339    0,60    0,00    0,00    0,00    0,60     4  gnome-terminal-
00:38:40     1000      6757    0,20    0,00    0,00    0,00    0,20     0  antigravity
00:38:40     1000      6820    1,60    0,00    0,00    0,00    1,60     7  antigravity
00:38:40     1000      7059    1,40    2,00    0,00    0,00    3,40     3  language_server
00:38:40     1000      7229    0,60    0,60    0,00    0,00    1,20     7  antigravity
00:38:40     1000      7244    1,40    0,20    0,00    0,00    1,60     2  antigravity
00:38:40     1000      7260    0,60    0,20    0,00    0,00    0,80     7  antigravity
00:38:40     1000      8267    1,80    1,40    0,00    0,00    3,20     7  language_server
00:38:40     1000      9291    0,20    0,00    0,00    0,00    0,20     5  chrome
00:38:40     1000      9345    0,20    0,00    0,00    0,00    0,20     3  chrome
00:38:40     1000      9519    0,20    0,00    0,00    0,00    0,20     5  chrome
00:38:40     1000     76014    0,20    0,00    0,00    0,00    0,20     0  chrome
00:38:40     1000    103549    0,20    0,20    0,00    0,00    0,40     4  pidstat
00:38:40     1000    103581    5,00    0,20    0,00    0,00    5,20     6  java

00:38:35      UID       PID  minflt/s  majflt/s     VSZ     RSS   %MEM  Command
00:38:40        0      1423      1,20      0,00 2463900   70508   0,43  containerd
00:38:40        0      2975     12,00      0,00 1235352   13556   0,08  containerd-shim
00:38:40        0      2976     14,40      0,00 1235608   14676   0,09  containerd-shim
00:38:40        0      2977     12,40      0,00 1235352   15388   0,09  containerd-shim
00:38:40        0      2981     13,20      0,00 1235608   14444   0,09  containerd-shim
00:38:40        0      2982     11,80      0,00 1235608   14972   0,09  containerd-shim
00:38:40     1000      4708      6,20      0,00 5454660  346616   2,14  gnome-shell
00:38:40     1000      6317    114,40      0,00 1461668528  314892   1,94  antigravity
00:38:40     1000      6757     11,60      0,00 34362508  169652   1,05  antigravity
00:38:40     1000      6771      1,20      0,00 33903964   81164   0,50  antigravity
00:38:40     1000      6820    229,00      0,00 1461417264  661716   4,08  antigravity
00:38:40     1000      6924      2,20      0,00 1459611392  180072   1,11  antigravity
00:38:40     1000      7059      2,40      0,00 4910056  363928   2,24  language_server
00:38:40     1000      7161      0,20      0,00 33951332   64332   0,40  antigravity
00:38:40     1000      7229    288,00      0,00 1461383544  129240   0,80  antigravity
00:38:40     1000      7244     29,00      0,00 1461351324  291376   1,80  antigravity
00:38:40     1000      7258      3,00      0,00 1461347760  125768   0,77  antigravity
00:38:40     1000      7260      3,40      0,00 1461367100  163904   1,01  antigravity
00:38:40     1000      8356      5,40      0,00 1459530528  100844   0,62  antigravity
00:38:40     1000      9291     17,60      0,00 55435272  374348   2,31  chrome
00:38:40     1000      9342      2,20      0,00 55467700  213584   1,32  chrome
00:38:40     1000      9345     17,00      0,00 54976356  135772   0,84  chrome
00:38:40     1000      9359      0,60      0,00 55015792   62536   0,39  chrome
00:38:40     1000     76014      0,40      0,00 1518513820  344144   2,12  chrome
00:38:40     1000     76063      0,20      0,00 55006444   86720   0,53  chrome
00:38:40     1000    103581     55,80      0,00 6043924  211336   1,30  java

00:38:35      UID       PID   kB_rd/s   kB_wr/s kB_ccwr/s iodelay  Command
00:38:40     1000      6317      0,00      1,60      0,00       0  antigravity
00:38:40     1000      9345      0,00     22,40      0,00       0  chrome
00:38:40     1000    103549      0,00      1,11      0,00       0  pidstat
00:38:40     1000    103581      0,00      0,17      0,00       0  java

00:38:40      UID       PID    %usr %system  %guest   %wait    %CPU   CPU  Command
00:38:45        0        17    0,00    0,20    0,00    0,00    0,20     0  rcu_preempt
00:38:45      115       933    0,20    0,00    0,00    0,00    0,20     1  prometheus
00:38:45        0      1383    0,00    0,20    0,00    0,00    0,20     7  glances
00:38:45        0      1423    0,20    0,20    0,00    0,00    0,40     2  containerd
00:38:45        0      2310    0,60    0,00    0,00    0,00    0,60     0  dockerd
00:38:45      117      2312    1,00    0,20    0,00    0,00    1,20     3  grafana
00:38:45        0      2932    0,40    0,00    0,00    0,00    0,40     4  mount.ntfs-3g
00:38:45        0      2975    0,20    0,20    0,00    0,00    0,40     7  containerd-shim
00:38:45        0      2977    0,20    0,20    0,00    0,00    0,40     7  containerd-shim
00:38:45        0      2981    0,00    0,20    0,00    0,00    0,20     0  containerd-shim
00:38:45      999      3130    0,40    0,00    0,00    0,00    0,40     6  redis-server
00:38:45     1000      4708    0,60    0,40    0,00    0,00    1,00     1  gnome-shell
00:38:45     1000      6317    0,40    0,00    0,00    0,00    0,40     5  antigravity
00:38:45     1000      6339    0,60    0,00    0,00    0,00    0,60     4  gnome-terminal-
00:38:45     1000      6820    1,00    0,00    0,00    0,00    1,00     7  antigravity
00:38:45     1000      7059    1,80    1,20    0,00    0,00    3,00     3  language_server
00:38:45     1000      7229    0,20    0,00    0,00    0,00    0,20     6  antigravity
00:38:45     1000      7244    1,40    0,40    0,00    0,00    1,80     0  antigravity
00:38:45     1000      7260    0,40    0,00    0,00    0,00    0,40     2  antigravity
00:38:45     1000      8267    2,00    1,20    0,00    0,00    3,20     7  language_server
00:38:45     1000      8356    0,00    0,20    0,00    0,00    0,20     2  antigravity
00:38:45     1000      9291    0,20    0,00    0,00    0,00    0,20     5  chrome
00:38:45     1000      9519    0,40    0,20    0,00    0,00    0,60     2  chrome
00:38:45     1000     98039    0,20    0,00    0,00    0,00    0,20     6  antigravity
00:38:45     1000    103549    0,20    0,20    0,00    0,00    0,40     4  pidstat
00:38:45     1000    103581    6,00    0,40    0,00    0,00    6,40     6  java

00:38:40      UID       PID  minflt/s  majflt/s     VSZ     RSS   %MEM  Command
00:38:45        0      2975     10,60      0,00 1235352   13812   0,09  containerd-shim
00:38:45        0      2976      0,40      0,00 1235608   14676   0,09  containerd-shim
00:38:45        0      2977      3,40      0,00 1235352   15388   0,09  containerd-shim
00:38:45        0      2981      5,40      0,00 1235608   14700   0,09  containerd-shim
00:38:45        0      2982      5,40      0,00 1235608   14972   0,09  containerd-shim
00:38:45     1000      4708      0,80      0,00 5454596  346616   2,14  gnome-shell
00:38:45     1000      6317     34,80      0,00 1461668528  314684   1,94  antigravity
00:38:45     1000      6757      1,20      0,00 34354316  169524   1,04  antigravity
00:38:45     1000      6771      0,60      0,00 33903964   81164   0,50  antigravity
00:38:45     1000      6820    112,60      0,00 1461417264  664020   4,09  antigravity
00:38:45     1000      7161      0,40      0,00 33951332   64332   0,40  antigravity
00:38:45     1000      7229      8,80      0,00 1461383544  129240   0,80  antigravity
00:38:45     1000      7244     43,20      0,00 1461351324  291356   1,79  antigravity
00:38:45     1000      7258      5,20      0,00 1461347760  125768   0,77  antigravity
00:38:45     1000      7260      3,60      0,00 1461367100  163904   1,01  antigravity
00:38:45     1000      8356      5,20      0,00 1459530528  100844   0,62  antigravity
00:38:45     1000      9291     10,00      0,00 55435272  374348   2,31  chrome
00:38:45     1000      9342      2,20      0,00 55467700  213584   1,32  chrome
00:38:45     1000      9345      8,40      0,00 54976356  135772   0,84  chrome
00:38:45     1000      9359      1,20      0,00 55015792   62536   0,39  chrome
00:38:45     1000      9519    357,00      0,00 1518553976  364228   2,24  chrome
00:38:45     1000     76014      0,40      0,00 1518513820  344144   2,12  chrome
00:38:45     1000     76063      0,40      0,00 55006444   86720   0,53  chrome
00:38:45     1000    103581     61,00      0,00 6043924  212616   1,31  java

00:38:40      UID       PID   kB_rd/s   kB_wr/s kB_ccwr/s iodelay  Command
00:38:45     1000      9291      0,00      6,40      0,00       0  chrome
00:38:45     1000    103549      0,00      0,97      0,00       0  pidstat
00:38:45     1000    103581      0,00      1,81      0,00       0  java

00:38:45      UID       PID    %usr %system  %guest   %wait    %CPU   CPU  Command
00:38:50        0         1    0,00    0,20    0,00    0,00    0,20     5  systemd
00:38:50        0        86    0,00    0,20    0,00    0,00    0,20     1  irq/9-acpi
00:38:50      990       903    0,80    0,00    0,00    0,00    0,80     4  dbus-daemon
00:38:50      115       930    1,20    0,40    0,00    0,00    1,60     7  prometheus-node
00:38:50      115       933    0,20    0,00    0,00    0,00    0,20     1  prometheus
00:38:50        0      1383    0,20    0,00    0,00    0,00    0,20     7  glances
00:38:50        0      1423    0,20    0,00    0,00    0,00    0,20     2  containerd
00:38:50        0      2310    0,40    0,40    0,00    0,00    0,80     0  dockerd
00:38:50      117      2312    0,20    0,60    0,00    0,00    0,80     3  grafana
00:38:50        0      2932    0,20    0,00    0,00    0,00    0,20     0  mount.ntfs-3g
00:38:50        0      2976    0,20    0,00    0,00    0,00    0,20     6  containerd-shim
00:38:50        0      2981    0,20    0,00    0,00    0,00    0,20     0  containerd-shim
00:38:50        0      2982    0,20    0,20    0,00    0,00    0,40     1  containerd-shim
00:38:50      999      3130    0,40    0,20    0,00    0,00    0,60     6  redis-server
00:38:50     1000      4708    1,20    0,00    0,00    0,00    1,20     1  gnome-shell
00:38:50     1000      5107    0,00    0,20    0,00    0,00    0,20     6  anydesk
00:38:50     1000      6317    0,20    0,20    0,00    0,00    0,40     5  antigravity
00:38:50     1000      6339    0,40    0,00    0,00    0,00    0,40     4  gnome-terminal-
00:38:50     1000      6771    0,20    0,00    0,00    0,00    0,20     0  antigravity
00:38:50     1000      6820    0,80    0,40    0,00    0,00    1,20     1  antigravity
00:38:50     1000      7059    2,60    1,60    0,00    0,00    4,20     3  language_server
00:38:50     1000      7229    0,20    0,00    0,00    0,00    0,20     6  antigravity
00:38:50     1000      7244    1,60    0,40    0,00    0,00    2,00     7  antigravity
00:38:50     1000      7260    0,60    0,00    0,00    0,00    0,60     4  antigravity
00:38:50     1000      8267    2,40    1,20    0,00    0,00    3,60     7  language_server
00:38:50     1000      8356    0,00    0,20    0,00    0,00    0,20     3  antigravity
00:38:50     1000      9291    0,20    0,00    0,00    0,00    0,20     4  chrome
00:38:50     1000      9519    0,20    0,00    0,00    0,00    0,20     1  chrome
00:38:50     1000     91682    0,00    0,20    0,00    0,00    0,20     3  ssh
00:38:50        0     97469    0,20    0,00    0,00    0,00    0,20     5  kworker/5:2-mm_percpu_wq
00:38:50        0     99362    0,00    0,20    0,00    0,00    0,20     5  kworker/u32:5-events_unbound
00:38:50        0    102820    0,00    0,20    0,00    0,00    0,20     6  kworker/6:1-mm_percpu_wq
00:38:50     1000    103549    0,20    0,40    0,00    0,00    0,60     4  pidstat
00:38:50     1000    103581    6,20    0,40    0,00    0,00    6,60     6  java

00:38:45      UID       PID  minflt/s  majflt/s     VSZ     RSS   %MEM  Command
00:38:50      115       930     67,00      0,00 1762312   25648   0,16  prometheus-node
00:38:50        0      2975      5,20      0,00 1235352   14068   0,09  containerd-shim
00:38:50        0      2976     13,60      0,00 1235608   15316   0,09  containerd-shim
00:38:50        0      2977      0,60      0,00 1235352   15516   0,10  containerd-shim
00:38:50        0      2981      0,40      0,00 1235608   14700   0,09  containerd-shim
00:38:50        0      2982      7,80      0,00 1235608   15228   0,09  containerd-shim
00:38:50     1000      4708      6,80      0,00 5454468  346616   2,14  gnome-shell
00:38:50     1000      6317     32,60      0,00 1461668528  314712   1,94  antigravity
00:38:50     1000      6757      0,80      0,00 34354316  169524   1,04  antigravity
00:38:50     1000      6771      2,20      0,00 33903964   81164   0,50  antigravity
00:38:50     1000      6820    111,00      0,00 1461417264  666196   4,10  antigravity
00:38:50     1000      7059     55,80      0,00 4910056  364568   2,25  language_server
00:38:50     1000      7161      0,20      0,00 33951332   64332   0,40  antigravity
00:38:50     1000      7229      5,40      0,00 1461383544  129240   0,80  antigravity
00:38:50     1000      7244     44,20      0,00 1461351324  291304   1,79  antigravity
00:38:50     1000      7258      5,20      0,00 1461347760  125768   0,77  antigravity
00:38:50     1000      7260      5,60      0,00 1461367100  163904   1,01  antigravity
00:38:50     1000      8356      5,40      0,00 1459530528  100844   0,62  antigravity
00:38:50     1000      9291      7,40      0,00 55435272  374348   2,31  chrome
00:38:50     1000      9342      4,40      0,00 55467700  213584   1,32  chrome
00:38:50     1000      9345      8,60      0,00 54976356  135772   0,84  chrome
00:38:50     1000      9359      0,60      0,00 55015792   62536   0,39  chrome
00:38:50     1000     76014      0,40      0,00 1518513820  344144   2,12  chrome
00:38:50     1000     76063      0,20      0,00 55006444   86720   0,53  chrome
00:38:50     1000    103581     47,60      0,00 6043924  213640   1,32  java

00:38:45      UID       PID   kB_rd/s   kB_wr/s kB_ccwr/s iodelay  Command
00:38:50     1000      7244      0,00      0,80      0,00       0  antigravity
00:38:50     1000      9291      0,00      1,60      0,00       0  chrome
00:38:50     1000    103549      0,00      0,93      0,00       0  pidstat
00:38:50     1000    103581      0,00      1,77      0,00       0  java

00:38:50      UID       PID    %usr %system  %guest   %wait    %CPU   CPU  Command
00:38:55        0      1383    0,20    0,00    0,00    0,00    0,20     7  glances
00:38:55        0      1423    0,60    0,00    0,00    0,00    0,60     2  containerd
00:38:55        0      2310    0,20    0,00    0,00    0,00    0,20     0  dockerd
00:38:55      117      2312    0,80    0,00    0,00    0,00    0,80     3  grafana
00:38:55        0      2932    0,40    0,20    0,00    0,00    0,60     2  mount.ntfs-3g
00:38:55        0      2975    0,20    0,00    0,00    0,00    0,20     7  containerd-shim
00:38:55        0      2976    0,00    0,20    0,00    0,00    0,20     6  containerd-shim
00:38:55      999      3130    0,40    0,20    0,00    0,00    0,60     6  redis-server
00:38:55     1000      4708    0,80    0,40    0,00    0,00    1,20     2  gnome-shell
00:38:55     1000      6317    0,20    0,00    0,00    0,00    0,20     5  antigravity
00:38:55     1000      6339    1,00    0,00    0,00    0,00    1,00     4  gnome-terminal-
00:38:55     1000      6757    0,20    0,00    0,00    0,00    0,20     2  antigravity
00:38:55     1000      6820    1,20    0,00    0,00    0,00    1,20     4  antigravity
00:38:55     1000      7059    1,60    1,80    0,00    0,00    3,40     3  language_server
00:38:55     1000      7229    0,20    0,00    0,00    0,00    0,20     6  antigravity
00:38:55     1000      7244    1,20    0,60    0,00    0,00    1,80     1  antigravity
00:38:55     1000      7260    0,80    0,00    0,00    0,00    0,80     4  antigravity
00:38:55     1000      8267    1,00    1,80    0,00    0,00    2,80     7  language_server
00:38:55     1000      9291    0,20    0,20    0,00    0,00    0,40     1  chrome
00:38:55        0     95637    0,00    0,20    0,00    0,20    0,20     3  kworker/3:0-mm_percpu_wq
00:38:55        0     99361    0,00    0,20    0,00    0,00    0,20     5  kworker/u32:3-i915
00:38:55     1000    103549    0,20    0,40    0,00    0,00    0,60     4  pidstat
00:38:55     1000    103581    5,80    0,40    0,00    0,00    6,20     6  java

00:38:50      UID       PID  minflt/s  majflt/s     VSZ     RSS   %MEM  Command
00:38:55        0      1423      6,40      0,00 2463900   70508   0,43  containerd
00:38:55        0      2975      9,40      0,00 1235352   14196   0,09  containerd-shim
00:38:55        0      2976      2,60      0,00 1235608   15316   0,09  containerd-shim
00:38:55        0      2977      1,20      0,00 1235352   15516   0,10  containerd-shim
00:38:55        0      2981      3,60      0,00 1235608   14828   0,09  containerd-shim
00:38:55        0      2982      0,20      0,00 1235608   15228   0,09  containerd-shim
00:38:55     1000      4708      0,80      0,00 5462660  346616   2,14  gnome-shell
00:38:55     1000      6317     33,00      0,00 1461668528  315224   1,94  antigravity
00:38:55     1000      6757      5,00      0,00 34350476  169524   1,04  antigravity
00:38:55     1000      6771      0,60      0,00 33903964   81164   0,50  antigravity
00:38:55     1000      6820    137,80      0,00 1461417264  666216   4,10  antigravity
00:38:55     1000      7161      0,20      0,00 33951332   64332   0,40  antigravity
00:38:55     1000      7229      5,60      0,00 1461383544  129240   0,80  antigravity
00:38:55     1000      7244     33,00      0,00 1461351324  291304   1,79  antigravity
00:38:55     1000      7258      3,00      0,00 1461347760  125768   0,77  antigravity
00:38:55     1000      7260      3,60      0,00 1461367100  163904   1,01  antigravity
00:38:55     1000      8356      4,80      0,00 1459530528  100844   0,62  antigravity
00:38:55     1000      9291     11,40      0,00 55435272  374476   2,31  chrome
00:38:55     1000      9342      2,20      0,00 55467700  213584   1,32  chrome
00:38:55     1000      9345      4,00      0,00 54976356  135772   0,84  chrome
00:38:55     1000      9359      0,60      0,00 55015792   62536   0,39  chrome
00:38:55     1000     76014      0,40      0,00 1518513820  344144   2,12  chrome
00:38:55     1000     76063      0,20      0,00 55006444   86720   0,53  chrome
00:38:55     1000     99008      6,00      0,00    7664    3936   0,02  bash
00:38:55     1000    103581     42,00      0,00 6043924  214280   1,32  java
00:38:55     1000    103718     24,20      0,00    5660    2008   0,01  sleep

00:38:50      UID       PID   kB_rd/s   kB_wr/s kB_ccwr/s iodelay  Command
00:38:55     1000      9291      0,00      3,20      0,00       0  chrome
00:38:55     1000    103549      0,00      1,10      0,00       0  pidstat
00:38:55     1000    103581      0,00      3,37      0,00       0  java

00:38:55      UID       PID    %usr %system  %guest   %wait    %CPU   CPU  Command
00:39:00        0         1    0,40    0,00    0,00    0,00    0,40     4  systemd
00:39:00        0        45    0,00    0,20    0,00    0,00    0,20     4  ksoftirqd/4
00:39:00        0       408    0,00    0,20    0,00    0,00    0,20     4  systemd-udevd
00:39:00      102       898    0,00    0,20    0,00    0,20    0,20     7  avahi-daemon
00:39:00      990       903    0,40    0,20    0,00    0,00    0,60     6  dbus-daemon
00:39:00      115       933    0,60    0,00    0,00    0,00    0,60     1  prometheus
00:39:00        0       943    0,00    0,20    0,00    0,00    0,20     3  udisksd
00:39:00        0      1079    0,20    0,00    0,00    0,00    0,20     0  NetworkManager
00:39:00        0      1165    0,20    0,00    0,00    0,00    0,20     3  ModemManager
00:39:00        0      1391    0,40    0,20    0,00    0,20    0,60     1  tailscaled
00:39:00        0      1411    0,00    0,20    0,00    0,00    0,20     1  anydesk
00:39:00        0      1423    0,80    0,20    0,00    0,00    1,00     2  containerd
00:39:00        0      2309    0,20    0,00    0,00    0,00    0,20     1  cups-browsed
00:39:00        0      2310    0,80    0,80    0,00    0,00    1,60     0  dockerd
00:39:00      117      2312    0,40    0,40    0,00    0,00    0,80     3  grafana
00:39:00        0      2932    0,40    0,20    0,00    0,00    0,60     6  mount.ntfs-3g
00:39:00        0      2977    0,00    0,20    0,00    0,00    0,20     7  containerd-shim
00:39:00        0      2981    0,20    0,00    0,00    0,00    0,20     0  containerd-shim
00:39:00        0      2982    0,20    0,00    0,00    0,00    0,20     1  containerd-shim
00:39:00      999      3130    0,40    0,00    0,00    0,00    0,40     6  redis-server
00:39:00     1000      4549    0,40    0,00    0,00    0,00    0,40     5  systemd
00:39:00     1000      4708    1,40    0,20    0,00    0,00    1,60     3  gnome-shell
00:39:00     1000      5043    0,20    0,00    0,00    0,00    0,20     2  gnome-software
00:39:00     1000      5050    0,20    0,00    0,00    0,00    0,20     0  gsd-rfkill
00:39:00     1000      5055    0,20    0,00    0,00    0,00    0,20     7  gsd-sharing
00:39:00     1000      5268    0,20    0,00    0,00    0,00    0,20     2  gvfs-udisks2-vo
00:39:00     1000      5504    0,20    0,00    0,00    0,00    0,20     4  xdg-desktop-por
00:39:00     1000      6317    0,00    0,20    0,00    0,00    0,20     5  antigravity
00:39:00     1000      6339    0,40    0,00    0,00    0,00    0,40     4  gnome-terminal-
00:39:00     1000      6757    0,00    0,20    0,00    0,00    0,20     0  antigravity
00:39:00     1000      6820   12,80    0,40    0,00    0,00   13,20     2  antigravity
00:39:00     1000      7059    1,20    1,80    0,00    0,00    3,00     3  language_server
00:39:00     1000      7229    0,20    0,40    0,00    0,00    0,60     3  antigravity
00:39:00     1000      7244    1,60    0,40    0,00    0,00    2,00     6  antigravity
00:39:00     1000      7258    0,00    0,20    0,00    0,00    0,20     6  antigravity
00:39:00     1000      7260    0,60    0,00    0,00    0,00    0,60     4  antigravity
00:39:00     1000      8267    1,40    1,40    0,00    0,00    2,80     7  language_server
00:39:00     1000      9291    0,20    0,00    0,00    0,00    0,20     7  chrome
00:39:00     1000      9519    0,20    0,00    0,00    0,00    0,20     7  chrome
00:39:00     1000     76025    0,20    0,00    0,00    0,00    0,20     6  chrome
00:39:00     1000     98039    0,20    0,00    0,00    0,20    0,20     0  antigravity
00:39:00        0     98503    0,20    0,00    0,00    0,00    0,20     4  kworker/4:0-events
00:39:00     1000    103549    0,20    0,20    0,00    0,00    0,40     3  pidstat
00:39:00     1000    103581    9,60    0,40    0,00    0,00   10,00     6  java

00:38:55      UID       PID  minflt/s  majflt/s     VSZ     RSS   %MEM  Command
00:39:00        0       376     46,60      0,00  188968  108564   0,67  systemd-journal
00:39:00        0       408     95,20      0,00   37544   10908   0,07  systemd-udevd
00:39:00      115       933      2,20      0,00 2711492  114488   0,71  prometheus
00:39:00        0      1423      6,00      0,00 2463900   70508   0,43  containerd
00:39:00        0      2975      6,80      0,00 1235352   13548   0,08  containerd-shim
00:39:00        0      2976      3,60      0,00 1235608   14656   0,09  containerd-shim
00:39:00        0      2977      7,80      0,00 1235352   14840   0,09  containerd-shim
00:39:00        0      2981      3,40      0,00 1235608   14468   0,09  containerd-shim
00:39:00        0      2982      3,40      0,00 1235608   14600   0,09  containerd-shim
00:39:00     1000      4708      9,40      0,00 5454532  346616   2,14  gnome-shell
00:39:00        0      5954      0,40      0,00  370300   46692   0,29  fwupd
00:39:00     1000      6317     38,20      0,00 1461668528  314800   1,94  antigravity
00:39:00     1000      6757      8,60      0,00 34362828  169524   1,04  antigravity
00:39:00     1000      6771      1,20      0,00 33903964   81164   0,50  antigravity
00:39:00     1000      6820    319,80      0,00 1461420400  655092   4,04  antigravity
00:39:00     1000      7161      0,20      0,00 33951332   64332   0,40  antigravity
00:39:00     1000      7229    114,40      0,00 1461383544  129240   0,80  antigravity
00:39:00     1000      7244    272,60      0,00 1461351324  291428   1,80  antigravity
00:39:00     1000      7258      4,00      0,00 1461347760  125896   0,78  antigravity
00:39:00     1000      7260     19,00      0,00 1461367100  163988   1,01  antigravity
00:39:00     1000      8356      5,20      0,00 1459530528  100844   0,62  antigravity
00:39:00     1000      9291     14,80      0,00 55435272  374476   2,31  chrome
00:39:00     1000      9342      2,20      0,00 55467700  213584   1,32  chrome
00:39:00     1000      9345      4,00      0,00 54976356  135772   0,84  chrome
00:39:00     1000      9359      0,60      0,00 55015792   62536   0,39  chrome
00:39:00     1000     76014      0,60      0,00 1518513820  344144   2,12  chrome
00:39:00     1000     76063      0,20      0,00 55006444   86720   0,53  chrome
00:39:00     1000    103549      0,40      0,00    6184    5128   0,03  pidstat
00:39:00     1000    103581    116,60      0,00 6043924  218824   1,35  java
00:39:00        0    103790     54,00      0,00   37548    7188   0,04  (udev-worker)
00:39:00        0    103804     27,40      0,00   37548    6784   0,04  (udev-worker)
00:39:00        0    103805     27,40      0,00   37548    6784   0,04  (udev-worker)
00:39:00        0    103806     27,40      0,00   37548    6784   0,04  (udev-worker)
00:39:00        0    103808     27,60      0,00   37548    6784   0,04  (udev-worker)
00:39:00        0    103809     27,60      0,00   37548    6784   0,04  (udev-worker)
00:39:00        0    103810     59,60      0,00   37548    7116   0,04  (udev-worker)
00:39:00        0    103811     26,40      0,00   37548    6784   0,04  (udev-worker)
00:39:00        0    103812     27,00      0,00   37548    6784   0,04  (udev-worker)
00:39:00        0    103814     26,20      0,00   37548    6784   0,04  (udev-worker)
00:39:00        0    103815     27,20      0,00   37548    6784   0,04  (udev-worker)
00:39:00        0    103816     36,60      0,00   37548    6784   0,04  (udev-worker)
00:39:00        0    103817     26,00      0,00   37548    6784   0,04  (udev-worker)
00:39:00        0    103818     26,80      0,00   37548    6784   0,04  (udev-worker)
00:39:00        0    103819     27,60      0,00   37548    6784   0,04  (udev-worker)
00:39:00        0    103820     26,40      0,00   37548    6784   0,04  (udev-worker)

00:38:55      UID       PID   kB_rd/s   kB_wr/s kB_ccwr/s iodelay  Command
00:39:00     1000      7244      0,00      0,80      0,00       0  antigravity
00:39:00     1000      9291      0,00      2,40      0,00       0  chrome
00:39:00     1000    103549      0,00      0,91      0,00       0  pidstat
00:39:00     1000    103581      0,00      1,67      0,00       0  java

00:39:00      UID       PID    %usr %system  %guest   %wait    %CPU   CPU  Command
00:39:05        0         1    0,20    0,20    0,00    0,00    0,40     2  systemd
00:39:05        0        86    0,00    0,20    0,00    0,00    0,20     1  irq/9-acpi
00:39:05      990       903    1,00    0,00    0,00    0,00    1,00     0  dbus-daemon
00:39:05      115       930    1,20    0,60    0,00    0,00    1,80     7  prometheus-node
00:39:05      115       933    0,20    0,00    0,00    0,00    0,20     1  prometheus
00:39:05        0      1383    0,20    0,00    0,00    0,00    0,20     7  glances
00:39:05        0      1391    0,40    0,20    0,00    0,00    0,60     3  tailscaled
00:39:05        0      1423    0,20    0,20    0,00    0,00    0,40     2  containerd
00:39:05        0      2310    0,40    0,20    0,00    0,00    0,60     0  dockerd
00:39:05      117      2312    1,00    0,40    0,00    0,00    1,40     3  grafana
00:39:05        0      2932    0,60    0,20    0,00    0,00    0,80     4  mount.ntfs-3g
00:39:05        0      2975    0,00    0,20    0,00    0,00    0,20     7  containerd-shim
00:39:05        0      2977    0,20    0,00    0,00    0,00    0,20     7  containerd-shim
00:39:05      999      3130    0,20    0,00    0,00    0,00    0,20     6  redis-server
00:39:05     1000      4708    1,00    0,40    0,00    0,00    1,40     4  gnome-shell
00:39:05     1000      6317    0,40    0,00    0,00    0,00    0,40     6  antigravity
00:39:05     1000      6339    1,40    0,00    0,00    0,00    1,40     7  gnome-terminal-
00:39:05     1000      6757    0,20    0,00    0,00    0,00    0,20     0  antigravity
00:39:05     1000      6820    1,00    0,40    0,00    0,00    1,40     4  antigravity
00:39:05     1000      7059    1,60    1,80    0,00    0,00    3,40     3  language_server
00:39:05     1000      7229    0,40    0,00    0,00    0,00    0,40     3  antigravity
00:39:05     1000      7244    1,80    0,20    0,00    0,00    2,00     3  antigravity
00:39:05     1000      7260    0,60    0,20    0,00    0,00    0,80     2  antigravity
00:39:05     1000      8267    2,00    0,80    0,00    0,00    2,80     7  language_server
00:39:05     1000      8356    0,20    0,00    0,00    0,00    0,20     4  antigravity
00:39:05     1000      9291    0,20    0,00    0,00    0,00    0,20     7  chrome
00:39:05     1000      9519    0,00    0,20    0,00    0,00    0,20     0  chrome
00:39:05     1000    103549    0,00    0,40    0,00    0,00    0,40     0  pidstat
00:39:05     1000    103581    6,60    0,40    0,00    0,00    7,00     6  java

00:39:00      UID       PID  minflt/s  majflt/s     VSZ     RSS   %MEM  Command
00:39:05        0         1     51,80      0,00   24652   14916   0,09  systemd
00:39:05        0       376     13,20      0,00  188968  108564   0,67  systemd-journal
00:39:05        0       408      1,40      0,00   37544   10908   0,07  systemd-udevd
00:39:05        0       902      1,60      0,00    6792    2752   0,02  cron
00:39:05      115       930     92,40      0,00 1762312   25860   0,16  prometheus-node
00:39:05        0      1391      0,40      0,00 1421316   96508   0,59  tailscaled
00:39:05        0      1423      1,00      0,00 2463900   70508   0,43  containerd
00:39:05      117      2312      2,40      0,00 1765360  349884   2,16  grafana
00:39:05        0      2975      8,40      0,00 1235352   13676   0,08  containerd-shim
00:39:05        0      2976      7,80      0,00 1235608   14656   0,09  containerd-shim
00:39:05        0      2977     12,00      0,00 1235352   15224   0,09  containerd-shim
00:39:05        0      2981      8,60      0,00 1235608   14468   0,09  containerd-shim
00:39:05        0      2982      7,60      0,00 1235608   14600   0,09  containerd-shim
00:39:05     1000      4708      0,60      0,00 5454532  346616   2,14  gnome-shell
00:39:05     1000      6317     32,20      0,00 1461668528  314804   1,94  antigravity
00:39:05     1000      6757     24,00      0,00 34361740  169908   1,05  antigravity
00:39:05     1000      6771      0,60      0,00 33903964   81164   0,50  antigravity
00:39:05     1000      6820    143,80      0,00 1461419440  657524   4,05  antigravity
00:39:05     1000      7161      0,40      0,00 33951332   64332   0,40  antigravity
00:39:05     1000      7229    106,60      0,00 1461383544  129240   0,80  antigravity
00:39:05     1000      7244    334,00      0,00 1461351324  291252   1,79  antigravity
00:39:05     1000      7258      2,40      0,00 1461347760  125896   0,78  antigravity
00:39:05     1000      7260     18,60      0,00 1461367100  164068   1,01  antigravity
00:39:05     1000      8356      5,20      0,00 1459530528  100844   0,62  antigravity
00:39:05     1000      9291      7,80      0,00 55435272  374476   2,31  chrome
00:39:05     1000      9342      2,20      0,00 55467700  213584   1,32  chrome
00:39:05     1000      9345      4,00      0,00 54976356  135772   0,84  chrome
00:39:05     1000      9359      1,20      0,00 55015792   62536   0,39  chrome
00:39:05     1000      9519      0,00      0,00 1518553976  354640   2,18  chrome
00:39:05     1000     76014      0,20      0,00 1518513820  344144   2,12  chrome
00:39:05     1000     76063      0,40      0,00 55006444   86720   0,53  chrome
00:39:05     1000    103549      7,00      0,00    6316    5256   0,03  pidstat
00:39:05     1000    103581     88,40      0,00 6043924  220616   1,36  java

00:39:00      UID       PID   kB_rd/s   kB_wr/s kB_ccwr/s iodelay  Command
00:39:05     1000      7244      0,00      1,60      0,00       0  antigravity
00:39:05     1000      9291      0,00      3,20      0,00       0  chrome
00:39:05     1000    103549      0,00      1,60      0,00       0  pidstat
00:39:05     1000    103581      0,00      3,01      0,00       0  java

00:39:05      UID       PID    %usr %system  %guest   %wait    %CPU   CPU  Command
00:39:10        0        17    0,00    0,20    0,00    0,00    0,20     7  rcu_preempt
00:39:10        0       120    0,00    0,20    0,00    0,00    0,20     4  kworker/u33:0-i915_flip
00:39:10        0      1383    0,00    0,20    0,00    0,00    0,20     7  glances
00:39:10        0      1391    0,20    0,00    0,00    0,00    0,20     3  tailscaled
00:39:10        0      1423    0,40    0,00    0,00    0,00    0,40     2  containerd
00:39:10        0      2310    0,20    0,00    0,00    0,00    0,20     0  dockerd
00:39:10      117      2312    0,80    0,20    0,00    0,00    1,00     3  grafana
00:39:10        0      2932    0,60    0,20    0,00    0,00    0,80     7  mount.ntfs-3g
00:39:10        0      2976    0,20    0,20    0,00    0,00    0,40     6  containerd-shim
00:39:10        0      2982    0,00    0,20    0,00    0,00    0,20     1  containerd-shim
00:39:10      999      3130    0,60    0,00    0,00    0,00    0,60     6  redis-server
00:39:10     1000      4708    1,20    0,00    0,00    0,00    1,20     7  gnome-shell
00:39:10     1000      6317    0,20    0,00    0,00    0,00    0,20     1  antigravity
00:39:10     1000      6339    0,60    0,20    0,00    0,00    0,80     4  gnome-terminal-
00:39:10     1000      6757    0,20    0,00    0,00    0,00    0,20     0  antigravity
00:39:10     1000      6820    1,00    0,20    0,00    0,00    1,20     6  antigravity
00:39:10     1000      7059    1,60    1,60    0,00    0,00    3,20     3  language_server
00:39:10     1000      7229    0,00    0,20    0,00    0,00    0,20     3  antigravity
00:39:10     1000      7244    1,40    0,60    0,00    0,00    2,00     0  antigravity
00:39:10     1000      7260    0,60    0,00    0,00    0,00    0,60     7  antigravity
00:39:10     1000      8267    2,20    0,80    0,00    0,00    3,00     7  language_server
00:39:10     1000      9291    0,20    0,00    0,00    0,00    0,20     7  chrome
00:39:10     1000      9345    0,20    0,00    0,00    0,00    0,20     0  chrome
00:39:10     1000      9500    0,20    0,00    0,00    0,00    0,20     2  chrome
00:39:10     1000      9519    0,20    0,00    0,00    0,00    0,20     5  chrome
00:39:10     1000     91682    0,00    0,20    0,00    0,00    0,20     3  ssh
00:39:10     1000    103549    0,00    0,60    0,00    0,00    0,60     5  pidstat
00:39:10     1000    103581    4,00    0,40    0,00    0,00    4,40     6  java
00:39:10     1000    103991    0,60    0,00    0,00    0,00    0,60     0  gnome-screensho

00:39:05      UID       PID  minflt/s  majflt/s     VSZ     RSS   %MEM  Command
00:39:10        0      1423      3,20      0,00 2463900   70508   0,43  containerd
00:39:10        0      2975      3,20      0,00 1235352   13676   0,08  containerd-shim
00:39:10        0      2976     12,00      0,00 1235608   14912   0,09  containerd-shim
00:39:10        0      2977     15,40      0,00 1235352   15352   0,09  containerd-shim
00:39:10        0      2981     13,20      0,00 1235608   14724   0,09  containerd-shim
00:39:10        0      2982     12,40      0,00 1235608   14984   0,09  containerd-shim
00:39:10     1000      4708      7,40      0,00 5454532  346616   2,14  gnome-shell
00:39:10     1000      6317     36,40      0,00 1461668528  314784   1,94  antigravity
00:39:10     1000      6757      9,00      0,00 34361740  169900   1,05  antigravity
00:39:10     1000      6771      1,00      0,00 33903964   81164   0,50  antigravity
00:39:10     1000      6820    183,00      0,00 1461419440  658976   4,06  antigravity
00:39:10     1000      7161      0,20      0,00 33951332   64332   0,40  antigravity
00:39:10     1000      7229      8,60      0,00 1461383544  129240   0,80  antigravity
00:39:10     1000      7244    295,60      0,00 1461351324  291500   1,80  antigravity
00:39:10     1000      7258      5,60      0,00 1461347760  125896   0,78  antigravity
00:39:10     1000      7260     19,80      0,00 1461367100  163740   1,01  antigravity
00:39:10     1000      8356      5,20      0,00 1459530528  100844   0,62  antigravity
00:39:10     1000      9291     11,00      0,00 55435272  374604   2,31  chrome
00:39:10     1000      9342      4,40      0,00 55467700  213584   1,32  chrome
00:39:10     1000      9345      8,60      0,00 54976356  135772   0,84  chrome
00:39:10     1000      9359      0,60      0,00 55015792   62536   0,39  chrome
00:39:10     1000     76014      0,60      0,00 1518513820  344144   2,12  chrome
00:39:10     1000     76063      0,20      0,00 55006444   86720   0,53  chrome
00:39:10     1000     99008      6,00      0,00    7664    3936   0,02  bash
00:39:10     1000    103581     35,80      0,00 6043924  221384   1,36  java
00:39:10     1000    103991    248,00      0,00  407716   18440   0,11  gnome-screensho

00:39:05      UID       PID   kB_rd/s   kB_wr/s kB_ccwr/s iodelay  Command
00:39:10     1000      6771      0,00      1,60      0,00       0  antigravity
00:39:10     1000      7244      0,00      0,80      0,00       0  antigravity
00:39:10     1000      9291      0,00      1,60      0,00       0  chrome
00:39:10     1000    103549      0,00      1,14      0,00       0  pidstat
00:39:10     1000    103581      0,00      3,01      0,00       0  java

00:39:10      UID       PID    %usr %system  %guest   %wait    %CPU   CPU  Command
00:39:15      115       933    0,20    0,00    0,00    0,00    0,20     1  prometheus
00:39:15        0      1383    0,20    0,00    0,00    0,00    0,20     7  glances
00:39:15        0      1391    0,00    0,20    0,00    0,00    0,20     3  tailscaled
00:39:15        0      1423    0,40    0,20    0,00    0,00    0,60     2  containerd
00:39:15        0      2310    0,40    0,40    0,00    0,00    0,80     0  dockerd
00:39:15      117      2312    0,40    0,20    0,00    0,00    0,60     3  grafana
00:39:15        0      2932    0,60    0,20    0,00    0,00    0,80     3  mount.ntfs-3g
00:39:15        0      2977    0,20    0,00    0,00    0,00    0,20     7  containerd-shim
00:39:15        0      2981    0,20    0,00    0,00    0,00    0,20     0  containerd-shim
00:39:15      999      3130    0,20    0,00    0,00    0,00    0,20     6  redis-server
00:39:15     1000      4569    0,20    0,00    0,00    0,00    0,20     3  dbus-daemon
00:39:15     1000      4570    0,40    0,00    0,00    0,00    0,40     3  pipewire
00:39:15     1000      4573    0,40    0,00    0,00    0,00    0,40     6  wireplumber
00:39:15     1000      4574    0,00    0,20    0,00    0,00    0,20     7  pipewire-pulse
00:39:15     1000      4708    5,40    1,60    0,00    0,00    7,00     1  gnome-shell
00:39:15     1000      5039    0,00    0,20    0,00    0,00    0,20     0  gsd-media-keys
00:39:15     1000      6317    0,40    0,20    0,00    0,00    0,60     6  antigravity
00:39:15     1000      6339    1,00    0,00    0,00    0,00    1,00     0  gnome-terminal-
00:39:15     1000      6757    1,20    0,20    0,00    0,00    1,40     3  antigravity
00:39:15     1000      6820    4,00    0,20    0,00    0,00    4,20     5  antigravity
00:39:15     1000      7059    1,60    1,60    0,00    0,00    3,20     3  language_server
00:39:15     1000      7229    0,20    0,20    0,00    0,00    0,40     3  antigravity
00:39:15     1000      7244    1,60    0,40    0,00    0,00    2,00     3  antigravity
00:39:15     1000      7260    0,60    0,20    0,00    0,00    0,80     7  antigravity
00:39:15     1000      8267    1,00    1,60    0,00    0,00    2,60     7  language_server
00:39:15     1000      8356    0,20    0,00    0,00    0,00    0,20     2  antigravity
00:39:15     1000      9291    0,00    0,20    0,00    0,20    0,20     7  chrome
00:39:15     1000      9519    0,20    0,00    0,00    0,00    0,20     5  chrome
00:39:15     1000     91682    0,20    0,00    0,00    0,00    0,20     3  ssh
00:39:15        0     93905    0,00    0,20    0,00    0,00    0,20     7  kworker/u32:7-i915
00:39:15        0    102820    0,00    0,20    0,00    0,20    0,20     6  kworker/6:1-i915-unordered
00:39:15     1000    103549    0,20    0,20    0,00    0,00    0,40     4  pidstat
00:39:15     1000    103581    6,80    0,20    0,00    0,00    7,00     6  java

00:39:10      UID       PID  minflt/s  majflt/s     VSZ     RSS   %MEM  Command
00:39:15      115       933      1,80      0,00 2711492  114488   0,71  prometheus
00:39:15        0      1423      0,40      0,00 2463900   70216   0,43  containerd
00:39:15      114      1526      3,80      0,00  218252   29568   0,18  postgres
00:39:15        0      2975      6,60      0,00 1235352   13804   0,09  containerd-shim
00:39:15        0      2976     13,00      0,00 1235608   15040   0,09  containerd-shim
00:39:15        0      2977     10,20      0,00 1235352   15480   0,10  containerd-shim
00:39:15        0      2981      8,60      0,00 1235608   14852   0,09  containerd-shim
00:39:15        0      2982     13,00      0,00 1235608   15240   0,09  containerd-shim
00:39:15     1000      4570     37,40      0,00  105040   14644   0,09  pipewire
00:39:15     1000      4574     38,20      0,00  110852   15480   0,10  pipewire-pulse
00:39:15     1000      4708      9,20      0,00 5454596  346616   2,14  gnome-shell
00:39:15     1000      5504      0,20      0,00  778332   19920   0,12  xdg-desktop-por
00:39:15     1000      6317     34,40      0,00 1461668528  315424   1,94  antigravity
00:39:15     1000      6757     43,40      0,00 34369292  169732   1,05  antigravity
00:39:15     1000      6771      0,60      0,00 33903964   81164   0,50  antigravity
00:39:15     1000      6820    271,40      0,00 1461419504  663444   4,09  antigravity
00:39:15     1000      7161      0,20      0,00 33951332   64332   0,40  antigravity
00:39:15     1000      7229     88,20      0,00 1461383544  129368   0,80  antigravity
00:39:15     1000      7244    277,80      0,00 1461351324  291624   1,80  antigravity
00:39:15     1000      7258      3,00      0,00 1461347760  125896   0,78  antigravity
00:39:15     1000      7260     21,60      0,00 1461367100  163996   1,01  antigravity
00:39:15     1000      8356      5,40      0,00 1459530528  100844   0,62  antigravity
00:39:15     1000      9291      7,00      0,00 55435272  374604   2,31  chrome
00:39:15     1000      9342      2,20      0,00 55467700  213584   1,32  chrome
00:39:15     1000      9345      5,20      0,00 54976356  135772   0,84  chrome
00:39:15     1000      9359      0,60      0,00 55015792   62536   0,39  chrome
00:39:15     1000     76014      0,60      0,00 1518513820  344144   2,12  chrome
00:39:15     1000     76063      0,20      0,00 55006444   86720   0,53  chrome
00:39:15     1000     99008      1,00      0,00    7664    3936   0,02  bash
00:39:15     1000    103581     23,00      0,00 6043924  221896   1,37  java

00:39:10      UID       PID   kB_rd/s   kB_wr/s kB_ccwr/s iodelay  Command
00:39:15     1000      4573      0,00      0,80      0,00       0  wireplumber
00:39:15     1000      4708      0,00     77,60      0,00       0  gnome-shell
00:39:15     1000      9345      0,00     20,00      0,00       0  chrome
00:39:15     1000     99008      0,00    182,85     77,60       0  bash
00:39:15     1000    103549      0,00      1,04      0,00       0  pidstat
00:39:15     1000    103581      0,00      3,01      0,00       0  java

00:39:15      UID       PID    %usr %system  %guest   %wait    %CPU   CPU  Command
00:39:20        0         1    0,20    0,00    0,00    0,00    0,20     7  systemd
00:39:20      990       903    0,60    0,00    0,00    0,00    0,60     2  dbus-daemon
00:39:20      115       930    1,20    0,20    0,00    0,00    1,40     7  prometheus-node
00:39:20      115       933    0,20    0,00    0,00    0,00    0,20     1  prometheus
00:39:20        0      1383    0,20    0,00    0,00    0,00    0,20     7  glances
00:39:20        0      1423    0,20    0,00    0,00    0,00    0,20     2  containerd
00:39:20        0      1554    0,00    0,20    0,00    0,00    0,20     2  apache2
00:39:20        0      2310    0,20    0,20    0,00    0,00    0,40     0  dockerd
00:39:20      117      2312    0,40    0,60    0,00    0,00    1,00     3  grafana
00:39:20        0      2932    0,20    0,60    0,00    0,00    0,80     1  mount.ntfs-3g
00:39:20        0      2975    0,20    0,00    0,00    0,00    0,20     7  containerd-shim
00:39:20      999      3130    0,40    0,20    0,00    0,00    0,60     6  redis-server
00:39:20     1000      4574    0,20    0,00    0,00    0,00    0,20     0  pipewire-pulse
00:39:20     1000      4708    1,00    0,40    0,00    0,00    1,40     1  gnome-shell
00:39:20     1000      6317    0,20    0,00    0,00    0,00    0,20     7  antigravity
00:39:20     1000      6339    0,60    0,00    0,00    0,00    0,60     2  gnome-terminal-
00:39:20     1000      6820    1,00    0,20    0,00    0,00    1,20     5  antigravity
00:39:20     1000      7059    1,40    1,80    0,00    0,00    3,20     3  language_server
00:39:20     1000      7229    0,20    0,00    0,00    0,00    0,20     5  antigravity
00:39:20     1000      7244    1,60    0,20    0,00    0,00    1,80     3  antigravity
00:39:20     1000      7260    0,60    0,00    0,00    0,00    0,60     2  antigravity
00:39:20     1000      8267    1,60    1,40    0,00    0,00    3,00     7  language_server
00:39:20     1000      9291    0,20    0,00    0,00    0,00    0,20     7  chrome
00:39:20     1000      9390    0,20    0,00    0,00    0,00    0,20     5  chrome
00:39:20     1000      9519    0,20    0,00    0,00    0,00    0,20     3  chrome
00:39:20     1000     76014    0,20    0,00    0,00    0,00    0,20     6  chrome
00:39:20        0     98834    0,00    0,20    0,00    0,00    0,20     2  kworker/2:0-events
00:39:20     1000    103549    0,20    0,20    0,00    0,00    0,40     5  pidstat
00:39:20     1000    103581    8,20    0,60    0,00    0,00    8,80     6  java

00:39:15      UID       PID  minflt/s  majflt/s     VSZ     RSS   %MEM  Command
00:39:20        0         1     15,40      0,00   24652   14916   0,09  systemd
00:39:20      115       930     62,80      0,00 1762312   25780   0,16  prometheus-node
00:39:20        0      2975      3,40      0,00 1235352   13804   0,09  containerd-shim
00:39:20        0      2976      0,60      0,00 1235608   15040   0,09  containerd-shim
00:39:20        0      2977      8,40      0,00 1235352   15480   0,10  containerd-shim
00:39:20        0      2981      4,00      0,00 1235608   14980   0,09  containerd-shim
00:39:20     1000      4570      0,00      0,00  104092   14644   0,09  pipewire
00:39:20     1000      4708      6,80      0,00 5454532  346744   2,14  gnome-shell
00:39:20     1000      6317     37,00      0,00 1461668528  314864   1,94  antigravity
00:39:20     1000      6757      8,60      0,00 34368972  169176   1,04  antigravity
00:39:20     1000      6771      1,20      0,00 33903964   81164   0,50  antigravity
00:39:20     1000      6820    183,80      0,00 1461419440  664724   4,10  antigravity
00:39:20     1000      7161      0,20      0,00 33951332   64332   0,40  antigravity
00:39:20     1000      7229     12,60      0,00 1461383544  129368   0,80  antigravity
00:39:20     1000      7244    284,20      0,00 1461351324  291604   1,80  antigravity
00:39:20     1000      7258      3,00      0,00 1461347760  125896   0,78  antigravity
00:39:20     1000      7260     19,00      0,00 1461367100  164072   1,01  antigravity
00:39:20     1000      8356      5,20      0,00 1459530528  100844   0,62  antigravity
00:39:20     1000      9291     14,40      0,00 55435272  374604   2,31  chrome
00:39:20     1000      9342      2,20      0,00 55467700  213584   1,32  chrome
00:39:20     1000      9345      4,00      0,00 54976356  135772   0,84  chrome
00:39:20     1000      9359      0,60      0,00 55015792   62536   0,39  chrome
00:39:20     1000     76063      0,20      0,00 55006444   86720   0,53  chrome
00:39:20     1000    103581    455,20      0,00 6043924  230984   1,42  java

00:39:15      UID       PID   kB_rd/s   kB_wr/s kB_ccwr/s iodelay  Command
00:39:20     1000      9291      0,00      1,60      0,00       0  chrome
00:39:20     1000    103549      0,00      1,19      0,00       0  pidstat
00:39:20     1000    103581      0,00      3,01      0,00       0  java

00:39:20      UID       PID    %usr %system  %guest   %wait    %CPU   CPU  Command
00:39:25        0        86    0,00    0,20    0,00    0,00    0,20     1  irq/9-acpi
00:39:25        0      1423    0,40    0,00    0,00    0,00    0,40     2  containerd
00:39:25        0      2123    0,00    0,20    0,00    0,00    0,20     3  upowerd
00:39:25        0      2310    0,40    0,20    0,00    0,00    0,60     0  dockerd
00:39:25      117      2312    0,60    0,20    0,00    0,00    0,80     3  grafana
00:39:25        0      2932    0,40    0,40    0,00    0,00    0,80     7  mount.ntfs-3g
00:39:25        0      2975    0,00    0,20    0,00    0,00    0,20     7  containerd-shim
00:39:25        0      2977    0,00    0,20    0,00    0,00    0,20     7  containerd-shim
00:39:25        0      2981    0,20    0,00    0,00    0,00    0,20     0  containerd-shim
00:39:25        0      2982    0,20    0,00    0,00    0,00    0,20     1  containerd-shim
00:39:25      999      3130    0,20    0,00    0,00    0,00    0,20     4  redis-server
00:39:25      117      3601    0,20    0,00    0,00    0,00    0,20     7  gpx_grafana_ela
00:39:25     1000      4708    0,60    0,20    0,00    0,00    0,80     2  gnome-shell
00:39:25     1000      6317    0,20    0,20    0,00    0,00    0,40     3  antigravity
00:39:25     1000      6339    0,40    0,00    0,00    0,00    0,40     0  gnome-terminal-
00:39:25     1000      6757    0,20    0,00    0,00    0,00    0,20     0  antigravity
00:39:25     1000      6820    1,40    0,00    0,00    0,00    1,40     7  antigravity
00:39:25     1000      7059    1,60    1,80    0,00    0,00    3,40     3  language_server
00:39:25     1000      7229    0,00    0,20    0,00    0,00    0,20     5  antigravity
00:39:25     1000      7244    1,60    0,40    0,00    0,00    2,00     1  antigravity
00:39:25     1000      7260    0,40    0,20    0,00    0,00    0,60     2  antigravity
00:39:25     1000      8267    1,20    1,60    0,00    0,00    2,80     7  language_server
00:39:25     1000      8393    0,20    0,00    0,00    0,00    0,20     4  antigravity
00:39:25     1000      9291    0,20    0,20    0,00    0,00    0,40     1  chrome
00:39:25     1000      9519    0,20    0,00    0,00    0,00    0,20     5  chrome
00:39:25     1000     98039    0,20    0,00    0,00    0,00    0,20     1  antigravity
00:39:25        0     99361    0,00    0,20    0,00    0,00    0,20     6  kworker/u32:3-events_unbound
00:39:25     1000    103549    0,20    0,40    0,00    0,00    0,60     5  pidstat
00:39:25     1000    103581    6,40    0,00    0,00    0,00    6,40     6  java

00:39:20      UID       PID  minflt/s  majflt/s     VSZ     RSS   %MEM  Command
00:39:25        0       376      1,40      0,00  188968  108564   0,67  systemd-journal
00:39:25        0      1423      0,20      0,00 2463900   70216   0,43  containerd
00:39:25        0      2975      7,00      0,00 1235352   13932   0,09  containerd-shim
00:39:25        0      2976      0,40      0,00 1235608   15040   0,09  containerd-shim
00:39:25        0      2977      4,20      0,00 1235352   15444   0,10  containerd-shim
00:39:25        0      2981      0,20      0,00 1235608   14980   0,09  containerd-shim
00:39:25        0      2982      0,60      0,00 1235608   15240   0,09  containerd-shim
00:39:25       70      3117      4,40      0,00  174540   25424   0,16  postgres
00:39:25     1000      4708      0,60      0,00 5454532  346744   2,14  gnome-shell
00:39:25     1000      6317     32,40      0,00 1461668528  314804   1,94  antigravity
00:39:25     1000      6757     23,40      0,00 34361740  169560   1,04  antigravity
00:39:25     1000      6771      0,60      0,00 33903964   81164   0,50  antigravity
00:39:25     1000      6820    137,20      0,00 1461419440  667028   4,11  antigravity
00:39:25     1000      7161      0,40      0,00 33951332   64332   0,40  antigravity
00:39:25     1000      7229     43,20      0,00 1461383544  129368   0,80  antigravity
00:39:25     1000      7244    313,20      0,00 1461351324  291716   1,80  antigravity
00:39:25     1000      7258      2,80      0,00 1461347760  125896   0,78  antigravity
00:39:25     1000      7260     18,80      0,00 1461367100  164036   1,01  antigravity
00:39:25     1000      8356      5,40      0,00 1459530528  100844   0,62  antigravity
00:39:25     1000      9291     16,40      0,00 55435272  374604   2,31  chrome
00:39:25     1000      9342      2,20      0,00 55467700  213584   1,32  chrome
00:39:25     1000      9345      4,00      0,00 54976356  135772   0,84  chrome
00:39:25     1000      9359      1,20      0,00 55015792   62536   0,39  chrome
00:39:25     1000      9519      0,00      0,00 1518553976  353084   2,18  chrome
00:39:25     1000     76014      0,60      0,00 1518513820  344144   2,12  chrome
00:39:25     1000     76063      0,40      0,00 55006444   86720   0,53  chrome
00:39:25     1000    103581     29,80      0,00 6043924  229468   1,41  java

00:39:20      UID       PID   kB_rd/s   kB_wr/s kB_ccwr/s iodelay  Command
00:39:25     1000      7244      0,00      0,80      0,00       0  antigravity
00:39:25     1000      9291      0,00     11,20      0,00       0  chrome
00:39:25     1000    103549      0,00      0,97      0,00       0  pidstat
00:39:25     1000    103581      0,00      3,01      0,00       0  java

00:39:25      UID       PID    %usr %system  %guest   %wait    %CPU   CPU  Command
00:39:30        0       120    0,00    0,20    0,00    0,00    0,20     0  kworker/u33:0-i915_flip
00:39:30      115       933    0,20    0,00    0,00    0,00    0,20     1  prometheus
00:39:30        0      1383    0,20    0,00    0,00    0,00    0,20     7  glances
00:39:30        0      1423    0,20    0,20    0,00    0,00    0,40     2  containerd
00:39:30        0      2310    0,20    0,20    0,00    0,00    0,40     0  dockerd
00:39:30      117      2312    0,40    0,60    0,00    0,00    1,00     3  grafana
00:39:30        0      2932    0,20    0,40    0,00    0,00    0,60     1  mount.ntfs-3g
00:39:30        0      2975    0,20    0,00    0,00    0,00    0,20     7  containerd-shim
00:39:30        0      2976    0,20    0,20    0,00    0,00    0,40     6  containerd-shim
00:39:30        0      2981    0,00    0,20    0,00    0,00    0,20     0  containerd-shim
00:39:30        0      2982    0,20    0,00    0,00    0,00    0,20     1  containerd-shim
00:39:30      999      3130    0,40    0,20    0,00    0,00    0,60     5  redis-server
00:39:30     1000      4708    1,40    0,40    0,00    0,00    1,80     4  gnome-shell
00:39:30     1000      6317    0,20    0,20    0,00    0,00    0,40     3  antigravity
00:39:30     1000      6339    1,20    0,00    0,00    0,00    1,20     5  gnome-terminal-
00:39:30     1000      6757    0,20    0,00    0,00    0,00    0,20     0  antigravity
00:39:30     1000      6820   12,80    0,60    0,00    0,40   13,40     2  antigravity
00:39:30     1000      7059    1,60    1,60    0,00    0,00    3,20     3  language_server
00:39:30     1000      7229    0,40    0,00    0,00    0,00    0,40     3  antigravity
00:39:30     1000      7244    1,40    0,80    0,00    0,20    2,20     5  antigravity
00:39:30     1000      7260    0,60    0,20    0,00    0,20    0,80     4  antigravity
00:39:30     1000      8267    1,20    1,80    0,00    0,00    3,00     7  language_server
00:39:30     1000      8356    0,20    0,00    0,00    0,00    0,20     3  antigravity
00:39:30     1000      9500    0,00    0,20    0,00    0,00    0,20     3  chrome
00:39:30     1000     91682    0,20    0,20    0,00    0,00    0,40     3  ssh
00:39:30     1000     98039    0,00    0,20    0,00    0,00    0,20     1  antigravity
00:39:30        0    102820    0,00    0,20    0,00    0,00    0,20     6  kworker/6:1-i915-unordered
00:39:30     1000    103549    0,20    0,20    0,00    0,00    0,40     5  pidstat
00:39:30     1000    103581    4,60    0,40    0,00    0,00    5,00     6  java

00:39:25      UID       PID  minflt/s  majflt/s     VSZ     RSS   %MEM  Command
00:39:30      115       933     26,80      0,00 2711492  115000   0,71  prometheus
00:39:30        0      1391      9,00      0,00 1421316   96508   0,59  tailscaled
00:39:30        0      2975      1,80      0,00 1235352   13476   0,08  containerd-shim
00:39:30        0      2976      1,20      0,00 1235608   14508   0,09  containerd-shim
00:39:30        0      2977      1,60      0,00 1235352   14972   0,09  containerd-shim
00:39:30        0      2981      0,00      0,00 1235608   14456   0,09  containerd-shim
00:39:30        0      2982      0,20      0,00 1235608   14624   0,09  containerd-shim
00:39:30     1000      4708      6,40      0,00 5454532  346616   2,14  gnome-shell
00:39:30     1000      6317     36,40      0,00 1461668528  314720   1,94  antigravity
00:39:30     1000      6757      5,60      0,00 34361740  169140   1,04  antigravity
00:39:30     1000      6771      0,60      0,00 33903964   81164   0,50  antigravity
00:39:30     1000      6820    339,60      0,00 1461419440  655120   4,04  antigravity
00:39:30     1000      7161      0,20      0,00 33951332   64332   0,40  antigravity
00:39:30     1000      7229      8,00      0,00 1461383544  129368   0,80  antigravity
00:39:30     1000      7244    345,60      0,00 1461351324  292172   1,80  antigravity
00:39:30     1000      7258      5,80      0,00 1461347760  125896   0,78  antigravity
00:39:30     1000      7260     22,40      0,00 1461367100  163924   1,01  antigravity
00:39:30     1000      8356      5,20      0,00 1459530528  100844   0,62  antigravity
00:39:30     1000      9291      7,60      0,00 55435272  374452   2,31  chrome
00:39:30     1000      9342      4,40      0,00 55467700  213584   1,32  chrome
00:39:30     1000      9345      8,60      0,00 54976356  135772   0,84  chrome
00:39:30     1000      9359      0,60      0,00 55015792   62536   0,39  chrome
00:39:30     1000     76014      0,40      0,00 1518513820  344144   2,12  chrome
00:39:30     1000     76063      0,20      0,00 55006444   86720   0,53  chrome
00:39:30     1000    103581      7,40      0,00 6043924  229468   1,41  java

00:39:25      UID       PID   kB_rd/s   kB_wr/s kB_ccwr/s iodelay  Command
00:39:30     1000      9291      0,00      1,60      0,00       0  chrome
00:39:30     1000    103549      0,00      1,05      0,00       0  pidstat
00:39:30     1000    103581      0,00      3,07      0,00       0  java

00:39:30      UID       PID    %usr %system  %guest   %wait    %CPU   CPU  Command
00:39:35        0         1    0,20    0,00    0,00    0,00    0,20     5  systemd
00:39:35        0        17    0,00    0,20    0,00    0,00    0,20     0  rcu_preempt
00:39:35      990       903    0,80    0,00    0,00    0,00    0,80     2  dbus-daemon
00:39:35      115       930    1,20    0,40    0,00    0,00    1,60     7  prometheus-node
00:39:35      115       933    0,20    0,00    0,00    0,00    0,20     1  prometheus
00:39:35        0      1391    0,20    0,20    0,00    0,00    0,40     3  tailscaled
00:39:35        0      1411    0,20    0,00    0,00    0,00    0,20     0  anydesk
00:39:35        0      1423    0,40    0,00    0,00    0,00    0,40     2  containerd
00:39:35        0      2310    0,40    0,20    0,00    0,00    0,60     0  dockerd
00:39:35      117      2312    0,60    0,40    0,00    0,00    1,00     3  grafana
00:39:35        0      2932    0,40    0,40    0,00    0,00    0,80     2  mount.ntfs-3g
00:39:35        0      2977    0,00    0,20    0,00    0,00    0,20     7  containerd-shim
00:39:35        0      2982    0,00    0,20    0,00    0,00    0,20     1  containerd-shim
00:39:35      999      3130    0,40    0,20    0,00    0,00    0,60     5  redis-server
00:39:35     1000      4708    0,60    0,40    0,00    0,00    1,00     4  gnome-shell
00:39:35     1000      6317    0,20    0,00    0,00    0,00    0,20     1  antigravity
00:39:35     1000      6339    0,60    0,00    0,00    0,00    0,60     5  gnome-terminal-
00:39:35     1000      6757    0,00    0,20    0,00    0,00    0,20     0  antigravity
00:39:35     1000      6820    1,20    0,20    0,00    0,00    1,40     4  antigravity
00:39:35     1000      7059    1,80    1,60    0,00    0,00    3,40     2  language_server
00:39:35     1000      7229    0,20    0,20    0,00    0,00    0,40     2  antigravity
00:39:35     1000      7244    1,80    0,20    0,00    0,00    2,00     7  antigravity
00:39:35     1000      7260    1,00    0,00    0,00    0,00    1,00     0  antigravity
00:39:35     1000      8267    2,20    0,80    0,00    0,00    3,00     7  language_server
00:39:35     1000      8356    0,00    0,20    0,00    0,00    0,20     4  antigravity
00:39:35     1000      9291    0,20    0,00    0,00    0,00    0,20     7  chrome
00:39:35     1000      9359    0,20    0,00    0,00    0,20    0,20     6  chrome
00:39:35     1000      9390    0,00    0,20    0,00    0,00    0,20     3  chrome
00:39:35     1000      9519    0,20    0,00    0,00    0,00    0,20     0  chrome
00:39:35        0     98978    0,00    0,20    0,00    0,00    0,20     0  kworker/0:1-events
00:39:35        0     99362    0,00    0,20    0,00    0,00    0,20     3  kworker/u32:5-events_unbound
00:39:35     1000    103549    0,00    0,20    0,00    0,00    0,20     5  pidstat
00:39:35     1000    103581    5,20    0,20    0,00    0,00    5,40     6  java

00:39:30      UID       PID  minflt/s  majflt/s     VSZ     RSS   %MEM  Command
00:39:35        0         1      0,60      0,00   24652   14916   0,09  systemd
00:39:35      115       930     63,20      0,00 1762312   25572   0,16  prometheus-node
00:39:35        0      1391     23,80      0,00 1421316   97020   0,60  tailscaled
00:39:35        0      2975      9,80      0,00 1235352   13604   0,08  containerd-shim
00:39:35        0      2976     12,40      0,00 1235608   14508   0,09  containerd-shim
00:39:35        0      2977     12,80      0,00 1235352   14972   0,09  containerd-shim
00:39:35        0      2981      5,40      0,00 1235608   14456   0,09  containerd-shim
00:39:35        0      2982      6,80      0,00 1235608   14752   0,09  containerd-shim
00:39:35     1000      4708      0,60      0,00 5454532  346616   2,14  gnome-shell
00:39:35     1000      6317     32,80      0,00 1461668528  315360   1,94  antigravity
00:39:35     1000      6757      6,40      0,00 34361468  169268   1,04  antigravity
00:39:35     1000      6771      0,60      0,00 33903964   81164   0,50  antigravity
00:39:35     1000      6820    185,00      0,00 1461419440  656388   4,04  antigravity
00:39:35     1000      7161      0,20      0,00 33951332   64332   0,40  antigravity
00:39:35     1000      7229    100,80      0,00 1461383544  129368   0,80  antigravity
00:39:35     1000      7244    278,80      0,00 1461351324  291908   1,80  antigravity
00:39:35     1000      7258      3,00      0,00 1461347760  125896   0,78  antigravity
00:39:35     1000      7260    289,00      0,00 1461367100  164500   1,01  antigravity
00:39:35     1000      8356      5,40      0,00 1459530528  100844   0,62  antigravity
00:39:35     1000      9291      7,80      0,00 55435272  374452   2,31  chrome
00:39:35     1000      9342      2,20      0,00 55467700  213584   1,32  chrome
00:39:35     1000      9345      4,00      0,00 54976356  135772   0,84  chrome
00:39:35     1000      9359      0,60      0,00 55015792   62536   0,39  chrome
00:39:35     1000     76014      0,40      0,00 1518513820  344144   2,12  chrome
00:39:35     1000     76063      0,20      0,00 55006444   86720   0,53  chrome
00:39:35     1000    103581     39,80      0,00 6043924  230108   1,42  java

00:39:30      UID       PID   kB_rd/s   kB_wr/s kB_ccwr/s iodelay  Command
00:39:35     1000      7244      0,00      0,80      0,00       0  antigravity
00:39:35     1000      9291      0,00      2,40      0,00       0  chrome
00:39:35     1000    103549      0,00      1,00      0,00       0  pidstat
00:39:35     1000    103581      0,00      3,01      0,00       0  java

00:39:35      UID       PID    %usr %system  %guest   %wait    %CPU   CPU  Command
00:39:40      115       933    0,20    0,00    0,00    0,00    0,20     1  prometheus
00:39:40        0      1383    0,20    0,00    0,00    0,00    0,20     7  glances
00:39:40        0      1391    0,20    0,00    0,00    0,00    0,20     5  tailscaled
00:39:40        0      1423    0,20    0,20    0,00    0,00    0,40     2  containerd
00:39:40      111      1503    0,00    0,20    0,00    0,00    0,20     7  mariadbd
00:39:40        0      2310    0,20    0,20    0,00    0,00    0,40     0  dockerd
00:39:40      117      2312    0,60    0,40    0,00    0,00    1,00     3  grafana
00:39:40        0      2932    0,20    0,60    0,00    0,00    0,80     2  mount.ntfs-3g
00:39:40        0      2975    0,20    0,00    0,00    0,00    0,20     7  containerd-shim
00:39:40      999      3130    0,40    0,00    0,00    0,00    0,40     5  redis-server
00:39:40     1000      4708    1,20    0,20    0,00    0,00    1,40     5  gnome-shell
00:39:40     1000      6317    0,20    0,00    0,00    0,00    0,20     0  antigravity
00:39:40     1000      6339    1,00    0,00    0,00    0,00    1,00     3  gnome-terminal-
00:39:40     1000      6757    0,20    0,00    0,00    0,00    0,20     2  antigravity
00:39:40     1000      6820    1,40    0,00    0,00    0,00    1,40     4  antigravity
00:39:40     1000      7059    1,60    1,80    0,00    0,00    3,40     6  language_server
00:39:40     1000      7229    0,40    0,00    0,00    0,00    0,40     2  antigravity
00:39:40     1000      7244    1,20    0,60    0,00    0,00    1,80     5  antigravity
00:39:40     1000      7260    0,60    0,00    0,00    0,00    0,60     1  antigravity
00:39:40     1000      8267    1,40    1,20    0,00    0,00    2,60     7  language_server
00:39:40     1000      8356    0,20    0,00    0,00    0,00    0,20     3  antigravity
00:39:40     1000      9291    0,20    0,20    0,00    0,00    0,40     7  chrome
00:39:40     1000      9519    0,20    0,00    0,00    0,00    0,20     0  chrome
00:39:40     1000    103549    0,20    0,40    0,00    0,00    0,60     4  pidstat
00:39:40     1000    103581    8,80    0,60    0,00    0,00    9,40     6  java

00:39:35      UID       PID  minflt/s  majflt/s     VSZ     RSS   %MEM  Command
00:39:40      115       933      0,40      0,00 2711492  115000   0,71  prometheus
00:39:40        0      1391     20,80      0,00 1421316   97404   0,60  tailscaled
00:39:40        0      2975      7,20      0,00 1235352   13604   0,08  containerd-shim
00:39:40        0      2976     12,00      0,00 1235608   14764   0,09  containerd-shim
00:39:40        0      2977     12,20      0,00 1235352   15228   0,09  containerd-shim
00:39:40        0      2981     11,00      0,00 1235608   14456   0,09  containerd-shim
00:39:40        0      2982     12,20      0,00 1235608   15008   0,09  containerd-shim
00:39:40     1000      4708      6,80      0,00 5454532  346488   2,13  gnome-shell
00:39:40     1000      6317     37,40      0,00 1461668528  314812   1,94  antigravity
00:39:40     1000      6757     23,60      0,00 34361468  169652   1,05  antigravity
00:39:40     1000      6771      1,20      0,00 33903964   81164   0,50  antigravity
00:39:40     1000      6820    203,00      0,00 1461419440  658852   4,06  antigravity
00:39:40     1000      6924      0,80      0,00 1459611392  180072   1,11  antigravity
00:39:40     1000      7161      0,20      0,00 33951332   64332   0,40  antigravity
00:39:40     1000      7229     93,60      0,00 1461383544  129368   0,80  antigravity
00:39:40     1000      7244    282,40      0,00 1461351324  292292   1,80  antigravity
00:39:40     1000      7258      2,60      0,00 1461347760  125896   0,78  antigravity
00:39:40     1000      7260     19,60      0,00 1461367100  164044   1,01  antigravity
00:39:40     1000      8356      5,20      0,00 1459530528  100844   0,62  antigravity
00:39:40     1000      9291     18,40      0,00 55435272  374452   2,31  chrome
00:39:40     1000      9342      2,20      0,00 55467700  213584   1,32  chrome
00:39:40     1000      9345      4,00      0,00 54976356  135772   0,84  chrome
00:39:40     1000      9359      0,60      0,00 55015792   62536   0,39  chrome
00:39:40     1000     76014      0,60      0,00 1518513820  344144   2,12  chrome
00:39:40     1000     76063      0,20      0,00 55006444   86720   0,53  chrome
00:39:40     1000    103581    311,80      0,00 6043924  236508   1,46  java

00:39:35      UID       PID   kB_rd/s   kB_wr/s kB_ccwr/s iodelay  Command
00:39:40     1000      7244      0,00      0,80      0,00       0  antigravity
00:39:40     1000      9291      0,00      1,60      0,00       0  chrome
00:39:40     1000    103549      0,00      1,10      0,00       0  pidstat
00:39:40     1000    103581      0,00      3,01      0,00       0  java

00:39:40      UID       PID    %usr %system  %guest   %wait    %CPU   CPU  Command
00:39:45      115       933    0,00    0,20    0,00    0,00    0,20     1  prometheus
00:39:45        0      1383    0,20    0,00    0,00    0,00    0,20     7  glances
00:39:45        0      1423    0,20    0,20    0,00    0,00    0,40     2  containerd
00:39:45        0      2310    0,20    0,40    0,00    0,00    0,60     0  dockerd
00:39:45      117      2312    0,60    0,20    0,00    0,00    0,80     3  grafana
00:39:45        0      2932    0,60    0,20    0,00    0,00    0,80     4  mount.ntfs-3g
00:39:45        0      2976    0,00    0,20    0,00    0,00    0,20     6  containerd-shim
00:39:45        0      2977    0,00    0,20    0,00    0,00    0,20     7  containerd-shim
00:39:45        0      2981    0,20    0,20    0,00    0,00    0,40     0  containerd-shim
00:39:45        0      2982    0,20    0,00    0,00    0,00    0,20     1  containerd-shim
00:39:45      999      3130    0,40    0,00    0,00    0,00    0,40     5  redis-server
00:39:45     1000      4708    0,60    0,40    0,00    0,00    1,00     5  gnome-shell
00:39:45     1000      6317    0,40    0,00    0,00    0,00    0,40     1  antigravity
00:39:45     1000      6339    0,40    0,00    0,00    0,00    0,40     0  gnome-terminal-
00:39:45     1000      6757    0,20    0,20    0,00    0,00    0,40     2  antigravity
00:39:45     1000      6820    1,20    0,20    0,00    0,00    1,40     5  antigravity
00:39:45     1000      7059    1,60    1,60    0,00    0,00    3,20     7  language_server
00:39:45     1000      7229    0,20    0,00    0,00    0,00    0,20     3  antigravity
00:39:45     1000      7244    1,60    0,60    0,00    0,00    2,20     7  antigravity
00:39:45     1000      7260    0,40    0,20    0,00    0,00    0,60     0  antigravity
00:39:45     1000      8267    2,00    1,20    0,00    0,00    3,20     7  language_server
00:39:45     1000      8393    0,00    0,20    0,00    0,00    0,20     6  antigravity
00:39:45     1000      9291    0,20    0,00    0,00    0,00    0,20     1  chrome
00:39:45     1000      9345    0,20    0,00    0,00    0,00    0,20     0  chrome
00:39:45     1000      9519    0,40    0,20    0,00    0,00    0,60     2  chrome
00:39:45     1000     76063    0,20    0,00    0,00    0,00    0,20     0  chrome
00:39:45     1000     91682    0,20    0,00    0,00    0,00    0,20     4  ssh
00:39:45     1000     98039    0,20    0,00    0,00    0,00    0,20     2  antigravity
00:39:45     1000    103549    0,20    0,20    0,00    0,00    0,40     5  pidstat
00:39:45     1000    103581    2,20    0,40    0,00    0,00    2,60     6  java

00:39:40      UID       PID  minflt/s  majflt/s     VSZ     RSS   %MEM  Command
00:39:45      115       933     32,40      0,00 2711492  115640   0,71  prometheus
00:39:45        0      2975     12,20      0,00 1235352   13988   0,09  containerd-shim
00:39:45        0      2976      9,40      0,00 1235608   14764   0,09  containerd-shim
00:39:45        0      2977      8,20      0,00 1235352   15356   0,09  containerd-shim
00:39:45        0      2981     11,80      0,00 1235608   14712   0,09  containerd-shim
00:39:45        0      2982     13,60      0,00 1235608   15264   0,09  containerd-shim
00:39:45     1000      4708      0,60      0,00 5454468  346488   2,13  gnome-shell
00:39:45     1000      6317     36,40      0,00 1461668528  314736   1,94  antigravity
00:39:45     1000      6757      6,00      0,00 34361212  169652   1,05  antigravity
00:39:45     1000      6771      0,60      0,00 33903964   81164   0,50  antigravity
00:39:45     1000      6820    186,40      0,00 1461419440  661236   4,07  antigravity
00:39:45     1000      7161      0,40      0,00 33951332   64332   0,40  antigravity
00:39:45     1000      7229     12,80      0,00 1461383544  129368   0,80  antigravity
00:39:45     1000      7244    457,60      0,00 1461351324  292548   1,80  antigravity
00:39:45     1000      7258      3,00      0,00 1461347760  125896   0,78  antigravity
00:39:45     1000      7260     18,40      0,00 1461367100  164008   1,01  antigravity
00:39:45     1000      8356      5,40      0,00 1459530528  100844   0,62  antigravity
00:39:45     1000      9291      8,80      0,00 55435272  374452   2,31  chrome
00:39:45     1000      9342      2,20      0,00 55467700  213584   1,32  chrome
00:39:45     1000      9345      8,40      0,00 54976356  135772   0,84  chrome
00:39:45     1000      9359      1,20      0,00 55015792   62536   0,39  chrome
00:39:45     1000      9519    357,00      0,00 1518553976  364304   2,24  chrome
00:39:45     1000     76014      0,20      0,00 1518513820  344144   2,12  chrome
00:39:45     1000     76063      0,40      0,00 55006444   86720   0,53  chrome
00:39:45     1000    103581      2,60      0,00 6043924  232292   1,43  java

00:39:40      UID       PID   kB_rd/s   kB_wr/s kB_ccwr/s iodelay  Command
00:39:45     1000      9291      0,00      2,40      0,00       0  chrome
00:39:45     1000    103549      0,00      0,96      0,00       0  pidstat
00:39:45     1000    103581      0,00      3,01      0,00       0  java

00:39:45      UID       PID    %usr %system  %guest   %wait    %CPU   CPU  Command
00:39:50        0         1    0,20    0,20    0,00    0,00    0,40     3  systemd
00:39:50        0        39    0,00    0,20    0,00    0,00    0,20     3  ksoftirqd/3
00:39:50        0        86    0,00    0,20    0,00    0,00    0,20     1  irq/9-acpi
00:39:50      990       903    0,80    0,20    0,00    0,00    1,00     7  dbus-daemon
00:39:50      986       924    0,20    0,00    0,00    0,00    0,20     6  polkitd
00:39:50      115       930    1,40    0,60    0,00    0,00    2,00     7  prometheus-node
00:39:50      115       933    0,40    0,00    0,00    0,00    0,40     1  prometheus
00:39:50        0      1391    0,20    0,00    0,00    0,00    0,20     5  tailscaled
00:39:50        0      1423    0,40    0,00    0,00    0,00    0,40     2  containerd
00:39:50        0      2310    0,20    0,20    0,00    0,00    0,40     0  dockerd
00:39:50      117      2312    0,80    0,20    0,00    0,00    1,00     3  grafana
00:39:50        0      2932    0,40    0,40    0,00    0,00    0,80     1  mount.ntfs-3g
00:39:50        0      2975    0,20    0,00    0,00    0,00    0,20     7  containerd-shim
00:39:50        0      2976    0,20    0,00    0,00    0,00    0,20     6  containerd-shim
00:39:50        0      2977    0,20    0,00    0,00    0,00    0,20     7  containerd-shim
00:39:50      999      3130    0,20    0,00    0,00    0,00    0,20     0  redis-server
00:39:50     1000      4708    1,00    0,40    0,00    0,00    1,40     3  gnome-shell
00:39:50     1000      6317    0,20    0,20    0,00    0,00    0,40     6  antigravity
00:39:50     1000      6339    0,60    0,00    0,00    0,00    0,60     0  gnome-terminal-
00:39:50     1000      6820    1,00    0,20    0,00    0,00    1,20     5  antigravity
00:39:50     1000      7059    2,00    1,40    0,00    0,00    3,40     1  language_server
00:39:50     1000      7229    0,20    0,00    0,00    0,00    0,20     3  antigravity
00:39:50     1000      7244    1,60    0,40    0,00    0,00    2,00     2  antigravity
00:39:50     1000      7260    0,40    0,00    0,00    0,00    0,40     2  antigravity
00:39:50     1000      8267    0,80    2,40    0,00    0,00    3,20     7  language_server
00:39:50     1000     76025    0,20    0,00    0,00    0,00    0,20     1  chrome
00:39:50     1000    103549    0,20    0,20    0,00    0,00    0,40     5  pidstat
00:39:50     1000    103581    3,20    0,20    0,00    0,00    3,40     6  java

00:39:45      UID       PID  minflt/s  majflt/s     VSZ     RSS   %MEM  Command
00:39:50        0         1      0,80      0,00   24652   14916   0,09  systemd
00:39:50      115       930     57,60      0,00 1762312   25812   0,16  prometheus-node
00:39:50        0      1423      2,00      0,00 2463900   70344   0,43  containerd
00:39:50        0      2975      9,80      0,00 1235352   14116   0,09  containerd-shim
00:39:50        0      2976      1,00      0,00 1235608   14764   0,09  containerd-shim
00:39:50        0      2977      4,20      0,00 1235352   15356   0,09  containerd-shim
00:39:50        0      2981      2,80      0,00 1235608   14712   0,09  containerd-shim
00:39:50        0      2982      0,20      0,00 1235608   15264   0,09  containerd-shim
00:39:50     1000      4708      7,00      0,00 5454468  346616   2,14  gnome-shell
00:39:50     1000      6317     32,80      0,00 1461668528  314600   1,94  antigravity
00:39:50     1000      6757      6,00      0,00 34361212  169304   1,04  antigravity
00:39:50     1000      6771      0,60      0,00 33903964   81164   0,50  antigravity
00:39:50     1000      6820    140,20      0,00 1461419440  663412   4,09  antigravity
00:39:50     1000      7161      0,20      0,00 33951332   64332   0,40  antigravity
00:39:50     1000      7229      8,60      0,00 1461383544  129368   0,80  antigravity
00:39:50     1000      7244    341,80      0,00 1461351324  292544   1,80  antigravity
00:39:50     1000      7258      6,00      0,00 1461347760  125896   0,78  antigravity
00:39:50     1000      7260     19,40      0,00 1461367100  163664   1,01  antigravity
00:39:50     1000      8356      5,20      0,00 1459530528  100844   0,62  antigravity
00:39:50     1000      9291      7,20      0,00 55435272  374452   2,31  chrome
00:39:50     1000      9342      4,40      0,00 55467700  213584   1,32  chrome
00:39:50     1000      9345      8,60      0,00 54976356  135772   0,84  chrome
00:39:50     1000      9359      0,60      0,00 55015792   62536   0,39  chrome
00:39:50     1000     76014      0,40      0,00 1518513820  344272   2,12  chrome
00:39:50     1000     76063      0,20      0,00 55006444   86720   0,53  chrome
00:39:50     1000    103581      3,20      0,00 6043924  232292   1,43  java

00:39:45      UID       PID   kB_rd/s   kB_wr/s kB_ccwr/s iodelay  Command
00:39:50     1000      7244      0,00      1,60      0,00       0  antigravity
00:39:50     1000    103549      0,00      1,01      0,00       0  pidstat
00:39:50     1000    103581      0,00      3,01      0,00       0  java

00:39:50      UID       PID    %usr %system  %guest   %wait    %CPU   CPU  Command
00:39:55        0      1383    0,20    0,00    0,00    0,00    0,20     7  glances
00:39:55        0      1391    0,00    0,20    0,00    0,00    0,20     7  tailscaled
00:39:55        0      1423    0,40    0,00    0,00    0,00    0,40     2  containerd
00:39:55        0      2310    0,40    0,20    0,00    0,00    0,60     0  dockerd
00:39:55      117      2312    0,40    0,40    0,00    0,00    0,80     3  grafana
00:39:55        0      2932    0,20    0,40    0,00    0,00    0,60     0  mount.ntfs-3g
00:39:55        0      2975    0,00    0,20    0,00    0,00    0,20     7  containerd-shim
00:39:55        0      2982    0,00    0,20    0,00    0,00    0,20     1  containerd-shim
00:39:55      999      3130    0,40    0,00    0,00    0,00    0,40     5  redis-server
00:39:55     1000      4708    0,80    0,20    0,00    0,00    1,00     5  gnome-shell
00:39:55     1000      6317    0,20    0,00    0,00    0,00    0,20     0  antigravity
00:39:55     1000      6339    1,00    0,20    0,00    0,00    1,20     0  gnome-terminal-
00:39:55     1000      6757    0,20    0,00    0,00    0,00    0,20     4  antigravity
00:39:55     1000      6820    1,40    0,20    0,00    0,00    1,60     6  antigravity
00:39:55     1000      7059    1,40    2,00    0,00    0,00    3,40     0  language_server
00:39:55     1000      7229    0,00    0,20    0,00    0,00    0,20     3  antigravity
00:39:55     1000      7244    1,80    0,40    0,00    0,00    2,20     4  antigravity
00:39:55     1000      7260    0,60    0,20    0,00    0,00    0,80     1  antigravity
00:39:55     1000      8267    1,40    1,60    0,00    0,00    3,00     7  language_server
00:39:55     1000      8356    0,20    0,20    0,00    0,00    0,40     6  antigravity
00:39:55     1000      9291    0,20    0,00    0,00    0,00    0,20     1  chrome
00:39:55     1000      9519    0,20    0,00    0,00    0,00    0,20     2  chrome
00:39:55        0     98479    0,00    0,20    0,00    0,00    0,20     1  kworker/1:0-mm_percpu_wq
00:39:55        0    102820    0,00    0,20    0,00    0,00    0,20     6  kworker/6:1-i915-unordered
00:39:55     1000    103549    0,20    0,40    0,00    0,00    0,60     5  pidstat
00:39:55     1000    103581    2,20    0,20    0,00    0,00    2,40     6  java

00:39:50      UID       PID  minflt/s  majflt/s     VSZ     RSS   %MEM  Command
00:39:55        0      1423      5,20      0,00 2463900   70472   0,43  containerd
00:39:55        0      2975      6,60      0,00 1235352   14116   0,09  containerd-shim
00:39:55        0      2976      8,00      0,00 1235608   15020   0,09  containerd-shim
00:39:55        0      2977      4,00      0,00 1235352   15356   0,09  containerd-shim
00:39:55        0      2981      1,00      0,00 1235608   14840   0,09  containerd-shim
00:39:55     1000      4708      0,60      0,00 5454468  346616   2,14  gnome-shell
00:39:55     1000      6317     33,40      0,00 1461668528  315112   1,94  antigravity
00:39:55     1000      6757      6,40      0,00 34361212  169304   1,04  antigravity
00:39:55     1000      6771      0,60      0,00 33903964   81164   0,50  antigravity
00:39:55     1000      6820    216,20      0,00 1461419440  665664   4,10  antigravity
00:39:55     1000      7161      0,20      0,00 33951332   64332   0,40  antigravity
00:39:55     1000      7229      2,20      0,00 1461383544  129368   0,80  antigravity
00:39:55     1000      7244    353,80      0,00 1461351324  294208   1,81  antigravity
00:39:55     1000      7258      2,60      0,00 1461347760  125896   0,78  antigravity
00:39:55     1000      7260     22,20      0,00 1461367100  164048   1,01  antigravity
00:39:55     1000      8356      5,20      0,00 1459530528  100844   0,62  antigravity
00:39:55     1000      9291     12,00      0,00 55435272  374452   2,31  chrome
00:39:55     1000      9342      2,20      0,00 55467700  213584   1,32  chrome
00:39:55     1000      9345      4,00      0,00 54976356  135772   0,84  chrome
00:39:55     1000      9359      0,60      0,00 55015792   62536   0,39  chrome
00:39:55     1000     76014      0,40      0,00 1518513820  344272   2,12  chrome
00:39:55     1000     76063      0,20      0,00 55006444   86720   0,53  chrome
00:39:55     1000     98130      0,40      0,00 1518440400   79512   0,49  chrome
00:39:55     1000    103581      5,00      0,00 6043924  232080   1,43  java

00:39:50      UID       PID   kB_rd/s   kB_wr/s kB_ccwr/s iodelay  Command
00:39:55     1000      9291      0,00      4,80      0,00       0  chrome
00:39:55     1000    103549      0,00      1,00      0,00       0  pidstat
00:39:55     1000    103581      0,00      3,22      0,00       0  java

Rata-rata:    UID       PID    %usr %system  %guest   %wait    %CPU   CPU  Command
Rata-rata:      0         1    0,08    0,04    0,00    0,00    0,12     -  systemd
Rata-rata:      0        16    0,00    0,01    0,00    0,00    0,01     -  ksoftirqd/0
Rata-rata:      0        17    0,00    0,04    0,00    0,04    0,04     -  rcu_preempt
Rata-rata:      0        33    0,01    0,00    0,00    0,00    0,01     -  ksoftirqd/2
Rata-rata:      0        39    0,00    0,01    0,00    0,00    0,01     -  ksoftirqd/3
Rata-rata:      0        45    0,00    0,01    0,00    0,01    0,01     -  ksoftirqd/4
Rata-rata:      0        57    0,00    0,01    0,00    0,01    0,01     -  ksoftirqd/6
Rata-rata:      0        82    0,00    0,01    0,00    0,00    0,01     -  khugepaged
Rata-rata:      0        86    0,00    0,06    0,00    0,00    0,06     -  irq/9-acpi
Rata-rata:      0       120    0,00    0,02    0,00    0,01    0,02     -  kworker/u33:0-i915_flip
Rata-rata:      0       408    0,00    0,01    0,00    0,00    0,01     -  systemd-udevd
Rata-rata:    102       898    0,00    0,01    0,00    0,01    0,01     -  avahi-daemon
Rata-rata:    990       903    0,29    0,02    0,00    0,00    0,32     -  dbus-daemon
Rata-rata:    986       924    0,01    0,00    0,00    0,00    0,01     -  polkitd
Rata-rata:    115       930    0,42    0,16    0,00    0,00    0,59     -  prometheus-node
Rata-rata:    115       933    0,16    0,01    0,00    0,00    0,18     -  prometheus
Rata-rata:      0       943    0,00    0,01    0,00    0,00    0,01     -  udisksd
Rata-rata:      0      1079    0,01    0,00    0,00    0,00    0,01     -  NetworkManager
Rata-rata:      0      1165    0,01    0,00    0,00    0,00    0,01     -  ModemManager
Rata-rata:      0      1383    0,12    0,02    0,00    0,00    0,14     -  glances
Rata-rata:      0      1391    0,13    0,07    0,00    0,01    0,20     -  tailscaled
Rata-rata:      0      1411    0,01    0,01    0,00    0,00    0,02     -  anydesk
Rata-rata:      0      1423    0,34    0,09    0,00    0,00    0,44     -  containerd
Rata-rata:    111      1503    0,00    0,01    0,00    0,00    0,01     -  mariadbd
Rata-rata:      0      1554    0,00    0,01    0,00    0,00    0,01     -  apache2
Rata-rata:      0      2123    0,00    0,01    0,00    0,00    0,01     -  upowerd
Rata-rata:      0      2309    0,01    0,00    0,00    0,00    0,01     -  cups-browsed
Rata-rata:      0      2310    0,34    0,24    0,00    0,00    0,58     -  dockerd
Rata-rata:    117      2312    0,61    0,32    0,00    0,00    0,93     -  grafana
Rata-rata:      0      2932    0,36    0,28    0,00    0,00    0,65     -  mount.ntfs-3g
Rata-rata:      0      2975    0,07    0,05    0,00    0,00    0,12     -  containerd-shim
Rata-rata:      0      2976    0,05    0,06    0,00    0,00    0,11     -  containerd-shim
Rata-rata:      0      2977    0,05    0,06    0,00    0,00    0,11     -  containerd-shim
Rata-rata:      0      2981    0,06    0,04    0,00    0,00    0,09     -  containerd-shim
Rata-rata:      0      2982    0,07    0,05    0,00    0,00    0,12     -  containerd-shim
Rata-rata:    999      3130    0,36    0,06    0,00    0,00    0,42     -  redis-server
Rata-rata:     70      3572    0,01    0,00    0,00    0,00    0,01     -  postgres
Rata-rata:    117      3601    0,01    0,00    0,00    0,00    0,01     -  gpx_grafana_ela
Rata-rata:   1000      4549    0,02    0,00    0,00    0,00    0,02     -  systemd
Rata-rata:   1000      4569    0,01    0,00    0,00    0,00    0,01     -  dbus-daemon
Rata-rata:   1000      4570    0,02    0,00    0,00    0,00    0,02     -  pipewire
Rata-rata:   1000      4573    0,02    0,00    0,00    0,00    0,02     -  wireplumber
Rata-rata:   1000      4574    0,01    0,01    0,00    0,00    0,02     -  pipewire-pulse
Rata-rata:   1000      4708    1,25    0,39    0,00    0,01    1,63     -  gnome-shell
Rata-rata:   1000      5039    0,00    0,01    0,00    0,00    0,01     -  gsd-media-keys
Rata-rata:   1000      5043    0,01    0,00    0,00    0,00    0,01     -  gnome-software
Rata-rata:   1000      5050    0,01    0,00    0,00    0,00    0,01     -  gsd-rfkill
Rata-rata:   1000      5055    0,01    0,00    0,00    0,00    0,01     -  gsd-sharing
Rata-rata:   1000      5107    0,00    0,01    0,00    0,00    0,01     -  anydesk
Rata-rata:   1000      5268    0,01    0,00    0,00    0,00    0,01     -  gvfs-udisks2-vo
Rata-rata:   1000      5504    0,01    0,00    0,00    0,00    0,01     -  xdg-desktop-por
Rata-rata:   1000      5872    0,01    0,00    0,00    0,00    0,01     -  xdg-desktop-por
Rata-rata:   1000      6317    0,31    0,09    0,00    0,02    0,40     -  antigravity
Rata-rata:   1000      6339    0,72    0,02    0,00    0,00    0,74     -  gnome-terminal-
Rata-rata:   1000      6757    0,28    0,09    0,00    0,02    0,38     -  antigravity
Rata-rata:   1000      6771    0,01    0,00    0,00    0,00    0,01     -  antigravity
Rata-rata:   1000      6820    3,92    0,22    0,00    0,06    4,14     -  antigravity
Rata-rata:   1000      7059    1,63    1,67    0,00    0,00    3,30     -  language_server
Rata-rata:   1000      7229    0,25    0,12    0,00    0,00    0,36     -  antigravity
Rata-rata:   1000      7244    1,54    0,41    0,00    0,05    1,95     -  antigravity
Rata-rata:   1000      7258    0,00    0,01    0,00    0,00    0,01     -  antigravity
Rata-rata:   1000      7260    0,59    0,09    0,00    0,01    0,68     -  antigravity
Rata-rata:   1000      8267    1,59    1,40    0,00    0,00    2,99     -  language_server
Rata-rata:   1000      8356    0,06    0,06    0,00    0,00    0,12     -  antigravity
Rata-rata:   1000      8393    0,01    0,01    0,00    0,00    0,02     -  antigravity
Rata-rata:   1000      9291    0,16    0,05    0,00    0,01    0,21     -  chrome
Rata-rata:   1000      9345    0,04    0,00    0,00    1,81    0,04     -  chrome
Rata-rata:   1000      9359    0,02    0,00    0,00    0,01    0,02     -  chrome
Rata-rata:   1000      9390    0,01    0,01    0,00    0,00    0,02     -  chrome
Rata-rata:   1000      9500    0,01    0,01    0,00    1,18    0,02     -  chrome
Rata-rata:   1000      9519    0,18    0,04    0,00    0,01    0,21     -  chrome
Rata-rata:   1000     76014    0,02    0,00    0,00    0,00    0,02     -  chrome
Rata-rata:   1000     76025    0,02    0,00    0,00    1,18    0,02     -  chrome
Rata-rata:   1000     76063    0,02    0,00    0,00    0,00    0,02     -  chrome
Rata-rata:   1000     91682    0,04    0,04    0,00    0,00    0,07     -  ssh
Rata-rata:      0     93905    0,00    0,01    0,00    0,00    0,01     -  kworker/u32:7-flush-8:0
Rata-rata:      0     95637    0,00    0,01    0,00    0,01    0,01     -  kworker/3:0-mm_percpu_wq
Rata-rata:      0     97469    0,01    0,00    0,00    0,01    0,01     -  kworker/5:2-mm_percpu_wq
Rata-rata:   1000     98039    0,05    0,01    0,00    0,01    0,06     -  antigravity
Rata-rata:      0     98479    0,00    0,02    0,00    0,01    0,02     -  kworker/1:0-mm_percpu_wq
Rata-rata:      0     98503    0,01    0,00    0,00    0,00    0,01     -  kworker/4:0-events
Rata-rata:      0     98834    0,00    0,01    0,00    0,00    0,01     -  kworker/2:0-mm_percpu_wq
Rata-rata:      0     98978    0,00    0,01    0,00    0,01    0,01     -  kworker/0:1-events
Rata-rata:      0     99361    0,00    0,02    0,00    0,00    0,02     -  kworker/u32:3-events_unbound
Rata-rata:      0     99362    0,00    0,02    0,00    0,98    0,02     -  kworker/u32:5-events_unbound
Rata-rata:      0    102820    0,00    0,06    0,00    0,05    0,06     -  kworker/6:1-i915-unordered
Rata-rata:   1000    103549    0,15    0,29    0,00    0,00    0,45     -  pidstat
Rata-rata:   1000    103581    9,97    0,58    0,00    0,00   10,55     -  java

Rata-rata:    UID       PID  minflt/s  majflt/s     VSZ     RSS   %MEM  Command
Rata-rata:      0         1      4,03      0,00   24652   14916   0,09  systemd
Rata-rata:      0       376      3,60      0,00  188968  108564   0,67  systemd-journal
Rata-rata:      0       408      5,68      0,00   37544   10908   0,07  systemd-udevd
Rata-rata:      0       902      0,09      0,00    6792    2752   0,02  cron
Rata-rata:    115       930     23,86      0,00 1762312   25727   0,16  prometheus-node
Rata-rata:    115       933      3,74      0,00 2711492  114744   0,71  prometheus
Rata-rata:      0      1391      3,18      0,00 1421316   96749   0,60  tailscaled
Rata-rata:      0      1423      1,86      0,00 2463900   70376   0,43  containerd
Rata-rata:    114      1526      0,22      0,00  218252   29568   0,18  postgres
Rata-rata:    117      2312      0,14      0,00 1765360  349884   2,16  grafana
Rata-rata:      0      2975      7,69      0,00 1235352   13796   0,08  containerd-shim
Rata-rata:      0      2976      7,26      0,00 1235608   14836   0,09  containerd-shim
Rata-rata:      0      2977      7,73      0,00 1235352   15302   0,09  containerd-shim
Rata-rata:      0      2981      6,08      0,00 1235608   14660   0,09  containerd-shim
Rata-rata:      0      2982      6,41      0,00 1235608   15012   0,09  containerd-shim
Rata-rata:     70      3117      0,26      0,00  174540   25424   0,16  postgres
Rata-rata:   1000      4570      2,20      0,00  104148   14597   0,09  pipewire
Rata-rata:   1000      4574      2,25      0,00  110852   15508   0,10  pipewire-pulse
Rata-rata:   1000      4708      4,20      0,00 5455014  346616   2,14  gnome-shell
Rata-rata:   1000      5504      0,01      0,00  778332   19920   0,12  xdg-desktop-por
Rata-rata:      0      5954      0,02      0,00  370300   46692   0,29  fwupd
Rata-rata:   1000      6317     39,47      0,00 1461668528  314916   1,94  antigravity
Rata-rata:   1000      6757     14,94      0,00 34361113  169537   1,04  antigravity
Rata-rata:   1000      6771      0,86      0,00 33903964   81164   0,50  antigravity
Rata-rata:   1000      6820    217,38      0,00 1461418860  661447   4,07  antigravity
Rata-rata:   1000      6924      0,18      0,00 1459611392  180064   1,11  antigravity
Rata-rata:   1000      7059      3,42      0,00 4910056  364455   2,25  language_server
Rata-rata:   1000      7161      0,25      0,00 33951332   64332   0,40  antigravity
Rata-rata:   1000      7229     59,00      0,00 1461383544  129318   0,80  antigravity
Rata-rata:   1000      7244    236,23      0,00 1461351324  291846   1,80  antigravity
Rata-rata:   1000      7258      3,69      0,00 1461347760  125858   0,78  antigravity
Rata-rata:   1000      7260     31,17      0,00 1461367100  163977   1,01  antigravity
Rata-rata:   1000      8356      5,25      0,00 1459530528  100844   0,62  antigravity
Rata-rata:   1000      9291     11,01      0,00 55435272  374476   2,31  chrome
Rata-rata:   1000      9342      2,72      0,00 55467700  213584   1,32  chrome
Rata-rata:   1000      9345      6,43      0,00 54976356  135777   0,84  chrome
Rata-rata:   1000      9359      0,74      0,00 55015792   62536   0,39  chrome
Rata-rata:   1000      9519     41,99      0,00 1518553976  358058   2,21  chrome
Rata-rata:   1000     76014      0,42      0,00 1518513820  344159   2,12  chrome
Rata-rata:   1000     76063      0,25      0,00 55006444   86720   0,53  chrome
Rata-rata:   1000     98130      0,02      0,00 1518440400   79512   0,49  chrome
Rata-rata:   1000     99008      0,76      0,00    7664    3936   0,02  bash
Rata-rata:   1000    103549      0,51      0,00    6269    5211   0,03  pidstat
Rata-rata:   1000    103550      0,22      0,00    2676    1860   0,01  jmeter
Rata-rata:   1000    103581    369,90      0,00 6043924  223418   1,38  java

Rata-rata:    UID       PID   kB_rd/s   kB_wr/s kB_ccwr/s iodelay  Command
Rata-rata:   1000      4573      0,00      0,05      0,00       0  wireplumber
Rata-rata:   1000      4708      0,00      4,56      0,00       0  gnome-shell
Rata-rata:   1000      6317      0,00      0,09      0,00       0  antigravity
Rata-rata:   1000      6771      0,00      0,09      0,00       0  antigravity
Rata-rata:   1000      7244      0,00      0,47      0,00       0  antigravity
Rata-rata:   1000      9291      0,00      2,73      0,00       0  chrome
Rata-rata:   1000      9345      0,00      2,49      0,00       0  chrome
Rata-rata:   1000     99008      0,00     10,75      4,56       0  bash
Rata-rata:   1000    103549      0,00      1,00      0,00       0  pidstat
Rata-rata:   1000    103581      0,00      2,61      0,00       0  java
