Linux 6.12.94+deb13-amd64 (debian) 	02/07/26 	_x86_64_	(8 CPU)

00:40:58      UID       PID    %usr %system  %guest   %wait    %CPU   CPU  Command
00:41:04        0         1    0,60    0,20    0,00    0,20    0,80     2  systemd
00:41:04        0         2    0,00    0,20    0,00    0,00    0,20     4  kthreadd
00:41:04        0        17    0,00    0,20    0,00    0,00    0,20     4  rcu_preempt
00:41:04        0        27    0,00    0,20    0,00    0,20    0,20     1  ksoftirqd/1
00:41:04        0        86    0,00    0,20    0,00    0,00    0,20     1  irq/9-acpi
00:41:04        0       120    0,00    0,20    0,00    0,00    0,20     3  kworker/u33:0-i915_flip
00:41:04        0       408    0,20    0,20    0,00    0,00    0,40     2  systemd-udevd
00:41:04      990       903    1,00    0,00    0,00    0,20    1,00     4  dbus-daemon
00:41:04      115       930    1,00    0,60    0,00    0,00    1,59     7  prometheus-node
00:41:04      115       933    0,60    0,00    0,00    0,00    0,60     1  prometheus
00:41:04        0       942    0,00    0,20    0,00    0,00    0,20     5  systemd-logind
00:41:04        0      1079    0,20    0,00    0,00    0,20    0,20     2  NetworkManager
00:41:04        0      1383    0,20    0,00    0,00    0,00    0,20     7  glances
00:41:04        0      1391    0,20    0,20    0,00    0,00    0,40     4  tailscaled
00:41:04        0      1411    0,20    0,00    0,00    0,00    0,20     6  anydesk
00:41:04        0      1423    1,00    0,20    0,00    0,00    1,20     2  containerd
00:41:04       33      1800    0,00    0,20    0,00    0,00    0,20     3  apache2
00:41:04        0      2310    0,60    1,20    0,00    0,00    1,79     0  dockerd
00:41:04      117      2312    1,00    0,00    0,00    0,00    1,00     3  grafana
00:41:04        0      2932    0,20    0,20    0,00    0,20    0,40     1  mount.ntfs-3g
00:41:04      999      3130    0,40    0,00    0,00    0,00    0,40     7  redis-server
00:41:04     1000      4549    0,40    0,00    0,00    0,00    0,40     0  systemd
00:41:04     1000      4569    0,20    0,00    0,00    0,00    0,20     2  dbus-daemon
00:41:04     1000      4708    1,79    1,39    0,00    0,20    3,19     2  gnome-shell
00:41:04     1000      5055    0,20    0,00    0,00    0,20    0,20     0  gsd-sharing
00:41:04     1000      5586    0,00    0,20    0,00    0,00    0,20     5  gvfsd-trash
00:41:04        0      5954    0,00    0,20    0,00    0,20    0,20     2  fwupd
00:41:04     1000      6317    0,60    0,40    0,00    0,00    1,00     5  antigravity
00:41:04     1000      6339    0,60    0,00    0,00    0,00    0,60     5  gnome-terminal-
00:41:04     1000      6757    2,19    0,40    0,00    0,20    2,59     1  antigravity
00:41:04     1000      6820    9,76    0,20    0,00    0,20    9,96     7  antigravity
00:41:04     1000      7059    1,79    1,20    0,00    0,00    2,99     2  language_server
00:41:04     1000      7229    0,40    0,20    0,00    0,00    0,60     4  antigravity
00:41:04     1000      7244    1,39    0,40    0,00    0,00    1,79     2  antigravity
00:41:04     1000      7258    0,20    0,00    0,00    0,00    0,20     7  antigravity
00:41:04     1000      7260    2,39    0,00    0,00    0,00    2,39     4  antigravity
00:41:04     1000      8267    1,39    1,20    0,00    0,00    2,59     7  language_server
00:41:04     1000      8356    0,20    0,00    0,00    0,00    0,20     7  antigravity
00:41:04     1000      9291    0,20    0,20    0,00    0,00    0,40     2  chrome
00:41:04     1000      9519    0,20    0,00    0,00    0,00    0,20     6  chrome
00:41:04     1000     76014    0,00    0,20    0,00    0,00    0,20     1  chrome
00:41:04        0     78088    0,00    0,20    0,00    0,00    0,20     2  kworker/u32:6-kvfree_rcu_reclaim
00:41:04     1000    104325    0,20    0,00    0,00    0,00    0,20     3  pidstat
00:41:04     1000    104357   82,27    4,58    0,00    0,00   86,85     3  java

00:40:58      UID       PID  minflt/s  majflt/s     VSZ     RSS   %MEM  Command
00:41:04        0       376     44,42      0,00  188968  108692   0,67  systemd-journal
00:41:04        0       408     94,62      0,00   37544   10908   0,07  systemd-udevd
00:41:04      115       930     73,31      0,00 1762312   25792   0,16  prometheus-node
00:41:04      115       933      1,20      0,00 2711492  116664   0,72  prometheus
00:41:04        0      1423     13,75      0,00 2463900   71092   0,44  containerd
00:41:04        0      2310      0,20      0,00 3498856  111800   0,69  dockerd
00:41:04      117      2312      2,39      0,00 1765300  349884   2,16  grafana
00:41:04        0      2975      9,16      0,00 1235352   13636   0,08  containerd-shim
00:41:04        0      2976      4,58      0,00 1235608   14344   0,09  containerd-shim
00:41:04        0      2977      8,37      0,00 1235352   14804   0,09  containerd-shim
00:41:04        0      2981      8,96      0,00 1235608   14244   0,09  containerd-shim
00:41:04        0      2982      9,16      0,00 1235608   14544   0,09  containerd-shim
00:41:04     1000      4708      9,96      0,00 5446468  346744   2,14  gnome-shell
00:41:04        0      5954      0,40      0,00  370300   46692   0,29  fwupd
00:41:04     1000      6317     46,61      0,00 1461668528  314768   1,94  antigravity
00:41:04     1000      6757     74,30      0,00 34362300  170184   1,05  antigravity
00:41:04     1000      6771      1,20      0,00 33903964   81164   0,50  antigravity
00:41:04     1000      6820    414,14      0,00 1461417264  666980   4,11  antigravity
00:41:04     1000      7161      0,20      0,00 33951332   64332   0,40  antigravity
00:41:04     1000      7229    118,92      0,00 1461383544  129492   0,80  antigravity
00:41:04     1000      7244    111,95      0,00 1461351324  335464   2,07  antigravity
00:41:04     1000      7258      3,39      0,00 1461347760  125896   0,78  antigravity
00:41:04     1000      7260      6,57      0,00 1461367100  164116   1,01  antigravity
00:41:04     1000      8356      5,38      0,00 1459530528  100844   0,62  antigravity
00:41:04     1000      9291      1,00      0,00 55435272  374240   2,31  chrome
00:41:04     1000      9342      2,19      0,00 55467700  213584   1,32  chrome
00:41:04     1000      9345      3,98      0,00 54976356  135900   0,84  chrome
00:41:04     1000      9359      0,60      0,00 55015792   62536   0,39  chrome
00:41:04     1000      9519      0,00      0,00 1518553976  354856   2,19  chrome
00:41:04     1000     76014      0,60      0,00 1518513820  344528   2,12  chrome
00:41:04     1000     76063      0,20      0,00 55006444   86720   0,53  chrome
00:41:04     1000    104325      1,20      0,00    6184    4976   0,03  pidstat
00:41:04     1000    104326      4,18      0,00    2676    1784   0,01  jmeter
00:41:04     1000    104357   4983,27      0,00 6043924  207148   1,28  java
00:41:04        0    104439     55,78      0,00   37548    7060   0,04  (udev-worker)
00:41:04        0    104452     27,29      0,00   37548    6784   0,04  (udev-worker)
00:41:04        0    104453     27,29      0,00   37548    6784   0,04  (udev-worker)
00:41:04        0    104454     27,09      0,00   37548    6784   0,04  (udev-worker)
00:41:04        0    104456     27,49      0,00   37548    6784   0,04  (udev-worker)
00:41:04        0    104457     26,89      0,00   37548    6784   0,04  (udev-worker)
00:41:04        0    104458     36,06      0,00   37548    6784   0,04  (udev-worker)
00:41:04        0    104460     26,89      0,00   37548    6784   0,04  (udev-worker)
00:41:04        0    104461     27,09      0,00   37548    6784   0,04  (udev-worker)
00:41:04        0    104463     59,36      0,00   37548    7060   0,04  (udev-worker)
00:41:04        0    104464     26,89      0,00   37548    6784   0,04  (udev-worker)
00:41:04        0    104465     27,29      0,00   37548    6784   0,04  (udev-worker)
00:41:04        0    104466     26,89      0,00   37548    6784   0,04  (udev-worker)
00:41:04        0    104467     26,49      0,00   37548    6784   0,04  (udev-worker)
00:41:04        0    104469     26,49      0,00   37548    6784   0,04  (udev-worker)
00:41:04        0    104470     26,69      0,00   37548    6784   0,04  (udev-worker)

00:40:58      UID       PID   kB_rd/s   kB_wr/s kB_ccwr/s iodelay  Command
00:41:04     1000      9291      0,00      2,39      0,00       0  chrome
00:41:04     1000    104357      0,00      2,19      0,00       0  java

00:41:04      UID       PID    %usr %system  %guest   %wait    %CPU   CPU  Command
00:41:09      115       933    0,20    0,00    0,00    0,00    0,20     1  prometheus
00:41:09        0      1383    0,20    0,00    0,00    0,00    0,20     7  glances
00:41:09        0      1391    0,00    0,20    0,00    0,00    0,20     3  tailscaled
00:41:09        0      1423    0,00    0,40    0,00    0,00    0,40     2  containerd
00:41:09        0      2310    0,20    0,20    0,00    0,00    0,40     0  dockerd
00:41:09      117      2312    0,60    0,40    0,00    0,00    1,00     3  grafana
00:41:09        0      2932    0,20    0,40    0,00    0,00    0,60     2  mount.ntfs-3g
00:41:09        0      2975    0,00    0,20    0,00    0,00    0,20     7  containerd-shim
00:41:09        0      2977    0,00    0,20    0,00    0,00    0,20     7  containerd-shim
00:41:09        0      2981    0,20    0,00    0,00    0,00    0,20     0  containerd-shim
00:41:09        0      2982    0,00    0,20    0,00    0,00    0,20     1  containerd-shim
00:41:09      999      3130    0,40    0,20    0,00    0,00    0,60     7  redis-server
00:41:09     1000      4708    0,60    0,40    0,00    0,00    1,00     1  gnome-shell
00:41:09     1000      5107    0,00    0,20    0,00    0,00    0,20     4  anydesk
00:41:09     1000      6317    0,20    0,20    0,00    0,00    0,40     0  antigravity
00:41:09     1000      6339    0,80    0,00    0,00    0,00    0,80     5  gnome-terminal-
00:41:09     1000      6757    0,00    0,20    0,00    0,00    0,20     1  antigravity
00:41:09     1000      6820    0,80    0,20    0,00    0,00    1,00     4  antigravity
00:41:09     1000      7059    1,80    1,60    0,00    0,00    3,40     7  language_server
00:41:09     1000      7229    0,20    0,20    0,00    0,00    0,40     3  antigravity
00:41:09     1000      7244    1,20    0,60    0,00    0,00    1,80     5  antigravity
00:41:09     1000      7260    1,00    0,00    0,00    0,00    1,00     7  antigravity
00:41:09     1000      8267    2,20    1,00    0,00    0,00    3,20     7  language_server
00:41:09     1000      9500    0,00    0,20    0,00    0,00    0,20     3  chrome
00:41:09     1000      9519    0,20    0,00    0,00    0,00    0,20     0  chrome
00:41:09     1000     91682    0,20    0,00    0,00    0,00    0,20     3  ssh
00:41:09     1000    104325    0,20    0,40    0,00    0,00    0,60     4  pidstat
00:41:09     1000    104357    5,00    0,40    0,00    0,00    5,40     3  java

00:41:04      UID       PID  minflt/s  majflt/s     VSZ     RSS   %MEM  Command
00:41:09        0       408      1,80      0,00   37544   10908   0,07  systemd-udevd
00:41:09        0      1391      0,40      0,00 1421316   97404   0,60  tailscaled
00:41:09        0      1423      0,80      0,00 2463900   71220   0,44  containerd
00:41:09        0      2975     13,60      0,00 1235352   13892   0,09  containerd-shim
00:41:09        0      2976     10,80      0,00 1235608   14344   0,09  containerd-shim
00:41:09        0      2977     13,80      0,00 1235352   14932   0,09  containerd-shim
00:41:09        0      2981     15,00      0,00 1235608   14372   0,09  containerd-shim
00:41:09        0      2982     14,40      0,00 1235608   14800   0,09  containerd-shim
00:41:09     1000      4708      0,60      0,00 5454468  346744   2,14  gnome-shell
00:41:09     1000      6317     35,20      0,00 1461668528  314712   1,94  antigravity
00:41:09     1000      6757      4,20      0,00 34354108  169632   1,05  antigravity
00:41:09     1000      6771      0,60      0,00 33903964   81164   0,50  antigravity
00:41:09     1000      6820    108,60      0,00 1461417264  668768   4,12  antigravity
00:41:09     1000      7161      0,40      0,00 33951332   64332   0,40  antigravity
00:41:09     1000      7229     96,80      0,00 1461383544  129492   0,80  antigravity
00:41:09     1000      7244     95,60      0,00 1461351324  337128   2,08  antigravity
00:41:09     1000      7258      3,00      0,00 1461347760  125896   0,78  antigravity
00:41:09     1000      7260      3,20      0,00 1461367100  164116   1,01  antigravity
00:41:09     1000      8356      5,20      0,00 1459530528  100844   0,62  antigravity
00:41:09     1000      9291     14,00      0,00 55435272  374240   2,31  chrome
00:41:09     1000      9342      2,20      0,00 55467700  213584   1,32  chrome
00:41:09     1000      9345      4,80      0,00 54976356  135900   0,84  chrome
00:41:09     1000      9359      1,20      0,00 55015792   62536   0,39  chrome
00:41:09     1000     76014      0,40      0,00 1518513820  344528   2,12  chrome
00:41:09     1000     76063      0,40      0,00 55006444   86720   0,53  chrome
00:41:09     1000    104325      8,00      0,00    6316    5104   0,03  pidstat
00:41:09     1000    104357     60,20      0,00 6043924  208044   1,28  java

00:41:04      UID       PID   kB_rd/s   kB_wr/s kB_ccwr/s iodelay  Command
00:41:09     1000    104325      0,00      1,65      0,00       0  pidstat
00:41:09     1000    104357      0,00      0,17      0,00       0  java

00:41:09      UID       PID    %usr %system  %guest   %wait    %CPU   CPU  Command
00:41:14      115       933    0,20    0,00    0,00    0,00    0,20     1  prometheus
00:41:14        0      1423    0,20    0,20    0,00    0,00    0,40     2  containerd
00:41:14        0      2310    0,40    0,20    0,00    0,00    0,60     0  dockerd
00:41:14      117      2312    0,80    0,20    0,00    0,00    1,00     3  grafana
00:41:14        0      2932    0,20    0,00    0,00    0,00    0,20     7  mount.ntfs-3g
00:41:14        0      2975    0,20    0,00    0,00    0,00    0,20     7  containerd-shim
00:41:14        0      2976    0,00    0,20    0,00    0,00    0,20     6  containerd-shim
00:41:14        0      2977    0,20    0,00    0,00    0,00    0,20     7  containerd-shim
00:41:14      999      3130    0,40    0,00    0,00    0,00    0,40     6  redis-server
00:41:14     1000      4708    1,00    0,20    0,00    0,00    1,20     3  gnome-shell
00:41:14     1000      6339    0,60    0,00    0,00    0,00    0,60     5  gnome-terminal-
00:41:14     1000      6820   12,60    0,20    0,00    0,00   12,80     4  antigravity
00:41:14     1000      7059    2,20    1,20    0,00    0,00    3,40     1  language_server
00:41:14     1000      7229    0,20    0,00    0,00    0,00    0,20     5  antigravity
00:41:14     1000      7244    1,40    0,20    0,00    0,20    1,60     2  antigravity
00:41:14     1000      7260    0,40    0,20    0,00    0,00    0,60     1  antigravity
00:41:14     1000      8267    1,40    1,40    0,00    0,00    2,80     7  language_server
00:41:14     1000      8356    0,20    0,00    0,00    0,00    0,20     3  antigravity
00:41:14     1000      9291    0,20    0,00    0,00    0,00    0,20     5  chrome
00:41:14     1000      9345    0,20    0,00    0,00    0,00    0,20     2  chrome
00:41:14     1000      9519    0,20    0,00    0,00    0,00    0,20     6  chrome
00:41:14        0     97806    0,00    0,20    0,00    0,00    0,20     6  kworker/6:2-i915-unordered
00:41:14     1000     98039    0,20    0,00    0,00    0,00    0,20     3  antigravity
00:41:14     1000    104325    0,20    0,20    0,00    0,00    0,40     4  pidstat
00:41:14     1000    104357    4,60    0,40    0,00    0,00    5,00     3  java

00:41:09      UID       PID  minflt/s  majflt/s     VSZ     RSS   %MEM  Command
00:41:14      114      1526      3,80      0,00  218252   29568   0,18  postgres
00:41:14        0      2975     13,00      0,00 1235352   14148   0,09  containerd-shim
00:41:14        0      2976     13,40      0,00 1235608   14728   0,09  containerd-shim
00:41:14        0      2977     13,20      0,00 1235352   15444   0,10  containerd-shim
00:41:14        0      2981     12,00      0,00 1235608   14628   0,09  containerd-shim
00:41:14        0      2982      7,20      0,00 1235608   14928   0,09  containerd-shim
00:41:14     1000      4708      6,60      0,00 5454532  346744   2,14  gnome-shell
00:41:14     1000      6317     32,60      0,00 1461668528  315088   1,94  antigravity
00:41:14     1000      6757      0,80      0,00 34354108  169632   1,05  antigravity
00:41:14     1000      6771      0,60      0,00 33903964   81164   0,50  antigravity
00:41:14     1000      6820    224,20      0,00 1461417264  656184   4,04  antigravity
00:41:14     1000      7161      0,20      0,00 33951332   64332   0,40  antigravity
00:41:14     1000      7229      9,40      0,00 1461383544  129364   0,80  antigravity
00:41:14     1000      7244    107,60      0,00 1461351324  338920   2,09  antigravity
00:41:14     1000      7258      6,00      0,00 1461347760  125896   0,78  antigravity
00:41:14     1000      7260      5,80      0,00 1461367100  164116   1,01  antigravity
00:41:14     1000      8356      5,20      0,00 1459530528  100844   0,62  antigravity
00:41:14     1000      9291     11,40      0,00 55435272  374240   2,31  chrome
00:41:14     1000      9342      4,40      0,00 55467700  213584   1,32  chrome
00:41:14     1000      9345      8,60      0,00 54976356  136028   0,84  chrome
00:41:14     1000      9359      0,60      0,00 55015792   62536   0,39  chrome
00:41:14     1000     76014      0,40      0,00 1518513820  344528   2,12  chrome
00:41:14     1000     76063      0,20      0,00 55006444   86720   0,53  chrome
00:41:14     1000    104357     71,40      0,00 6043924  209708   1,29  java

00:41:09      UID       PID   kB_rd/s   kB_wr/s kB_ccwr/s iodelay  Command
00:41:14     1000      9291      0,00      3,20      0,00       0  chrome
00:41:14     1000      9345      0,00     20,00      0,00       0  chrome
00:41:14     1000    104325      0,00      0,99      0,00       0  pidstat
00:41:14     1000    104357      0,00      1,77      0,00       0  java

00:41:14      UID       PID    %usr %system  %guest   %wait    %CPU   CPU  Command
00:41:19        0         1    0,20    0,00    0,00    0,00    0,20     7  systemd
00:41:19        0        86    0,00    0,20    0,00    0,00    0,20     1  irq/9-acpi
00:41:19      990       903    0,60    0,20    0,00    0,00    0,80     2  dbus-daemon
00:41:19      115       930    1,40    0,60    0,00    0,00    2,00     7  prometheus-node
00:41:19      115       933    0,20    0,00    0,00    0,00    0,20     1  prometheus
00:41:19        0      1383    0,20    0,00    0,00    0,00    0,20     7  glances
00:41:19        0      1391    0,00    0,20    0,00    0,00    0,20     3  tailscaled
00:41:19        0      1423    0,40    0,00    0,00    0,00    0,40     2  containerd
00:41:19        0      2310    0,40    0,00    0,00    0,00    0,40     0  dockerd
00:41:19      117      2312    0,00    0,80    0,00    0,00    0,80     3  grafana
00:41:19        0      2932    0,20    0,20    0,00    0,00    0,40     7  mount.ntfs-3g
00:41:19        0      2975    0,00    0,20    0,00    0,00    0,20     7  containerd-shim
00:41:19        0      2981    0,00    0,20    0,00    0,00    0,20     0  containerd-shim
00:41:19        0      2982    0,20    0,00    0,00    0,00    0,20     1  containerd-shim
00:41:19      999      3130    0,40    0,00    0,00    0,00    0,40     0  redis-server
00:41:19     1000      4708    0,60    0,40    0,00    0,00    1,00     7  gnome-shell
00:41:19     1000      6317    0,20    0,00    0,00    0,00    0,20     4  antigravity
00:41:19     1000      6339    0,80    0,00    0,00    0,00    0,80     3  gnome-terminal-
00:41:19     1000      6820    1,00    0,00    0,00    0,00    1,00     5  antigravity
00:41:19     1000      7059    1,80    1,60    0,00    0,20    3,40     4  language_server
00:41:19     1000      7229    0,20    0,00    0,00    0,00    0,20     6  antigravity
00:41:19     1000      7244    1,80    0,00    0,00    0,00    1,80     1  antigravity
00:41:19     1000      7260    0,40    0,20    0,00    0,00    0,60     1  antigravity
00:41:19     1000      8267    2,20    0,80    0,00    0,00    3,00     7  language_server
00:41:19     1000      9291    0,20    0,00    0,00    0,00    0,20     5  chrome
00:41:19     1000    104325    0,40    0,00    0,00    0,00    0,40     6  pidstat
00:41:19     1000    104357    6,80    0,40    0,00    0,00    7,20     3  java

00:41:14      UID       PID  minflt/s  majflt/s     VSZ     RSS   %MEM  Command
00:41:19      115       930     88,80      0,00 1762312   26052   0,16  prometheus-node
00:41:19        0      2975      1,80      0,00 1235352   14148   0,09  containerd-shim
00:41:19        0      2976      0,60      0,00 1235608   14728   0,09  containerd-shim
00:41:19        0      2977      6,80      0,00 1235352   15444   0,10  containerd-shim
00:41:19        0      2981      1,00      0,00 1235608   14628   0,09  containerd-shim
00:41:19        0      2982      6,00      0,00 1235608   15184   0,09  containerd-shim
00:41:19     1000      4708      0,20      0,00 5454468  346744   2,14  gnome-shell
00:41:19     1000      6317     32,40      0,00 1461668528  315184   1,94  antigravity
00:41:19     1000      6757      0,80      0,00 34354108  169632   1,05  antigravity
00:41:19     1000      6771      0,60      0,00 33903964   81164   0,50  antigravity
00:41:19     1000      6820    102,60      0,00 1461417264  658232   4,06  antigravity
00:41:19     1000      7161      0,20      0,00 33951332   64332   0,40  antigravity
00:41:19     1000      7229      3,00      0,00 1461383544  129364   0,80  antigravity
00:41:19     1000      7244     96,60      0,00 1461351324  339520   2,09  antigravity
00:41:19     1000      7258      2,80      0,00 1461347760  125896   0,78  antigravity
00:41:19     1000      7260      3,60      0,00 1461367100  164116   1,01  antigravity
00:41:19     1000      8356      5,40      0,00 1459530528  100844   0,62  antigravity
00:41:19     1000      9291      7,60      0,00 55435272  374240   2,31  chrome
00:41:19     1000      9342      2,20      0,00 55467700  213584   1,32  chrome
00:41:19     1000      9345      4,00      0,00 54976356  136028   0,84  chrome
00:41:19     1000      9359      0,60      0,00 55015792   62536   0,39  chrome
00:41:19     1000     76014      0,40      0,00 1518513820  344528   2,12  chrome
00:41:19     1000     76063      0,20      0,00 55006444   86720   0,53  chrome
00:41:19     1000    104357    263,40      0,00 6043924  214828   1,32  java

00:41:14      UID       PID   kB_rd/s   kB_wr/s kB_ccwr/s iodelay  Command
00:41:19     1000      9291      0,00      2,40      0,00       0  chrome
00:41:19     1000    104325      0,00      0,93      0,00       0  pidstat
00:41:19     1000    104357      0,00      1,77      0,00       0  java

00:41:19      UID       PID    %usr %system  %guest   %wait    %CPU   CPU  Command
00:41:24        0        80    0,00    0,20    0,00    0,00    0,20     3  kcompactd0
00:41:24        0      1383    0,20    0,00    0,00    0,00    0,20     7  glances
00:41:24        0      1391    0,20    0,00    0,00    0,00    0,20     3  tailscaled
00:41:24        0      1423    0,20    0,20    0,00    0,00    0,40     2  containerd
00:41:24        0      2310    0,60    0,20    0,00    0,00    0,80     0  dockerd
00:41:24      117      2312    0,60    0,40    0,00    0,00    1,00     3  grafana
00:41:24        0      2932    0,20    0,20    0,00    0,00    0,40     2  mount.ntfs-3g
00:41:24        0      2976    0,00    0,20    0,00    0,00    0,20     6  containerd-shim
00:41:24        0      2977    0,20    0,00    0,00    0,00    0,20     7  containerd-shim
00:41:24        0      2981    0,20    0,00    0,00    0,00    0,20     0  containerd-shim
00:41:24        0      2982    0,00    0,20    0,00    0,00    0,20     1  containerd-shim
00:41:24      999      3130    0,40    0,00    0,00    0,00    0,40     1  redis-server
00:41:24     1000      4708    1,20    0,40    0,00    0,00    1,60     0  gnome-shell
00:41:24     1000      6317    0,00    0,20    0,00    0,00    0,20     1  antigravity
00:41:24     1000      6339    0,60    0,20    0,00    0,00    0,80     3  gnome-terminal-
00:41:24     1000      6757    0,20    0,00    0,00    0,00    0,20     4  antigravity
00:41:24     1000      6820    1,20    0,40    0,00    0,00    1,60     2  antigravity
00:41:24     1000      7059    1,40    2,00    0,00    0,00    3,40     7  language_server
00:41:24     1000      7229    0,20    0,20    0,00    0,00    0,40     5  antigravity
00:41:24     1000      7244    1,40    0,40    0,00    0,00    1,80     7  antigravity
00:41:24     1000      7260    0,40    0,20    0,00    0,00    0,60     1  antigravity
00:41:24     1000      8267    0,80    2,20    0,00    0,00    3,00     7  language_server
00:41:24     1000      8356    0,00    0,20    0,00    0,00    0,20     3  antigravity
00:41:24     1000      9291    0,20    0,20    0,00    0,00    0,40     7  chrome
00:41:24     1000      9359    0,00    0,20    0,00   20,00    0,20     5  chrome
00:41:24     1000      9519    0,20    0,20    0,00    0,00    0,40     0  chrome
00:41:24     1000     91682    0,20    0,00    0,00    0,00    0,20     5  ssh
00:41:24        0     93905    0,00    0,20    0,00    0,00    0,20     3  kworker/u32:7-i915
00:41:24     1000    104325    0,20    0,20    0,00    0,00    0,40     2  pidstat
00:41:24     1000    104357    5,80    0,40    0,00    0,00    6,20     3  java

00:41:19      UID       PID  minflt/s  majflt/s     VSZ     RSS   %MEM  Command
00:41:24      115       933      0,80      0,00 2711492  116664   0,72  prometheus
00:41:24        0      1423      0,20      0,00 2463900   71220   0,44  containerd
00:41:24        0      2975      0,60      0,00 1235352   14148   0,09  containerd-shim
00:41:24        0      2976      0,20      0,00 1235608   14728   0,09  containerd-shim
00:41:24        0      2977      9,60      0,00 1235352   15444   0,10  containerd-shim
00:41:24        0      2981      1,80      0,00 1235608   14628   0,09  containerd-shim
00:41:24        0      2982      1,60      0,00 1235608   15184   0,09  containerd-shim
00:41:24       70      3117      4,40      0,00  174540   25424   0,16  postgres
00:41:24     1000      4708      7,40      0,00 5454604  346612   2,14  gnome-shell
00:41:24     1000      6317     36,60      0,00 1461668528  314728   1,94  antigravity
00:41:24     1000      6757      4,40      0,00 34350140  169632   1,05  antigravity
00:41:24     1000      6771      1,20      0,00 33903964   81164   0,50  antigravity
00:41:24     1000      6820    167,40      0,00 1461417264  659864   4,07  antigravity
00:41:24     1000      7161      0,20      0,00 33951332   64332   0,40  antigravity
00:41:24     1000      7229     12,80      0,00 1461383544  129364   0,80  antigravity
00:41:24     1000      7244     17,80      0,00 1461351324  339380   2,09  antigravity
00:41:24     1000      7258      2,80      0,00 1461347760  125896   0,78  antigravity
00:41:24     1000      7260      3,20      0,00 1461367100  164116   1,01  antigravity
00:41:24     1000      8356      5,20      0,00 1459530528  100844   0,62  antigravity
00:41:24     1000      9291     12,20      0,00 55435272  374240   2,31  chrome
00:41:24     1000      9342      2,20      0,00 55467700  213584   1,32  chrome
00:41:24     1000      9345      4,00      0,00 54976356  136028   0,84  chrome
00:41:24     1000      9359      0,60      0,00 55015792   62536   0,39  chrome
00:41:24     1000      9519      0,00      0,00 1518553976  353300   2,18  chrome
00:41:24     1000     76014      0,60      0,00 1518513820  344528   2,12  chrome
00:41:24     1000     76063      0,20      0,00 55006444   86720   0,53  chrome
00:41:24     1000     99008      6,60      0,00    7664    3936   0,02  bash
00:41:24     1000    104357    158,20      0,00 6043924  213968   1,32  java
00:41:24     1000    104653     24,60      0,00    5660    2224   0,01  sleep

00:41:19      UID       PID   kB_rd/s   kB_wr/s kB_ccwr/s iodelay  Command
00:41:24     1000      9291      0,00     12,00      0,00       0  chrome
00:41:24     1000    104325      0,00      0,95      0,00       0  pidstat
00:41:24     1000    104357      0,00      1,77      0,00       0  java

00:41:24      UID       PID    %usr %system  %guest   %wait    %CPU   CPU  Command
00:41:29      115       933    0,20    0,00    0,00    0,00    0,20     1  prometheus
00:41:29        0      1391    0,20    0,00    0,00    0,00    0,20     3  tailscaled
00:41:29        0      1423    0,20    0,20    0,00    0,00    0,40     2  containerd
00:41:29        0      2310    0,40    0,00    0,00    0,00    0,40     0  dockerd
00:41:29      117      2312    0,60    0,20    0,00    0,00    0,80     3  grafana
00:41:29        0      2932    0,40    0,40    0,00    0,00    0,80     7  mount.ntfs-3g
00:41:29        0      2976    0,20    0,00    0,00    0,00    0,20     6  containerd-shim
00:41:29        0      2977    0,20    0,00    0,00    0,00    0,20     7  containerd-shim
00:41:29      999      3130    0,20    0,20    0,00    0,00    0,40     2  redis-server
00:41:29     1000      4708    0,60    0,40    0,00    0,00    1,00     0  gnome-shell
00:41:29     1000      6317    0,20    0,20    0,00    0,00    0,40     3  antigravity
00:41:29     1000      6339    1,00    0,00    0,00    0,00    1,00     1  gnome-terminal-
00:41:29     1000      6820    1,60    0,00    0,00    0,00    1,60     2  antigravity
00:41:29     1000      7059    1,80    1,60    0,00    0,00    3,40     6  language_server
00:41:29     1000      7229    0,20    0,20    0,00    0,00    0,40     4  antigravity
00:41:29     1000      7244    1,60    0,40    0,00    0,00    2,00     6  antigravity
00:41:29     1000      7260    0,60    0,00    0,00    0,00    0,60     1  antigravity
00:41:29     1000      8267    2,00    1,20    0,00    0,00    3,20     7  language_server
00:41:29     1000      8356    0,20    0,00    0,00    0,00    0,20     3  antigravity
00:41:29     1000      9291    0,20    0,00    0,00    0,00    0,20     7  chrome
00:41:29     1000      9359    0,20    0,00    0,00    0,00    0,20     3  chrome
00:41:29     1000      9519    0,20    0,00    0,00    0,00    0,20     0  chrome
00:41:29     1000    104325    0,00    0,40    0,00    0,00    0,40     5  pidstat
00:41:29     1000    104357    8,40    0,40    0,00    0,00    8,80     3  java

00:41:24      UID       PID  minflt/s  majflt/s     VSZ     RSS   %MEM  Command
00:41:29      115       933      0,20      0,00 2711492  116664   0,72  prometheus
00:41:29        0      1391      0,40      0,00 1421316   97404   0,60  tailscaled
00:41:29        0      2975      3,20      0,00 1235352   13620   0,08  containerd-shim
00:41:29        0      2976      4,40      0,00 1235608   14228   0,09  containerd-shim
00:41:29        0      2977      6,60      0,00 1235352   14728   0,09  containerd-shim
00:41:29        0      2981      2,00      0,00 1235608   13964   0,09  containerd-shim
00:41:29        0      2982      2,40      0,00 1235608   14596   0,09  containerd-shim
00:41:29     1000      4708      0,60      0,00 5454468  346612   2,14  gnome-shell
00:41:29     1000      6317     32,80      0,00 1461668528  314704   1,94  antigravity
00:41:29     1000      6757     11,20      0,00 34359796  169492   1,04  antigravity
00:41:29     1000      6771      0,60      0,00 33903964   81164   0,50  antigravity
00:41:29     1000      6820    286,00      0,00 1461417264  663432   4,09  antigravity
00:41:29     1000      7161      0,40      0,00 33951332   64332   0,40  antigravity
00:41:29     1000      7229    127,00      0,00 1461383544  129492   0,80  antigravity
00:41:29     1000      7244    279,20      0,00 1461351324  339356   2,09  antigravity
00:41:29     1000      7258      3,40      0,00 1461347760  125896   0,78  antigravity
00:41:29     1000      7260     18,80      0,00 1461367100  164372   1,01  antigravity
00:41:29     1000      8356      5,40      0,00 1459530528  100844   0,62  antigravity
00:41:29     1000      9291     18,20      0,00 55435272  374224   2,31  chrome
00:41:29     1000      9342      2,20      0,00 55467700  213584   1,32  chrome
00:41:29     1000      9345      4,80      0,00 54976356  136028   0,84  chrome
00:41:29     1000      9359      1,20      0,00 55015792   62536   0,39  chrome
00:41:29     1000     76014      0,20      0,00 1518513820  344528   2,12  chrome
00:41:29     1000     76063      0,40      0,00 55006444   86720   0,53  chrome
00:41:29     1000    104357    169,20      0,00 6043924  217552   1,34  java

00:41:24      UID       PID   kB_rd/s   kB_wr/s kB_ccwr/s iodelay  Command
00:41:29     1000      7244      0,00      0,80      0,00       0  antigravity
00:41:29     1000      9291      0,00      1,60      0,00       0  chrome
00:41:29     1000    104325      0,00      1,07      0,00       0  pidstat
00:41:29     1000    104357      0,00      4,66      0,00       0  java

00:41:29      UID       PID    %usr %system  %guest   %wait    %CPU   CPU  Command
00:41:34        0        86    0,00    0,20    0,00    0,00    0,20     1  irq/9-acpi
00:41:34      990       903    0,60    0,00    0,00    0,00    0,60     4  dbus-daemon
00:41:34      115       930    1,00    0,40    0,00    0,00    1,40     7  prometheus-node
00:41:34      115       933    0,20    0,00    0,00    0,00    0,20     1  prometheus
00:41:34        0      1383    0,20    0,00    0,00    0,00    0,20     7  glances
00:41:34        0      1423    0,40    0,00    0,00    0,00    0,40     2  containerd
00:41:34        0      2310    0,40    0,00    0,00    0,00    0,40     0  dockerd
00:41:34      117      2312    0,80    0,40    0,00    0,00    1,20     3  grafana
00:41:34        0      2932    0,20    0,20    0,00    0,00    0,40     6  mount.ntfs-3g
00:41:34        0      2975    0,00    0,20    0,00    0,00    0,20     7  containerd-shim
00:41:34        0      2981    0,00    0,20    0,00    0,00    0,20     0  containerd-shim
00:41:34        0      2982    0,00    0,20    0,00    0,00    0,20     1  containerd-shim
00:41:34      999      3130    0,40    0,00    0,00    0,00    0,40     1  redis-server
00:41:34     1000      4708    1,00    0,60    0,00    0,00    1,60     2  gnome-shell
00:41:34     1000      6317    0,20    0,00    0,00    0,00    0,20     3  antigravity
00:41:34     1000      6339    0,80    0,00    0,00    0,00    0,80     6  gnome-terminal-
00:41:34     1000      6757    0,20    0,20    0,00    0,00    0,40     2  antigravity
00:41:34     1000      6820    1,40    0,20    0,00    0,00    1,60     0  antigravity
00:41:34     1000      7059    1,80    1,40    0,00    0,00    3,20     7  language_server
00:41:34     1000      7229    0,20    0,20    0,00    0,00    0,40     6  antigravity
00:41:34     1000      7244    1,20    0,80    0,00    0,00    2,00     6  antigravity
00:41:34     1000      7260    0,40    0,00    0,00    0,00    0,40     0  antigravity
00:41:34     1000      8267    0,60    2,20    0,00    0,00    2,80     7  language_server
00:41:34     1000      9291    0,20    0,00    0,00    0,00    0,20     6  chrome
00:41:34     1000     76025    0,20    0,00    0,00    0,00    0,20     5  chrome
00:41:34        0     78088    0,00    0,20    0,00    0,00    0,20     4  kworker/u32:6-flush-8:0
00:41:34     1000     98039    0,20    0,00    0,00    0,00    0,20     3  antigravity
00:41:34     1000    104325    0,20    0,20    0,00    0,00    0,40     5  pidstat
00:41:34     1000    104357    6,60    1,20    0,00    0,00    7,80     3  java

00:41:29      UID       PID  minflt/s  majflt/s     VSZ     RSS   %MEM  Command
00:41:34      115       930     73,40      0,00 1762312   26112   0,16  prometheus-node
00:41:34      115       933      0,60      0,00 2711492  116664   0,72  prometheus
00:41:34        0      2975     11,60      0,00 1235352   13748   0,08  containerd-shim
00:41:34        0      2976     13,00      0,00 1235608   14484   0,09  containerd-shim
00:41:34        0      2977      9,00      0,00 1235352   14856   0,09  containerd-shim
00:41:34        0      2981     10,60      0,00 1235608   14220   0,09  containerd-shim
00:41:34        0      2982      9,20      0,00 1235608   14596   0,09  containerd-shim
00:41:34     1000      4708      6,80      0,00 5454468  346472   2,13  gnome-shell
00:41:34     1000      6317     33,40      0,00 1461668528  315216   1,94  antigravity
00:41:34     1000      6757     24,40      0,00 34359756  169876   1,05  antigravity
00:41:34     1000      6771      0,60      0,00 33903964   81164   0,50  antigravity
00:41:34     1000      6820    172,20      0,00 1461417264  664668   4,09  antigravity
00:41:34     1000      7161      0,20      0,00 33951332   64332   0,40  antigravity
00:41:34     1000      7229     97,80      0,00 1461383544  129348   0,80  antigravity
00:41:34     1000      7244    377,00      0,00 1461351324  339316   2,09  antigravity
00:41:34     1000      7258      5,20      0,00 1461347760  125896   0,78  antigravity
00:41:34     1000      7260     18,80      0,00 1461367100  164176   1,01  antigravity
00:41:34     1000      8356      5,20      0,00 1459530528  100844   0,62  antigravity
00:41:34     1000      9291      7,20      0,00 55435272  374224   2,31  chrome
00:41:34     1000      9342      4,40      0,00 55467700  213584   1,32  chrome
00:41:34     1000      9345      7,80      0,00 54976356  136028   0,84  chrome
00:41:34     1000      9359      0,60      0,00 55015792   62536   0,39  chrome
00:41:34     1000     76014      0,80      0,00 1518513820  344528   2,12  chrome
00:41:34     1000     76063      0,20      0,00 55006444   86720   0,53  chrome
00:41:34     1000    104357     43,20      0,00 6043924  224616   1,38  java

00:41:29      UID       PID   kB_rd/s   kB_wr/s kB_ccwr/s iodelay  Command
00:41:34     1000      7244      0,00      0,80      0,00       0  antigravity
00:41:34     1000    104325      0,00      0,92      0,00       0  pidstat
00:41:34     1000    104357      0,00      1,56      0,00       0  java

00:41:34      UID       PID    %usr %system  %guest   %wait    %CPU   CPU  Command
00:41:39        0      1383    0,20    0,00    0,00    0,00    0,20     7  glances
00:41:39        0      1391    0,20    0,20    0,00    0,00    0,40     6  tailscaled
00:41:39        0      1423    0,20    0,40    0,00    0,00    0,60     2  containerd
00:41:39        0      2310    0,40    0,40    0,00    0,00    0,80     0  dockerd
00:41:39      117      2312    0,40    0,40    0,00    0,00    0,80     3  grafana
00:41:39        0      2932    0,40    0,20    0,00    0,00    0,60     5  mount.ntfs-3g
00:41:39        0      2976    0,20    0,00    0,00    0,00    0,20     6  containerd-shim
00:41:39        0      2977    0,20    0,00    0,00    0,00    0,20     7  containerd-shim
00:41:39      999      3130    0,40    0,20    0,00    0,00    0,60     2  redis-server
00:41:39     1000      4708    0,60    0,40    0,00    0,00    1,00     3  gnome-shell
00:41:39     1000      6317    0,20    0,20    0,00    0,00    0,40     5  antigravity
00:41:39     1000      6339    0,60    0,00    0,00    0,00    0,60     6  gnome-terminal-
00:41:39     1000      6757    0,20    0,00    0,00    0,00    0,20     1  antigravity
00:41:39     1000      6820    1,40    0,00    0,00    0,00    1,40     0  antigravity
00:41:39     1000      7059    1,60    2,00    0,00    0,00    3,60     6  language_server
00:41:39     1000      7229    0,40    0,20    0,00    0,00    0,60     7  antigravity
00:41:39     1000      7244    1,40    0,60    0,00    0,00    2,00     3  antigravity
00:41:39     1000      7260    0,40    0,20    0,00    0,00    0,60     0  antigravity
00:41:39     1000      8267    2,20    0,60    0,00    0,00    2,80     7  language_server
00:41:39     1000      8356    0,20    0,00    0,00    0,00    0,20     0  antigravity
00:41:39     1000      9291    0,00    0,20    0,00    0,00    0,20     2  chrome
00:41:39     1000      9519    0,20    0,00    0,00    0,00    0,20     4  chrome
00:41:39        0    100626    0,00    0,20    0,00    0,00    0,20     2  kworker/2:1-events
00:41:39     1000    104325    0,20    0,40    0,00    0,00    0,60     5  pidstat
00:41:39     1000    104357    4,40    0,20    0,00    0,00    4,60     3  java
00:41:39     1000    104747    0,40    0,20    0,00    0,00    0,60     1  gnome-screensho

00:41:34      UID       PID  minflt/s  majflt/s     VSZ     RSS   %MEM  Command
00:41:39      115       933      0,20      0,00 2711492  116664   0,72  prometheus
00:41:39        0      1391      0,00      0,00 1421316   96500   0,59  tailscaled
00:41:39        0      2975     12,00      0,00 1235352   13876   0,09  containerd-shim
00:41:39        0      2976     11,60      0,00 1235608   14612   0,09  containerd-shim
00:41:39        0      2977     15,00      0,00 1235352   15112   0,09  containerd-shim
00:41:39        0      2981     12,40      0,00 1235608   14476   0,09  containerd-shim
00:41:39        0      2982     12,40      0,00 1235608   14852   0,09  containerd-shim
00:41:39     1000      4708      1,40      0,00 5455044  346472   2,13  gnome-shell
00:41:39     1000      6317     34,80      0,00 1461668528  315252   1,94  antigravity
00:41:39     1000      6757      9,20      0,00 34359692  169732   1,05  antigravity
00:41:39     1000      6771      0,60      0,00 33903964   81164   0,50  antigravity
00:41:39     1000      6820    143,20      0,00 1461417264  667100   4,11  antigravity
00:41:39     1000      6924      0,80      0,00 1459611392  180072   1,11  antigravity
00:41:39     1000      7161      0,20      0,00 33951332   64332   0,40  antigravity
00:41:39     1000      7229    118,00      0,00 1461383544  129344   0,80  antigravity
00:41:39     1000      7244    291,40      0,00 1461351324  339444   2,09  antigravity
00:41:39     1000      7258      3,00      0,00 1461347760  125896   0,78  antigravity
00:41:39     1000      7260     18,80      0,00 1461367100  164028   1,01  antigravity
00:41:39     1000      8356      5,40      0,00 1459530528  100844   0,62  antigravity
00:41:39     1000      9291      7,20      0,00 55435272  374224   2,31  chrome
00:41:39     1000      9342      2,20      0,00 55467700  213584   1,32  chrome
00:41:39     1000      9345      4,00      0,00 54976356  136028   0,84  chrome
00:41:39     1000      9359      0,60      0,00 55015792   62536   0,39  chrome
00:41:39     1000     76014      0,60      0,00 1518513820  344656   2,12  chrome
00:41:39     1000     76063      0,20      0,00 55006444   86720   0,53  chrome
00:41:39     1000     99008      6,00      0,00    7664    3936   0,02  bash
00:41:39     1000    104357     18,60      0,00 6043924  224872   1,39  java
00:41:39     1000    104747    254,60      0,00  407848   18684   0,12  gnome-screensho

00:41:34      UID       PID   kB_rd/s   kB_wr/s kB_ccwr/s iodelay  Command
00:41:39     1000    104325      0,00      1,00      0,00       0  pidstat
00:41:39     1000    104357      0,00      3,01      0,00       0  java

00:41:39      UID       PID    %usr %system  %guest   %wait    %CPU   CPU  Command
00:41:44        0        17    0,00    0,20    0,00    0,20    0,20     2  rcu_preempt
00:41:44        0       120    0,00    0,20    0,00    0,00    0,20     4  kworker/u33:0-i915_flip
00:41:44      115       933    0,20    0,00    0,00    0,00    0,20     1  prometheus
00:41:44        0      1391    0,20    0,00    0,00    0,00    0,20     7  tailscaled
00:41:44        0      1423    0,40    0,00    0,00    0,00    0,40     2  containerd
00:41:44        0      2310    0,40    0,00    0,00    0,00    0,40     0  dockerd
00:41:44      117      2312    0,60    0,20    0,00    0,00    0,80     3  grafana
00:41:44        0      2932    0,60    0,40    0,00    0,00    1,00     6  mount.ntfs-3g
00:41:44        0      2975    0,20    0,00    0,00    0,00    0,20     7  containerd-shim
00:41:44        0      2981    0,20    0,00    0,00    0,00    0,20     0  containerd-shim
00:41:44        0      2982    0,00    0,20    0,00    0,00    0,20     1  containerd-shim
00:41:44      999      3130    0,40    0,00    0,00    0,00    0,40     2  redis-server
00:41:44     1000      4570    0,00    0,40    0,00    0,00    0,40     2  pipewire
00:41:44     1000      4573    0,20    0,00    0,00    0,00    0,20     5  wireplumber
00:41:44     1000      4574    0,00    0,20    0,00    0,00    0,20     3  pipewire-pulse
00:41:44     1000      4708    5,20    2,60    0,00    0,00    7,80     2  gnome-shell
00:41:44     1000      6317    0,40    0,20    0,00    0,20    0,60     3  antigravity
00:41:44     1000      6339    1,20    0,00    0,00    0,00    1,20     5  gnome-terminal-
00:41:44     1000      6757    1,00    0,20    0,00    0,00    1,20     4  antigravity
00:41:44     1000      6820   16,00    0,60    0,00    0,00   16,60     1  antigravity
00:41:44     1000      7059    1,80    1,40    0,00    0,00    3,20     5  language_server
00:41:44     1000      7229    0,00    0,20    0,00    0,00    0,20     2  antigravity
00:41:44     1000      7244    1,60    0,40    0,00    0,00    2,00     0  antigravity
00:41:44     1000      7260    0,60    0,20    0,00    0,20    0,80     2  antigravity
00:41:44     1000      8267    1,20    1,60    0,00    0,00    2,80     7  language_server
00:41:44     1000      9291    0,20    0,00    0,00    0,00    0,20     0  chrome
00:41:44     1000      9390    0,20    0,00    0,00    0,00    0,20     4  chrome
00:41:44     1000      9519    0,60    0,00    0,00    0,00    0,60     6  chrome
00:41:44     1000     76014    0,20    0,00    0,00    0,00    0,20     5  chrome
00:41:44     1000     91682    0,00    0,20    0,00    0,00    0,20     6  ssh
00:41:44        0     97806    0,00    0,20    0,00    0,20    0,20     6  kworker/6:2-mm_percpu_wq
00:41:44        0     99362    0,00    0,20    0,00    0,00    0,20     4  kworker/u32:5-kvfree_rcu_reclaim
00:41:44     1000    104325    0,20    0,20    0,00    0,00    0,40     3  pidstat
00:41:44     1000    104357    4,40    0,40    0,00    0,00    4,80     3  java

00:41:39      UID       PID  minflt/s  majflt/s     VSZ     RSS   %MEM  Command
00:41:44        0      2975     11,80      0,00 1235352   14004   0,09  containerd-shim
00:41:44        0      2976      8,20      0,00 1235608   14740   0,09  containerd-shim
00:41:44        0      2977      4,20      0,00 1235352   15112   0,09  containerd-shim
00:41:44        0      2981     13,00      0,00 1235608   14732   0,09  containerd-shim
00:41:44        0      2982     13,00      0,00 1235608   15108   0,09  containerd-shim
00:41:44     1000      4570     37,20      0,00  105040   14756   0,09  pipewire
00:41:44     1000      4574     38,20      0,00  110852   15884   0,10  pipewire-pulse
00:41:44     1000      4708     15,40      0,00 5454596  346600   2,14  gnome-shell
00:41:44     1000      5504      0,20      0,00  778332   19920   0,12  xdg-desktop-por
00:41:44     1000      6317     38,80      0,00 1461668528  314708   1,94  antigravity
00:41:44     1000      6757     44,80      0,00 34367244  169840   1,05  antigravity
00:41:44     1000      6771      1,20      0,00 33903964   81164   0,50  antigravity
00:41:44     1000      6820    539,40      0,00 1461417264  657656   4,05  antigravity
00:41:44     1000      7161      0,20      0,00 33951332   64332   0,40  antigravity
00:41:44     1000      7229    105,60      0,00 1461383544  129344   0,80  antigravity
00:41:44     1000      7244    262,40      0,00 1461351324  339308   2,09  antigravity
00:41:44     1000      7258      3,40      0,00 1461347760  125896   0,78  antigravity
00:41:44     1000      7260     22,20      0,00 1461367100  164132   1,01  antigravity
00:41:44     1000      8356      5,20      0,00 1459530528  100844   0,62  antigravity
00:41:44     1000      9291     13,60      0,00 55435272  374224   2,31  chrome
00:41:44     1000      9342      2,20      0,00 55467700  213584   1,32  chrome
00:41:44     1000      9345      8,40      0,00 54976356  136028   0,84  chrome
00:41:44     1000      9359      0,60      0,00 55015792   62536   0,39  chrome
00:41:44     1000      9519    356,80      0,00 1518553976  364400   2,24  chrome
00:41:44     1000     76063      0,20      0,00 55006444   86720   0,53  chrome
00:41:44     1000     99008      0,60      0,00    7664    3936   0,02  bash
00:41:44     1000    104357    117,00      0,00 6043924  227176   1,40  java

00:41:39      UID       PID   kB_rd/s   kB_wr/s kB_ccwr/s iodelay  Command
00:41:44     1000      4573      0,00      0,80      0,00       0  wireplumber
00:41:44     1000      4708      0,00     76,00      0,00       0  gnome-shell
00:41:44     1000      7244      0,00      0,80      0,00       0  antigravity
00:41:44     1000      9291      0,00      7,20      0,00       0  chrome
00:41:44     1000     99008      0,00    180,95     76,00       0  bash
00:41:44     1000    104325      0,00      0,98      0,00       0  pidstat
00:41:44     1000    104357      0,00      3,01      0,00       0  java

00:41:44      UID       PID    %usr %system  %guest   %wait    %CPU   CPU  Command
00:41:49        0         1    0,20    0,20    0,00    0,00    0,40     2  systemd
00:41:49        0        86    0,00    0,20    0,00    0,00    0,20     1  irq/9-acpi
00:41:49      990       903    0,20    0,20    0,00    0,00    0,40     3  dbus-daemon
00:41:49      115       930    1,20    0,60    0,00    0,00    1,80     7  prometheus-node
00:41:49      115       933    0,20    0,00    0,00    0,00    0,20     1  prometheus
00:41:49        0      1383    0,20    0,00    0,00    0,00    0,20     7  glances
00:41:49        0      1411    0,20    0,00    0,00    0,00    0,20     0  anydesk
00:41:49        0      1423    0,40    0,00    0,00    0,00    0,40     2  containerd
00:41:49        0      2310    0,40    0,00    0,00    0,00    0,40     0  dockerd
00:41:49      117      2312    0,60    0,40    0,00    0,00    1,00     3  grafana
00:41:49        0      2932    0,40    0,40    0,00    0,00    0,80     6  mount.ntfs-3g
00:41:49        0      2975    0,00    0,20    0,00    0,00    0,20     7  containerd-shim
00:41:49        0      2976    0,00    0,20    0,00    0,00    0,20     6  containerd-shim
00:41:49        0      2977    0,00    0,20    0,00    0,00    0,20     7  containerd-shim
00:41:49        0      2981    0,20    0,00    0,00    0,00    0,20     0  containerd-shim
00:41:49      999      3130    0,40    0,00    0,00    0,00    0,40     2  redis-server
00:41:49     1000      4570    0,20    0,00    0,00    0,00    0,20     2  pipewire
00:41:49     1000      4708    0,80    0,20    0,00    0,00    1,00     2  gnome-shell
00:41:49     1000      6317    0,20    0,20    0,00    0,00    0,40     0  antigravity
00:41:49     1000      6339    0,80    0,00    0,00    0,00    0,80     5  gnome-terminal-
00:41:49     1000      6757    0,20    0,00    0,00    0,00    0,20     4  antigravity
00:41:49     1000      6820    1,00    0,20    0,00    0,00    1,20     2  antigravity
00:41:49     1000      7059    1,20    2,20    0,00    0,00    3,40     0  language_server
00:41:49     1000      7229    0,20    0,00    0,00    0,00    0,20     5  antigravity
00:41:49     1000      7244    2,80    0,60    0,00    0,00    3,40     1  antigravity
00:41:49     1000      7260    0,60    0,00    0,00    0,00    0,60     2  antigravity
00:41:49     1000      8267    2,00    1,20    0,00    0,00    3,20     7  language_server
00:41:49     1000      9291    0,20    0,00    0,00    0,00    0,20     0  chrome
00:41:49     1000      9345    0,20    0,00    0,00    0,00    0,20     2  chrome
00:41:49     1000     91682    0,20    0,00    0,00    0,00    0,20     4  ssh
00:41:49     1000    104325    0,40    0,20    0,00    0,00    0,60     3  pidstat
00:41:49     1000    104357    6,40    0,40    0,00    0,00    6,80     3  java

00:41:44      UID       PID  minflt/s  majflt/s     VSZ     RSS   %MEM  Command
00:41:49      115       930     91,60      0,00 1762312   26316   0,16  prometheus-node
00:41:49        0      1423      0,20      0,00 2463900   71220   0,44  containerd
00:41:49        0      2975     10,20      0,00 1235352   14260   0,09  containerd-shim
00:41:49        0      2976      2,80      0,00 1235608   14740   0,09  containerd-shim
00:41:49        0      2977      3,40      0,00 1235352   15112   0,09  containerd-shim
00:41:49        0      2981      1,00      0,00 1235608   14732   0,09  containerd-shim
00:41:49        0      2982      0,40      0,00 1235608   15108   0,09  containerd-shim
00:41:49     1000      4570      0,00      0,00  104092   14756   0,09  pipewire
00:41:49     1000      4708      0,40      0,00 5454596  346600   2,14  gnome-shell
00:41:49     1000      6317     48,60      0,00 1461668528  314816   1,94  antigravity
00:41:49     1000      6757      8,60      0,00 34367116  169348   1,04  antigravity
00:41:49     1000      6771      0,60      0,00 33903964   81164   0,50  antigravity
00:41:49     1000      6820    141,80      0,00 1461417264  659940   4,07  antigravity
00:41:49     1000      7161      0,40      0,00 33951332   64332   0,40  antigravity
00:41:49     1000      7229      7,80      0,00 1461383544  129344   0,80  antigravity
00:41:49     1000      7244    516,00      0,00 1461351324  340716   2,10  antigravity
00:41:49     1000      7258      2,60      0,00 1461347760  125896   0,78  antigravity
00:41:49     1000      7260     18,60      0,00 1461367100  164252   1,01  antigravity
00:41:49     1000      8356      5,40      0,00 1459530528  100844   0,62  antigravity
00:41:49     1000      9291     14,40      0,00 55435272  374224   2,31  chrome
00:41:49     1000      9342      2,20      0,00 55467700  213584   1,32  chrome
00:41:49     1000      9345      4,80      0,00 54976356  136028   0,84  chrome
00:41:49     1000      9359      1,20      0,00 55015792   62536   0,39  chrome
00:41:49     1000     76014      0,80      0,00 1518513820  344656   2,12  chrome
00:41:49     1000     76063      0,40      0,00 55006444   86720   0,53  chrome
00:41:49     1000    104357     19,20      0,00 6043924  227560   1,40  java

00:41:44      UID       PID   kB_rd/s   kB_wr/s kB_ccwr/s iodelay  Command
00:41:49     1000    104325      0,00      1,18      0,00       0  pidstat
00:41:49     1000    104357      0,00      3,01      0,00       0  java

00:41:49      UID       PID    %usr %system  %guest   %wait    %CPU   CPU  Command
00:41:54        0      1383    0,20    0,20    0,00    0,00    0,40     7  glances
00:41:54        0      1391    0,20    0,00    0,00    0,00    0,20     7  tailscaled
00:41:54        0      1423    0,40    0,00    0,00    0,00    0,40     2  containerd
00:41:54      111      1503    0,00    0,20    0,00    0,00    0,20     7  mariadbd
00:41:54        0      2310    0,20    0,20    0,00    0,00    0,40     0  dockerd
00:41:54      117      2312    0,80    0,00    0,00    0,00    0,80     3  grafana
00:41:54        0      2932    0,60    0,20    0,00    0,00    0,80     6  mount.ntfs-3g
00:41:54        0      2975    0,00    0,20    0,00    0,00    0,20     7  containerd-shim
00:41:54        0      2982    0,20    0,00    0,00    0,00    0,20     1  containerd-shim
00:41:54      999      3130    0,40    0,00    0,00    0,00    0,40     2  redis-server
00:41:54     1000      4708    1,20    0,20    0,00    0,00    1,40     2  gnome-shell
00:41:54     1000      5364    0,00    0,20    0,00    0,00    0,20     0  gvfs-afc-volume
00:41:54     1000      6317    0,20    0,00    0,00    0,00    0,20     1  antigravity
00:41:54     1000      6339    0,60    0,00    0,00    0,00    0,60     5  gnome-terminal-
00:41:54     1000      6757    0,20    0,20    0,00    0,00    0,40     4  antigravity
00:41:54     1000      6820    1,40    0,00    0,00    0,00    1,40     7  antigravity
00:41:54     1000      7059    1,40    1,80    0,00    0,00    3,20     2  language_server
00:41:54     1000      7229    0,20    0,20    0,00    0,00    0,40     2  antigravity
00:41:54     1000      7244   12,20    1,40    0,00    0,00   13,60     3  antigravity
00:41:54     1000      7260    0,60    0,20    0,00    0,00    0,80     2  antigravity
00:41:54     1000      8267    1,60    1,40    0,00    0,00    3,00     7  language_server
00:41:54     1000      8356    0,20    0,20    0,00    0,00    0,40     0  antigravity
00:41:54     1000      9291    0,00    0,20    0,00    0,00    0,20     7  chrome
00:41:54     1000      9519    0,20    0,20    0,00    0,00    0,40     5  chrome
00:41:54        0     97806    0,00    0,20    0,00    0,00    0,20     6  kworker/6:2-i915-unordered
00:41:54     1000     98039    0,20    0,00    0,00    0,00    0,20     3  antigravity
00:41:54     1000    104325    0,00    0,40    0,00    0,00    0,40     7  pidstat
00:41:54     1000    104357    7,60    0,60    0,00    0,00    8,20     3  java

00:41:49      UID       PID  minflt/s  majflt/s     VSZ     RSS   %MEM  Command
00:41:54        0      2975      1,00      0,00 1235352   14260   0,09  containerd-shim
00:41:54        0      2976     10,60      0,00 1235608   15124   0,09  containerd-shim
00:41:54        0      2977      3,60      0,00 1235352   15240   0,09  containerd-shim
00:41:54        0      2981      8,80      0,00 1235608   14732   0,09  containerd-shim
00:41:54        0      2982      0,40      0,00 1235608   15108   0,09  containerd-shim
00:41:54     1000      4708      6,80      0,00 5454596  346600   2,14  gnome-shell
00:41:54     1000      6317     32,60      0,00 1461668528  315328   1,94  antigravity
00:41:54     1000      6757     22,80      0,00 34359884  169604   1,04  antigravity
00:41:54     1000      6771      0,60      0,00 33903964   81164   0,50  antigravity
00:41:54     1000      6820    156,80      0,00 1461417264  660420   4,07  antigravity
00:41:54     1000      7161      0,20      0,00 33951332   64332   0,40  antigravity
00:41:54     1000      7229      4,80      0,00 1461383544  129344   0,80  antigravity
00:41:54     1000      7244   2314,40      0,00 1461351324  368384   2,27  antigravity
00:41:54     1000      7258      5,60      0,00 1461347760  125896   0,78  antigravity
00:41:54     1000      7260     19,00      0,00 1461367100  164244   1,01  antigravity
00:41:54     1000      8356      5,20      0,00 1459530528  100844   0,62  antigravity
00:41:54     1000      9291      8,60      0,00 55435272  374224   2,31  chrome
00:41:54     1000      9342      4,40      0,00 55467700  213584   1,32  chrome
00:41:54     1000      9345      8,00      0,00 54976100  135724   0,84  chrome
00:41:54     1000      9359      0,60      0,00 55015792   62536   0,39  chrome
00:41:54     1000     76014      0,40      0,00 1518513820  344656   2,12  chrome
00:41:54     1000     76063      0,20      0,00 55006444   86720   0,53  chrome
00:41:54     1000    104357    387,80      0,00 6043924  235240   1,45  java

00:41:49      UID       PID   kB_rd/s   kB_wr/s kB_ccwr/s iodelay  Command
00:41:54     1000      7244      0,00      1,60      0,00       0  antigravity
00:41:54     1000      9291      0,00      5,60      0,00       0  chrome
00:41:54     1000    104325      0,00      1,05      0,00       0  pidstat
00:41:54     1000    104357      0,00      3,01      0,00       0  java

00:41:54      UID       PID    %usr %system  %guest   %wait    %CPU   CPU  Command
00:41:59      115       933    0,20    0,00    0,00    0,00    0,20     1  prometheus
00:41:59        0      1423    0,20    0,00    0,00    0,00    0,20     2  containerd
00:41:59        0      2310    0,40    0,20    0,00    0,00    0,60     0  dockerd
00:41:59      117      2312    0,60    0,40    0,00    0,00    1,00     3  grafana
00:41:59        0      2932    0,40    0,20    0,00    0,00    0,60     3  mount.ntfs-3g
00:41:59        0      2976    0,20    0,20    0,00    0,00    0,40     6  containerd-shim
00:41:59        0      2977    0,20    0,00    0,00    0,00    0,20     7  containerd-shim
00:41:59        0      2982    0,00    0,20    0,00    0,00    0,20     1  containerd-shim
00:41:59      999      3130    0,20    0,20    0,00    0,00    0,40     3  redis-server
00:41:59     1000      4708    0,60    0,60    0,00    0,00    1,20     3  gnome-shell
00:41:59     1000      6317    0,20    0,00    0,00    0,00    0,20     1  antigravity
00:41:59     1000      6339    0,60    0,00    0,00    0,00    0,60     5  gnome-terminal-
00:41:59     1000      6820    1,20    0,20    0,00    0,00    1,40     4  antigravity
00:41:59     1000      7059    1,40    2,00    0,00    0,00    3,40     1  language_server
00:41:59     1000      7229    0,20    0,00    0,00    0,00    0,20     2  antigravity
00:41:59     1000      7244    1,40    0,60    0,00    0,00    2,00     0  antigravity
00:41:59     1000      7260    0,40    0,20    0,00    0,00    0,60     2  antigravity
00:41:59     1000      8267    3,20    1,00    0,00    0,00    4,20     7  language_server
00:41:59     1000      9291    0,20    0,00    0,00    0,00    0,20     3  chrome
00:41:59     1000      9345    0,00    0,20    0,00    0,00    0,20     2  chrome
00:41:59     1000      9519    0,20    0,00    0,00    0,00    0,20     5  chrome
00:41:59     1000     98130    0,20    0,00    0,00    0,00    0,20     0  chrome
00:41:59     1000    104325    0,20    0,20    0,00    0,00    0,40     0  pidstat
00:41:59     1000    104357    4,40    0,40    0,00    0,00    4,80     3  java
00:41:59        0    104612    0,20    0,00    0,00    0,00    0,20     0  kworker/0:2-events

00:41:54      UID       PID  minflt/s  majflt/s     VSZ     RSS   %MEM  Command
00:41:59        0      2975      3,40      0,00 1235352   13764   0,08  containerd-shim
00:41:59        0      2976      3,60      0,00 1235608   14376   0,09  containerd-shim
00:41:59        0      2977      2,80      0,00 1235352   14620   0,09  containerd-shim
00:41:59        0      2981      2,20      0,00 1235608   14136   0,09  containerd-shim
00:41:59        0      2982      0,80      0,00 1235608   14716   0,09  containerd-shim
00:41:59     1000      4708      0,60      0,00 5454596  346600   2,14  gnome-shell
00:41:59     1000      6317     32,40      0,00 1461668528  315364   1,94  antigravity
00:41:59     1000      6757      8,80      0,00 34359756  169732   1,05  antigravity
00:41:59     1000      6771      0,60      0,00 33903964   81164   0,50  antigravity
00:41:59     1000      6820    195,40      0,00 1461417264  663096   4,08  antigravity
00:41:59     1000      7161      0,20      0,00 33951332   64332   0,40  antigravity
00:41:59     1000      7229      2,80      0,00 1461383544  129344   0,80  antigravity
00:41:59     1000      7244    245,40      0,00 1461351324  368328   2,27  antigravity
00:41:59     1000      7258      3,40      0,00 1461347760  125896   0,78  antigravity
00:41:59     1000      7260     21,00      0,00 1461367100  164352   1,01  antigravity
00:41:59     1000      8356      5,00      0,00 1459530528  100844   0,62  antigravity
00:41:59     1000      9291     20,40      0,00 55435272  374224   2,31  chrome
00:41:59     1000      9342      2,20      0,00 55467700  213584   1,32  chrome
00:41:59     1000      9345     28,40      0,00 54976356  135848   0,84  chrome
00:41:59     1000      9359      0,60      0,00 55015792   62536   0,39  chrome
00:41:59     1000      9519      2,40      0,00 1518554232  364400   2,24  chrome
00:41:59     1000     76063      0,20      0,00 55006444   86720   0,53  chrome
00:41:59     1000    104357     12,00      0,00 6043924  231640   1,43  java

00:41:54      UID       PID   kB_rd/s   kB_wr/s kB_ccwr/s iodelay  Command
00:41:59     1000      9291      0,00     16,00      0,00       0  chrome
00:41:59     1000      9345      0,00      1,60      0,00       0  chrome
00:41:59     1000    104325      0,00      0,96      0,00       0  pidstat
00:41:59     1000    104357      0,00      3,01      0,00       0  java

00:41:59      UID       PID    %usr %system  %guest   %wait    %CPU   CPU  Command
00:42:04        0         1    0,40    0,20    0,00    0,00    0,60     7  systemd
00:42:04        0        16    0,00    0,20    0,00    0,00    0,20     0  ksoftirqd/0
00:42:04        0       376    0,20    0,00    0,00    0,00    0,20     1  systemd-journal
00:42:04        0       408    0,00    0,20    0,00    0,20    0,20     2  systemd-udevd
00:42:04      990       903    1,20    0,00    0,00    0,00    1,20     5  dbus-daemon
00:42:04      986       924    0,20    0,00    0,00    0,00    0,20     2  polkitd
00:42:04      115       930    1,00    0,60    0,00    0,00    1,60     7  prometheus-node
00:42:04      115       933    0,20    0,00    0,00    0,00    0,20     1  prometheus
00:42:04        0       943    0,20    0,00    0,00    0,00    0,20     1  udisksd
00:42:04        0      1079    0,20    0,20    0,00    0,00    0,40     4  NetworkManager
00:42:04        0      1165    0,00    0,20    0,00    0,00    0,20     4  ModemManager
00:42:04        0      1383    0,20    0,00    0,00    0,00    0,20     7  glances
00:42:04        0      1391    0,40    0,20    0,00    0,00    0,60     5  tailscaled
00:42:04        0      1423    1,00    0,20    0,00    0,00    1,20     2  containerd
00:42:04        0      2309    0,20    0,00    0,00    0,00    0,20     4  cups-browsed
00:42:04        0      2310    1,00    0,80    0,00    0,00    1,80     0  dockerd
00:42:04      117      2312    0,80    0,20    0,00    0,00    1,00     3  grafana
00:42:04        0      2932    0,40    0,40    0,00    0,00    0,80     6  mount.ntfs-3g
00:42:04        0      2977    0,00    0,20    0,00    0,00    0,20     7  containerd-shim
00:42:04        0      2981    0,20    0,20    0,00    0,00    0,40     0  containerd-shim
00:42:04      999      3130    0,40    0,00    0,00    0,00    0,40     2  redis-server
00:42:04     1000      4549    0,20    0,20    0,00    0,00    0,40     5  systemd
00:42:04     1000      4708    1,00    0,80    0,00    0,00    1,80     0  gnome-shell
00:42:04     1000      5021    0,20    0,20    0,00    0,00    0,40     3  gsd-housekeepin
00:42:04     1000      5043    0,20    0,00    0,00    0,00    0,20     7  gnome-software
00:42:04     1000      5268    0,20    0,20    0,00    0,00    0,40     2  gvfs-udisks2-vo
00:42:04     1000      5504    0,20    0,00    0,00    0,20    0,20     7  xdg-desktop-por
00:42:04        0      5954    0,20    0,00    0,00    0,00    0,20     6  fwupd
00:42:04     1000      6317    0,20    0,20    0,00    0,00    0,40     4  antigravity
00:42:04     1000      6339    0,60    0,00    0,00    0,00    0,60     5  gnome-terminal-
00:42:04     1000      6757    0,40    0,00    0,00    0,00    0,40     4  antigravity
00:42:04     1000      6820    1,60    0,20    0,00    0,00    1,80     2  antigravity
00:42:04     1000      7059    1,40    1,80    0,00    0,00    3,20     7  language_server
00:42:04     1000      7161    0,00    0,20    0,00    0,00    0,20     5  antigravity
00:42:04     1000      7229    0,60    0,00    0,00    0,00    0,60     7  antigravity
00:42:04     1000      7244    1,40    0,60    0,00    0,00    2,00     5  antigravity
00:42:04     1000      7260    0,20    0,20    0,00    0,00    0,40     3  antigravity
00:42:04     1000      8267    1,40    1,40    0,00    0,00    2,80     7  language_server
00:42:04     1000      8356    0,20    0,00    0,00    0,00    0,20     1  antigravity
00:42:04     1000      9291    0,20    0,00    0,00    0,00    0,20     0  chrome
00:42:04     1000      9519    0,20    0,00    0,00    0,00    0,20     6  chrome
00:42:04     1000     91682    0,20    0,00    0,00    0,00    0,20     3  ssh
00:42:04        0    102820    0,00    0,20    0,00    0,00    0,20     6  kworker/6:1-events
00:42:04     1000    104325    0,20    0,20    0,00    0,00    0,40     0  pidstat
00:42:04     1000    104357    6,40    0,20    0,00    0,00    6,60     3  java

00:41:59      UID       PID  minflt/s  majflt/s     VSZ     RSS   %MEM  Command
00:42:04        0         1      0,20      0,00   24652   14916   0,09  systemd
00:42:04        0       376     48,00      0,00  188968  108692   0,67  systemd-journal
00:42:04        0       408     95,80      0,00   37544   10908   0,07  systemd-udevd
00:42:04      115       930     52,20      0,00 1762312   26032   0,16  prometheus-node
00:42:04      115       933      0,20      0,00 2711492  116664   0,72  prometheus
00:42:04        0      1391      0,20      0,00 1421316   96500   0,59  tailscaled
00:42:04        0      1423      0,20      0,00 2463900   71040   0,44  containerd
00:42:04      117      2312      2,40      0,00 1765300  349884   2,16  grafana
00:42:04        0      2975      8,00      0,00 1235352   13892   0,09  containerd-shim
00:42:04        0      2976      7,60      0,00 1235608   14504   0,09  containerd-shim
00:42:04        0      2977      9,60      0,00 1235352   14748   0,09  containerd-shim
00:42:04        0      2981      7,40      0,00 1235608   14264   0,09  containerd-shim
00:42:04        0      2982      7,20      0,00 1235608   14844   0,09  containerd-shim
00:42:04     1000      4708     10,00      0,00 5454660  346728   2,14  gnome-shell
00:42:04        0      5954      0,20      0,00  370300   46692   0,29  fwupd
00:42:04     1000      6317     37,20      0,00 1461668528  314840   1,94  antigravity
00:42:04     1000      6757      6,80      0,00 34360012  169280   1,04  antigravity
00:42:04     1000      6771      1,20      0,00 33903964   81164   0,50  antigravity
00:42:04     1000      6820    145,20      0,00 1461417264  665272   4,10  antigravity
00:42:04     1000      7161      0,20      0,00 33951332   64332   0,40  antigravity
00:42:04     1000      7229    110,00      0,00 1461383544  129344   0,80  antigravity
00:42:04     1000      7244    221,40      0,00 1461351324  368456   2,27  antigravity
00:42:04     1000      7258      3,00      0,00 1461347760  125896   0,78  antigravity
00:42:04     1000      7260     22,00      0,00 1461367100  164388   1,01  antigravity
00:42:04     1000      8356      5,20      0,00 1459530528  100844   0,62  antigravity
00:42:04     1000      9291      7,60      0,00 55435272  374224   2,31  chrome
00:42:04     1000      9342      2,20      0,00 55467700  213584   1,32  chrome
00:42:04     1000      9345      3,80      0,00 54976356  135848   0,84  chrome
00:42:04     1000      9359      0,60      0,00 55015792   62536   0,39  chrome
00:42:04     1000     76014      0,60      0,00 1518513820  344656   2,12  chrome
00:42:04     1000     76063      0,20      0,00 55006444   86720   0,53  chrome
00:42:04     1000    104357     24,80      0,00 6043924  236024   1,45  java
00:42:04        0    104841     55,60      0,00   37548    7060   0,04  (udev-worker)
00:42:04        0    104856     25,20      0,00   37548    6628   0,04  (udev-worker)
00:42:04        0    104858     25,60      0,00   37548    6784   0,04  (udev-worker)
00:42:04        0    104859     57,80      0,00   37548    7188   0,04  (udev-worker)
00:42:04        0    104860     26,00      0,00   37548    6784   0,04  (udev-worker)
00:42:04        0    104862     34,60      0,00   37548    6784   0,04  (udev-worker)
00:42:04        0    104863     25,80      0,00   37548    6784   0,04  (udev-worker)
00:42:04        0    104864     26,40      0,00   37548    6784   0,04  (udev-worker)
00:42:04        0    104866     26,40      0,00   37548    6784   0,04  (udev-worker)
00:42:04        0    104867     26,20      0,00   37548    6784   0,04  (udev-worker)
00:42:04        0    104868     26,00      0,00   37548    6784   0,04  (udev-worker)
00:42:04        0    104869     26,20      0,00   37548    6784   0,04  (udev-worker)
00:42:04        0    104871     26,80      0,00   37548    6784   0,04  (udev-worker)
00:42:04        0    104872     25,80      0,00   37548    6784   0,04  (udev-worker)
00:42:04        0    104873     25,40      0,00   37548    6784   0,04  (udev-worker)
00:42:04        0    104876     25,80      0,00   37548    6784   0,04  (udev-worker)

00:41:59      UID       PID   kB_rd/s   kB_wr/s kB_ccwr/s iodelay  Command
00:42:04     1000      7244      0,00      0,80      0,00       0  antigravity
00:42:04     1000      9291      0,00      3,20      0,00       0  chrome
00:42:04     1000    104325      0,00      0,91      0,00       0  pidstat
00:42:04     1000    104357      0,00      3,07      0,00       0  java

00:42:04      UID       PID    %usr %system  %guest   %wait    %CPU   CPU  Command
00:42:09        0        17    0,00    0,20    0,00    0,20    0,20     5  rcu_preempt
00:42:09      115       933    0,20    0,00    0,00    0,00    0,20     1  prometheus
00:42:09        0      1391    0,00    0,20    0,00    0,00    0,20     0  tailscaled
00:42:09        0      1423    0,40    0,00    0,00    0,00    0,40     2  containerd
00:42:09        0      2310    0,20    0,20    0,00    0,00    0,40     0  dockerd
00:42:09      117      2312    0,80    0,20    0,00    0,00    1,00     3  grafana
00:42:09        0      2932    0,60    0,20    0,00    0,00    0,80     5  mount.ntfs-3g
00:42:09        0      2975    0,00    0,20    0,00    0,00    0,20     7  containerd-shim
00:42:09      999      3130    0,20    0,20    0,00    0,00    0,40     2  redis-server
00:42:09     1000      4708    0,80    0,40    0,00    0,20    1,20     7  gnome-shell
00:42:09     1000      5107    0,20    0,20    0,00    0,00    0,40     4  anydesk
00:42:09     1000      6317    0,20    0,20    0,00    0,00    0,40     6  antigravity
00:42:09     1000      6339    1,40    0,00    0,00    0,00    1,40     0  gnome-terminal-
00:42:09     1000      6820   12,60    0,60    0,00    0,00   13,20     1  antigravity
00:42:09     1000      7059    1,40    1,80    0,00    0,00    3,20     7  language_server
00:42:09     1000      7229    0,00    0,40    0,00    0,00    0,40     7  antigravity
00:42:09     1000      7244    1,00    0,60    0,00    0,00    1,60     7  antigravity
00:42:09     1000      7258    0,00    0,20    0,00    0,00    0,20     7  antigravity
00:42:09     1000      7260    0,80    0,20    0,00    0,00    1,00     2  antigravity
00:42:09     1000      8267    1,80    1,40    0,00    0,00    3,20     7  language_server
00:42:09     1000      9291    0,20    0,00    0,00    0,00    0,20     3  chrome
00:42:09     1000      9345    0,20    0,00    0,00    0,00    0,20     0  chrome
00:42:09     1000      9500    0,20    0,00    0,00    0,00    0,20     6  chrome
00:42:09     1000      9519    0,20    0,00    0,00    0,00    0,20     1  chrome
00:42:09     1000     91682    0,00    0,20    0,00    0,00    0,20     3  ssh
00:42:09        0     97830    0,20    0,00    0,00    0,00    0,20     7  kworker/7:0-mm_percpu_wq
00:42:09        0    102824    0,20    0,00    0,00    0,00    0,20     1  kworker/1:1-events
00:42:09     1000    104325    0,00    0,60    0,00    0,00    0,60     6  pidstat
00:42:09     1000    104357    5,20    0,40    0,00    0,00    5,60     3  java

00:42:04      UID       PID  minflt/s  majflt/s     VSZ     RSS   %MEM  Command
00:42:09        0       408      1,40      0,00   37544   10908   0,07  systemd-udevd
00:42:09        0      2975     11,60      0,00 1235352   14148   0,09  containerd-shim
00:42:09        0      2976     11,20      0,00 1235608   14760   0,09  containerd-shim
00:42:09        0      2977     12,00      0,00 1235352   15004   0,09  containerd-shim
00:42:09        0      2981     12,20      0,00 1235608   14392   0,09  containerd-shim
00:42:09        0      2982     14,80      0,00 1235608   14972   0,09  containerd-shim
00:42:09     1000      4708      0,20      0,00 5454532  346728   2,14  gnome-shell
00:42:09     1000      6317     33,00      0,00 1461668528  314868   1,94  antigravity
00:42:09     1000      6757      6,20      0,00 34359372  169408   1,04  antigravity
00:42:09     1000      6771      0,60      0,00 33903964   81164   0,50  antigravity
00:42:09     1000      6820    293,20      0,00 1461417264  655724   4,04  antigravity
00:42:09     1000      7161      0,40      0,00 33951332   64332   0,40  antigravity
00:42:09     1000      7229    126,20      0,00 1461383544  129344   0,80  antigravity
00:42:09     1000      7244    230,20      0,00 1461351324  368264   2,27  antigravity
00:42:09     1000      7258      2,80      0,00 1461347760  125896   0,78  antigravity
00:42:09     1000      7260     18,60      0,00 1461367100  164312   1,01  antigravity
00:42:09     1000      8356      5,00      0,00 1459530528  100844   0,62  antigravity
00:42:09     1000      9291     14,40      0,00 55435272  374224   2,31  chrome
00:42:09     1000      9342      2,20      0,00 55467700  213584   1,32  chrome
00:42:09     1000      9345      3,80      0,00 54976356  135848   0,84  chrome
00:42:09     1000      9359      1,20      0,00 55015792   62536   0,39  chrome
00:42:09     1000     76014      0,40      0,00 1518513820  344656   2,12  chrome
00:42:09     1000     76063      0,40      0,00 55006444   86720   0,53  chrome
00:42:09     1000    104357     28,00      0,00 6043924  236664   1,46  java

00:42:04      UID       PID   kB_rd/s   kB_wr/s kB_ccwr/s iodelay  Command
00:42:09     1000      7244      0,00      0,80      0,00       0  antigravity
00:42:09     1000    104325      0,00      1,66      0,00       0  pidstat
00:42:09     1000    104357      0,00      1,50      0,00       0  java

00:42:09      UID       PID    %usr %system  %guest   %wait    %CPU   CPU  Command
00:42:14        0       120    0,00    0,20    0,00    0,20    0,20     5  kworker/u33:0-i915_flip
00:42:14      986       924    0,00    0,20    0,00    0,00    0,20     2  polkitd
00:42:14        0      1383    0,20    0,00    0,00    0,00    0,20     7  glances
00:42:14        0      1411    0,00    0,20    0,00    0,00    0,20     0  anydesk
00:42:14        0      1423    0,20    0,20    0,00    0,00    0,40     2  containerd
00:42:14        0      2310    0,00    0,40    0,00    0,00    0,40     0  dockerd
00:42:14      117      2312    0,60    0,40    0,00    0,00    1,00     3  grafana
00:42:14        0      2932    0,20    0,40    0,00    0,00    0,60     3  mount.ntfs-3g
00:42:14        0      2976    0,20    0,00    0,00    0,00    0,20     6  containerd-shim
00:42:14        0      2977    0,20    0,00    0,00    0,00    0,20     7  containerd-shim
00:42:14        0      2981    0,20    0,00    0,00    0,00    0,20     0  containerd-shim
00:42:14        0      2982    0,20    0,00    0,00    0,00    0,20     1  containerd-shim
00:42:14      999      3130    0,40    0,20    0,00    0,00    0,60     3  redis-server
00:42:14     1000      4708    0,80    0,40    0,00    0,00    1,20     1  gnome-shell
00:42:14     1000      6317    0,20    0,00    0,00    0,00    0,20     6  antigravity
00:42:14     1000      6339    0,40    0,00    0,00    0,00    0,40     5  gnome-terminal-
00:42:14     1000      6757    0,00    0,20    0,00    0,00    0,20     6  antigravity
00:42:14     1000      6820    1,40    0,20    0,00    0,00    1,60     6  antigravity
00:42:14     1000      7059    2,00    1,40    0,00    0,00    3,40     4  language_server
00:42:14     1000      7229    0,40    0,00    0,00    0,00    0,40     6  antigravity
00:42:14     1000      7244    1,40    0,80    0,00    0,00    2,20     2  antigravity
00:42:14     1000      7260    0,20    0,20    0,00    0,00    0,40     0  antigravity
00:42:14     1000      8267    1,40    1,80    0,00    0,00    3,20     7  language_server
00:42:14     1000      9291    0,20    0,00    0,00    0,00    0,20     0  chrome
00:42:14     1000     76063    0,20    0,00    0,00    0,00    0,20     5  chrome
00:42:14     1000     98039    0,20    0,00    0,00    0,00    0,20     3  antigravity
00:42:14     1000    104325    0,00    0,40    0,00    0,00    0,40     3  pidstat
00:42:14     1000    104357    5,00    0,20    0,00    0,00    5,20     3  java

00:42:09      UID       PID  minflt/s  majflt/s     VSZ     RSS   %MEM  Command
00:42:14      114      1526      5,00      0,00  218252   29568   0,18  postgres
00:42:14        0      2975      7,20      0,00 1235352   14276   0,09  containerd-shim
00:42:14        0      2976     11,00      0,00 1235608   14888   0,09  containerd-shim
00:42:14        0      2977     12,20      0,00 1235352   15132   0,09  containerd-shim
00:42:14        0      2981     12,60      0,00 1235608   14520   0,09  containerd-shim
00:42:14        0      2982     11,80      0,00 1235608   15356   0,09  containerd-shim
00:42:14     1000      4708      6,40      0,00 5454468  346728   2,14  gnome-shell
00:42:14     1000      6317     35,60      0,00 1461668528  315508   1,94  antigravity
00:42:14     1000      6757     24,20      0,00 34359436  169792   1,05  antigravity
00:42:14     1000      6771      0,60      0,00 33903964   81164   0,50  antigravity
00:42:14     1000      6820    171,80      0,00 1461417264  656584   4,04  antigravity
00:42:14     1000      7161      0,20      0,00 33951332   64332   0,40  antigravity
00:42:14     1000      7229     13,20      0,00 1461383544  129344   0,80  antigravity
00:42:14     1000      7244    515,40      0,00 1461351324  367076   2,26  antigravity
00:42:14     1000      7258      5,80      0,00 1461347760  125896   0,78  antigravity
00:42:14     1000      7260     21,20      0,00 1461367100  164236   1,01  antigravity
00:42:14     1000      8356      5,40      0,00 1459530528  100844   0,62  antigravity
00:42:14     1000      9291     10,80      0,00 55435272  374352   2,31  chrome
00:42:14     1000      9342      4,40      0,00 55467700  213584   1,32  chrome
00:42:14     1000      9345      9,80      0,00 54976356  135848   0,84  chrome
00:42:14     1000      9359      0,60      0,00 55015792   62536   0,39  chrome
00:42:14     1000      9519      0,00      0,00 1518554232  354820   2,19  chrome
00:42:14     1000     76014      0,40      0,00 1518513820  344656   2,12  chrome
00:42:14     1000     76063      0,20      0,00 55006444   86720   0,53  chrome
00:42:14     1000    104357      6,20      0,00 6043924  236664   1,46  java

00:42:09      UID       PID   kB_rd/s   kB_wr/s kB_ccwr/s iodelay  Command
00:42:14     1000      9345      0,00     27,20      0,00       0  chrome
00:42:14     1000    104325      0,00      0,98      0,00       0  pidstat
00:42:14     1000    104357      0,00      4,51      0,00       0  java

00:42:14      UID       PID    %usr %system  %guest   %wait    %CPU   CPU  Command
00:42:19        0         1    0,20    0,00    0,00    0,00    0,20     4  systemd
00:42:19        0        86    0,00    0,20    0,00    0,00    0,20     1  irq/9-acpi
00:42:19      990       903    1,00    0,00    0,00    0,00    1,00     1  dbus-daemon
00:42:19      115       930    1,40    0,20    0,00    0,00    1,60     7  prometheus-node
00:42:19      115       933    0,40    0,00    0,00    0,00    0,40     1  prometheus
00:42:19        0      1423    0,20    0,20    0,00    0,00    0,40     2  containerd
00:42:19        0      2310    0,20    0,40    0,00    0,00    0,60     0  dockerd
00:42:19      117      2312    1,80    0,00    0,00    0,00    1,80     3  grafana
00:42:19        0      2932    0,20    0,40    0,00    0,00    0,60     1  mount.ntfs-3g
00:42:19        0      2975    0,20    0,00    0,00    0,00    0,20     7  containerd-shim
00:42:19        0      2976    0,00    0,20    0,00    0,00    0,20     6  containerd-shim
00:42:19        0      2982    0,00    0,20    0,00    0,00    0,20     1  containerd-shim
00:42:19      999      3130    0,40    0,00    0,00    0,00    0,40     3  redis-server
00:42:19     1000      4708    0,80    0,40    0,00    0,00    1,20     2  gnome-shell
00:42:19     1000      6317    0,20    0,00    0,00    0,00    0,20     0  antigravity
00:42:19     1000      6339    1,40    0,00    0,00    0,00    1,40     3  gnome-terminal-
00:42:19     1000      6757    0,20    0,20    0,00    0,00    0,40     7  antigravity
00:42:19     1000      6820    1,20    0,00    0,00    0,00    1,20     4  antigravity
00:42:19     1000      7059    1,40    2,20    0,00    0,00    3,59     5  language_server
00:42:19     1000      7229    0,40    0,00    0,00    0,00    0,40     6  antigravity
00:42:19     1000      7244    2,00    0,20    0,00    0,00    2,20     2  antigravity
00:42:19     1000      7260    0,60    0,00    0,00    0,00    0,60     2  antigravity
00:42:19     1000      8267    1,80    1,40    0,00    0,00    3,19     7  language_server
00:42:19     1000      8356    0,20    0,20    0,00    0,00    0,40     6  antigravity
00:42:19     1000      9291    0,20    0,20    0,00    0,00    0,40     4  chrome
00:42:19     1000      9519    0,20    0,20    0,00    0,00    0,40     4  chrome
00:42:19        0     78088    0,00    0,20    0,00    0,00    0,20     2  kworker/u32:6-events_unbound
00:42:19     1000     91682    0,00    0,20    0,00    0,00    0,20     5  ssh
00:42:19     1000     98039    0,00    0,20    0,00    0,00    0,20     2  antigravity
00:42:19     1000    104325    0,20    0,20    0,00    0,00    0,40     0  pidstat
00:42:19     1000    104357    2,20    0,40    0,00    0,00    2,59     3  java

00:42:14      UID       PID  minflt/s  majflt/s     VSZ     RSS   %MEM  Command
00:42:19      115       930    105,39      0,00 1762312   25656   0,16  prometheus-node
00:42:19        0      2976      0,40      0,00 1235608   14888   0,09  containerd-shim
00:42:19        0      2977      6,39      0,00 1235352   15260   0,09  containerd-shim
00:42:19        0      2981      5,59      0,00 1235608   14776   0,09  containerd-shim
00:42:19        0      2982      8,18      0,00 1235608   15484   0,10  containerd-shim
00:42:19     1000      4708      0,60      0,00 5454468  346728   2,14  gnome-shell
00:42:19     1000      6317     32,34      0,00 1461668528  315368   1,94  antigravity
00:42:19     1000      6757      6,59      0,00 34359436  169360   1,04  antigravity
00:42:19     1000      6771      0,60      0,00 33903964   81164   0,50  antigravity
00:42:19     1000      6820    167,86      0,00 1461417264  658596   4,06  antigravity
00:42:19     1000      7161      0,20      0,00 33951332   64332   0,40  antigravity
00:42:19     1000      7229      2,79      0,00 1461383544  129344   0,80  antigravity
00:42:19     1000      7244    416,37      0,00 1461351324  367644   2,26  antigravity
00:42:19     1000      7258      2,99      0,00 1461347760  125896   0,78  antigravity
00:42:19     1000      7260     18,96      0,00 1461367100  163924   1,01  antigravity
00:42:19     1000      8356      5,19      0,00 1459530528  100844   0,62  antigravity
00:42:19     1000      9291      7,19      0,00 55435272  374352   2,31  chrome
00:42:19     1000      9342      2,20      0,00 55467700  213584   1,32  chrome
00:42:19     1000      9345     95,41      0,00 54976356  135732   0,84  chrome
00:42:19     1000      9359      0,60      0,00 55015792   62536   0,39  chrome
00:42:19     1000     76014      0,40      0,00 1518513820  344656   2,12  chrome
00:42:19     1000     76063      0,20      0,00 55006444   86720   0,53  chrome
00:42:19     1000    104357      8,78      0,00 6043924  236792   1,46  java

00:42:14      UID       PID   kB_rd/s   kB_wr/s kB_ccwr/s iodelay  Command
00:42:19     1000      7244      0,00      0,80      0,00       0  antigravity
00:42:19     1000      9345      0,00    158,88      0,00       0  chrome
00:42:19     1000    104325      0,00      0,98      0,00       0  pidstat
00:42:19     1000    104357      0,00      3,00      0,00       0  java

00:42:19      UID       PID    %usr %system  %guest   %wait    %CPU   CPU  Command
00:42:24        0      1383    0,20    0,00    0,00    0,00    0,20     7  glances
00:42:24        0      1423    0,60    0,00    0,00    0,00    0,60     2  containerd
00:42:24        0      2310    0,20    0,40    0,00    0,00    0,60     0  dockerd
00:42:24      117      2312    0,40    0,40    0,00    0,00    0,80     3  grafana
00:42:24        0      2932    0,40    0,40    0,00    0,00    0,80     6  mount.ntfs-3g
00:42:24        0      2975    0,00    0,20    0,00    0,00    0,20     7  containerd-shim
00:42:24        0      2981    0,20    0,00    0,00    0,00    0,20     0  containerd-shim
00:42:24        0      2982    0,20    0,00    0,00    0,00    0,20     1  containerd-shim
00:42:24      999      3130    0,40    0,00    0,00    0,00    0,40     2  redis-server
00:42:24     1000      4708    1,20    0,20    0,00    0,00    1,40     1  gnome-shell
00:42:24     1000      6317    0,20    0,20    0,00    0,00    0,40     6  antigravity
00:42:24     1000      6339    0,80    0,00    0,00    0,00    0,80     5  gnome-terminal-
00:42:24     1000      6820    1,20    0,40    0,00    0,00    1,60     6  antigravity
00:42:24     1000      7059    1,20    2,00    0,00    0,00    3,20     5  language_server
00:42:24     1000      7229    0,00    0,20    0,00    0,00    0,20     1  antigravity
00:42:24     1000      7244    1,60    0,40    0,00    0,00    2,00     5  antigravity
00:42:24     1000      7260    0,40    0,40    0,00    0,00    0,80     5  antigravity
00:42:24     1000      8267    1,60    1,40    0,00    0,00    3,00     7  language_server
00:42:24     1000      9291    0,20    0,20    0,00    0,00    0,40     4  chrome
00:42:24     1000      9390    0,00    0,20    0,00    0,00    0,20     5  chrome
00:42:24     1000      9519    0,20    0,00    0,00    0,00    0,20     5  chrome
00:42:24     1000     76014    0,20    0,00    0,00    0,00    0,20     4  chrome
00:42:24     1000     76063    0,00    0,20    0,00    0,00    0,20     6  chrome
00:42:24        0     97806    0,00    0,20    0,00    0,00    0,20     6  kworker/6:2-mm_percpu_wq
00:42:24        0    100626    0,00    0,20    0,00    0,00    0,20     2  kworker/2:1-events
00:42:24     1000    104325    0,40    0,20    0,00    0,00    0,60     3  pidstat
00:42:24     1000    104357    5,60    0,00    0,00    0,00    5,60     3  java

00:42:19      UID       PID  minflt/s  majflt/s     VSZ     RSS   %MEM  Command
00:42:24        0      1423      0,00      0,00 2463900   70884   0,44  containerd
00:42:24        0      2975      0,20      0,00 1235352   14276   0,09  containerd-shim
00:42:24        0      2976      3,00      0,00 1235608   14888   0,09  containerd-shim
00:42:24        0      2977      2,80      0,00 1235352   15388   0,09  containerd-shim
00:42:24        0      2981      0,60      0,00 1235608   14776   0,09  containerd-shim
00:42:24        0      2982      2,00      0,00 1235608   15484   0,10  containerd-shim
00:42:24       70      3117      5,40      0,00  174540   25424   0,16  postgres
00:42:24     1000      4708      6,80      0,00 5454468  346600   2,14  gnome-shell
00:42:24     1000      6317     37,00      0,00 1461668528  314848   1,94  antigravity
00:42:24     1000      6757      5,40      0,00 34359436  169360   1,04  antigravity
00:42:24     1000      6771      1,20      0,00 33903964   81164   0,50  antigravity
00:42:24     1000      6820    142,60      0,00 1461417264  661028   4,07  antigravity
00:42:24     1000      7161      0,20      0,00 33951332   64332   0,40  antigravity
00:42:24     1000      7229      2,60      0,00 1461383544  129344   0,80  antigravity
00:42:24     1000      7244    296,00      0,00 1461351324  367724   2,27  antigravity
00:42:24     1000      7258      2,80      0,00 1461347760  125896   0,78  antigravity
00:42:24     1000      7260     18,60      0,00 1461367100  164308   1,01  antigravity
00:42:24     1000      8356      5,40      0,00 1459530528  100844   0,62  antigravity
00:42:24     1000      9291     25,80      0,00 55435272  374352   2,31  chrome
00:42:24     1000      9342      2,20      0,00 55467700  213584   1,32  chrome
00:42:24     1000      9345     13,40      0,00 54976356  135860   0,84  chrome
00:42:24     1000      9359      0,60      0,00 55015792   62536   0,39  chrome
00:42:24     1000      9519     75,80      0,00 1518554232  356356   2,20  chrome
00:42:24     1000     76014      0,60      0,00 1518513820  344656   2,12  chrome
00:42:24     1000     76063      0,40      0,00 55006444   86720   0,53  chrome
00:42:24     1000    104357    162,60      0,00 6043924  239992   1,48  java

00:42:19      UID       PID   kB_rd/s   kB_wr/s kB_ccwr/s iodelay  Command
00:42:24     1000      7244      0,00      0,80      0,00       0  antigravity
00:42:24     1000      9291      0,00     28,00      0,00       0  chrome
00:42:24     1000    104325      0,00      1,01      0,00       0  pidstat
00:42:24     1000    104357      0,00      1,59      0,00       0  java

Rata-rata:    UID       PID    %usr %system  %guest   %wait    %CPU   CPU  Command
Rata-rata:      0         1    0,09    0,04    0,00    0,01    0,13     -  systemd
Rata-rata:      0         2    0,00    0,01    0,00    0,00    0,01     -  kthreadd
Rata-rata:      0        16    0,00    0,01    0,00    0,01    0,01     -  ksoftirqd/0
Rata-rata:      0        17    0,00    0,04    0,00    0,02    0,04     -  rcu_preempt
Rata-rata:      0        27    0,00    0,01    0,00    0,01    0,01     -  ksoftirqd/1
Rata-rata:      0        80    0,00    0,01    0,00    0,00    0,01     -  kcompactd0
Rata-rata:      0        86    0,00    0,06    0,00    0,00    0,06     -  irq/9-acpi
Rata-rata:      0       120    0,00    0,04    0,00    0,01    0,04     -  kworker/u33:0-i915_flip
Rata-rata:      0       376    0,01    0,00    0,00    0,01    0,01     -  systemd-journal
Rata-rata:      0       408    0,01    0,02    0,00    0,01    0,04     -  systemd-udevd
Rata-rata:    990       903    0,27    0,02    0,00    0,01    0,29     -  dbus-daemon
Rata-rata:    986       924    0,01    0,01    0,00    0,00    0,02     -  polkitd
Rata-rata:    115       930    0,41    0,18    0,00    0,00    0,59     -  prometheus-node
Rata-rata:    115       933    0,18    0,00    0,00    0,00    0,18     -  prometheus
Rata-rata:      0       942    0,00    0,01    0,00    0,00    0,01     -  systemd-logind
Rata-rata:      0       943    0,01    0,00    0,00    0,00    0,01     -  udisksd
Rata-rata:      0      1079    0,02    0,01    0,00    0,01    0,04     -  NetworkManager
Rata-rata:      0      1165    0,00    0,01    0,00    0,00    0,01     -  ModemManager
Rata-rata:      0      1383    0,13    0,01    0,00    0,00    0,14     -  glances
Rata-rata:      0      1391    0,09    0,07    0,00    0,00    0,16     -  tailscaled
Rata-rata:      0      1411    0,02    0,01    0,00    0,00    0,04     -  anydesk
Rata-rata:      0      1423    0,38    0,13    0,00    0,00    0,51     -  containerd
Rata-rata:    111      1503    0,00    0,01    0,00    0,00    0,01     -  mariadbd
Rata-rata:     33      1800    0,00    0,01    0,00    0,00    0,01     -  apache2
Rata-rata:      0      2309    0,01    0,00    0,00    0,00    0,01     -  cups-browsed
Rata-rata:      0      2310    0,38    0,28    0,00    0,00    0,66     -  dockerd
Rata-rata:    117      2312    0,69    0,29    0,00    0,00    0,99     -  grafana
Rata-rata:      0      2932    0,34    0,28    0,00    0,01    0,62     -  mount.ntfs-3g
Rata-rata:      0      2975    0,04    0,08    0,00    0,00    0,12     -  containerd-shim
Rata-rata:      0      2976    0,05    0,06    0,00    0,00    0,11     -  containerd-shim
Rata-rata:      0      2977    0,07    0,04    0,00    0,00    0,11     -  containerd-shim
Rata-rata:      0      2981    0,08    0,04    0,00    0,00    0,12     -  containerd-shim
Rata-rata:      0      2982    0,05    0,07    0,00    0,00    0,12     -  containerd-shim
Rata-rata:    999      3130    0,36    0,07    0,00    0,00    0,44     -  redis-server
Rata-rata:   1000      4549    0,04    0,01    0,00    0,00    0,05     -  systemd
Rata-rata:   1000      4569    0,01    0,00    0,00    0,00    0,01     -  dbus-daemon
Rata-rata:   1000      4570    0,01    0,02    0,00    0,00    0,04     -  pipewire
Rata-rata:   1000      4573    0,01    0,00    0,00    0,00    0,01     -  wireplumber
Rata-rata:   1000      4574    0,00    0,01    0,00    0,00    0,01     -  pipewire-pulse
Rata-rata:   1000      4708    1,16    0,59    0,00    0,02    1,75     -  gnome-shell
Rata-rata:   1000      5021    0,01    0,01    0,00    0,01    0,02     -  gsd-housekeepin
Rata-rata:   1000      5043    0,01    0,00    0,00    0,01    0,01     -  gnome-software
Rata-rata:   1000      5055    0,01    0,00    0,00    0,01    0,01     -  gsd-sharing
Rata-rata:   1000      5107    0,01    0,02    0,00    0,00    0,04     -  anydesk
Rata-rata:   1000      5268    0,01    0,01    0,00    0,00    0,02     -  gvfs-udisks2-vo
Rata-rata:   1000      5364    0,00    0,01    0,00    0,00    0,01     -  gvfs-afc-volume
Rata-rata:   1000      5504    0,01    0,00    0,00    0,01    0,01     -  xdg-desktop-por
Rata-rata:   1000      5586    0,00    0,01    0,00    0,00    0,01     -  gvfsd-trash
Rata-rata:      0      5954    0,01    0,01    0,00    0,01    0,02     -  fwupd
Rata-rata:   1000      6317    0,21    0,13    0,00    0,01    0,34     -  antigravity
Rata-rata:   1000      6339    0,80    0,01    0,00    0,00    0,81     -  gnome-terminal-
Rata-rata:   1000      6757    0,28    0,09    0,00    0,01    0,38     -  antigravity
Rata-rata:   1000      6820    3,96    0,21    0,00    0,01    4,17     -  antigravity
Rata-rata:   1000      7059    1,61    1,72    0,00    0,01    3,33     -  language_server
Rata-rata:   1000      7161    0,00    0,01    0,00    0,00    0,01     -  antigravity
Rata-rata:   1000      7229    0,24    0,13    0,00    0,00    0,36     -  antigravity
Rata-rata:   1000      7244    2,16    0,53    0,00    0,01    2,69     -  antigravity
Rata-rata:   1000      7258    0,01    0,01    0,00    0,00    0,02     -  antigravity
Rata-rata:   1000      7260    0,61    0,14    0,00    0,01    0,75     -  antigravity
Rata-rata:   1000      8267    1,69    1,36    0,00    0,00    3,06     -  language_server
Rata-rata:   1000      8356    0,08    0,04    0,00    0,00    0,12     -  antigravity
Rata-rata:   1000      9291    0,16    0,07    0,00    0,01    0,24     -  chrome
Rata-rata:   1000      9345    0,04    0,01    0,00    0,01    0,05     -  chrome
Rata-rata:   1000      9359    0,01    0,01    0,00    1,18    0,02     -  chrome
Rata-rata:   1000      9390    0,01    0,01    0,00    1,18    0,02     -  chrome
Rata-rata:   1000      9500    0,01    0,01    0,00    0,00    0,02     -  chrome
Rata-rata:   1000      9519    0,18    0,04    0,00    0,00    0,21     -  chrome
Rata-rata:   1000     76014    0,02    0,01    0,00    0,00    0,04     -  chrome
Rata-rata:   1000     76025    0,01    0,00    0,00    0,00    0,01     -  chrome
Rata-rata:   1000     76063    0,01    0,01    0,00    1,19    0,02     -  chrome
Rata-rata:      0     78088    0,00    0,04    0,00    0,00    0,04     -  kworker/u32:6-events_unbound
Rata-rata:   1000     91682    0,05    0,04    0,00    0,00    0,08     -  ssh
Rata-rata:      0     93905    0,00    0,01    0,00    0,00    0,01     -  kworker/u32:7-ext4-rsv-conversion
Rata-rata:      0     97806    0,00    0,05    0,00    0,04    0,05     -  kworker/6:2-mm_percpu_wq
Rata-rata:      0     97830    0,01    0,00    0,00    0,01    0,01     -  kworker/7:0-mm_percpu_wq
Rata-rata:   1000     98039    0,05    0,01    0,00    0,00    0,06     -  antigravity
Rata-rata:   1000     98130    0,01    0,00    0,00    0,00    0,01     -  chrome
Rata-rata:      0     99362    0,00    0,01    0,00    0,00    0,01     -  kworker/u32:5-flush-8:0
Rata-rata:      0    100626    0,00    0,02    0,00    0,01    0,02     -  kworker/2:1-events
Rata-rata:      0    102820    0,00    0,01    0,00    0,01    0,01     -  kworker/6:1-events
Rata-rata:      0    102824    0,01    0,00    0,00    0,01    0,01     -  kworker/1:1-events
Rata-rata:   1000    104325    0,19    0,26    0,00    0,00    0,45     -  pidstat
Rata-rata:   1000    104357   10,08    0,65    0,00    0,00   10,73     -  java
Rata-rata:      0    104612    0,01    0,00    0,00    0,00    0,01     -  kworker/0:2-events

Rata-rata:    UID       PID  minflt/s  majflt/s     VSZ     RSS   %MEM  Command
Rata-rata:      0         1      0,01      0,00   24652   14916   0,09  systemd
Rata-rata:      0       376      5,45      0,00  188968  108692   0,67  systemd-journal
Rata-rata:      0       408     11,41      0,00   37544   10908   0,07  systemd-udevd
Rata-rata:    115       930     28,53      0,00 1762312   26013   0,16  prometheus-node
Rata-rata:    115       933      0,19      0,00 2711492  116664   0,72  prometheus
Rata-rata:      0      1391      0,06      0,00 1421316   96872   0,60  tailscaled
Rata-rata:      0      1423      0,89      0,00 2463900   71150   0,44  containerd
Rata-rata:    114      1526      0,52      0,00  218252   29568   0,18  postgres
Rata-rata:      0      2310      0,01      0,00 3498856  111800   0,69  dockerd
Rata-rata:    117      2312      0,28      0,00 1765300  349884   2,16  grafana
Rata-rata:      0      2975      6,96      0,00 1235352   14022   0,09  containerd-shim
Rata-rata:      0      2976      6,88      0,00 1235608   14653   0,09  containerd-shim
Rata-rata:      0      2977      8,20      0,00 1235352   15081   0,09  containerd-shim
Rata-rata:      0      2981      7,48      0,00 1235608   14484   0,09  containerd-shim
Rata-rata:      0      2982      7,12      0,00 1235608   14992   0,09  containerd-shim
Rata-rata:     70      3117      0,58      0,00  174540   25424   0,16  postgres
Rata-rata:   1000      4570      2,19      0,00  104148   14703   0,09  pipewire
Rata-rata:   1000      4574      2,25      0,00  110852   15694   0,10  pipewire-pulse
Rata-rata:   1000      4708      4,75      0,00 5454088  346650   2,14  gnome-shell
Rata-rata:   1000      5504      0,01      0,00  778332   19920   0,12  xdg-desktop-por
Rata-rata:      0      5954      0,04      0,00  370300   46692   0,29  fwupd
Rata-rata:   1000      6317     36,00      0,00 1461668528  315018   1,94  antigravity
Rata-rata:   1000      6757     15,51      0,00 34359159  169620   1,04  antigravity
Rata-rata:   1000      6771      0,78      0,00 33903964   81164   0,50  antigravity
Rata-rata:   1000      6820    210,18      0,00 1461417264  661385   4,07  antigravity
Rata-rata:   1000      6924      0,05      0,00 1459611392  180072   1,11  antigravity
Rata-rata:   1000      7161      0,25      0,00 33951332   64332   0,40  antigravity
Rata-rata:   1000      7229     56,45      0,00 1461383544  129374   0,80  antigravity
Rata-rata:   1000      7244    376,10      0,00 1461351324  350849   2,16  antigravity
Rata-rata:   1000      7258      3,65      0,00 1461347760  125896   0,78  antigravity
Rata-rata:   1000      7260     15,23      0,00 1461367100  164194   1,01  antigravity
Rata-rata:   1000      8356      5,26      0,00 1459530528  100844   0,62  antigravity
Rata-rata:   1000      9291     11,85      0,00 55435272  374251   2,31  chrome
Rata-rata:   1000      9342      2,72      0,00 55467700  213584   1,32  chrome
Rata-rata:   1000      9345     12,82      0,00 54976341  135925   0,84  chrome
Rata-rata:   1000      9359      0,74      0,00 55015792   62536   0,39  chrome
Rata-rata:   1000      9519     25,58      0,00 1518554066  357942   2,21  chrome
Rata-rata:   1000     76014      0,45      0,00 1518513820  344603   2,12  chrome
Rata-rata:   1000     76063      0,26      0,00 55006444   86720   0,53  chrome
Rata-rata:   1000     99008      0,78      0,00    7664    3936   0,02  bash
Rata-rata:   1000    104325      0,54      0,00    6308    5096   0,03  pidstat
Rata-rata:   1000    104326      0,25      0,00    2676    1784   0,01  jmeter
Rata-rata:   1000    104357    385,38      0,00 6043924  225205   1,39  java

Rata-rata:    UID       PID   kB_rd/s   kB_wr/s kB_ccwr/s iodelay  Command
Rata-rata:   1000      4573      0,00      0,05      0,00       0  wireplumber
Rata-rata:   1000      4708      0,00      4,47      0,00       0  gnome-shell
Rata-rata:   1000      7244      0,00      0,42      0,00       0  antigravity
Rata-rata:   1000      9291      0,00      4,80      0,00       0  chrome
Rata-rata:   1000      9345      0,00     12,23      0,00       0  chrome
Rata-rata:   1000     99008      0,00     10,64      4,47       0  bash
Rata-rata:   1000    104325      0,00      1,01      0,00       0  pidstat
Rata-rata:   1000    104357      0,00      2,51      0,00       0  java
