{
  "3. Profil (/api/auth/me)" : {
    "transaction" : "3. Profil (/api/auth/me)",
    "sampleCount" : 171,
    "errorCount" : 35,
    "errorPct" : 20.467836,
    "meanResTime" : 2282.801169590644,
    "medianResTime" : 679.0,
    "minResTime" : 151.0,
    "maxResTime" : 16212.0,
    "pct1ResTime" : 9780.800000000005,
    "pct2ResTime" : 12281.0,
    "pct3ResTime" : 14502.000000000004,
    "throughput" : 0.567994977728618,
    "receivedKBytesPerSec" : 0.6528322210098352,
    "sentKBytesPerSec" : 0.37175411422677945
  },
  "Total" : {
    "transaction" : "Total",
    "sampleCount" : 543,
    "errorCount" : 166,
    "errorPct" : 30.570902,
    "meanResTime" : 9929.917127071816,
    "medianResTime" : 4160.0,
    "minResTime" : 151.0,
    "maxResTime" : 47750.0,
    "pct1ResTime" : 25757.600000000002,
    "pct2ResTime" : 27803.39999999999,
    "pct3ResTime" : 41643.44,
    "throughput" : 1.7502409401662569,
    "receivedKBytesPerSec" : 5.030264960651812,
    "sentKBytesPerSec" : 0.9241401347089218
  },
  "2. Dashboard (/api/dashboard/stats)" : {
    "transaction" : "2. Dashboard (/api/dashboard/stats)",
    "sampleCount" : 185,
    "errorCount" : 99,
    "errorPct" : 53.51351,
    "meanResTime" : 20141.6162162162,
    "medianResTime" : 23908.0,
    "minResTime" : 152.0,
    "maxResTime" : 47750.0,
    "pct1ResTime" : 29042.4,
    "pct2ResTime" : 34181.39999999998,
    "pct3ResTime" : 47749.14,
    "throughput" : 0.599640863742148,
    "receivedKBytesPerSec" : 3.0747864083294982,
    "sentKBytesPerSec" : 0.40139599836962514
  },
  "1. Auth (/api/auth/login)" : {
    "transaction" : "1. Auth (/api/auth/login)",
    "sampleCount" : 187,
    "errorCount" : 32,
    "errorPct" : 17.112299,
    "meanResTime" : 6820.2513368983955,
    "medianResTime" : 4575.0,
    "minResTime" : 245.0,
    "maxResTime" : 26861.0,
    "pct1ResTime" : 16415.400000000005,
    "pct2ResTime" : 23239.6,
    "pct3ResTime" : 25981.880000000005,
    "throughput" : 0.6155527466161057,
    "receivedKBytesPerSec" : 1.367503171372189,
    "sentKBytesPerSec" : 0.16771407842372416
  }
}