{
  "3. Profil (/api/auth/me)" : {
    "transaction" : "3. Profil (/api/auth/me)",
    "sampleCount" : 109,
    "errorCount" : 0,
    "errorPct" : 0.0,
    "meanResTime" : 3080.467889908258,
    "medianResTime" : 1338.0,
    "minResTime" : 178.0,
    "maxResTime" : 11992.0,
    "pct1ResTime" : 10342.0,
    "pct2ResTime" : 11285.5,
    "pct3ResTime" : 11968.800000000001,
    "throughput" : 0.3894456651839148,
    "receivedKBytesPerSec" : 0.49017062811511874,
    "sentKBytesPerSec" : 0.2913236128231238
  },
  "Total" : {
    "transaction" : "Total",
    "sampleCount" : 344,
    "errorCount" : 1,
    "errorPct" : 0.29069766,
    "meanResTime" : 7801.776162790699,
    "medianResTime" : 8782.0,
    "minResTime" : 178.0,
    "maxResTime" : 24121.0,
    "pct1ResTime" : 14516.5,
    "pct2ResTime" : 18471.0,
    "pct3ResTime" : 23613.350000000002,
    "throughput" : 1.1176524101004588,
    "receivedKBytesPerSec" : 5.21482179393771,
    "sentKBytesPerSec" : 0.6551251135115729
  },
  "2. Dashboard (/api/dashboard/stats)" : {
    "transaction" : "2. Dashboard (/api/dashboard/stats)",
    "sampleCount" : 116,
    "errorCount" : 1,
    "errorPct" : 0.86206895,
    "meanResTime" : 14358.9224137931,
    "medianResTime" : 13342.0,
    "minResTime" : 5143.0,
    "maxResTime" : 24121.0,
    "pct1ResTime" : 20581.1,
    "pct2ResTime" : 22837.09999999999,
    "pct3ResTime" : 24110.12,
    "throughput" : 0.3803104119810894,
    "receivedKBytesPerSec" : 3.843131739444747,
    "sentKBytesPerSec" : 0.28746119030601874
  },
  "1. Auth (/api/auth/login)" : {
    "transaction" : "1. Auth (/api/auth/login)",
    "sampleCount" : 119,
    "errorCount" : 0,
    "errorPct" : 0.0,
    "meanResTime" : 5734.495798319332,
    "medianResTime" : 4985.0,
    "minResTime" : 290.0,
    "maxResTime" : 12688.0,
    "pct1ResTime" : 11313.0,
    "pct2ResTime" : 12022.0,
    "pct3ResTime" : 12639.8,
    "throughput" : 0.3887097775208156,
    "receivedKBytesPerSec" : 0.9657614618345794,
    "sentKBytesPerSec" : 0.10590823039873783
  }
}