Linux 6.12.96+deb13-amd64 (debian) 	29/07/26 	_x86_64_	(8 CPU)

23:45:07      UID       PID    %usr %system  %guest   %wait    %CPU   CPU  Command
23:45:12        0         1    0,40    0,00    0,00    0,00    0,40     2  systemd
23:45:12        0        57    0,00    1,19    0,00    0,00    1,19     6  ksoftirqd/6
23:45:12        0        58    0,00    0,80    0,00    2,39    0,80     6  kworker/6:0-i915-unordered
23:45:12        0       375    0,00    0,20    0,00    0,00    0,20     0  systemd-journal
23:45:12        0       435    0,00    0,20    0,00    0,40    0,20     2  systemd-udevd
23:45:12      990       908    0,60    0,20    0,00    0,00    0,80     7  dbus-daemon
23:45:12      115       943    0,20    0,00    0,00    0,00    0,20     1  prometheus
23:45:12        0      1081    0,20    0,20    0,00    0,00    0,40     0  NetworkManager
23:45:12        0      1646    0,00    0,20    0,00    0,00    0,20     6  glances
23:45:12        0      1654    0,60    0,00    0,00    0,00    0,60     6  tailscaled
23:45:12        0      1668    1,19    0,20    0,00    0,00    1,39     3  containerd
23:45:12        0      2676    1,19    0,60    0,00    0,00    1,79     1  dockerd
23:45:12      117      2677    0,99    0,20    0,00    0,00    1,19     5  grafana
23:45:12        0      3027    0,00    0,20    0,00    0,20    0,20     7  mount.ntfs-3g
23:45:12        0      3076    0,00    0,20    0,00    0,00    0,20     7  containerd-shim
23:45:12        0      3091    0,00    0,20    0,00    0,00    0,20     3  containerd-shim
23:45:12        0      3120    0,20    0,00    0,00    0,00    0,20     4  containerd-shim
23:45:12      999      3241    0,40    0,00    0,00    0,00    0,40     2  redis-server
23:45:12     1000      3918    0,20    0,00    0,00    0,00    0,20     3  systemd
23:45:12     1000      4211   14,91    3,18    0,00    0,80   18,09     6  gnome-shell
23:45:12     1000      4491    0,20    0,00    0,00    0,00    0,20     7  gsd-housekeepin
23:45:12     1000      4519    0,20    0,00    0,00    0,00    0,20     6  gsd-rfkill
23:45:12     1000      4757    0,20    0,00    0,00    0,00    0,20     6  gvfs-udisks2-vo
23:45:12     1000      4944    0,20    0,00    0,00    0,00    0,20     0  gvfsd-trash
23:45:12        0      5233    0,20    0,00    0,00    0,00    0,20     0  fwupd
23:45:12     1000      5898    4,57    1,19    0,00    0,80    5,77     4  antigravity
23:45:12     1000      5952   10,93    2,39    0,00    0,99   13,32     6  antigravity
23:45:12     1000      6000   27,63    1,19    0,00    0,40   28,83     5  antigravity
23:45:12     1000      6006    0,20    0,00    0,00    0,00    0,20     5  antigravity
23:45:12     1000      6248    1,99    0,60    0,00    0,40    2,58     6  language_server
23:45:12     1000      6334    0,60    0,20    0,00    0,00    0,80     3  antigravity
23:45:12     1000      6366    1,59    0,20    0,00    0,00    1,79     2  antigravity
23:45:12     1000      6381    3,98    0,20    0,00    0,00    4,17     6  antigravity
23:45:12     1000      6409    0,60    0,20    0,00    0,20    0,80     4  antigravity
23:45:12     1000      6708    1,19    0,80    0,00    0,00    1,99     5  language_server
23:45:12     1000      7203    1,19    1,19    0,00    0,00    2,39     3  language_server
23:45:12        0      8594    0,00    0,60    0,00    1,59    0,60     1  kworker/u33:0-i915_flip
23:45:12     1000      9105    0,40    0,00    0,00    0,00    0,40     1  chrome
23:45:12     1000      9152    0,40    0,20    0,00    0,00    0,60     6  chrome
23:45:12     1000      9168    0,00    0,20    0,00    0,00    0,20     6  chrome
23:45:12     1000      9202    0,20    0,00    0,00   19,88    0,20     4  chrome
23:45:12     1000      9335    0,00    0,20    0,00    0,00    0,20     7  chrome
23:45:12     1000      9378    1,39    0,00    0,00    0,00    1,39     7  gnome-terminal-
23:45:12     1000     12786    0,20    0,20    0,00    0,00    0,40     3  pidstat
23:45:12     1000     12818  112,52    6,56    0,00    0,00  119,09     6  java

23:45:07      UID       PID  minflt/s  majflt/s     VSZ     RSS   %MEM  Command
23:45:12        0         1      0,40      0,00   24704   14840   0,09  systemd
23:45:12        0       375     42,35      0,00  163644   80468   0,50  systemd-journal
23:45:12        0       435     86,28      0,00   37432   10756   0,07  systemd-udevd
23:45:12        0      1654      3,58      0,00 1421460  106572   0,66  tailscaled
23:45:12        0      1668     20,87      0,00 2463668   71080   0,44  containerd
23:45:12        0      2676      0,40      0,00 3358484  108084   0,67  dockerd
23:45:12      117      2677      3,98      0,00 1765380  336744   2,07  grafana
23:45:12        0      3068      6,96      0,00 1235608   14520   0,09  containerd-shim
23:45:12        0      3075     12,33      0,00 1235608   14416   0,09  containerd-shim
23:45:12        0      3076      7,16      0,00 1235608   14400   0,09  containerd-shim
23:45:12        0      3091      3,18      0,00 1235608   14884   0,09  containerd-shim
23:45:12        0      3120      5,77      0,00 1235608   14360   0,09  containerd-shim
23:45:12       70      3230      4,37      0,00  174540   25788   0,16  postgres
23:45:12      117      3639      0,20      0,00 1296396   35360   0,22  gpx_grafana_ela
23:45:12     1000      4211      2,58      0,00 5033024  315772   1,95  gnome-shell
23:45:12     1000      5898     46,92      0,00 1461714124  312028   1,92  antigravity
23:45:12     1000      5952     39,36      0,00 34385580  167756   1,03  antigravity
23:45:12     1000      5963      0,80      0,00 33906396   82640   0,51  antigravity
23:45:12     1000      6000    512,33      0,00 1461388716  407228   2,51  antigravity
23:45:12     1000      6006     24,06      0,00 1459645368  273032   1,68  antigravity
23:45:12     1000      6289      0,20      0,00 33951332   64440   0,40  antigravity
23:45:12     1000      6302      3,78      0,00 1461347888  121388   0,75  antigravity
23:45:12     1000      6303      1,39      0,00 1461367164  112424   0,69  antigravity
23:45:12     1000      6334     10,93      0,00 1461342992  259292   1,60  antigravity
23:45:12     1000      6366    167,59      0,00 1461351388  304344   1,87  antigravity
23:45:12     1000      6381     18,49      0,00 1461358904  154908   0,95  antigravity
23:45:12     1000      6409    137,38      0,00 1461383736  122320   0,75  antigravity
23:45:12     1000      9105     14,12      0,00 55447012  385744   2,38  chrome
23:45:12     1000      9152      6,36      0,00 55460668  193268   1,19  chrome
23:45:12     1000      9157    106,96      0,00 54984556  131968   0,81  chrome
23:45:12     1000      9168      0,40      0,00 55021684   62848   0,39  chrome
23:45:12     1000      9642      0,40      0,00 55012336   86728   0,53  chrome
23:45:12     1000      9657      0,00      0,00 1520518568  327676   2,02  chrome
23:45:12     1000     12786      1,39      0,00    6184    5080   0,03  pidstat
23:45:12     1000     12787      3,78      0,00    2676    1808   0,01  jmeter
23:45:12     1000     12818   6329,82      0,00 5161364  234876   1,45  java
23:45:12        0     12934     50,10      0,00   37436    7096   0,04  (udev-worker)
23:45:12        0     12944     26,84      0,00   37436    6776   0,04  (udev-worker)
23:45:12        0     12945     37,38      0,00   37436    6648   0,04  (udev-worker)
23:45:12        0     12946     27,04      0,00   37436    6776   0,04  (udev-worker)
23:45:12        0     12948     26,84      0,00   37436    6648   0,04  (udev-worker)
23:45:12        0     12950     26,84      0,00   37436    6776   0,04  (udev-worker)
23:45:12        0     12951     55,86      0,00   37436    7032   0,04  (udev-worker)
23:45:12        0     12952     27,24      0,00   37436    6776   0,04  (udev-worker)
23:45:12        0     12953     27,24      0,00   37436    6776   0,04  (udev-worker)
23:45:12        0     12954     27,04      0,00   37436    6776   0,04  (udev-worker)
23:45:12        0     12955     27,24      0,00   37436    6776   0,04  (udev-worker)
23:45:12        0     12956     27,24      0,00   37436    6776   0,04  (udev-worker)
23:45:12        0     12958     26,84      0,00   37436    6776   0,04  (udev-worker)
23:45:12        0     12959     27,24      0,00   37436    6648   0,04  (udev-worker)
23:45:12        0     12961     26,84      0,00   37436    6648   0,04  (udev-worker)
23:45:12        0     12962     26,44      0,00   37436    6648   0,04  (udev-worker)

23:45:07      UID       PID   kB_rd/s   kB_wr/s kB_ccwr/s iodelay  Command
23:45:12     1000      9157      0,00    202,78      0,00       0  chrome
23:45:12     1000     12818      0,00      2,27      0,00       0  java

23:45:12      UID       PID    %usr %system  %guest   %wait    %CPU   CPU  Command
23:45:17        0        18    0,00    0,20    0,00    0,00    0,20     1  rcu_preempt
23:45:17        0        57    0,00    1,00    0,00    0,00    1,00     6  ksoftirqd/6
23:45:17        0        58    0,00    0,60    0,00    0,80    0,60     6  kworker/6:0-i915-unordered
23:45:17        0        73    0,00    0,20    0,00    0,00    0,20     1  kworker/u32:7-flush-8:0
23:45:17      115       943    0,20    0,00    0,00    0,00    0,20     1  prometheus
23:45:17        0      1646    0,20    0,00    0,00    0,00    0,20     6  glances
23:45:17        0      1654    0,20    0,00    0,00    0,00    0,20     6  tailscaled
23:45:17        0      1668    0,40    0,00    0,00    0,00    0,40     3  containerd
23:45:17        0      2676    0,40    0,20    0,00    0,00    0,60     1  dockerd
23:45:17      117      2677    0,20    0,40    0,00    0,00    0,60     5  grafana
23:45:17        0      3027    0,20    0,40    0,00    0,00    0,60     1  mount.ntfs-3g
23:45:17        0      3068    0,00    0,20    0,00    0,00    0,20     0  containerd-shim
23:45:17        0      3075    0,00    0,20    0,00    0,00    0,20     3  containerd-shim
23:45:17        0      3091    0,20    0,00    0,00    0,00    0,20     3  containerd-shim
23:45:17        0      3120    0,20    0,00    0,00    0,00    0,20     4  containerd-shim
23:45:17      999      3241    0,40    0,20    0,00    0,00    0,60     5  redis-server
23:45:17     1000      4211    8,20    7,60    0,00    0,00   15,80     3  gnome-shell
23:45:17     1000      4546    0,00    0,20    0,00    0,00    0,20     5  anydesk
23:45:17     1000      5898    4,00    1,20    0,00    0,00    5,20     6  antigravity
23:45:17     1000      5952    9,20    1,80    0,00    0,00   11,00     1  antigravity
23:45:17     1000      6000    6,40    0,60    0,00    0,00    7,00     2  antigravity
23:45:17     1000      6006    0,20    0,00    0,00    0,00    0,20     7  antigravity
23:45:17     1000      6248    1,40    1,40    0,00    0,00    2,80     0  language_server
23:45:17     1000      6303    0,20    0,00    0,00    0,00    0,20     0  antigravity
23:45:17     1000      6334    0,40    0,00    0,00    0,00    0,40     2  antigravity
23:45:17     1000      6366    1,60    0,00    0,00    0,00    1,60     6  antigravity
23:45:17     1000      6381    0,80    0,00    0,00    0,00    0,80     5  antigravity
23:45:17     1000      6409    0,40    0,20    0,00    0,00    0,60     2  antigravity
23:45:17     1000      6708    1,60    1,00    0,00    0,00    2,60     5  language_server
23:45:17     1000      7203    1,60    1,20    0,00    0,00    2,80     3  language_server
23:45:17        0      8594    0,00    0,60    0,00    1,00    0,60     7  kworker/u33:0-i915_flip
23:45:17        0      8778    0,00    0,20    0,00    0,00    0,20     7  kworker/7:0-i915-unordered
23:45:17     1000      9105    0,20    0,00    0,00    0,00    0,20     1  chrome
23:45:17     1000      9152    0,20    0,00    0,00    0,00    0,20     3  chrome
23:45:17     1000      9157    0,20    0,00    0,00    0,00    0,20     3  chrome
23:45:17     1000      9378    0,60    0,00    0,00    0,00    0,60     7  gnome-terminal-
23:45:17     1000      9657    0,20    0,00    0,00    0,00    0,20     7  chrome
23:45:17     1000     12786    0,20    0,40    0,00    0,00    0,60     0  pidstat
23:45:17     1000     12818   10,40    0,40    0,00    0,00   10,80     6  java

23:45:12      UID       PID  minflt/s  majflt/s     VSZ     RSS   %MEM  Command
23:45:17        0       435      1,80      0,00   37432   10756   0,07  systemd-udevd
23:45:17      115       943      0,80      0,00 2610260  107400   0,66  prometheus
23:45:17        0      1668      0,40      0,00 2463668   71080   0,44  containerd
23:45:17        0      3068     11,40      0,00 1235608   14520   0,09  containerd-shim
23:45:17        0      3075     12,20      0,00 1235608   14544   0,09  containerd-shim
23:45:17        0      3076     10,80      0,00 1235608   14528   0,09  containerd-shim
23:45:17        0      3091     11,80      0,00 1235608   15012   0,09  containerd-shim
23:45:17        0      3120     11,20      0,00 1235608   14488   0,09  containerd-shim
23:45:17     1000      4211      7,20      0,00 5024824  315772   1,95  gnome-shell
23:45:17     1000      5898     34,60      0,00 1461714124  312156   1,92  antigravity
23:45:17     1000      5952      7,80      0,00 34381632  167588   1,03  antigravity
23:45:17     1000      5963      1,60      0,00 33906396   82640   0,51  antigravity
23:45:17     1000      6000    115,60      0,00 1461390892  406996   2,51  antigravity
23:45:17     1000      6006     23,20      0,00 1459645368  273544   1,69  antigravity
23:45:17     1000      6289      0,40      0,00 33951332   64440   0,40  antigravity
23:45:17     1000      6302      3,00      0,00 1461347888  121388   0,75  antigravity
23:45:17     1000      6303      0,80      0,00 1461367164  112424   0,69  antigravity
23:45:17     1000      6334     17,00      0,00 1461342992  259420   1,60  antigravity
23:45:17     1000      6366    258,60      0,00 1461351388  304380   1,88  antigravity
23:45:17     1000      6381     11,80      0,00 1461358904  155036   0,96  antigravity
23:45:17     1000      6409    120,20      0,00 1461383736  122448   0,75  antigravity
23:45:17     1000      9105     19,20      0,00 55447012  385872   2,38  chrome
23:45:17     1000      9152      3,20      0,00 55460668  193268   1,19  chrome
23:45:17     1000      9157     23,40      0,00 54984556  132352   0,82  chrome
23:45:17     1000      9168      0,20      0,00 55021684   62848   0,39  chrome
23:45:17     1000      9642      0,20      0,00 55012336   86728   0,53  chrome
23:45:17     1000      9657     97,80      0,00 1520518568  329596   2,03  chrome
23:45:17     1000     10937      6,20      0,00    7664    3776   0,02  run_all_tests.s
23:45:17     1000     12786      7,40      0,00    6316    5336   0,03  pidstat
23:45:17     1000     12818    125,80      0,00 5161364  225972   1,39  java
23:45:17     1000     13078     23,80      0,00    5660    1992   0,01  sleep

23:45:12      UID       PID   kB_rd/s   kB_wr/s kB_ccwr/s iodelay  Command
23:45:17     1000      9105      0,00     15,20      0,00       0  chrome
23:45:17     1000     12786      0,00      1,70      0,00       0  pidstat
23:45:17     1000     12818      0,00      0,17      0,00       0  java

23:45:17      UID       PID    %usr %system  %guest   %wait    %CPU   CPU  Command
23:45:22        0         1    0,20    0,00    0,00    0,00    0,20     1  systemd
23:45:22        0        27    0,20    0,00    0,00    0,00    0,20     1  ksoftirqd/1
23:45:22        0        45    0,20    0,00    0,00    0,00    0,20     4  ksoftirqd/4
23:45:22        0        57    0,00    1,20    0,00    0,00    1,20     6  ksoftirqd/6
23:45:22        0        58    0,00    0,80    0,00    1,00    0,80     6  kworker/6:0-i915-unordered
23:45:22        0        86    0,00    0,20    0,00    0,00    0,20     1  irq/9-acpi
23:45:22        0       214    0,00    0,20    0,00    0,00    0,20     1  kworker/1:1H-events_highpri
23:45:22      990       908    0,60    0,00    0,00    0,00    0,60     3  dbus-daemon
23:45:22      115       942    1,20    0,60    0,00    0,00    1,80     3  prometheus-node
23:45:22      115       943    0,00    0,20    0,00    0,00    0,20     1  prometheus
23:45:22        0      1646    0,20    0,00    0,00    0,00    0,20     6  glances
23:45:22        0      1654    0,20    0,20    0,00    0,00    0,40     6  tailscaled
23:45:22        0      1668    0,20    0,20    0,00    0,00    0,40     3  containerd
23:45:22      111      1761    0,00    0,20    0,00    0,00    0,20     6  mariadbd
23:45:22        0      2676    0,40    0,20    0,00    0,00    0,60     1  dockerd
23:45:22      117      2677    0,60    0,40    0,00    0,00    1,00     5  grafana
23:45:22        0      3027    0,80    0,80    0,00    0,00    1,60     7  mount.ntfs-3g
23:45:22        0      3075    0,20    0,00    0,00    0,00    0,20     3  containerd-shim
23:45:22        0      3091    0,00    0,20    0,00    0,00    0,20     3  containerd-shim
23:45:22      999      3241    0,40    0,00    0,00    0,00    0,40     6  redis-server
23:45:22     1000      4211   10,00    6,00    0,00    0,00   16,00     5  gnome-shell
23:45:22     1000      5898    3,80    1,80    0,00    0,00    5,60     0  antigravity
23:45:22     1000      5952    9,40    2,20    0,00    0,00   11,60     1  antigravity
23:45:22     1000      6000    6,80    1,20    0,00    0,00    8,00     3  antigravity
23:45:22     1000      6248    2,20    0,80    0,00    0,00    3,00     1  language_server
23:45:22     1000      6334    0,60    0,00    0,00    0,00    0,60     3  antigravity
23:45:22     1000      6366    1,00    0,20    0,00    0,00    1,20     6  antigravity
23:45:22     1000      6381    0,80    0,00    0,00    0,00    0,80     4  antigravity
23:45:22     1000      6409    0,40    0,00    0,00    0,00    0,40     4  antigravity
23:45:22     1000      6708    1,40    1,00    0,00    0,00    2,40     5  language_server
23:45:22     1000      7203    1,20    1,40    0,00    0,00    2,60     3  language_server
23:45:22        0      8594    0,00    0,80    0,00    0,80    0,80     3  kworker/u33:0-i915_flip
23:45:22     1000      9105    0,20    0,20    0,00    0,00    0,40     6  chrome
23:45:22     1000      9152    0,40    0,00    0,00    0,00    0,40     3  chrome
23:45:22     1000      9378    1,20    0,00    0,00    0,00    1,20     4  gnome-terminal-
23:45:22     1000      9773    0,20    0,00    0,00    0,00    0,20     3  ssh
23:45:22        0     12697    0,20    0,00    0,00    0,00    0,20     2  kworker/2:1-events
23:45:22     1000     12786    0,20    0,40    0,00    0,00    0,60     2  pidstat
23:45:22     1000     12818   17,80    0,80    0,00    0,00   18,60     6  java

23:45:17      UID       PID  minflt/s  majflt/s     VSZ     RSS   %MEM  Command
23:45:22      115       942     53,60      0,00 1614080   25628   0,16  prometheus-node
23:45:22      114      1776      3,60      0,00  218252   29316   0,18  postgres
23:45:22        0      3068     16,40      0,00 1235608   14776   0,09  containerd-shim
23:45:22        0      3075     10,40      0,00 1235608   14800   0,09  containerd-shim
23:45:22        0      3076     12,60      0,00 1235608   14912   0,09  containerd-shim
23:45:22        0      3091     11,80      0,00 1235608   15268   0,09  containerd-shim
23:45:22        0      3120     12,80      0,00 1235608   14744   0,09  containerd-shim
23:45:22     1000      4211      1,20      0,00 5032952  315772   1,95  gnome-shell
23:45:22     1000      5898     36,80      0,00 1461714124  312540   1,93  antigravity
23:45:22     1000      5952     32,20      0,00 34377316  167224   1,03  antigravity
23:45:22     1000      5963      2,20      0,00 33906396   82640   0,51  antigravity
23:45:22     1000      6000    158,80      0,00 1461388716  408060   2,51  antigravity
23:45:22     1000      6006     20,20      0,00 1459645368  274056   1,69  antigravity
23:45:22     1000      6289      0,20      0,00 33951332   64440   0,40  antigravity
23:45:22     1000      6302      6,20      0,00 1461347888  121388   0,75  antigravity
23:45:22     1000      6303      1,20      0,00 1461367164  112424   0,69  antigravity
23:45:22     1000      6334     18,60      0,00 1461342992  259292   1,60  antigravity
23:45:22     1000      6366    298,80      0,00 1461351388  303820   1,87  antigravity
23:45:22     1000      6381     20,40      0,00 1461358904  155284   0,96  antigravity
23:45:22     1000      6409     97,00      0,00 1461383736  122576   0,76  antigravity
23:45:22     1000      9105      6,60      0,00 55447012  385872   2,38  chrome
23:45:22     1000      9152      3,20      0,00 55460668  193268   1,19  chrome
23:45:22     1000      9157      1,60      0,00 54984556  132204   0,81  chrome
23:45:22     1000      9168      0,20      0,00 55021684   62848   0,39  chrome
23:45:22     1000      9642      0,20      0,00 55012336   86728   0,53  chrome
23:45:22     1000     12786      0,60      0,00    6316    5336   0,03  pidstat
23:45:22     1000     12818   1694,60      0,00 5161364  258088   1,59  java

23:45:17      UID       PID   kB_rd/s   kB_wr/s kB_ccwr/s iodelay  Command
23:45:22     1000      5963      0,00      3,20      0,00       0  antigravity
23:45:22     1000      6366      0,00      0,80      0,00       0  antigravity
23:45:22     1000      9105      0,00      5,60      0,00       0  chrome
23:45:22     1000      9157      0,00     20,80      0,00       0  chrome
23:45:22     1000     12786      0,00      1,27      0,00       0  pidstat
23:45:22     1000     12818      0,00      1,65      0,00       0  java

23:45:22      UID       PID    %usr %system  %guest   %wait    %CPU   CPU  Command
23:45:27        0        57    0,00    1,00    0,00    0,00    1,00     6  ksoftirqd/6
23:45:27        0        58    0,00    0,60    0,00    0,80    0,60     6  kworker/6:0-i915-unordered
23:45:27        0        65    0,00    0,20    0,00    0,00    0,20     7  kworker/7:0H-events_highpri
23:45:27        0        67    0,00    0,20    0,00    0,00    0,20     7  kworker/u32:1-kvfree_rcu_reclaim
23:45:27      115       943    0,20    0,00    0,00    0,00    0,20     1  prometheus
23:45:27        0      1668    0,20    0,00    0,00    0,00    0,20     3  containerd
23:45:27        0      2676    0,20    0,20    0,00    0,00    0,40     1  dockerd
23:45:27      117      2677    0,40    0,20    0,00    0,00    0,60     5  grafana
23:45:27        0      3027    1,20    0,80    0,00    0,00    2,00     0  mount.ntfs-3g
23:45:27        0      3068    0,00    0,20    0,00    0,00    0,20     0  containerd-shim
23:45:27        0      3076    0,20    0,00    0,00    0,00    0,20     7  containerd-shim
23:45:27        0      3120    0,20    0,00    0,00    0,00    0,20     4  containerd-shim
23:45:27      999      3241    0,40    0,20    0,00    0,00    0,60     5  redis-server
23:45:27     1000      4211    8,40    7,40    0,00    0,00   15,80     2  gnome-shell
23:45:27     1000      5898    4,00    1,40    0,00    0,00    5,40     5  antigravity
23:45:27     1000      5952    8,60    2,00    0,00    0,00   10,60     5  antigravity
23:45:27     1000      6000    5,80    1,00    0,00    0,00    6,80     6  antigravity
23:45:27     1000      6006    0,20    0,00    0,00    0,00    0,20     0  antigravity
23:45:27     1000      6248    1,20    1,80    0,00    0,00    3,00     2  language_server
23:45:27     1000      6334    0,60    0,00    0,00    0,00    0,60     7  antigravity
23:45:27     1000      6366    0,80    0,60    0,00    0,20    1,40     4  antigravity
23:45:27     1000      6381    0,60    0,00    0,00    0,00    0,60     4  antigravity
23:45:27     1000      6409    0,20    0,20    0,00    0,00    0,40     7  antigravity
23:45:27     1000      6708    1,60    0,80    0,00    0,00    2,40     5  language_server
23:45:27     1000      7203    1,60    1,20    0,00    0,00    2,80     3  language_server
23:45:27        0      8594    0,00    0,60    0,00    0,20    0,60     3  kworker/u33:0-i915_flip
23:45:27     1000      9105    0,20    0,00    0,00    0,00    0,20     7  chrome
23:45:27     1000      9152    0,20    0,00    0,00    0,00    0,20     3  chrome
23:45:27     1000      9157    0,20    0,00    0,00    0,00    0,20     2  chrome
23:45:27     1000      9378    0,80    0,00    0,00    0,00    0,80     4  gnome-terminal-
23:45:27     1000     10899    0,20    0,00    0,00    0,00    0,20     6  antigravity
23:45:27     1000     12786    0,20    0,20    0,00    0,00    0,40     4  pidstat
23:45:27     1000     12818    7,80    0,40    0,00    0,00    8,20     6  java

23:45:22      UID       PID  minflt/s  majflt/s     VSZ     RSS   %MEM  Command
23:45:27        0      3068     10,40      0,00 1235608   15160   0,09  containerd-shim
23:45:27        0      3075      1,00      0,00 1235608   14800   0,09  containerd-shim
23:45:27        0      3076     10,40      0,00 1235608   15040   0,09  containerd-shim
23:45:27        0      3091      0,60      0,00 1235608   15268   0,09  containerd-shim
23:45:27        0      3120     13,40      0,00 1235608   15000   0,09  containerd-shim
23:45:27     1000      4211      8,20      0,00 5024816  315516   1,94  gnome-shell
23:45:27     1000      5898     32,80      0,00 1461714124  312524   1,93  antigravity
23:45:27     1000      5952     24,60      0,00 34377124  167608   1,03  antigravity
23:45:27     1000      5963      0,80      0,00 33906396   82640   0,51  antigravity
23:45:27     1000      6000    127,40      0,00 1461388716  408532   2,52  antigravity
23:45:27     1000      6006     22,60      0,00 1459645432  274440   1,69  antigravity
23:45:27     1000      6289      0,20      0,00 33951332   64440   0,40  antigravity
23:45:27     1000      6302      3,40      0,00 1461347888  121388   0,75  antigravity
23:45:27     1000      6303      0,80      0,00 1461367164  112424   0,69  antigravity
23:45:27     1000      6334     17,60      0,00 1461342992  259292   1,60  antigravity
23:45:27     1000      6366    431,60      0,00 1461351388  303368   1,87  antigravity
23:45:27     1000      6381     20,40      0,00 1461358904  155248   0,96  antigravity
23:45:27     1000      6409     11,80      0,00 1461383736  122448   0,75  antigravity
23:45:27     1000      9105      7,40      0,00 55447012  385872   2,38  chrome
23:45:27     1000      9152      3,20      0,00 55460668  193268   1,19  chrome
23:45:27     1000      9157     15,80      0,00 54984556  132460   0,82  chrome
23:45:27     1000      9168      0,20      0,00 55021684   62848   0,39  chrome
23:45:27     1000      9642      0,20      0,00 55012336   86728   0,53  chrome
23:45:27     1000     12818     22,40      0,00 5161364  253632   1,56  java

23:45:22      UID       PID   kB_rd/s   kB_wr/s kB_ccwr/s iodelay  Command
23:45:27     1000      6366      0,00      0,80      0,00       0  antigravity
23:45:27     1000      9157      0,00     22,40      0,00       0  chrome
23:45:27     1000     12786      0,00      1,25      0,00       0  pidstat

23:45:27      UID       PID    %usr %system  %guest   %wait    %CPU   CPU  Command
23:45:32        0        28    0,00    0,20    0,00    0,20    0,20     1  kworker/1:0-events
23:45:32        0        57    0,00    1,20    0,00    0,00    1,20     6  ksoftirqd/6
23:45:32        0        58    0,00    0,60    0,00    1,00    0,60     6  kworker/6:0-i915-unordered
23:45:32        0        90    0,00    0,20    0,00    0,00    0,20     4  kworker/4:1-events
23:45:32      102       902    0,00    0,20    0,00    0,00    0,20     2  avahi-daemon
23:45:32        0      1646    0,20    0,00    0,00    0,00    0,20     6  glances
23:45:32        0      1654    0,00    0,20    0,00    0,00    0,20     6  tailscaled
23:45:32        0      1668    0,40    0,20    0,00    0,00    0,60     3  containerd
23:45:32        0      1673    0,20    0,00    0,00    0,00    0,20     7  anydesk
23:45:32        0      2676    0,40    0,20    0,00    0,00    0,60     1  dockerd
23:45:32      117      2677    0,60    0,20    0,00    0,00    0,80     5  grafana
23:45:32        0      3027    1,20    0,80    0,00    0,00    2,00     4  mount.ntfs-3g
23:45:32        0      3068    0,20    0,00    0,00    0,00    0,20     0  containerd-shim
23:45:32        0      3075    0,00    0,20    0,00    0,00    0,20     3  containerd-shim
23:45:32        0      3091    0,20    0,00    0,00    0,00    0,20     3  containerd-shim
23:45:32        0      3120    0,20    0,00    0,00    0,00    0,20     4  containerd-shim
23:45:32      999      3241    0,40    0,00    0,00    0,00    0,40     5  redis-server
23:45:32     1000      4211   11,40    4,20    0,00    0,20   15,60     7  gnome-shell
23:45:32     1000      5898    2,80    2,00    0,00    0,20    4,80     6  antigravity
23:45:32     1000      5952    9,00    2,20    0,00    0,00   11,20     6  antigravity
23:45:32     1000      6000   16,80    1,00    0,00    0,00   17,80     4  antigravity
23:45:32     1000      6006    0,20    0,20    0,00    0,00    0,40     6  antigravity
23:45:32     1000      6248    1,00    2,00    0,00    0,20    3,00     1  language_server
23:45:32     1000      6334    0,40    0,00    0,00    0,00    0,40     7  antigravity
23:45:32     1000      6366    1,00    0,40    0,00    0,00    1,40     3  antigravity
23:45:32     1000      6381    0,60    0,00    0,00    0,00    0,60     5  antigravity
23:45:32     1000      6409    0,20    0,20    0,00    0,00    0,40     6  antigravity
23:45:32     1000      6708    1,40    1,00    0,00    0,00    2,40     5  language_server
23:45:32     1000      7203    1,40    1,20    0,00    0,00    2,60     3  language_server
23:45:32        0      8594    0,00    0,60    0,00    0,80    0,60     6  kworker/u33:0-i915_flip
23:45:32     1000      9105    0,20    0,00    0,00    0,00    0,20     4  chrome
23:45:32     1000      9152    0,20    0,20    0,00    0,00    0,40     3  chrome
23:45:32     1000      9168    0,20    0,00    0,00    0,00    0,20     0  chrome
23:45:32     1000      9210    0,20    0,20    0,00    0,00    0,40     2  chrome
23:45:32     1000      9378    1,20    0,00    0,00    0,00    1,20     0  gnome-terminal-
23:45:32     1000      9657    0,20    0,00    0,00    0,00    0,20     0  chrome
23:45:32        0     12728    0,20    0,00    0,00    0,00    0,20     5  kworker/5:2-i915-unordered
23:45:32     1000     12786    0,20    0,40    0,00    0,00    0,60     0  pidstat
23:45:32     1000     12818    4,20    0,20    0,00    0,00    4,40     6  java
23:45:32     1000     13159    0,60    0,00    0,00    0,00    0,60     1  gnome-screensho

23:45:27      UID       PID  minflt/s  majflt/s     VSZ     RSS   %MEM  Command
23:45:32        0      1654      0,20      0,00 1421460  106572   0,66  tailscaled
23:45:32        0      3068      2,40      0,00 1235608   15160   0,09  containerd-shim
23:45:32        0      3075     11,40      0,00 1235608   15056   0,09  containerd-shim
23:45:32        0      3076     10,80      0,00 1235608   15296   0,09  containerd-shim
23:45:32        0      3091      6,80      0,00 1235608   15396   0,09  containerd-shim
23:45:32        0      3120     10,00      0,00 1235608   15256   0,09  containerd-shim
23:45:32     1000      4211      4,00      0,00 5033008  315644   1,94  gnome-shell
23:45:32     1000      5898     37,60      0,00 1461714124  312132   1,92  antigravity
23:45:32     1000      5952     30,40      0,00 34377260  167760   1,03  antigravity
23:45:32     1000      5963      0,80      0,00 33906396   82640   0,51  antigravity
23:45:32     1000      6000    315,40      0,00 1461388716  406552   2,50  antigravity
23:45:32     1000      6006     23,00      0,00 1459645432  274824   1,69  antigravity
23:45:32     1000      6289      0,20      0,00 33951332   64440   0,40  antigravity
23:45:32     1000      6302      3,00      0,00 1461347888  121388   0,75  antigravity
23:45:32     1000      6303      0,80      0,00 1461367164  112552   0,69  antigravity
23:45:32     1000      6334     39,80      0,00 1461342992  259932   1,60  antigravity
23:45:32     1000      6366    336,20      0,00 1461351388  303468   1,87  antigravity
23:45:32     1000      6381     20,40      0,00 1461358904  155080   0,96  antigravity
23:45:32     1000      6409    121,60      0,00 1461383736  122544   0,75  antigravity
23:45:32     1000      9105     18,40      0,00 55447012  386000   2,38  chrome
23:45:32     1000      9152      6,40      0,00 55460668  193268   1,19  chrome
23:45:32     1000      9157      5,20      0,00 54984556  132188   0,81  chrome
23:45:32     1000      9168      0,40      0,00 55021684   62848   0,39  chrome
23:45:32     1000      9642      0,60      0,00 55012336   86728   0,53  chrome
23:45:32     1000      9657      0,20      0,00 1520518568  326600   2,01  chrome
23:45:32     1000     10937      6,40      0,00    7664    3776   0,02  run_all_tests.s
23:45:32     1000     12818     29,60      0,00 5161364  254144   1,57  java
23:45:32     1000     13159    241,40      0,00  407584   18152   0,11  gnome-screensho

23:45:27      UID       PID   kB_rd/s   kB_wr/s kB_ccwr/s iodelay  Command
23:45:32     1000      6366      0,00      0,80      0,00       0  antigravity
23:45:32     1000     12786      0,00      1,06      0,00       0  pidstat
23:45:32     1000     12818      0,00      1,63      0,00       0  java

23:45:32      UID       PID    %usr %system  %guest   %wait    %CPU   CPU  Command
23:45:37        0         1    0,20    0,20    0,00    0,00    0,40     6  systemd
23:45:37        0        57    0,00    1,00    0,00    0,20    1,00     6  ksoftirqd/6
23:45:37        0        58    0,00    0,60    0,00    0,80    0,60     6  kworker/6:0-i915-unordered
23:45:37        0       175    0,00    0,20    0,00    0,00    0,20     6  kworker/6:1H-events_highpri
23:45:37      990       908    0,80    0,00    0,00    0,00    0,80     3  dbus-daemon
23:45:37      115       942    1,20    0,80    0,00    0,00    2,00     3  prometheus-node
23:45:37      115       943    0,40    0,00    0,00    0,00    0,40     1  prometheus
23:45:37        0      1646    0,20    0,00    0,00    0,00    0,20     6  glances
23:45:37        0      1654    0,00    0,20    0,00    0,00    0,20     6  tailscaled
23:45:37        0      1668    0,40    0,00    0,00    0,00    0,40     3  containerd
23:45:37        0      2676    0,40    0,00    0,00    0,00    0,40     1  dockerd
23:45:37      117      2677    0,40    0,20    0,00    0,00    0,60     5  grafana
23:45:37        0      3027    1,60    1,00    0,00    0,00    2,60     7  mount.ntfs-3g
23:45:37        0      3076    0,20    0,20    0,00    0,00    0,40     7  containerd-shim
23:45:37      999      3241    0,40    0,00    0,00    0,00    0,40     4  redis-server
23:45:37     1000      4003    0,00    0,20    0,00    0,00    0,20     7  pipewire
23:45:37     1000      4006    0,20    0,00    0,00    0,00    0,20     0  wireplumber
23:45:37     1000      4009    0,20    0,20    0,00    0,00    0,40     0  pipewire-pulse
23:45:37     1000      4211   14,40    5,20    0,00    0,00   19,60     5  gnome-shell
23:45:37     1000      5898    3,80    1,80    0,00    0,00    5,60     4  antigravity
23:45:37     1000      5952    9,40    2,80    0,00    0,00   12,20     1  antigravity
23:45:37     1000      6000   10,60    0,40    0,00    0,00   11,00     7  antigravity
23:45:37     1000      6006    0,20    0,00    0,00    0,00    0,20     0  antigravity
23:45:37     1000      6248    1,60    1,20    0,00    0,00    2,80     5  language_server
23:45:37     1000      6334    0,40    0,20    0,00    0,00    0,60     6  antigravity
23:45:37     1000      6366    1,00    0,60    0,00    0,00    1,60     2  antigravity
23:45:37     1000      6381    1,00    0,00    0,00    0,00    1,00     0  antigravity
23:45:37     1000      6409    0,40    0,20    0,00    0,00    0,60     7  antigravity
23:45:37     1000      6708    1,20    1,20    0,00    0,00    2,40     5  language_server
23:45:37     1000      7203    1,40    1,20    0,00    0,00    2,60     3  language_server
23:45:37        0      8594    0,00    0,80    0,00    1,00    0,80     7  kworker/u33:0-i915_flip
23:45:37     1000      9105    0,20    0,00    0,00    0,00    0,20     6  chrome
23:45:37     1000      9152    0,20    0,00    0,00    0,00    0,20     3  chrome
23:45:37     1000      9157    0,00    0,20    0,00    0,00    0,20     2  chrome
23:45:37     1000      9378    0,80    0,00    0,00    0,00    0,80     6  gnome-terminal-
23:45:37     1000      9642    0,20    0,00    0,00    0,00    0,20     5  chrome
23:45:37        0     12744    0,00    0,20    0,00    0,00    0,20     5  kworker/u32:0-kvfree_rcu_reclaim
23:45:37     1000     12786    0,20    0,40    0,00    0,00    0,60     2  pidstat
23:45:37     1000     12818    4,00    0,20    0,00    0,00    4,20     6  java

23:45:32      UID       PID  minflt/s  majflt/s     VSZ     RSS   %MEM  Command
23:45:37      115       942     92,60      0,00 1614080   25508   0,16  prometheus-node
23:45:37        0      1654      0,60      0,00 1421460  106572   0,66  tailscaled
23:45:37        0      3068      0,40      0,00 1235608   15032   0,09  containerd-shim
23:45:37        0      3075      5,40      0,00 1235608   15056   0,09  containerd-shim
23:45:37        0      3076      8,00      0,00 1235608   15000   0,09  containerd-shim
23:45:37        0      3091      7,20      0,00 1235608   15524   0,10  containerd-shim
23:45:37        0      3120      5,60      0,00 1235608   15384   0,09  containerd-shim
23:45:37     1000      4003     36,20      0,00  104864   13624   0,08  pipewire
23:45:37     1000      4006      0,40      0,00  718576   27064   0,17  wireplumber
23:45:37     1000      4009     41,60      0,00  171976   14836   0,09  pipewire-pulse
23:45:37     1000      4211     15,80      0,00 5032944  315644   1,94  gnome-shell
23:45:37     1000      4941      0,20      0,00  704604   20144   0,12  xdg-desktop-por
23:45:37     1000      5898     39,00      0,00 1461714124  312060   1,92  antigravity
23:45:37     1000      5952     48,60      0,00 34386796  167884   1,03  antigravity
23:45:37     1000      5963      1,60      0,00 33906396   82640   0,51  antigravity
23:45:37     1000      6000    244,00      0,00 1461391852  406140   2,50  antigravity
23:45:37     1000      6006     23,20      0,00 1459645432  275464   1,70  antigravity
23:45:37     1000      6289      0,40      0,00 33951332   64440   0,40  antigravity
23:45:37     1000      6302      3,00      0,00 1461347888  121388   0,75  antigravity
23:45:37     1000      6303      0,60      0,00 1461367164  112552   0,69  antigravity
23:45:37     1000      6334     40,40      0,00 1461342992  260440   1,60  antigravity
23:45:37     1000      6366    439,60      0,00 1461351388  304312   1,87  antigravity
23:45:37     1000      6381     24,60      0,00 1461358904  155200   0,96  antigravity
23:45:37     1000      6409    101,20      0,00 1461383736  122672   0,76  antigravity
23:45:37     1000      9105      8,40      0,00 55447012  386000   2,38  chrome
23:45:37     1000      9152      3,20      0,00 55460668  193268   1,19  chrome
23:45:37     1000      9157      4,20      0,00 54984556  132188   0,81  chrome
23:45:37     1000      9168      0,20      0,00 55021684   62848   0,39  chrome
23:45:37     1000      9642      0,20      0,00 55012336   86728   0,53  chrome
23:45:37     1000      9657      3,80      0,00 1520518568  326600   2,01  chrome
23:45:37     1000     10937      1,20      0,00    7664    3776   0,02  run_all_tests.s
23:45:37     1000     12818     22,60      0,00 5161364  254656   1,57  java

23:45:32      UID       PID   kB_rd/s   kB_wr/s kB_ccwr/s iodelay  Command
23:45:37     1000      4006      0,00      0,80      0,00       0  wireplumber
23:45:37     1000      4211      0,00     72,00      0,00       0  gnome-shell
23:45:37     1000      9105      0,00      4,00      0,00       0  chrome
23:45:37     1000      9157      0,00      0,80      0,80       0  chrome
23:45:37     1000     10937      0,00    185,67     72,00       0  run_all_tests.s
23:45:37     1000     12786      0,00      1,24      0,00       0  pidstat
23:45:37     1000     12818      0,00      1,60      0,00       0  java

23:45:37      UID       PID    %usr %system  %guest   %wait    %CPU   CPU  Command
23:45:42        0        18    0,00    0,20    0,00    0,00    0,20     3  rcu_preempt
23:45:42        0        57    0,00    1,20    0,00    0,00    1,20     6  ksoftirqd/6
23:45:42        0        58    0,00    0,60    0,00    0,80    0,60     6  kworker/6:0-i915-unordered
23:45:42        0       647    0,00    0,20    0,00    0,00    0,20     0  irq/130-iwlwifi
23:45:42        0      1646    0,20    0,00    0,00    0,00    0,20     6  glances
23:45:42        0      1668    0,00    0,20    0,00    0,00    0,20     3  containerd
23:45:42        0      2676    0,40    0,00    0,00    0,00    0,40     1  dockerd
23:45:42      117      2677    0,60    0,40    0,00    0,00    1,00     5  grafana
23:45:42        0      3027    1,40    0,80    0,00    0,00    2,20     2  mount.ntfs-3g
23:45:42        0      3068    0,00    0,20    0,00    0,00    0,20     0  containerd-shim
23:45:42        0      3075    0,20    0,00    0,00    0,00    0,20     3  containerd-shim
23:45:42        0      3091    0,00    0,20    0,00    0,00    0,20     3  containerd-shim
23:45:42        0      3120    0,20    0,00    0,00    0,00    0,20     4  containerd-shim
23:45:42      999      3241    0,60    0,00    0,00    0,00    0,60     7  redis-server
23:45:42     1000      4003    0,20    0,20    0,00    0,00    0,40     7  pipewire
23:45:42     1000      4211    9,40    6,00    0,00    0,20   15,40     2  gnome-shell
23:45:42     1000      5898    3,80    1,80    0,00    0,00    5,60     1  antigravity
23:45:42     1000      5952    9,20    1,80    0,00    0,00   11,00     7  antigravity
23:45:42     1000      6000    6,20    0,60    0,00    0,00    6,80     1  antigravity
23:45:42     1000      6248    1,80    1,00    0,00    0,00    2,80     3  language_server
23:45:42     1000      6334    0,40    0,00    0,00    0,00    0,40     6  antigravity
23:45:42     1000      6366    1,00    0,20    0,00    0,00    1,20     1  antigravity
23:45:42     1000      6381    0,60    0,20    0,00    0,00    0,80     3  antigravity
23:45:42     1000      6409    0,20    0,00    0,00    0,00    0,20     5  antigravity
23:45:42     1000      6708    1,60    1,00    0,00    0,00    2,60     5  language_server
23:45:42     1000      7203    1,00    1,60    0,00    0,00    2,60     3  language_server
23:45:42        0      8594    0,00    0,80    0,00    0,40    0,80     7  kworker/u33:0+i915_flip
23:45:42     1000      9105    0,20    0,00    0,00    0,20    0,20     5  chrome
23:45:42     1000      9152    0,40    0,00    0,00    0,00    0,40     3  chrome
23:45:42     1000      9378    1,00    0,00    0,00    0,00    1,00     5  gnome-terminal-
23:45:42     1000     12786    0,40    0,20    0,00    0,00    0,60     0  pidstat
23:45:42     1000     12818    5,00    1,20    0,00    0,00    6,20     6  java

23:45:37      UID       PID  minflt/s  majflt/s     VSZ     RSS   %MEM  Command
23:45:42      114      1776      4,00      0,00  218252   29316   0,18  postgres
23:45:42        0      3068      7,00      0,00 1235608   14508   0,09  containerd-shim
23:45:42        0      3075      6,80      0,00 1235608   14268   0,09  containerd-shim
23:45:42        0      3076      8,60      0,00 1235608   14432   0,09  containerd-shim
23:45:42        0      3091      8,80      0,00 1235608   15160   0,09  containerd-shim
23:45:42        0      3120      8,80      0,00 1235608   14532   0,09  containerd-shim
23:45:42     1000      4003      0,00      0,00  103888   13624   0,08  pipewire
23:45:42     1000      4006      0,20      0,00  718576   27064   0,17  wireplumber
23:45:42     1000      4211      1,40      0,00 5032944  315644   1,94  gnome-shell
23:45:42     1000      5898     40,60      0,00 1461714124  312700   1,93  antigravity
23:45:42     1000      5952     10,40      0,00 34379308  167740   1,03  antigravity
23:45:42     1000      5963      0,80      0,00 33906396   82640   0,51  antigravity
23:45:42     1000      6000    102,20      0,00 1461390892  406576   2,50  antigravity
23:45:42     1000      6006     22,00      0,00 1459645432  275416   1,70  antigravity
23:45:42     1000      6289      0,20      0,00 33951332   64440   0,40  antigravity
23:45:42     1000      6302      6,60      0,00 1461347888  121388   0,75  antigravity
23:45:42     1000      6303      1,40      0,00 1461367164  112552   0,69  antigravity
23:45:42     1000      6334     14,60      0,00 1461342992  259344   1,60  antigravity
23:45:42     1000      6366    267,20      0,00 1461351388  303760   1,87  antigravity
23:45:42     1000      6381     21,00      0,00 1461358904  155188   0,96  antigravity
23:45:42     1000      6409     15,60      0,00 1461383736  122672   0,76  antigravity
23:45:42     1000      7289      0,60      0,00 1459530528   93424   0,58  antigravity
23:45:42     1000      9105      7,40      0,00 55447012  386000   2,38  chrome
23:45:42     1000      9152      3,20      0,00 55460668  193268   1,19  chrome
23:45:42     1000      9157      2,40      0,00 54984556  132188   0,81  chrome
23:45:42     1000      9168      0,20      0,00 55021684   62848   0,39  chrome
23:45:42     1000      9642      0,20      0,00 55012336   86728   0,53  chrome
23:45:42     1000     12818     24,80      0,00 5161364  259284   1,60  java

23:45:37      UID       PID   kB_rd/s   kB_wr/s kB_ccwr/s iodelay  Command
23:45:42     1000      6366      0,00      0,80      0,00       0  antigravity
23:45:42     1000     12786      0,00      1,35      0,00       0  pidstat
23:45:42     1000     12818      0,00      1,60      0,00       0  java

23:45:42      UID       PID    %usr %system  %guest   %wait    %CPU   CPU  Command
23:45:47        0        57    0,00    1,00    0,00    0,00    1,00     6  ksoftirqd/6
23:45:47        0        58    0,00    0,60    0,00    0,40    0,60     6  kworker/6:0-i915-unordered
23:45:47        0        67    0,00    0,20    0,00    0,00    0,20     6  kworker/u32:1-kvfree_rcu_reclaim
23:45:47        0        95    0,00    0,20    0,00    0,00    0,20     4  kworker/4:1H-events_highpri
23:45:47      115       943    0,20    0,00    0,00    0,00    0,20     1  prometheus
23:45:47        0      1081    0,20    0,00    0,00    0,20    0,20     4  NetworkManager
23:45:47        0      1654    0,20    0,00    0,00    0,00    0,20     6  tailscaled
23:45:47        0      1668    0,00    0,40    0,00    0,00    0,40     3  containerd
23:45:47        0      2676    0,60    0,40    0,00    0,00    1,00     1  dockerd
23:45:47      117      2677    0,40    0,20    0,00    0,00    0,60     5  grafana
23:45:47        0      3027    1,20    0,60    0,00    0,00    1,80     3  mount.ntfs-3g
23:45:47        0      3075    0,00    0,20    0,00    0,00    0,20     3  containerd-shim
23:45:47      999      3241    0,40    0,00    0,00    0,00    0,40     0  redis-server
23:45:47     1000      4211   11,20    4,60    0,00    0,00   15,80     5  gnome-shell
23:45:47     1000      5898    3,20    2,00    0,00    0,00    5,20     7  antigravity
23:45:47     1000      5952    8,80    2,00    0,00    0,00   10,80     3  antigravity
23:45:47     1000      6000    6,60    0,40    0,00    0,00    7,00     1  antigravity
23:45:47     1000      6006    0,20    0,00    0,00    0,00    0,20     0  antigravity
23:45:47     1000      6248    1,80    1,40    0,00    0,00    3,20     7  language_server
23:45:47     1000      6334    0,60    0,20    0,00    0,00    0,80     1  antigravity
23:45:47     1000      6366    0,60    0,60    0,00    0,00    1,20     0  antigravity
23:45:47     1000      6381    0,60    0,20    0,00    0,00    0,80     4  antigravity
23:45:47     1000      6409    0,00    0,20    0,00    0,00    0,20     2  antigravity
23:45:47     1000      6708    1,20    1,20    0,00    0,00    2,40     5  language_server
23:45:47     1000      7203    1,80    0,80    0,00    0,00    2,60     3  language_server
23:45:47        0      8594    0,00    0,60    0,00    0,60    0,60     6  kworker/u33:0-i915_flip
23:45:47     1000      9105    0,20    0,00    0,00    0,00    0,20     5  chrome
23:45:47     1000      9152    0,20    0,20    0,00    0,00    0,40     3  chrome
23:45:47     1000      9202    0,20    0,00    0,00    0,00    0,20     1  chrome
23:45:47     1000      9378    1,00    0,00    0,00    0,00    1,00     4  gnome-terminal-
23:45:47     1000      9668    0,20    0,00    0,00    0,00    0,20     2  chrome
23:45:47     1000     12786    0,20    0,20    0,00    0,00    0,40     0  pidstat
23:45:47     1000     12818    3,00    0,20    0,00    0,00    3,20     6  java

23:45:42      UID       PID  minflt/s  majflt/s     VSZ     RSS   %MEM  Command
23:45:47        0         1      5,60      0,00   24704   14840   0,09  systemd
23:45:47        0       375      8,20      0,00  163644   80468   0,50  systemd-journal
23:45:47        0      1654      1,60      0,00 1421460  106700   0,66  tailscaled
23:45:47        0      1668      0,40      0,00 2463668   71080   0,44  containerd
23:45:47        0      3068     10,40      0,00 1235608   14764   0,09  containerd-shim
23:45:47        0      3075     11,00      0,00 1235608   14524   0,09  containerd-shim
23:45:47        0      3076     12,40      0,00 1235608   14688   0,09  containerd-shim
23:45:47        0      3091     14,00      0,00 1235608   15416   0,09  containerd-shim
23:45:47        0      3120     11,60      0,00 1235608   14660   0,09  containerd-shim
23:45:47     1000      4211      8,80      0,00 5032944  315512   1,94  gnome-shell
23:45:47     1000      5898     32,80      0,00 1461714124  312480   1,93  antigravity
23:45:47     1000      5952     12,00      0,00 34379308  167492   1,03  antigravity
23:45:47     1000      5963      1,00      0,00 33906396   82640   0,51  antigravity
23:45:47     1000      6000    145,20      0,00 1461390892  407576   2,51  antigravity
23:45:47     1000      6006     22,20      0,00 1459645432  275800   1,70  antigravity
23:45:47     1000      6289      0,20      0,00 33951332   64440   0,40  antigravity
23:45:47     1000      6302      3,00      0,00 1461347888  121388   0,75  antigravity
23:45:47     1000      6303      1,00      0,00 1461367164  112552   0,69  antigravity
23:45:47     1000      6334     11,60      0,00 1461342992  259472   1,60  antigravity
23:45:47     1000      6366    316,20      0,00 1461351388  303760   1,87  antigravity
23:45:47     1000      6381     20,40      0,00 1461358904  155116   0,96  antigravity
23:45:47     1000      6409     15,00      0,00 1461383736  122672   0,76  antigravity
23:45:47     1000      9105     12,40      0,00 55447012  386000   2,38  chrome
23:45:47     1000      9152      3,20      0,00 55460668  193268   1,19  chrome
23:45:47     1000      9157      3,00      0,00 54984556  132188   0,81  chrome
23:45:47     1000      9168      0,20      0,00 55021684   62848   0,39  chrome
23:45:47     1000      9642      0,20      0,00 55012336   86728   0,53  chrome
23:45:47     1000     12818     17,20      0,00 5161364  259540   1,60  java

23:45:42      UID       PID   kB_rd/s   kB_wr/s kB_ccwr/s iodelay  Command
23:45:47     1000      6366      0,00      0,80      0,00       0  antigravity
23:45:47     1000      9105      0,00      5,60      0,00       0  chrome
23:45:47     1000     12786      0,00      1,10      0,00       0  pidstat
23:45:47     1000     12818      0,00      1,60      0,00       0  java

23:45:47      UID       PID    %usr %system  %guest   %wait    %CPU   CPU  Command
23:45:52        0         1    0,20    0,00    0,00    0,00    0,20     0  systemd
23:45:52        0        17    0,20    0,00    0,00    0,00    0,20     0  ksoftirqd/0
23:45:52        0        57    0,00    1,20    0,00    0,00    1,20     6  ksoftirqd/6
23:45:52        0        58    0,00    0,80    0,00    0,80    0,80     6  kworker/6:0-i915-unordered
23:45:52        0        86    0,00    0,20    0,00    0,00    0,20     1  irq/9-acpi
23:45:52        0        90    0,00    0,20    0,00    0,00    0,20     4  kworker/4:1-i915-unordered
23:45:52      990       908    0,80    0,20    0,00    0,00    1,00     4  dbus-daemon
23:45:52      115       942    1,20    0,80    0,00    0,00    2,00     3  prometheus-node
23:45:52      115       943    0,20    0,00    0,00    0,00    0,20     1  prometheus
23:45:52        0      1646    0,20    0,00    0,00    0,00    0,20     6  glances
23:45:52        0      1654    0,00    0,20    0,00    0,00    0,20     6  tailscaled
23:45:52        0      1668    0,60    0,20    0,00    0,00    0,80     3  containerd
23:45:52        0      2676    0,20    0,20    0,00    0,00    0,40     1  dockerd
23:45:52      117      2677    0,60    0,20    0,00    0,00    0,80     5  grafana
23:45:52        0      3027    1,00    0,80    0,00    0,00    1,80     4  mount.ntfs-3g
23:45:52        0      3068    0,20    0,00    0,00    0,00    0,20     0  containerd-shim
23:45:52        0      3076    0,20    0,20    0,00    0,00    0,40     7  containerd-shim
23:45:52        0      3091    0,20    0,20    0,00    0,00    0,40     3  containerd-shim
23:45:52        0      3120    0,20    0,20    0,00    0,00    0,40     4  containerd-shim
23:45:52      999      3241    0,40    0,00    0,00    0,00    0,40     3  redis-server
23:45:52     1000      4211   11,00    4,40    0,00    0,00   15,40     1  gnome-shell
23:45:52     1000      5898    4,20    1,20    0,00    0,20    5,40     7  antigravity
23:45:52     1000      5952    8,80    2,00    0,00    0,00   10,80     0  antigravity
23:45:52     1000      6000    6,20    0,60    0,00    0,00    6,80     4  antigravity
23:45:52     1000      6006    0,20    0,00    0,00    0,00    0,20     3  antigravity
23:45:52     1000      6248    2,00    1,20    0,00    0,00    3,20     6  language_server
23:45:52     1000      6334    0,20    0,20    0,00    0,00    0,40     7  antigravity
23:45:52     1000      6366    1,00    0,40    0,00    0,00    1,40     0  antigravity
23:45:52     1000      6381    0,60    0,00    0,00    0,00    0,60     2  antigravity
23:45:52     1000      6409    0,60    0,20    0,00    0,00    0,80     4  antigravity
23:45:52     1000      6708    1,40    1,20    0,00    0,00    2,60     5  language_server
23:45:52     1000      7203    0,80    1,80    0,00    0,00    2,60     3  language_server
23:45:52        0      8594    0,00    0,60    0,00    1,00    0,60     7  kworker/u33:0-i915_flip
23:45:52     1000      9105    0,20    0,20    0,00    0,00    0,40     5  chrome
23:45:52     1000      9152    0,20    0,00    0,00    0,00    0,20     3  chrome
23:45:52     1000      9157    0,20    0,00    0,00    0,00    0,20     4  chrome
23:45:52     1000      9378    0,60    0,00    0,00    0,00    0,60     3  gnome-terminal-
23:45:52     1000      9657    0,20    0,20    0,00    0,00    0,40     6  chrome
23:45:52     1000     10899    0,20    0,00    0,00    0,00    0,20     2  antigravity
23:45:52        0     12404    0,20    0,00    0,00    0,00    0,20     3  kworker/3:1-events
23:45:52     1000     12786    0,20    0,20    0,00    0,00    0,40     2  pidstat
23:45:52     1000     12818    3,20    0,00    0,00    0,00    3,20     6  java

23:45:47      UID       PID  minflt/s  majflt/s     VSZ     RSS   %MEM  Command
23:45:52      115       942     76,20      0,00 1614080   24952   0,15  prometheus-node
23:45:52      115       943      0,40      0,00 2610260  107400   0,66  prometheus
23:45:52        0      1668      3,60      0,00 2463668   70088   0,43  containerd
23:45:52        0      3068     12,60      0,00 1235608   14892   0,09  containerd-shim
23:45:52        0      3075     13,80      0,00 1235608   14908   0,09  containerd-shim
23:45:52        0      3076     12,40      0,00 1235608   14944   0,09  containerd-shim
23:45:52        0      3091     14,40      0,00 1235608   15672   0,10  containerd-shim
23:45:52        0      3120     12,80      0,00 1235608   14916   0,09  containerd-shim
23:45:52     1000      4211      1,20      0,00 5024752  315512   1,94  gnome-shell
23:45:52     1000      5898     50,20      0,00 1461714124  311996   1,92  antigravity
23:45:52     1000      5952     24,60      0,00 34379372  167452   1,03  antigravity
23:45:52     1000      5963      0,80      0,00 33906396   82640   0,51  antigravity
23:45:52     1000      6000    105,40      0,00 1461390892  408224   2,51  antigravity
23:45:52     1000      6006     22,00      0,00 1459645432  276312   1,70  antigravity
23:45:52     1000      6077      0,80      0,20 1459609232  168568   1,04  antigravity
23:45:52     1000      6289      0,20      0,00 33951332   64440   0,40  antigravity
23:45:52     1000      6302      3,00      0,00 1461347888  121388   0,75  antigravity
23:45:52     1000      6303      0,80      0,00 1461367164  112552   0,69  antigravity
23:45:52     1000      6334     11,00      0,00 1461342992  259468   1,60  antigravity
23:45:52     1000      6366    398,80      0,00 1461351388  304348   1,87  antigravity
23:45:52     1000      6381     22,20      0,00 1461358904  155132   0,96  antigravity
23:45:52     1000      6409    217,60      0,00 1461383736  122884   0,76  antigravity
23:45:52     1000      7325      0,20      0,00 1459530528   86076   0,53  antigravity
23:45:52     1000      9105     16,60      0,00 55447012  386000   2,38  chrome
23:45:52     1000      9152      6,40      0,00 55460668  193268   1,19  chrome
23:45:52     1000      9157      8,20      0,00 54984556  132188   0,81  chrome
23:45:52     1000      9168      0,40      0,00 55021684   62848   0,39  chrome
23:45:52     1000      9642      0,40      0,00 55012336   86728   0,53  chrome
23:45:52     1000      9657    212,00      0,00 1520518568  329536   2,03  chrome
23:45:52     1000     12818     10,60      0,00 5161364  259796   1,60  java

23:45:47      UID       PID   kB_rd/s   kB_wr/s kB_ccwr/s iodelay  Command
23:45:52     1000      6077     25,60      0,00      0,00       0  antigravity
23:45:52     1000      6366      0,00      0,80      0,00       0  antigravity
23:45:52     1000      9105      0,00      4,80      0,00       0  chrome
23:45:52     1000     12786      0,00      1,14      0,00       0  pidstat
23:45:52     1000     12818      0,00      1,60      0,00       0  java

23:45:52      UID       PID    %usr %system  %guest   %wait    %CPU   CPU  Command
23:45:57        0        57    0,00    1,20    0,00    0,00    1,20     6  ksoftirqd/6
23:45:57        0        58    0,00    0,60    0,00    0,60    0,60     6  kworker/6:0-i915-unordered
23:45:57      115       943    0,20    0,00    0,00    0,00    0,20     1  prometheus
23:45:57        0      1646    0,20    0,00    0,00    0,00    0,20     6  glances
23:45:57        0      1654    0,20    0,00    0,00    0,00    0,20     6  tailscaled
23:45:57        0      1668    0,00    0,20    0,00    0,00    0,20     3  containerd
23:45:57        0      1673    0,00    0,20    0,00    0,00    0,20     5  anydesk
23:45:57        0      2676    0,40    0,20    0,00    0,00    0,60     1  dockerd
23:45:57      117      2677    0,20    0,60    0,00    0,00    0,80     5  grafana
23:45:57        0      3027    1,40    0,60    0,00    0,00    2,00     1  mount.ntfs-3g
23:45:57        0      3075    0,20    0,00    0,00    0,00    0,20     3  containerd-shim
23:45:57      999      3241    0,40    0,00    0,00    0,00    0,40     3  redis-server
23:45:57     1000      4211    8,40    7,40    0,00    0,00   15,80     0  gnome-shell
23:45:57     1000      5898    3,00    2,60    0,00    0,00    5,60     1  antigravity
23:45:57     1000      5952    9,40    2,00    0,00    0,00   11,40     2  antigravity
23:45:57     1000      6000    6,00    1,00    0,00    0,00    7,00     0  antigravity
23:45:57     1000      6006    0,20    0,00    0,00    0,00    0,20     2  antigravity
23:45:57     1000      6248    1,40    1,20    0,00    0,00    2,60     2  language_server
23:45:57     1000      6334    0,40    0,20    0,00    0,00    0,60     6  antigravity
23:45:57     1000      6366    1,20    0,20    0,00    0,00    1,40     0  antigravity
23:45:57     1000      6381    0,60    0,00    0,00    0,00    0,60     3  antigravity
23:45:57     1000      6409    0,20    0,00    0,00    0,00    0,20     5  antigravity
23:45:57     1000      6708    1,20    1,20    0,00    0,00    2,40     5  language_server
23:45:57     1000      7203    1,40    1,40    0,00    0,00    2,80     3  language_server
23:45:57        0      8594    0,00    0,60    0,00    0,20    0,60     1  kworker/u33:0-i915_flip
23:45:57     1000      9105    0,20    0,00    0,00    0,00    0,20     7  chrome
23:45:57     1000      9152    0,40    0,00    0,00    0,00    0,40     3  chrome
23:45:57     1000      9210    0,20    0,00    0,00    0,00    0,20     1  chrome
23:45:57     1000      9378    1,40    0,00    0,00    0,00    1,40     4  gnome-terminal-
23:45:57     1000     12786    0,20    0,20    0,00    0,00    0,40     7  pidstat
23:45:57     1000     12818   12,80    0,20    0,00    0,00   13,00     6  java

23:45:52      UID       PID  minflt/s  majflt/s     VSZ     RSS   %MEM  Command
23:45:57        0      1668      1,20      0,00 2463668   70088   0,43  containerd
23:45:57        0      3068      1,00      0,00 1235608   14892   0,09  containerd-shim
23:45:57        0      3075      1,80      0,00 1235608   14908   0,09  containerd-shim
23:45:57        0      3076      2,00      0,00 1235608   14944   0,09  containerd-shim
23:45:57        0      3091      2,40      0,00 1235608   15800   0,10  containerd-shim
23:45:57        0      3120      6,40      0,00 1235608   15044   0,09  containerd-shim
23:45:57     1000      4211      7,60      0,00 5033008  315512   1,94  gnome-shell
23:45:57     1000      5898     50,80      0,00 1461714124  312108   1,92  antigravity
23:45:57     1000      5952     17,00      0,00 34379308  167708   1,03  antigravity
23:45:57     1000      5963      1,60      0,00 33906396   82640   0,51  antigravity
23:45:57     1000      6000    146,20      0,00 1461390892  409356   2,52  antigravity
23:45:57     1000      6006     53,80      0,00 1459645432  276428   1,70  antigravity
23:45:57     1000      6289      0,40      0,00 33951332   64440   0,40  antigravity
23:45:57     1000      6302      8,40      0,00 1461347888  121388   0,75  antigravity
23:45:57     1000      6303      0,80      0,00 1461367164  112552   0,69  antigravity
23:45:57     1000      6334      9,40      0,00 1461342992  259456   1,60  antigravity
23:45:57     1000      6366    360,00      0,00 1461351388  304032   1,87  antigravity
23:45:57     1000      6381     40,80      0,00 1461358904  155432   0,96  antigravity
23:45:57     1000      6409      5,00      0,00 1461383736  122884   0,76  antigravity
23:45:57     1000      9105      8,00      0,00 55447012  386000   2,38  chrome
23:45:57     1000      9152      3,20      0,00 55460668  193268   1,19  chrome
23:45:57     1000      9157    104,60      0,00 54984556  132204   0,81  chrome
23:45:57     1000      9168      0,20      0,00 55021684   62848   0,39  chrome
23:45:57     1000      9642      0,20      0,00 55012336   86728   0,53  chrome
23:45:57     1000     12818     60,60      0,00 5161364  260948   1,61  java

23:45:52      UID       PID   kB_rd/s   kB_wr/s kB_ccwr/s iodelay  Command
23:45:57     1000      5898      0,00      9,60      0,00       0  antigravity
23:45:57     1000      6366      0,00      0,80      0,00       0  antigravity
23:45:57     1000      9105      0,00      3,20      0,00       0  chrome
23:45:57     1000      9157      0,00    204,00      0,00       0  chrome
23:45:57     1000     12786      0,00      1,34      0,00       0  pidstat
23:45:57     1000     12818      0,00      1,60      0,00       0  java

23:45:57      UID       PID    %usr %system  %guest   %wait    %CPU   CPU  Command
23:46:02        0        18    0,00    0,20    0,00    0,00    0,20     1  rcu_preempt
23:46:02        0        57    0,00    1,20    0,00    0,00    1,20     6  ksoftirqd/6
23:46:02        0        58    0,00    0,60    0,00    0,60    0,60     6  kworker/6:0-i915-unordered
23:46:02        0        65    0,00    0,20    0,00    0,00    0,20     7  kworker/7:0H-events_highpri
23:46:02        0        73    0,00    0,20    0,00    0,00    0,20     0  kworker/u32:7-kvfree_rcu_reclaim
23:46:02        0      1654    0,00    0,20    0,00    0,00    0,20     3  tailscaled
23:46:02        0      1668    0,20    0,20    0,00    0,00    0,40     3  containerd
23:46:02        0      2676    0,40    0,00    0,00    0,00    0,40     1  dockerd
23:46:02      117      2677    0,40    0,20    0,00    0,00    0,60     5  grafana
23:46:02        0      3027    1,20    0,80    0,00    0,00    2,00     6  mount.ntfs-3g
23:46:02        0      3068    0,20    0,00    0,00    0,00    0,20     0  containerd-shim
23:46:02        0      3076    0,20    0,00    0,00    0,00    0,20     7  containerd-shim
23:46:02        0      3120    0,00    0,20    0,00    0,00    0,20     4  containerd-shim
23:46:02      999      3241    0,40    0,20    0,00    0,00    0,60     3  redis-server
23:46:02     1000      4211    9,00    6,40    0,00    0,00   15,40     5  gnome-shell
23:46:02     1000      5898    3,80    1,60    0,00    0,00    5,40     5  antigravity
23:46:02     1000      5952    8,80    2,20    0,00    0,00   11,00     1  antigravity
23:46:02     1000      5963    0,20    0,00    0,00    0,00    0,20     3  antigravity
23:46:02     1000      6000    7,60    0,40    0,00    0,00    8,00     4  antigravity
23:46:02     1000      6006    0,20    0,00    0,00    0,00    0,20     5  antigravity
23:46:02     1000      6248    1,80    1,40    0,00    0,00    3,20     3  language_server
23:46:02     1000      6302    0,20    0,00    0,00    0,00    0,20     2  antigravity
23:46:02     1000      6303    0,20    0,20    0,00    0,00    0,40     4  antigravity
23:46:02     1000      6334    0,60    0,00    0,00    0,00    0,60     7  antigravity
23:46:02     1000      6366    0,80    0,40    0,00    0,00    1,20     1  antigravity
23:46:02     1000      6381    0,40    0,40    0,00    0,00    0,80     5  antigravity
23:46:02     1000      6409    1,00    0,20    0,00    0,00    1,20     0  antigravity
23:46:02     1000      6708    4,60    0,40    0,00    0,00    5,00     5  language_server
23:46:02     1000      7203    1,80    1,40    0,00    0,00    3,20     3  language_server
23:46:02        0      8594    0,00    0,80    0,00    0,80    0,80     6  kworker/u33:0-i915_flip
23:46:02     1000      9105    0,00    0,20    0,00    0,00    0,20     4  chrome
23:46:02     1000      9152    0,20    0,00    0,00    0,00    0,20     3  chrome
23:46:02     1000      9335    0,20    0,00    0,00    0,00    0,20     1  chrome
23:46:02     1000      9378    0,80    0,00    0,00    0,00    0,80     4  gnome-terminal-
23:46:02     1000     12786    0,40    0,40    0,00    0,00    0,80     2  pidstat
23:46:02     1000     12818    4,40    0,00    0,00    0,00    4,40     6  java

23:45:57      UID       PID  minflt/s  majflt/s     VSZ     RSS   %MEM  Command
23:46:02        0       906      0,40      0,00    6792    2720   0,02  cron
23:46:02        0      1668      2,60      0,00 2463668   70088   0,43  containerd
23:46:02      114      1776      3,60      0,00  218252   29316   0,18  postgres
23:46:02        0      2676      0,40      0,00 3358484  108084   0,67  dockerd
23:46:02        0      3068      0,80      0,00 1235608   14892   0,09  containerd-shim
23:46:02        0      3075      0,20      0,00 1235608   14908   0,09  containerd-shim
23:46:02        0      3076      1,60      0,00 1235608   14944   0,09  containerd-shim
23:46:02        0      3091      6,20      0,00 1235608   15800   0,10  containerd-shim
23:46:02        0      3120     10,80      0,00 1235608   14900   0,09  containerd-shim
23:46:02     1000      4211      2,80      0,00 5032944  315512   1,94  gnome-shell
23:46:02     1000      5898     37,20      0,00 1461714124  312748   1,93  antigravity
23:46:02     1000      5952     16,00      0,00 34377196  167976   1,03  antigravity
23:46:02     1000      5963      0,80      0,00 33906396   82640   0,51  antigravity
23:46:02     1000      6000    183,00      0,00 1461388716  410788   2,53  antigravity
23:46:02     1000      6006     23,20      0,00 1459645432  276684   1,70  antigravity
23:46:02     1000      6289      0,20      0,00 33951332   64440   0,40  antigravity
23:46:02     1000      6302      6,20      0,00 1461347888  121388   0,75  antigravity
23:46:02     1000      6303      1,20      0,00 1461367164  112552   0,69  antigravity
23:46:02     1000      6334     21,00      0,00 1461342992  259456   1,60  antigravity
23:46:02     1000      6366    373,80      0,00 1461351388  304268   1,87  antigravity
23:46:02     1000      6381     20,40      0,00 1461358904  155280   0,96  antigravity
23:46:02     1000      6409    303,80      0,00 1461383736  123668   0,76  antigravity
23:46:02     1000      6708      0,00      0,00 4256016  478736   2,95  language_server
23:46:02     1000      7203      0,20      0,00 5307324  505108   3,11  language_server
23:46:02     1000      9105     12,40      0,00 55447012  386000   2,38  chrome
23:46:02     1000      9152      3,20      0,00 55460668  193268   1,19  chrome
23:46:02     1000      9157      3,00      0,00 54984556  132204   0,81  chrome
23:46:02     1000      9168      0,20      0,00 55021684   62848   0,39  chrome
23:46:02     1000      9642      0,20      0,00 55012336   86728   0,53  chrome
23:46:02     1000     12818     77,60      0,00 5161364  262612   1,62  java

23:45:57      UID       PID   kB_rd/s   kB_wr/s kB_ccwr/s iodelay  Command
23:46:02     1000      9105      0,00      4,80      0,00       0  chrome
23:46:02     1000     12786      0,00      1,08      0,00       0  pidstat
23:46:02     1000     12818      0,00      1,66      0,00       0  java

23:46:02      UID       PID    %usr %system  %guest   %wait    %CPU   CPU  Command
23:46:07        0         1    0,20    0,00    0,00    0,00    0,20     0  systemd
23:46:07        0        39    0,20    0,00    0,00    0,00    0,20     3  ksoftirqd/3
23:46:07        0        57    0,00    1,00    0,00    0,00    1,00     6  ksoftirqd/6
23:46:07        0        58    0,00    0,60    0,00    1,00    0,60     6  kworker/6:0-i915-unordered
23:46:07        0        86    0,00    0,20    0,00    0,00    0,20     1  irq/9-acpi
23:46:07        0       113    0,00    0,20    0,00    0,00    0,20     0  kworker/0:1H-events_highpri
23:46:07        0       175    0,00    0,20    0,00    0,00    0,20     6  kworker/6:1H-events_highpri
23:46:07      990       908    0,80    0,20    0,00    0,00    1,00     3  dbus-daemon
23:46:07      115       942    1,60    0,40    0,00    0,00    2,00     3  prometheus-node
23:46:07      115       943    0,20    0,00    0,00    0,00    0,20     1  prometheus
23:46:07        0      1646    0,20    0,00    0,00    0,00    0,20     6  glances
23:46:07        0      1654    0,00    0,20    0,00    0,20    0,20     3  tailscaled
23:46:07        0      1668    0,40    0,20    0,00    0,00    0,60     3  containerd
23:46:07        0      2676    0,40    0,20    0,00    0,00    0,60     1  dockerd
23:46:07      117      2677    0,20    0,60    0,00    0,00    0,80     5  grafana
23:46:07        0      3027    1,40    0,60    0,00    0,00    2,00     3  mount.ntfs-3g
23:46:07        0      3068    0,00    0,20    0,00    0,00    0,20     0  containerd-shim
23:46:07        0      3075    0,20    0,00    0,00    0,00    0,20     3  containerd-shim
23:46:07        0      3091    0,20    0,00    0,00    0,00    0,20     3  containerd-shim
23:46:07      999      3241    0,40    0,00    0,00    0,00    0,40     6  redis-server
23:46:07     1000      4211    9,60    6,20    0,00    0,00   15,80     1  gnome-shell
23:46:07     1000      5898    3,80    1,20    0,00    0,00    5,00     3  antigravity
23:46:07     1000      5952    9,00    2,20    0,00    0,00   11,20     0  antigravity
23:46:07     1000      6000    6,00    0,80    0,00    0,00    6,80     2  antigravity
23:46:07     1000      6006    0,20    0,00    0,00    0,00    0,20     5  antigravity
23:46:07     1000      6248    2,00    1,00    0,00    0,00    3,00     3  language_server
23:46:07     1000      6334    0,60    0,20    0,00    0,00    0,80     4  antigravity
23:46:07     1000      6366    1,20    0,40    0,00    0,00    1,60     0  antigravity
23:46:07     1000      6381    0,60    0,00    0,00    0,00    0,60     3  antigravity
23:46:07     1000      6409    0,20    0,20    0,00    0,00    0,40     0  antigravity
23:46:07     1000      6708    1,40    1,00    0,00    0,00    2,40     5  language_server
23:46:07     1000      7203    3,80    1,00    0,00    0,00    4,80     3  language_server
23:46:07        0      8594    0,00    0,60    0,00    0,20    0,60     5  kworker/u33:0+i915_flip
23:46:07     1000      9105    0,20    0,00    0,00    0,00    0,20     4  chrome
23:46:07     1000      9152    0,20    0,20    0,00    0,00    0,40     3  chrome
23:46:07     1000      9378    1,00    0,00    0,00    0,00    1,00     5  gnome-terminal-
23:46:07     1000      9657    0,20    0,00    0,00    0,00    0,20     5  chrome
23:46:07     1000     12786    0,40    0,00    0,00    0,00    0,40     7  pidstat
23:46:07     1000     12818    2,20    0,20    0,00    0,00    2,40     6  java

23:46:02      UID       PID  minflt/s  majflt/s     VSZ     RSS   %MEM  Command
23:46:07      115       942    105,00      0,00 1614080   25460   0,16  prometheus-node
23:46:07        0      1668      3,20      0,00 2463668   70216   0,43  containerd
23:46:07        0      3068      2,80      0,00 1235608   14892   0,09  containerd-shim
23:46:07        0      3075      4,40      0,00 1235608   14908   0,09  containerd-shim
23:46:07        0      3076      1,20      0,00 1235608   14944   0,09  containerd-shim
23:46:07        0      3091     12,60      0,00 1235608   16056   0,10  containerd-shim
23:46:07     1000      4211      9,40      0,00 5033008  315512   1,94  gnome-shell
23:46:07     1000      5898     35,40      0,00 1461714124  312720   1,93  antigravity
23:46:07     1000      5952      6,00      0,00 34379308  167572   1,03  antigravity
23:46:07     1000      5963      0,80      0,00 33906396   82640   0,51  antigravity
23:46:07     1000      6000    124,00      0,00 1461390892  411436   2,53  antigravity
23:46:07     1000      6006      7,80      0,00 1459645432  276812   1,71  antigravity
23:46:07     1000      6289      0,20      0,00 33951332   64440   0,40  antigravity
23:46:07     1000      6302      3,20      0,00 1461347888  121388   0,75  antigravity
23:46:07     1000      6303      0,80      0,00 1461367164  112552   0,69  antigravity
23:46:07     1000      6334      8,40      0,00 1461342992  259328   1,60  antigravity
23:46:07     1000      6366    388,20      0,00 1461351388  303824   1,87  antigravity
23:46:07     1000      6381     20,00      0,00 1461358904  155404   0,96  antigravity
23:46:07     1000      6409    168,20      0,00 1461383736  123612   0,76  antigravity
23:46:07     1000      7203      1,20      0,00 5307340  505108   3,11  language_server
23:46:07     1000      9105      8,60      0,00 55447012  385864   2,38  chrome
23:46:07     1000      9152      3,20      0,00 55460668  193268   1,19  chrome
23:46:07     1000      9157      2,60      0,00 54984556  132204   0,81  chrome
23:46:07     1000      9168      0,20      0,00 55021684   62848   0,39  chrome
23:46:07     1000      9642      0,20      0,00 55012336   86728   0,53  chrome
23:46:07     1000      9657     35,40      0,00 1518552488  328728   2,03  chrome
23:46:07     1000     12818      4,00      0,00 5161364  262740   1,62  java

23:46:02      UID       PID   kB_rd/s   kB_wr/s kB_ccwr/s iodelay  Command
23:46:07     1000      6366      0,00      0,80      0,00       0  antigravity
23:46:07     1000      9105      0,00      6,40      0,00       0  chrome
23:46:07     1000      9157      0,00      4,80      0,00       0  chrome
23:46:07     1000     12786      0,00      1,21      0,00       0  pidstat

23:46:07      UID       PID    %usr %system  %guest   %wait    %CPU   CPU  Command
23:46:12        0         1    0,20    0,00    0,00    0,00    0,20     2  systemd
23:46:12        0        57    0,00    1,20    0,00    0,20    1,20     6  ksoftirqd/6
23:46:12        0        58    0,00    0,80    0,00    0,60    0,80     6  kworker/6:0-i915-unordered
23:46:12        0       435    0,00    0,20    0,00    0,20    0,20     5  systemd-udevd
23:46:12      990       908    0,20    0,00    0,00    0,00    0,20     7  dbus-daemon
23:46:12      115       943    0,20    0,00    0,00    0,00    0,20     1  prometheus
23:46:12        0      1646    0,20    0,00    0,00    0,00    0,20     6  glances
23:46:12        0      1654    0,00    0,40    0,00    0,00    0,40     7  tailscaled
23:46:12        0      1668    0,60    0,20    0,00    0,00    0,80     3  containerd
23:46:12        0      2675    0,20    0,00    0,00    0,00    0,20     1  cups-browsed
23:46:12        0      2676    0,40    0,60    0,00    0,00    1,00     1  dockerd
23:46:12      117      2677    2,20    0,20    0,00    0,00    2,40     7  grafana
23:46:12        0      3027    1,60    0,60    0,00    0,00    2,20     6  mount.ntfs-3g
23:46:12        0      3075    0,00    0,20    0,00    0,00    0,20     3  containerd-shim
23:46:12        0      3076    0,20    0,00    0,00    0,00    0,20     7  containerd-shim
23:46:12        0      3091    0,20    0,00    0,00    0,00    0,20     3  containerd-shim
23:46:12        0      3120    0,20    0,00    0,00    0,00    0,20     4  containerd-shim
23:46:12      999      3241    0,40    0,20    0,00    0,00    0,60     6  redis-server
23:46:12       70      3669    0,00    0,20    0,00    0,00    0,20     1  postgres
23:46:12     1000      3918    0,20    0,00    0,00    0,00    0,20     4  systemd
23:46:12     1000      4211   11,60    4,20    0,00    0,00   15,80     6  gnome-shell
23:46:12     1000      4512    0,00    0,20    0,00    0,00    0,20     7  gnome-software
23:46:12     1000      4525    0,20    0,00    0,00    0,00    0,20     6  gsd-sharing
23:46:12     1000      4757    0,00    0,20    0,00    0,00    0,20     6  gvfs-udisks2-vo
23:46:12     1000      5898    2,60    3,00    0,00    0,00    5,60     4  antigravity
23:46:12     1000      5952    8,60    2,40    0,00    0,00   11,00     3  antigravity
23:46:12     1000      6000    6,20    0,60    0,00    0,00    6,80     0  antigravity
23:46:12     1000      6006    0,00    0,20    0,00    0,00    0,20     0  antigravity
23:46:12     1000      6248    1,20    1,80    0,00    0,20    3,00     7  language_server
23:46:12     1000      6334    0,40    0,00    0,00    0,00    0,40     4  antigravity
23:46:12     1000      6366    0,80    0,40    0,00    0,00    1,20     4  antigravity
23:46:12     1000      6381    0,60    0,20    0,00    0,00    0,80     5  antigravity
23:46:12     1000      6409    0,20    0,20    0,00    0,00    0,40     7  antigravity
23:46:12     1000      6708    0,40    2,00    0,00    0,00    2,40     5  language_server
23:46:12     1000      7203    1,40    1,20    0,00    0,00    2,60     3  language_server
23:46:12        0      8594    0,00    0,60    0,00    0,20    0,60     4  kworker/u33:0+i915_flip
23:46:12        0      8774    0,00    0,20    0,00    0,00    0,20     0  kworker/0:2-rcu_gp
23:46:12     1000      9105    0,40    0,00    0,00    0,00    0,40     4  chrome
23:46:12     1000      9152    0,20    0,00    0,00    0,00    0,20     3  chrome
23:46:12     1000      9157    0,20    0,00    0,00    0,00    0,20     1  chrome
23:46:12     1000      9202    0,00    0,20    0,00    0,00    0,20     6  chrome
23:46:12     1000      9378    0,80    0,00    0,00    0,00    0,80     3  gnome-terminal-
23:46:12     1000     10899    0,20    0,00    0,00    0,00    0,20     7  antigravity
23:46:12     1000     12786    0,20    0,40    0,00    0,00    0,60     1  pidstat
23:46:12     1000     12818    6,40    0,20    0,00    0,00    6,60     6  java

23:46:07      UID       PID  minflt/s  majflt/s     VSZ     RSS   %MEM  Command
23:46:12        0       375     24,40      0,00  163644   80468   0,50  systemd-journal
23:46:12        0       435     84,60      0,00   37432   10756   0,07  systemd-udevd
23:46:12        0      1654      2,00      0,00 1421460  106828   0,66  tailscaled
23:46:12        0      1668     10,60      0,00 2463668   70196   0,43  containerd
23:46:12      117      2677      2,40      0,00 1765380  336744   2,07  grafana
23:46:12        0      3068      5,20      0,00 1235608   14184   0,09  containerd-shim
23:46:12        0      3075      7,60      0,00 1235608   14252   0,09  containerd-shim
23:46:12        0      3076      2,20      0,00 1235608   14656   0,09  containerd-shim
23:46:12        0      3091      8,60      0,00 1235608   15132   0,09  containerd-shim
23:46:12        0      3120      4,80      0,00 1235608   14612   0,09  containerd-shim
23:46:12       70      3230      4,40      0,00  174540   25788   0,16  postgres
23:46:12     1000      4211      1,60      0,00 5032944  315512   1,94  gnome-shell
23:46:12     1000      5898     51,00      0,00 1461714124  312008   1,92  antigravity
23:46:12     1000      5952     24,80      0,00 34379308  167488   1,03  antigravity
23:46:12     1000      5963      0,80      0,00 33906396   82640   0,51  antigravity
23:46:12     1000      6000    125,60      0,00 1461390892  412660   2,54  antigravity
23:46:12     1000      6006      8,00      0,00 1459645432  276940   1,71  antigravity
23:46:12     1000      6289      0,20      0,00 33951332   64440   0,40  antigravity
23:46:12     1000      6302      4,00      0,00 1461347888  121388   0,75  antigravity
23:46:12     1000      6303      1,60      0,00 1461367164  112552   0,69  antigravity
23:46:12     1000      6334     12,80      0,00 1461342992  259328   1,60  antigravity
23:46:12     1000      6366    278,80      0,00 1461351388  303820   1,87  antigravity
23:46:12     1000      6381     24,40      0,00 1461358904  155788   0,96  antigravity
23:46:12     1000      6409     16,20      0,00 1461383736  123072   0,76  antigravity
23:46:12     1000      9105     14,60      0,00 55447012  385864   2,38  chrome
23:46:12     1000      9152      6,40      0,00 55460668  193268   1,19  chrome
23:46:12     1000      9157      6,40      0,00 54984556  132204   0,81  chrome
23:46:12     1000      9168      0,40      0,00 55021684   62848   0,39  chrome
23:46:12     1000      9642      0,40      0,00 55012336   86728   0,53  chrome
23:46:12     1000      9657      0,00      0,00 1518552488  326436   2,01  chrome
23:46:12     1000     12818     48,00      0,00 5161364  263636   1,62  java
23:46:12        0     13350     51,40      0,00   37436    6968   0,04  (udev-worker)
23:46:12        0     13358     26,60      0,00   37436    6648   0,04  (udev-worker)
23:46:12        0     13359     28,00      0,00   37436    6648   0,04  (udev-worker)
23:46:12        0     13362     27,40      0,00   37436    6648   0,04  (udev-worker)
23:46:12        0     13363     26,40      0,00   37436    6648   0,04  (udev-worker)
23:46:12        0     13364     27,60      0,00   37436    6648   0,04  (udev-worker)
23:46:12        0     13366     27,40      0,00   37436    6648   0,04  (udev-worker)
23:46:12        0     13367     27,20      0,00   37436    6776   0,04  (udev-worker)
23:46:12        0     13369     28,00      0,00   37436    6776   0,04  (udev-worker)
23:46:12        0     13370     27,80      0,00   37436    6776   0,04  (udev-worker)
23:46:12        0     13371     27,00      0,00   37436    6624   0,04  (udev-worker)
23:46:12        0     13373     28,40      0,00   37436    6628   0,04  (udev-worker)
23:46:12        0     13374     29,60      0,00   37436    6600   0,04  (udev-worker)
23:46:12        0     13375     28,40      0,00   37436    6648   0,04  (udev-worker)
23:46:12        0     13376     28,00      0,00   37436    6776   0,04  (udev-worker)
23:46:12        0     13377     27,80      0,00   37436    6776   0,04  (udev-worker)

23:46:07      UID       PID   kB_rd/s   kB_wr/s kB_ccwr/s iodelay  Command
23:46:12     1000      6366      0,00      0,80      0,00       0  antigravity
23:46:12     1000     12786      0,00      1,23      0,00       0  pidstat
23:46:12     1000     12818      0,00      1,60      0,00       0  java

23:46:12      UID       PID    %usr %system  %guest   %wait    %CPU   CPU  Command
23:46:17        0         1    0,20    0,00    0,00    0,20    0,20     1  systemd
23:46:17        0        28    0,00    0,20    0,00    0,00    0,20     1  kworker/1:0-events_power_efficient
23:46:17        0        57    0,00    1,20    0,00    0,00    1,20     6  ksoftirqd/6
23:46:17        0        58    0,00    0,60    0,00    0,80    0,60     6  kworker/6:0-i915-unordered
23:46:17      990       908    0,20    0,20    0,00    0,20    0,40     0  dbus-daemon
23:46:17      115       943    0,20    0,00    0,00    0,00    0,20     1  prometheus
23:46:17        0       955    0,00    0,20    0,00    0,00    0,20     5  udisksd
23:46:17        0      1654    0,20    0,00    0,00    0,00    0,20     7  tailscaled
23:46:17        0      1668    0,40    0,20    0,00    0,00    0,60     3  containerd
23:46:17        0      2676    0,40    0,60    0,00    0,00    1,00     1  dockerd
23:46:17      117      2677    0,60    0,20    0,00    0,00    0,80     7  grafana
23:46:17        0      3027    1,20    0,80    0,00    0,00    2,00     0  mount.ntfs-3g
23:46:17        0      3068    0,00    0,20    0,00    0,00    0,20     0  containerd-shim
23:46:17        0      3076    0,00    0,20    0,00    0,00    0,20     7  containerd-shim
23:46:17        0      3120    0,00    0,20    0,00    0,00    0,20     4  containerd-shim
23:46:17      999      3241    0,40    0,00    0,00    0,00    0,40     2  redis-server
23:46:17     1000      3918    0,20    0,20    0,00    0,00    0,40     4  systemd
23:46:17     1000      4002    0,20    0,00    0,00    0,00    0,20     3  dbus-daemon
23:46:17     1000      4211    9,80    6,20    0,00    0,20   16,00     5  gnome-shell
23:46:17     1000      4757    0,20    0,00    0,00    0,00    0,20     7  gvfs-udisks2-vo
23:46:17     1000      4941    0,00    0,20    0,00    0,20    0,20     6  xdg-desktop-por
23:46:17     1000      5898    3,40    2,00    0,00    0,00    5,40     6  antigravity
23:46:17     1000      5952    8,60    2,20    0,00    0,00   10,80     3  antigravity
23:46:17     1000      6000    6,40    0,80    0,00    0,00    7,20     6  antigravity
23:46:17     1000      6248    2,00    1,00    0,00    0,00    3,00     1  language_server
23:46:17     1000      6302    0,00    0,20    0,00    0,00    0,20     0  antigravity
23:46:17     1000      6334    0,40    0,20    0,00    0,00    0,60     4  antigravity
23:46:17     1000      6366    1,20    0,20    0,00    0,00    1,40     3  antigravity
23:46:17     1000      6381    0,80    0,20    0,00    0,00    1,00     2  antigravity
23:46:17     1000      6409    0,20    0,20    0,00    0,00    0,40     3  antigravity
23:46:17     1000      6708    1,60    1,00    0,00    0,00    2,60     5  language_server
23:46:17     1000      7203    1,60    1,00    0,00    0,00    2,60     3  language_server
23:46:17        0      8594    0,00    0,60    0,00    0,60    0,60     0  kworker/u33:0-i915_flip
23:46:17     1000      9105    0,20    0,20    0,00    0,00    0,40     4  chrome
23:46:17     1000      9152    0,20    0,20    0,00    0,00    0,40     3  chrome
23:46:17     1000      9210    0,20    0,00    0,00    0,00    0,20     2  chrome
23:46:17     1000      9378    0,80    0,00    0,00    0,00    0,80     0  gnome-terminal-
23:46:17        0     12404    0,20    0,00    0,00    0,00    0,20     3  kworker/3:1-events
23:46:17     1000     12786    0,20    0,40    0,00    0,00    0,60     2  pidstat
23:46:17     1000     12818    5,00    0,40    0,00    0,00    5,40     6  java

23:46:12      UID       PID  minflt/s  majflt/s     VSZ     RSS   %MEM  Command
23:46:17        0       375     15,00      0,00  163644   80468   0,50  systemd-journal
23:46:17        0       435      2,60      0,00   37432   10756   0,07  systemd-udevd
23:46:17        0      1654      2,20      0,00 1421460  106956   0,66  tailscaled
23:46:17        0      3068     11,20      0,00 1235608   14440   0,09  containerd-shim
23:46:17        0      3075     12,40      0,00 1235608   14380   0,09  containerd-shim
23:46:17        0      3076     10,00      0,00 1235608   14784   0,09  containerd-shim
23:46:17        0      3091      5,40      0,00 1235608   15132   0,09  containerd-shim
23:46:17        0      3120     12,00      0,00 1235608   14740   0,09  containerd-shim
23:46:17     1000      4211      8,80      0,00 5024752  315640   1,94  gnome-shell
23:46:17     1000      5898     40,60      0,00 1461714124  312288   1,92  antigravity
23:46:17     1000      5952     23,80      0,00 34379372  168000   1,03  antigravity
23:46:17     1000      5963      1,60      0,00 33906396   82640   0,51  antigravity
23:46:17     1000      6000    246,80      0,00 1461390892  414124   2,55  antigravity
23:46:17     1000      6006      8,00      0,00 1459645432  277068   1,71  antigravity
23:46:17     1000      6289      0,40      0,00 33951332   64440   0,40  antigravity
23:46:17     1000      6302      3,00      0,00 1461347888  121388   0,75  antigravity
23:46:17     1000      6303      0,60      0,00 1461367164  112552   0,69  antigravity
23:46:17     1000      6334     10,60      0,00 1461342992  259328   1,60  antigravity
23:46:17     1000      6366    346,80      0,00 1461351388  304324   1,87  antigravity
23:46:17     1000      6381     20,80      0,00 1461358904  155572   0,96  antigravity
23:46:17     1000      6409      6,00      0,00 1461383736  123072   0,76  antigravity
23:46:17     1000      7325      2,20      0,00 1459530528   86076   0,53  antigravity
23:46:17     1000      9105     37,40      0,00 55447012  385992   2,38  chrome
23:46:17     1000      9113      3,00      0,00 54552036    4336   0,03  chrome_crashpad
23:46:17     1000      9152      5,60      0,00 55460668  193268   1,19  chrome
23:46:17     1000      9157     21,20      0,00 54984556  132592   0,82  chrome
23:46:17     1000      9168      0,20      0,00 55021684   62848   0,39  chrome
23:46:17     1000      9642      0,40      0,00 55012336   86728   0,53  chrome
23:46:17     1000      9657      0,20      0,00 1518552488  326568   2,01  chrome
23:46:17     1000      9668      0,60      0,00 1518496488  118200   0,73  chrome
23:46:17     1000     12786      0,40      0,00    6316    5336   0,03  pidstat
23:46:17     1000     12818     18,40      0,00 5161364  263880   1,63  java

23:46:12      UID       PID   kB_rd/s   kB_wr/s kB_ccwr/s iodelay  Command
23:46:17     1000      6366      0,00      0,80      0,00       0  antigravity
23:46:17     1000      9105      0,00     20,80      0,00       0  chrome
23:46:17     1000      9113     12,00     28,80     28,80       0  chrome_crashpad
23:46:17     1000      9157      0,00     21,60      0,00       0  chrome
23:46:17     1000     12786      0,00      1,64      0,00       0  pidstat
23:46:17     1000     12818      0,00      1,65      0,00       0  java

Rata-rata:    UID       PID    %usr %system  %guest   %wait    %CPU   CPU  Command
Rata-rata:      0         1    0,11    0,01    0,00    0,01    0,13     -  systemd
Rata-rata:      0        17    0,01    0,00    0,00    0,00    0,01     -  ksoftirqd/0
Rata-rata:      0        18    0,00    0,04    0,00    0,03    0,04     -  rcu_preempt
Rata-rata:      0        27    0,01    0,00    0,00    0,01    0,01     -  ksoftirqd/1
Rata-rata:      0        28    0,00    0,03    0,00    0,01    0,03     -  kworker/1:0-events_power_efficient
Rata-rata:      0        39    0,01    0,00    0,00    0,01    0,01     -  ksoftirqd/3
Rata-rata:      0        45    0,01    0,00    0,00    0,01    0,01     -  ksoftirqd/4
Rata-rata:      0        57    0,00    1,13    0,00    0,03    1,13     -  ksoftirqd/6
Rata-rata:      0        58    0,00    0,66    0,00    0,89    0,66     -  kworker/6:0-i915-unordered
Rata-rata:      0        65    0,00    0,03    0,00    0,00    0,03     -  kworker/7:0H-events_highpri
Rata-rata:      0        67    0,00    0,03    0,00    0,01    0,03     -  kworker/u32:1-ext4-rsv-conversion
Rata-rata:      0        73    0,00    0,03    0,00    0,00    0,03     -  kworker/u32:7-ext4-rsv-conversion
Rata-rata:      0        86    0,00    0,04    0,00    0,00    0,04     -  irq/9-acpi
Rata-rata:      0        90    0,00    0,03    0,00    0,01    0,03     -  kworker/4:1-events_power_efficient
Rata-rata:      0        95    0,00    0,01    0,00    0,00    0,01     -  kworker/4:1H-kblockd
Rata-rata:      0       113    0,00    0,01    0,00    0,00    0,01     -  kworker/0:1H-events_highpri
Rata-rata:      0       175    0,00    0,03    0,00    0,00    0,03     -  kworker/6:1H-events_highpri
Rata-rata:      0       214    0,00    0,01    0,00    0,00    0,01     -  kworker/1:1H-events_highpri
Rata-rata:      0       375    0,00    0,01    0,00    0,00    0,01     -  systemd-journal
Rata-rata:      0       435    0,00    0,03    0,00    0,04    0,03     -  systemd-udevd
Rata-rata:      0       647    0,00    0,01    0,00    0,00    0,01     -  irq/130-iwlwifi
Rata-rata:    102       902    0,00    0,01    0,00    0,00    0,01     -  avahi-daemon
Rata-rata:    990       908    0,29    0,06    0,00    0,01    0,34     -  dbus-daemon
Rata-rata:    115       942    0,37    0,19    0,00    0,00    0,56     -  prometheus-node
Rata-rata:    115       943    0,16    0,01    0,00    0,00    0,17     -  prometheus
Rata-rata:      0       955    0,00    0,01    0,00    0,00    0,01     -  udisksd
Rata-rata:      0      1081    0,03    0,01    0,00    0,01    0,04     -  NetworkManager
Rata-rata:      0      1646    0,13    0,01    0,00    0,00    0,14     -  glances
Rata-rata:      0      1654    0,11    0,11    0,00    0,01    0,23     -  tailscaled
Rata-rata:      0      1668    0,36    0,17    0,00    0,00    0,53     -  containerd
Rata-rata:      0      1673    0,01    0,01    0,00    0,00    0,03     -  anydesk
Rata-rata:    111      1761    0,00    0,01    0,00    0,00    0,01     -  mariadbd
Rata-rata:      0      2675    0,01    0,00    0,00    0,00    0,01     -  cups-browsed
Rata-rata:      0      2676    0,44    0,26    0,00    0,00    0,70     -  dockerd
Rata-rata:    117      2677    0,60    0,30    0,00    0,00    0,90     -  grafana
Rata-rata:      0      3027    1,10    0,69    0,00    0,01    1,78     -  mount.ntfs-3g
Rata-rata:      0      3068    0,04    0,07    0,00    0,00    0,11     -  containerd-shim
Rata-rata:      0      3075    0,06    0,06    0,00    0,00    0,11     -  containerd-shim
Rata-rata:      0      3076    0,07    0,06    0,00    0,00    0,13     -  containerd-shim
Rata-rata:      0      3091    0,07    0,06    0,00    0,00    0,13     -  containerd-shim
Rata-rata:      0      3120    0,10    0,04    0,00    0,00    0,14     -  containerd-shim
Rata-rata:    999      3241    0,41    0,06    0,00    0,00    0,47     -  redis-server
Rata-rata:     70      3669    0,00    0,01    0,00    0,00    0,01     -  postgres
Rata-rata:   1000      3918    0,04    0,01    0,00    0,00    0,06     -  systemd
Rata-rata:   1000      4002    0,01    0,00    0,00    0,00    0,01     -  dbus-daemon
Rata-rata:   1000      4003    0,01    0,03    0,00    0,00    0,04     -  pipewire
Rata-rata:   1000      4006    0,01    0,00    0,00    0,00    0,01     -  wireplumber
Rata-rata:   1000      4009    0,01    0,01    0,00    0,00    0,03     -  pipewire-pulse
Rata-rata:   1000      4211   10,52    5,64    0,00    0,10   16,16     -  gnome-shell
Rata-rata:   1000      4491    0,01    0,00    0,00    0,00    0,01     -  gsd-housekeepin
Rata-rata:   1000      4512    0,00    0,01    0,00    0,00    0,01     -  gnome-software
Rata-rata:   1000      4519    0,01    0,00    0,00    0,00    0,01     -  gsd-rfkill
Rata-rata:   1000      4525    0,01    0,00    0,00    0,01    0,01     -  gsd-sharing
Rata-rata:   1000      4546    0,00    0,01    0,00    0,00    0,01     -  anydesk
Rata-rata:   1000      4757    0,03    0,01    0,00    0,00    0,04     -  gvfs-udisks2-vo
Rata-rata:   1000      4941    0,00    0,01    0,00    0,01    0,01     -  xdg-desktop-por
Rata-rata:   1000      4944    0,01    0,00    0,00    0,00    0,01     -  gvfsd-trash
Rata-rata:      0      5233    0,01    0,00    0,00    0,00    0,01     -  fwupd
Rata-rata:   1000      5898    3,63    1,77    0,00    0,09    5,40     -  antigravity
Rata-rata:   1000      5952    9,12    2,16    0,00    0,07   11,28     -  antigravity
Rata-rata:   1000      5963    0,01    0,00    0,00    0,00    0,01     -  antigravity
Rata-rata:   1000      6000    8,95    0,76    0,00    0,03    9,71     -  antigravity
Rata-rata:   1000      6006    0,14    0,03    0,00    0,00    0,17     -  antigravity
Rata-rata:   1000      6248    1,67    1,27    0,00    0,06    2,94     -  language_server
Rata-rata:   1000      6302    0,01    0,01    0,00    0,00    0,03     -  antigravity
Rata-rata:   1000      6303    0,03    0,01    0,00    0,00    0,04     -  antigravity
Rata-rata:   1000      6334    0,47    0,10    0,00    0,00    0,57     -  antigravity
Rata-rata:   1000      6366    1,06    0,34    0,00    0,01    1,40     -  antigravity
Rata-rata:   1000      6381    0,90    0,10    0,00    0,00    1,00     -  antigravity
Rata-rata:   1000      6409    0,34    0,16    0,00    0,01    0,50     -  antigravity
Rata-rata:   1000      6708    1,56    1,06    0,00    0,00    2,61     -  language_server
Rata-rata:   1000      7203    1,57    1,26    0,00    0,00    2,83     -  language_server
Rata-rata:      0      8594    0,00    0,66    0,00    0,67    0,66     -  kworker/u33:0-i915_flip
Rata-rata:      0      8774    0,00    0,01    0,00    0,04    0,01     -  kworker/0:2-i915-unordered
Rata-rata:      0      8778    0,00    0,01    0,00    0,01    0,01     -  kworker/7:0-events
Rata-rata:   1000      9105    0,21    0,06    0,00    0,01    0,27     -  chrome
Rata-rata:   1000      9152    0,26    0,07    0,00    0,00    0,33     -  chrome
Rata-rata:   1000      9157    0,06    0,01    0,00    0,00    0,07     -  chrome
Rata-rata:   1000      9168    0,01    0,01    0,00    0,00    0,03     -  chrome
Rata-rata:   1000      9202    0,03    0,01    0,00    1,44    0,04     -  chrome
Rata-rata:   1000      9210    0,04    0,01    0,00    1,44    0,06     -  chrome
Rata-rata:   1000      9335    0,01    0,01    0,00    1,44    0,03     -  chrome
Rata-rata:   1000      9378    0,96    0,00    0,00    0,00    0,96     -  gnome-terminal-
Rata-rata:   1000      9642    0,01    0,00    0,00    0,01    0,01     -  chrome
Rata-rata:   1000      9657    0,06    0,01    0,00    0,00    0,07     -  chrome
Rata-rata:   1000      9668    0,01    0,00    0,00    0,00    0,01     -  chrome
Rata-rata:   1000      9773    0,01    0,00    0,00    0,00    0,01     -  ssh
Rata-rata:   1000     10899    0,04    0,00    0,00    0,00    0,04     -  antigravity
Rata-rata:      0     12404    0,03    0,00    0,00    0,01    0,03     -  kworker/3:1-events
Rata-rata:      0     12697    0,01    0,00    0,00    0,01    0,01     -  kworker/2:1-events_freezable
Rata-rata:      0     12728    0,01    0,00    0,00    0,01    0,01     -  kworker/5:2-events
Rata-rata:      0     12744    0,00    0,01    0,00    0,00    0,01     -  kworker/u32:0-kvfree_rcu_reclaim
Rata-rata:   1000     12786    0,24    0,29    0,00    0,00    0,53     -  pidstat
Rata-rata:   1000     12818   14,24    0,79    0,00    0,00   15,02     -  java

Rata-rata:    UID       PID  minflt/s  majflt/s     VSZ     RSS   %MEM  Command
Rata-rata:      0         1      0,43      0,00   24704   14840   0,09  systemd
Rata-rata:      0       375      6,44      0,00  163644   80468   0,50  systemd-journal
Rata-rata:      0       435     12,55      0,00   37432   10756   0,07  systemd-udevd
Rata-rata:      0       906      0,03      0,00    6792    2720   0,02  cron
Rata-rata:    115       942     23,38      0,00 1614080   25406   0,16  prometheus-node
Rata-rata:    115       943      0,09      0,00 2610260  107400   0,66  prometheus
Rata-rata:      0      1654      0,73      0,00 1421460  106663   0,66  tailscaled
Rata-rata:      0      1668      3,07      0,00 2463668   70679   0,44  containerd
Rata-rata:    114      1776      0,80      0,00  218252   29316   0,18  postgres
Rata-rata:      0      2676      0,06      0,00 3358484  108084   0,67  dockerd
Rata-rata:    117      2677      0,46      0,00 1765380  336744   2,07  grafana
Rata-rata:      0      3068      7,07      0,00 1235608   14759   0,09  containerd-shim
Rata-rata:      0      3075      7,91      0,00 1235608   14695   0,09  containerd-shim
Rata-rata:      0      3076      7,87      0,00 1235608   14822   0,09  containerd-shim
Rata-rata:      0      3091      8,13      0,00 1235608   15394   0,09  containerd-shim
Rata-rata:      0      3120      9,00      0,00 1235608   14824   0,09  containerd-shim
Rata-rata:     70      3230      0,63      0,00  174540   25788   0,16  postgres
Rata-rata:    117      3639      0,01      0,00 1296396   35360   0,22  gpx_grafana_ela
Rata-rata:   1000      4003      2,58      0,00  103958   13623   0,08  pipewire
Rata-rata:   1000      4006      0,04      0,00  718576   27064   0,17  wireplumber
Rata-rata:   1000      4009      2,97      0,00  171976   14867   0,09  pipewire-pulse
Rata-rata:   1000      4211      5,75      0,00 5030633  315605   1,94  gnome-shell
Rata-rata:   1000      4941      0,01      0,00  704604   20144   0,12  xdg-desktop-por
Rata-rata:   1000      5898     40,45      0,00 1461714124  312321   1,92  antigravity
Rata-rata:   1000      5952     22,69      0,00 34379871  167661   1,03  antigravity
Rata-rata:   1000      5963      1,14      0,00 33906396   82640   0,51  antigravity
Rata-rata:   1000      6000    189,56      0,00 1461390183  408875   2,52  antigravity
Rata-rata:   1000      6006     21,66      0,00 1459645418  275487   1,70  antigravity
Rata-rata:   1000      6077      0,06      0,01 1459609232  168568   1,04  antigravity
Rata-rata:   1000      6289      0,26      0,00 33951332   64440   0,40  antigravity
Rata-rata:   1000      6302      4,27      0,00 1461347888  121388   0,75  antigravity
Rata-rata:   1000      6303      0,99      0,00 1461367164  112515   0,69  antigravity
Rata-rata:   1000      6334     17,41      0,00 1461342992  259489   1,60  antigravity
Rata-rata:   1000      6366    332,94      0,00 1461351388  303988   1,87  antigravity
Rata-rata:   1000      6381     21,86      0,00 1461358904  155262   0,96  antigravity
Rata-rata:   1000      6409     95,49      0,00 1461383736  122825   0,76  antigravity
Rata-rata:   1000      6708      0,00      0,00 4256016  479559   2,95  language_server
Rata-rata:   1000      7203      0,10      0,00 5307327  505108   3,11  language_server
Rata-rata:   1000      7289      0,04      0,00 1459530528   93424   0,58  antigravity
Rata-rata:   1000      7325      0,17      0,00 1459530528   86076   0,53  antigravity
Rata-rata:   1000      9105     13,68      0,00 55447012  385934   2,38  chrome
Rata-rata:   1000      9113      0,21      0,00 54552036    4202   0,03  chrome_crashpad
Rata-rata:   1000      9152      4,28      0,00 55460668  193268   1,19  chrome
Rata-rata:   1000      9157     22,08      0,00 54984556  132238   0,81  chrome
Rata-rata:   1000      9168      0,26      0,00 55021684   62848   0,39  chrome
Rata-rata:   1000      9642      0,29      0,00 55012336   86728   0,53  chrome
Rata-rata:   1000      9657     24,95      0,00 1520097265  328086   2,02  chrome
Rata-rata:   1000      9668      0,04      0,00 1518496488  118200   0,73  chrome
Rata-rata:   1000     10937      0,99      0,00    7664    3776   0,02  run_all_tests.s
Rata-rata:   1000     12786      0,70      0,00    6307    5318   0,03  pidstat
Rata-rata:   1000     12787      0,27      0,00    2676    1808   0,01  jmeter
Rata-rata:   1000     12818    608,60      0,00 5161364  255272   1,57  java

Rata-rata:    UID       PID   kB_rd/s   kB_wr/s kB_ccwr/s iodelay  Command
Rata-rata:   1000      4006      0,00      0,06      0,00       0  wireplumber
Rata-rata:   1000      4211      0,00      5,14      0,00       0  gnome-shell
Rata-rata:   1000      5898      0,00      0,69      0,00       0  antigravity
Rata-rata:   1000      5963      0,00      0,23      0,00       0  antigravity
Rata-rata:   1000      6077      1,83      0,00      0,00       0  antigravity
Rata-rata:   1000      6366      0,00      0,57      0,00       0  antigravity
Rata-rata:   1000      9105      0,00      5,03      0,00       0  chrome
Rata-rata:   1000      9113      0,86      2,06      2,06       0  chrome_crashpad
Rata-rata:   1000      9157      0,00     34,16      0,06       0  chrome
Rata-rata:   1000     10937      0,00     13,26      5,14       0  run_all_tests.s
Rata-rata:   1000     12786      0,00      1,19      0,00       0  pidstat
Rata-rata:   1000     12818      0,00      1,33      0,00       0  java
