Linux 6.12.96+deb13-amd64 (debian) 	29/07/26 	_x86_64_	(8 CPU)

23:56:36      UID       PID    %usr %system  %guest   %wait    %CPU   CPU  Command
23:56:41        0        18    0,00    0,20    0,00    0,20    0,20     3  rcu_preempt
23:56:41        0        57    0,00    1,19    0,00    0,00    1,19     6  ksoftirqd/6
23:56:41        0      1646    0,20    0,00    0,00    0,00    0,20     6  glances
23:56:41        0      1654    0,00    0,20    0,00    0,00    0,20     2  tailscaled
23:56:41        0      1668    0,40    0,20    0,00    0,00    0,60     3  containerd
23:56:41        0      2676    0,40    0,20    0,00    0,00    0,60     7  dockerd
23:56:41      117      2677    0,40    0,40    0,00    0,00    0,80     6  grafana
23:56:41        0      3068    0,00    0,20    0,00    0,00    0,20     0  containerd-shim
23:56:41        0      3075    0,20    0,20    0,00    0,00    0,40     3  containerd-shim
23:56:41        0      3091    0,20    0,00    0,00    0,00    0,20     3  containerd-shim
23:56:41        0      3120    0,20    0,00    0,00    0,00    0,20     4  containerd-shim
23:56:41      999      3241    0,40    0,00    0,00    0,00    0,40     7  redis-server
23:56:41     1000      4211   10,54    6,76    0,00    0,40   17,30     4  gnome-shell
23:56:41     1000      5898    4,37    1,79    0,00    0,80    6,16     5  antigravity
23:56:41     1000      5952   10,34    2,78    0,00    0,60   13,12     3  antigravity
23:56:41     1000      6000   28,43    0,80    0,00    0,80   29,22     5  antigravity
23:56:41     1000      6006    0,20    0,00    0,00    0,20    0,20     0  antigravity
23:56:41     1000      6248    1,39    1,19    0,00    0,60    2,58     2  language_server
23:56:41     1000      6334    0,40    0,00    0,00    0,20    0,40     7  antigravity
23:56:41     1000      6366    0,80    0,20    0,00    0,20    0,99     7  antigravity
23:56:41     1000      6381    3,38    0,00    0,00    0,20    3,38     5  antigravity
23:56:41     1000      6409    0,40    0,40    0,00    0,20    0,80     0  antigravity
23:56:41     1000      6708    1,19    0,99    0,00    0,00    2,19     5  language_server
23:56:41     1000      7203    1,39    1,19    0,00    0,00    2,58     3  language_server
23:56:41        0      8594    0,00    0,80    0,00    0,40    0,80     7  kworker/u33:0-i915_flip
23:56:41     1000      9105    0,20    0,00    0,00    0,00    0,20     2  chrome
23:56:41     1000      9152    0,20    0,00    0,00    0,00    0,20     5  chrome
23:56:41     1000      9378    0,80    0,20    0,00    0,00    0,99     1  gnome-terminal-
23:56:41     1000     10899    0,20    0,00    0,00    0,00    0,20     6  antigravity
23:56:41        0     14919    0,00    0,60    0,00    1,79    0,60     6  kworker/6:2-i915-unordered
23:56:41     1000     17064    0,20    0,20    0,00    0,00    0,40     6  pidstat
23:56:41     1000     17096  143,14    8,35    0,00    0,00  151,49     7  java

23:56:36      UID       PID  minflt/s  majflt/s     VSZ     RSS   %MEM  Command
23:56:41        0      1668      6,16      0,00 2463668   69732   0,43  containerd
23:56:41      114      1776      5,17      0,00  218252   29316   0,18  postgres
23:56:41      117      2677      0,00      0,00 1765380  335928   2,07  grafana
23:56:41        0      3068      6,36      0,00 1235608   14536   0,09  containerd-shim
23:56:41        0      3075      4,37      0,00 1235608   14420   0,09  containerd-shim
23:56:41        0      3076      5,96      0,00 1235608   14512   0,09  containerd-shim
23:56:41        0      3091      7,36      0,00 1235608   14820   0,09  containerd-shim
23:56:41        0      3120      3,38      0,00 1235608   14592   0,09  containerd-shim
23:56:41     1000      4211      1,39      0,00 5037248  316140   1,95  gnome-shell
23:56:41     1000      5898     42,35      0,00 1461714124  313352   1,93  antigravity
23:56:41     1000      5952     45,53      0,00 34385836  167540   1,03  antigravity
23:56:41     1000      5963      1,59      0,00 33906396   82640   0,51  antigravity
23:56:41     1000      6000    598,81      0,00 1461388844  425980   2,62  antigravity
23:56:41     1000      6006     23,46      0,00 1459645432  279256   1,72  antigravity
23:56:41     1000      6289      0,40      0,00 33951332   64440   0,40  antigravity
23:56:41     1000      6302      6,76      0,00 1461347888  121372   0,75  antigravity
23:56:41     1000      6303      1,59      0,00 1461367164  112552   0,69  antigravity
23:56:41     1000      6334      8,95      0,00 1461342992  260212   1,60  antigravity
23:56:41     1000      6366     36,58      0,00 1461351388  305416   1,88  antigravity
23:56:41     1000      6381      6,76      0,00 1461358904  155704   0,96  antigravity
23:56:41     1000      6409    135,59      0,00 1461383736  119144   0,73  antigravity
23:56:41     1000      9105      8,95      0,00 55447012  385176   2,37  chrome
23:56:41     1000      9152      3,38      0,00 55460652  193140   1,19  chrome
23:56:41     1000      9157      3,18      0,00 54984540  132156   0,81  chrome
23:56:41     1000      9168      0,20      0,00 55021684   62848   0,39  chrome
23:56:41     1000      9642      0,20      0,00 55012336   86856   0,54  chrome
23:56:41     1000     17064      1,39      0,00    6184    5272   0,03  pidstat
23:56:41     1000     17065      3,78      0,00    2676    1856   0,01  jmeter
23:56:41     1000     17096   9628,43      0,00 6506772  285360   1,76  java

23:56:36      UID       PID   kB_rd/s   kB_wr/s kB_ccwr/s iodelay  Command
23:56:41     1000      9105      0,00      4,77      0,00       0  chrome
23:56:41     1000     17096      0,00      2,27      0,00       0  java

23:56:41      UID       PID    %usr %system  %guest   %wait    %CPU   CPU  Command
23:56:46        0        57    0,00    1,00    0,00    0,00    1,00     6  ksoftirqd/6
23:56:46      115       943    0,20    0,00    0,00    0,00    0,20     1  prometheus
23:56:46        0      1646    0,20    0,00    0,00    0,00    0,20     6  glances
23:56:46        0      1654    0,20    0,20    0,00    0,00    0,40     2  tailscaled
23:56:46        0      1668    0,40    0,00    0,00    0,00    0,40     3  containerd
23:56:46        0      2676    0,20    0,40    0,00    0,00    0,60     7  dockerd
23:56:46      117      2677    0,20    0,60    0,00    0,00    0,80     6  grafana
23:56:46        0      3027    0,40    0,20    0,00    0,00    0,60     2  mount.ntfs-3g
23:56:46        0      3076    0,20    0,00    0,00    0,00    0,20     7  containerd-shim
23:56:46        0      3091    0,00    0,20    0,00    0,00    0,20     3  containerd-shim
23:56:46      999      3241    0,60    0,00    0,00    0,00    0,60     7  redis-server
23:56:46     1000      4211    7,80    8,00    0,00    0,00   15,80     7  gnome-shell
23:56:46     1000      5898    3,40    1,80    0,00    0,00    5,20     1  antigravity
23:56:46     1000      5952    8,80    2,20    0,00    0,20   11,00     3  antigravity
23:56:46     1000      6000    5,60    0,80    0,00    0,00    6,40     1  antigravity
23:56:46     1000      6248    1,80    0,80    0,00    0,00    2,60     4  language_server
23:56:46     1000      6303    0,00    0,20    0,00    0,00    0,20     2  antigravity
23:56:46     1000      6334    0,40    0,20    0,00    0,00    0,60     0  antigravity
23:56:46     1000      6366    0,80    0,00    0,00    0,00    0,80     1  antigravity
23:56:46     1000      6381    0,40    0,40    0,00    0,00    0,80     6  antigravity
23:56:46     1000      6409    0,40    0,00    0,00    0,00    0,40     2  antigravity
23:56:46     1000      6708    1,00    1,40    0,00    0,00    2,40     5  language_server
23:56:46     1000      7203    1,80    0,80    0,00    0,00    2,60     3  language_server
23:56:46        0      8594    0,00    0,60    0,00    0,20    0,60     7  kworker/u33:0-i915_flip
23:56:46     1000      9105    0,40    0,20    0,00    0,20    0,60     3  chrome
23:56:46     1000      9152    0,20    0,20    0,00    0,00    0,40     5  chrome
23:56:46     1000      9157    0,20    0,00    0,00    0,00    0,20     4  chrome
23:56:46     1000      9202    0,00    0,20    0,00    0,00    0,20     5  chrome
23:56:46     1000      9378    1,00    0,00    0,00    0,00    1,00     1  gnome-terminal-
23:56:46     1000      9657    3,20    0,20    0,00    0,00    3,40     0  chrome
23:56:46        0     14919    0,00    0,60    0,00    1,20    0,60     6  kworker/6:2-i915-unordered
23:56:46     1000     17064    0,20    0,20    0,00    0,00    0,40     2  pidstat
23:56:46     1000     17096   14,00    1,80    0,00    0,00   15,80     7  java

23:56:41      UID       PID  minflt/s  majflt/s     VSZ     RSS   %MEM  Command
23:56:46      115       943      0,40      0,00 2610260  107332   0,66  prometheus
23:56:46        0      1654      0,60      0,00 1421460  102600   0,63  tailscaled
23:56:46        0      1668      0,40      0,00 2463668   69732   0,43  containerd
23:56:46        0      3068     11,00      0,00 1235608   14664   0,09  containerd-shim
23:56:46        0      3075     10,20      0,00 1235608   14548   0,09  containerd-shim
23:56:46        0      3076     10,80      0,00 1235608   14768   0,09  containerd-shim
23:56:46        0      3091     12,40      0,00 1235608   14948   0,09  containerd-shim
23:56:46        0      3120     10,80      0,00 1235608   14720   0,09  containerd-shim
23:56:46     1000      4211      6,80      0,00 5024952  315704   1,94  gnome-shell
23:56:46     1000      5898     37,60      0,00 1461714124  313392   1,93  antigravity
23:56:46     1000      5952      5,60      0,00 34367276  167404   1,03  antigravity
23:56:46     1000      5963      0,80      0,00 33906396   82640   0,51  antigravity
23:56:46     1000      6000     58,80      0,00 1461388844  424580   2,62  antigravity
23:56:46     1000      6006      7,40      0,00 1459645432  279256   1,72  antigravity
23:56:46     1000      6289      0,20      0,00 33951332   64440   0,40  antigravity
23:56:46     1000      6302      3,20      0,00 1461347888  121372   0,75  antigravity
23:56:46     1000      6303      1,00      0,00 1461367164  112552   0,69  antigravity
23:56:46     1000      6334     12,80      0,00 1461342992  260212   1,60  antigravity
23:56:46     1000      6366     27,20      0,00 1461351388  305544   1,88  antigravity
23:56:46     1000      6381      2,80      0,00 1461358904  155704   0,96  antigravity
23:56:46     1000      6409     90,20      0,00 1461383736  119144   0,73  antigravity
23:56:46     1000      9105    103,40      0,00 55447012  385944   2,38  chrome
23:56:46     1000      9152      3,40      0,00 55460652  193140   1,19  chrome
23:56:46     1000      9157     51,60      0,00 54984540  132796   0,82  chrome
23:56:46     1000      9168      0,20      0,00 55021684   62848   0,39  chrome
23:56:46     1000      9642      0,20      0,00 55012336   86856   0,54  chrome
23:56:46     1000      9657    922,60      0,00 1520518576  341444   2,10  chrome
23:56:46     1000     17096     95,20      0,00 6506772  299820   1,85  java

23:56:41      UID       PID   kB_rd/s   kB_wr/s kB_ccwr/s iodelay  Command
23:56:46     1000      9105      0,00     36,00      0,00       0  chrome
23:56:46     1000      9157      0,00     20,80      0,00       0  chrome
23:56:46     1000     17064      0,00      1,10      0,00       0  pidstat
23:56:46     1000     17096      0,00      0,17      0,00       0  java

23:56:46      UID       PID    %usr %system  %guest   %wait    %CPU   CPU  Command
23:56:51        0         1    0,20    0,00    0,00    0,00    0,20     3  systemd
23:56:51        0        17    0,20    0,00    0,00    0,00    0,20     0  ksoftirqd/0
23:56:51        0        57    0,00    1,00    0,00    0,00    1,00     6  ksoftirqd/6
23:56:51        0        86    0,00    0,20    0,00    0,00    0,20     1  irq/9-acpi
23:56:51        0       647    0,00    0,20    0,00    0,00    0,20     0  irq/130-iwlwifi
23:56:51      990       908    0,80    0,00    0,00    0,00    0,80     1  dbus-daemon
23:56:51      115       942    1,60    0,40    0,00    0,00    2,00     4  prometheus-node
23:56:51      115       943    0,60    0,00    0,00    0,00    0,60     1  prometheus
23:56:51        0      1646    0,20    0,00    0,00    0,00    0,20     6  glances
23:56:51        0      1654    0,00    0,20    0,00    0,00    0,20     2  tailscaled
23:56:51        0      1668    0,20    0,20    0,00    0,00    0,40     3  containerd
23:56:51        0      2676    0,20    0,20    0,00    0,00    0,40     7  dockerd
23:56:51      117      2677    0,60    0,00    0,00    0,00    0,60     6  grafana
23:56:51        0      3027    0,20    0,20    0,00    0,00    0,40     4  mount.ntfs-3g
23:56:51        0      3068    0,20    0,00    0,00    0,00    0,20     0  containerd-shim
23:56:51        0      3075    0,00    0,20    0,00    0,00    0,20     3  containerd-shim
23:56:51        0      3076    0,00    0,20    0,00    0,00    0,20     7  containerd-shim
23:56:51        0      3091    0,20    0,00    0,00    0,00    0,20     3  containerd-shim
23:56:51        0      3120    0,00    0,20    0,00    0,00    0,20     4  containerd-shim
23:56:51      999      3241    0,40    0,00    0,00    0,00    0,40     2  redis-server
23:56:51     1000      4211    7,60    8,80    0,00    0,00   16,40     3  gnome-shell
23:56:51     1000      5898    3,60    1,80    0,00    0,00    5,40     0  antigravity
23:56:51     1000      5952    8,80    2,20    0,00    0,00   11,00     1  antigravity
23:56:51     1000      6000    6,20    0,40    0,00    0,00    6,60     6  antigravity
23:56:51     1000      6006    0,20    0,00    0,00    0,00    0,20     5  antigravity
23:56:51     1000      6248    1,80    1,40    0,00    0,00    3,20     2  language_server
23:56:51     1000      6334    0,40    0,20    0,00    0,00    0,60     0  antigravity
23:56:51     1000      6366    0,60    0,20    0,00    0,00    0,80     5  antigravity
23:56:51     1000      6381    0,40    0,20    0,00    0,00    0,60     4  antigravity
23:56:51     1000      6409    0,20    0,20    0,00    0,00    0,40     1  antigravity
23:56:51     1000      6708    1,00    1,40    0,00    0,00    2,40     5  language_server
23:56:51     1000      7203    1,40    1,20    0,00    0,00    2,60     3  language_server
23:56:51        0      8594    0,00    0,60    0,00    0,20    0,60     4  kworker/u33:0-i915_flip
23:56:51     1000      9105    0,40    0,20    0,00    0,00    0,60     6  chrome
23:56:51     1000      9152    0,40    0,00    0,00    0,00    0,40     5  chrome
23:56:51     1000      9157    0,40    0,20    0,00    0,00    0,60     7  chrome
23:56:51     1000      9378    1,20    0,00    0,00    0,00    1,20     2  gnome-terminal-
23:56:51     1000      9657    2,80    0,20    0,00    0,00    3,00     0  chrome
23:56:51        0     12744    0,00    0,20    0,00    0,00    0,20     5  kworker/u32:0-flush-8:0
23:56:51        0     13650    0,00    0,20    0,00    0,00    0,20     0  kworker/0:1-events
23:56:51        0     14919    0,00    0,60    0,00    0,80    0,60     6  kworker/6:2-i915-unordered
23:56:51     1000     17064    0,20    0,40    0,00    0,00    0,60     7  pidstat
23:56:51     1000     17096   21,80    1,00    0,00    0,00   22,80     7  java

23:56:46      UID       PID  minflt/s  majflt/s     VSZ     RSS   %MEM  Command
23:56:51      115       942     48,20      0,00 1614336   25760   0,16  prometheus-node
23:56:51        0      1654      0,20      0,00 1421460  102600   0,63  tailscaled
23:56:51        0      1668      1,60      0,00 2463668   69860   0,43  containerd
23:56:51        0      3068     13,20      0,00 1235608   14792   0,09  containerd-shim
23:56:51        0      3075     14,40      0,00 1235608   14676   0,09  containerd-shim
23:56:51        0      3076     13,80      0,00 1235608   15152   0,09  containerd-shim
23:56:51        0      3091     12,40      0,00 1235608   15332   0,09  containerd-shim
23:56:51        0      3120     12,20      0,00 1235608   14976   0,09  containerd-shim
23:56:51     1000      4211      3,20      0,00 5033144  315832   1,95  gnome-shell
23:56:51     1000      5898     34,20      0,00 1461714124  313440   1,93  antigravity
23:56:51     1000      5952      4,40      0,00 34367276  167532   1,03  antigravity
23:56:51     1000      5963      0,80      0,00 33906396   82640   0,51  antigravity
23:56:51     1000      6000     48,20      0,00 1461388844  425348   2,62  antigravity
23:56:51     1000      6006      8,00      0,00 1459645432  279384   1,72  antigravity
23:56:51     1000      6289      0,20      0,00 33951332   64440   0,40  antigravity
23:56:51     1000      6302      3,40      0,00 1461347888  121372   0,75  antigravity
23:56:51     1000      6303      0,80      0,00 1461367164  112552   0,69  antigravity
23:56:51     1000      6334     24,00      0,00 1461342992  260596   1,61  antigravity
23:56:51     1000      6366     49,80      0,00 1461351388  305544   1,88  antigravity
23:56:51     1000      6381      5,00      0,00 1461358904  155704   0,96  antigravity
23:56:51     1000      6409     10,60      0,00 1461383736  119144   0,73  antigravity
23:56:51     1000      9105     12,60      0,00 55447012  385088   2,37  chrome
23:56:51     1000      9152      3,40      0,00 55460652  193140   1,19  chrome
23:56:51     1000      9157     15,20      0,00 54984540  132652   0,82  chrome
23:56:51     1000      9168      0,20      0,00 55021684   62848   0,39  chrome
23:56:51     1000      9642      0,20      0,00 55012336   86856   0,54  chrome
23:56:51     1000      9657    333,60      0,00 1520518576  344212   2,12  chrome
23:56:51     1000     17096    969,40      0,00 6506772  318764   1,96  java

23:56:46      UID       PID   kB_rd/s   kB_wr/s kB_ccwr/s iodelay  Command
23:56:51     1000      9105      0,00      9,60      0,00       0  chrome
23:56:51     1000      9157      0,80      0,00      0,00       0  chrome
23:56:51     1000     17064      0,00      1,13      0,00       0  pidstat
23:56:51     1000     17096      0,00      1,77      0,00       0  java

23:56:51      UID       PID    %usr %system  %guest   %wait    %CPU   CPU  Command
23:56:56        0        57    0,00    1,20    0,00    0,00    1,20     6  ksoftirqd/6
23:56:56        0        63    0,20    0,00    0,00    0,00    0,20     7  ksoftirqd/7
23:56:56        0       224    0,00    0,20    0,00    0,00    0,20     3  kworker/3:1H-events_highpri
23:56:56        0      1668    0,20    0,20    0,00    0,00    0,40     3  containerd
23:56:56        0      2676    0,40    0,00    0,00    0,00    0,40     7  dockerd
23:56:56      117      2677    0,60    0,00    0,00    0,00    0,60     6  grafana
23:56:56        0      3027    0,20    0,20    0,00    0,00    0,40     7  mount.ntfs-3g
23:56:56        0      3120    0,20    0,00    0,00    0,00    0,20     4  containerd-shim
23:56:56      999      3241    0,40    0,00    0,00    0,00    0,40     1  redis-server
23:56:56     1000      4211    8,20    7,60    0,00    0,00   15,80     0  gnome-shell
23:56:56     1000      5898    4,00    1,60    0,00    0,00    5,60     2  antigravity
23:56:56     1000      5952    8,80    2,20    0,00    0,00   11,00     1  antigravity
23:56:56     1000      6000    5,80    0,80    0,00    0,00    6,60     2  antigravity
23:56:56     1000      6006    0,40    0,00    0,00    0,00    0,40     3  antigravity
23:56:56     1000      6248    1,60    1,40    0,00    0,20    3,00     7  language_server
23:56:56     1000      6334    0,40    0,00    0,00    0,00    0,40     0  antigravity
23:56:56     1000      6366    0,80    0,00    0,00    0,00    0,80     0  antigravity
23:56:56     1000      6381    0,80    0,00    0,00    0,00    0,80     5  antigravity
23:56:56     1000      6409    0,20    0,20    0,00    0,00    0,40     1  antigravity
23:56:56     1000      6708    1,20    0,80    0,00    0,00    2,00     5  language_server
23:56:56     1000      7203    1,60    1,20    0,00    0,00    2,80     3  language_server
23:56:56        0      8594    0,00    0,60    0,00    0,00    0,60     7  kworker/u33:0-i915_flip
23:56:56     1000      9105    0,20    0,00    0,00    0,00    0,20     6  chrome
23:56:56     1000      9152    0,20    0,00    0,00    0,00    0,20     5  chrome
23:56:56     1000      9157    0,20    0,00    0,00    0,00    0,20     7  chrome
23:56:56     1000      9378    0,80    0,00    0,00    0,00    0,80     2  gnome-terminal-
23:56:56     1000      9642    0,20    0,00    0,00    0,00    0,20     7  chrome
23:56:56     1000      9657    0,20    0,00    0,00    0,00    0,20     5  chrome
23:56:56        0     14919    0,00    0,60    0,00    0,60    0,60     6  kworker/6:2-i915-unordered
23:56:56     1000     17064    0,00    0,60    0,00    0,00    0,60     4  pidstat
23:56:56     1000     17096   13,00    0,80    0,00    0,00   13,80     7  java

23:56:51      UID       PID  minflt/s  majflt/s     VSZ     RSS   %MEM  Command
23:56:56        0      1654      0,20      0,00 1421460  102600   0,63  tailscaled
23:56:56        0      1668      0,20      0,00 2463668   69860   0,43  containerd
23:56:56        0      3068      8,60      0,00 1235608   15048   0,09  containerd-shim
23:56:56        0      3075      9,40      0,00 1235608   14804   0,09  containerd-shim
23:56:56        0      3076      8,40      0,00 1235608   15152   0,09  containerd-shim
23:56:56        0      3091      1,00      0,00 1235608   15332   0,09  containerd-shim
23:56:56        0      3120      3,20      0,00 1235608   14976   0,09  containerd-shim
23:56:56     1000      4211      6,60      0,00 5033144  315360   1,94  gnome-shell
23:56:56     1000      5898     48,00      0,00 1461714124  313064   1,93  antigravity
23:56:56     1000      5952      4,20      0,00 34367276  167532   1,03  antigravity
23:56:56     1000      5963      0,80      0,00 33906396   82640   0,51  antigravity
23:56:56     1000      6000     80,80      0,00 1461388844  426112   2,63  antigravity
23:56:56     1000      6006     43,80      0,00 1459645432  279372   1,72  antigravity
23:56:56     1000      6289      0,20      0,00 33951332   64440   0,40  antigravity
23:56:56     1000      6302      7,20      0,00 1461347888  121500   0,75  antigravity
23:56:56     1000      6303      1,00      0,00 1461367164  112552   0,69  antigravity
23:56:56     1000      6334     15,40      0,00 1461342992  260324   1,60  antigravity
23:56:56     1000      6366     27,00      0,00 1461351388  305672   1,88  antigravity
23:56:56     1000      6381      2,80      0,00 1461358904  155704   0,96  antigravity
23:56:56     1000      6409      5,60      0,00 1461383736  119144   0,73  antigravity
23:56:56     1000      9105     25,20      0,00 55447012  385088   2,37  chrome
23:56:56     1000      9152      6,80      0,00 55460652  193140   1,19  chrome
23:56:56     1000      9157     17,00      0,00 54984540  132768   0,82  chrome
23:56:56     1000      9168      0,40      0,00 55021684   62848   0,39  chrome
23:56:56     1000      9642      0,40      0,00 55012336   86856   0,54  chrome
23:56:56     1000      9657    136,00      0,00 1520518576  347028   2,14  chrome
23:56:56     1000      9668      1,20      0,00 1518496488  120816   0,74  chrome
23:56:56     1000     17096     50,20      0,00 6506772  315736   1,95  java

23:56:51      UID       PID   kB_rd/s   kB_wr/s kB_ccwr/s iodelay  Command
23:56:56     1000      5898      0,00      9,60      0,00       0  antigravity
23:56:56     1000      9105      0,00     13,60      0,00       0  chrome
23:56:56     1000     17064      0,00      1,31      0,00       0  pidstat
23:56:56     1000     17096      0,00      1,77      0,00       0  java

23:56:56      UID       PID    %usr %system  %guest   %wait    %CPU   CPU  Command
23:57:01        0        57    0,00    0,80    0,00    0,00    0,80     6  ksoftirqd/6
23:57:01        0        65    0,00    0,20    0,00    0,00    0,20     7  kworker/7:0H-events_highpri
23:57:01      115       943    0,20    0,00    0,00    0,00    0,20     1  prometheus
23:57:01        0      1646    0,20    0,00    0,00    0,00    0,20     6  glances
23:57:01        0      1654    0,20    0,00    0,00    0,00    0,20     2  tailscaled
23:57:01        0      1668    0,40    0,00    0,00    0,00    0,40     3  containerd
23:57:01        0      2676    0,40    0,00    0,00    0,00    0,40     7  dockerd
23:57:01      117      2677    0,60    0,40    0,00    0,00    1,00     6  grafana
23:57:01        0      3027    0,20    0,40    0,00    0,00    0,60     1  mount.ntfs-3g
23:57:01        0      3068    0,20    0,00    0,00    0,00    0,20     0  containerd-shim
23:57:01        0      3075    0,20    0,00    0,00    0,00    0,20     3  containerd-shim
23:57:01      999      3241    0,40    0,20    0,00    0,00    0,60     1  redis-server
23:57:01     1000      4211    7,80    8,40    0,00    0,20   16,20     5  gnome-shell
23:57:01     1000      5898    3,20    2,00    0,00    0,20    5,20     6  antigravity
23:57:01     1000      5952    9,40    2,00    0,00    0,00   11,40     2  antigravity
23:57:01     1000      6000    7,20    0,60    0,00    0,00    7,80     0  antigravity
23:57:01     1000      6248    1,60    1,20    0,00    0,00    2,80     3  language_server
23:57:01     1000      6334    0,60    0,00    0,00    0,00    0,60     3  antigravity
23:57:01     1000      6366    1,00    0,20    0,00    0,00    1,20     4  antigravity
23:57:01     1000      6381    0,80    0,00    0,00    0,00    0,80     7  antigravity
23:57:01     1000      6409    0,20    0,20    0,00    0,00    0,40     2  antigravity
23:57:01     1000      6708    2,00    0,80    0,00    0,00    2,80     5  language_server
23:57:01     1000      7203    0,80    1,80    0,00    0,00    2,60     3  language_server
23:57:01        0      8594    0,00    0,60    0,00    0,00    0,60     7  kworker/u33:0-i915_flip
23:57:01     1000      9105    0,20    0,00    0,00    0,00    0,20     6  chrome
23:57:01     1000      9152    0,20    0,20    0,00    0,00    0,40     5  chrome
23:57:01     1000      9210    0,20    0,00    0,00    0,00    0,20     5  chrome
23:57:01     1000      9335    0,20    0,00    0,00    0,00    0,20     1  chrome
23:57:01     1000      9378    1,20    0,00    0,00    0,00    1,20     3  gnome-terminal-
23:57:01     1000      9668    0,20    0,00    0,00    0,00    0,20     4  chrome
23:57:01     1000     10899    0,20    0,00    0,00    0,00    0,20     4  antigravity
23:57:01        0     13447    0,20    0,00    0,00    0,00    0,20     7  kworker/7:2-events
23:57:01        0     14919    0,00    0,60    0,00    0,40    0,60     6  kworker/6:2-i915-unordered
23:57:01     1000     17064    0,20    0,20    0,00    0,00    0,40     4  pidstat
23:57:01     1000     17096   19,00    1,80    0,00    0,00   20,80     7  java

23:56:56      UID       PID  minflt/s  majflt/s     VSZ     RSS   %MEM  Command
23:57:01      114      1776      3,60      0,00  218252   29316   0,18  postgres
23:57:01        0      3068      6,00      0,00 1235608   15432   0,10  containerd-shim
23:57:01        0      3075      9,20      0,00 1235608   15060   0,09  containerd-shim
23:57:01        0      3076      0,80      0,00 1235608   15152   0,09  containerd-shim
23:57:01        0      3120      5,60      0,00 1235608   15104   0,09  containerd-shim
23:57:01     1000      4211      3,40      0,00 5033144  315360   1,94  gnome-shell
23:57:01     1000      5898     36,40      0,00 1461714124  313448   1,93  antigravity
23:57:01     1000      5952     14,20      0,00 34381756  167812   1,03  antigravity
23:57:01     1000      5963      1,60      0,00 33906396   82640   0,51  antigravity
23:57:01     1000      6000    143,80      0,00 1461391020  427500   2,63  antigravity
23:57:01     1000      6006     20,20      0,00 1459645432  279884   1,72  antigravity
23:57:01     1000      6289      0,40      0,00 33951332   64440   0,40  antigravity
23:57:01     1000      6302      5,20      0,00 1461347888  121500   0,75  antigravity
23:57:01     1000      6303      1,80      0,00 1461367164  112552   0,69  antigravity
23:57:01     1000      6334     11,40      0,00 1461342992  260452   1,60  antigravity
23:57:01     1000      6366     34,20      0,00 1461351388  305800   1,88  antigravity
23:57:01     1000      6381      2,80      0,00 1461358904  155704   0,96  antigravity
23:57:01     1000      6409    117,40      0,00 1461383736  119272   0,73  antigravity
23:57:01     1000      9105     21,40      0,00 55447012  385216   2,37  chrome
23:57:01     1000      9152      3,40      0,00 55460652  193140   1,19  chrome
23:57:01     1000      9157     17,40      0,00 54984540  132896   0,82  chrome
23:57:01     1000      9168      0,20      0,00 55021684   62848   0,39  chrome
23:57:01     1000      9642      0,20      0,00 55012336   86856   0,54  chrome
23:57:01     1000      9657      8,60      0,00 1520518576  347156   2,14  chrome
23:57:01     1000     17096    116,80      0,00 6506772  317912   1,96  java
23:57:01     1000     17686     28,60      0,00    2672    1764   0,01  sh
23:57:01     1000     17687     72,20      0,00    7012    3276   0,02  cpuUsage.sh
23:57:01     1000     17695     23,20      0,00    5656    1956   0,01  sleep

23:56:56      UID       PID   kB_rd/s   kB_wr/s kB_ccwr/s iodelay  Command
23:57:01     1000      9105      0,00      2,40      0,00       0  chrome
23:57:01     1000      9168      0,00      0,80      0,00       0  chrome
23:57:01     1000     17064      0,00      1,10      0,00       0  pidstat
23:57:01     1000     17096      0,00      3,41      0,00       0  java

23:57:01      UID       PID    %usr %system  %guest   %wait    %CPU   CPU  Command
23:57:06        0         1    0,20    0,20    0,00    0,00    0,40     2  systemd
23:57:06        0        18    0,00    0,20    0,00    0,00    0,20     1  rcu_preempt
23:57:06        0        28    0,00    0,20    0,00    0,00    0,20     1  kworker/1:0-events
23:57:06        0        57    0,00    1,40    0,00    0,20    1,40     6  ksoftirqd/6
23:57:06        0        86    0,00    0,20    0,00    0,00    0,20     1  irq/9-acpi
23:57:06        0       175    0,00    0,20    0,00    0,00    0,20     6  kworker/6:1H-events_highpri
23:57:06        0       684    0,00    0,20    0,00    0,00    0,20     7  kworker/u32:8-flush-8:0
23:57:06      990       908    0,80    0,00    0,00    0,00    0,80     3  dbus-daemon
23:57:06      115       942    1,40    0,40    0,00    0,00    1,80     2  prometheus-node
23:57:06      115       943    0,20    0,00    0,00    0,00    0,20     1  prometheus
23:57:06        0      1646    0,20    0,00    0,00    0,00    0,20     6  glances
23:57:06        0      1654    0,20    0,00    0,00    0,00    0,20     2  tailscaled
23:57:06        0      1668    0,20    0,20    0,00    0,00    0,40     3  containerd
23:57:06        0      2676    0,40    0,40    0,00    0,00    0,80     7  dockerd
23:57:06      117      2677    0,20    0,40    0,00    0,00    0,60     6  grafana
23:57:06        0      3027    0,20    0,20    0,00    0,00    0,40     7  mount.ntfs-3g
23:57:06        0      3075    0,00    0,20    0,00    0,00    0,20     3  containerd-shim
23:57:06        0      3076    0,20    0,20    0,00    0,00    0,40     7  containerd-shim
23:57:06        0      3091    0,20    0,00    0,00    0,00    0,20     3  containerd-shim
23:57:06        0      3120    0,20    0,00    0,00    0,00    0,20     4  containerd-shim
23:57:06      999      3241    0,40    0,20    0,00    0,00    0,60     1  redis-server
23:57:06     1000      4211    9,40    6,80    0,00    0,00   16,20     5  gnome-shell
23:57:06     1000      5898    3,40    2,00    0,00    0,00    5,40     0  antigravity
23:57:06     1000      5952    9,60    1,60    0,00    0,00   11,20     7  antigravity
23:57:06     1000      6000    5,80    0,80    0,00    0,00    6,60     6  antigravity
23:57:06     1000      6006    0,20    0,00    0,00    0,00    0,20     0  antigravity
23:57:06     1000      6248    1,40    1,40    0,00    0,00    2,80     6  language_server
23:57:06     1000      6334    0,60    0,20    0,00    0,00    0,80     4  antigravity
23:57:06     1000      6366    0,80    0,00    0,00    0,00    0,80     3  antigravity
23:57:06     1000      6381    0,60    0,00    0,00    0,00    0,60     1  antigravity
23:57:06     1000      6409    0,40    0,00    0,00    0,00    0,40     2  antigravity
23:57:06     1000      6708    1,40    0,80    0,00    0,00    2,20     5  language_server
23:57:06     1000      7203    1,60    1,20    0,00    0,00    2,80     3  language_server
23:57:06        0      8594    0,00    0,80    0,00    0,00    0,80     0  kworker/u33:0-i915_flip
23:57:06     1000      9105    0,20    0,00    0,00    0,00    0,20     3  chrome
23:57:06     1000      9152    0,20    0,00    0,00    0,00    0,20     5  chrome
23:57:06     1000      9157    0,20    0,00    0,00    0,00    0,20     7  chrome
23:57:06     1000      9378    0,80    0,00    0,00    0,00    0,80     1  gnome-terminal-
23:57:06        0     14919    0,00    0,60    0,00    1,00    0,60     6  kworker/6:2-i915-unordered
23:57:06     1000     17064    0,20    0,20    0,00    0,00    0,40     2  pidstat
23:57:06     1000     17096   13,80    1,20    0,00    0,00   15,00     7  java

23:57:01      UID       PID  minflt/s  majflt/s     VSZ     RSS   %MEM  Command
23:57:06      115       942     79,20      0,00 1614336   25508   0,16  prometheus-node
23:57:06        0      3068      4,20      0,00 1235608   15304   0,09  containerd-shim
23:57:06        0      3075      1,80      0,00 1235608   14884   0,09  containerd-shim
23:57:06        0      3076      4,40      0,00 1235608   15152   0,09  containerd-shim
23:57:06        0      3091      9,20      0,00 1235608   15332   0,09  containerd-shim
23:57:06        0      3120      0,20      0,00 1235608   14964   0,09  containerd-shim
23:57:06     1000      4211      9,00      0,00 5033144  315360   1,94  gnome-shell
23:57:06     1000      5898     41,80      0,00 1461714124  313688   1,93  antigravity
23:57:06     1000      5952     22,80      0,00 34369388  167652   1,03  antigravity
23:57:06     1000      5963      0,80      0,00 33906396   82640   0,51  antigravity
23:57:06     1000      6000     48,40      0,00 1461388844  428396   2,64  antigravity
23:57:06     1000      6006     17,80      0,00 1459645432  280268   1,73  antigravity
23:57:06     1000      6289      0,20      0,00 33951332   64440   0,40  antigravity
23:57:06     1000      6302      2,60      0,00 1461347888  121500   0,75  antigravity
23:57:06     1000      6303      0,80      0,00 1461367164  112552   0,69  antigravity
23:57:06     1000      6334     22,60      0,00 1461342992  260576   1,61  antigravity
23:57:06     1000      6366     43,40      0,00 1461351388  306056   1,89  antigravity
23:57:06     1000      6381      2,80      0,00 1461358904  155704   0,96  antigravity
23:57:06     1000      6409     28,00      0,00 1461383736  119004   0,73  antigravity
23:57:06     1000      9105      7,60      0,00 55447012  385060   2,37  chrome
23:57:06     1000      9152      3,40      0,00 55460652  193140   1,19  chrome
23:57:06     1000      9157    103,60      0,00 54984540  133712   0,82  chrome
23:57:06     1000      9168      0,20      0,00 55021684   62848   0,39  chrome
23:57:06     1000      9642      0,20      0,00 55012336   86856   0,54  chrome
23:57:06     1000      9657      0,00      0,00 1520518576  339816   2,09  chrome
23:57:06     1000     17064      1,40      0,00    6184    5272   0,03  pidstat
23:57:06     1000     17096     66,00      0,00 6506772  323280   1,99  java

23:57:01      UID       PID   kB_rd/s   kB_wr/s kB_ccwr/s iodelay  Command
23:57:06     1000      9157      0,00    204,00      0,00       0  chrome
23:57:06     1000     17064      0,00      1,16      0,00       0  pidstat
23:57:06     1000     17096      0,00      1,77      0,00       0  java

23:57:06      UID       PID    %usr %system  %guest   %wait    %CPU   CPU  Command
23:57:11        0         1    0,20    0,00    0,00    0,00    0,20     7  systemd
23:57:11        0        39    0,20    0,00    0,00    0,00    0,20     3  ksoftirqd/3
23:57:11        0        57    0,00    1,40    0,00    0,00    1,40     6  ksoftirqd/6
23:57:11      115       943    0,20    0,00    0,00    0,00    0,20     1  prometheus
23:57:11        0      1646    0,20    0,00    0,00    0,00    0,20     6  glances
23:57:11        0      1654    0,00    0,20    0,00    0,00    0,20     2  tailscaled
23:57:11        0      1668    0,20    0,20    0,00    0,00    0,40     3  containerd
23:57:11        0      2676    0,40    0,20    0,00    0,00    0,60     7  dockerd
23:57:11      117      2677    0,80    0,40    0,00    0,00    1,20     6  grafana
23:57:11        0      3027    0,40    0,20    0,00    0,00    0,60     2  mount.ntfs-3g
23:57:11        0      3068    0,20    0,00    0,00    0,00    0,20     0  containerd-shim
23:57:11        0      3075    0,20    0,00    0,00    0,00    0,20     3  containerd-shim
23:57:11        0      3091    0,20    0,00    0,00    0,00    0,20     3  containerd-shim
23:57:11        0      3120    0,00    0,20    0,00    0,00    0,20     4  containerd-shim
23:57:11      999      3241    0,20    0,20    0,00    0,00    0,40     2  redis-server
23:57:11     1000      4211   10,80    4,60    0,00    0,00   15,40     5  gnome-shell
23:57:11     1000      5898    3,80    1,20    0,00    0,00    5,00     6  antigravity
23:57:11     1000      5952   10,00    1,20    0,00    0,00   11,20     3  antigravity
23:57:11     1000      6000    6,00    0,80    0,00    0,00    6,80     1  antigravity
23:57:11     1000      6006    0,20    0,00    0,00    0,00    0,20     1  antigravity
23:57:11     1000      6248    1,60    1,40    0,00    0,00    3,00     3  language_server
23:57:11     1000      6334    0,40    0,00    0,00    0,00    0,40     2  antigravity
23:57:11     1000      6366    0,60    0,40    0,00    0,00    1,00     6  antigravity
23:57:11     1000      6381    0,80    0,20    0,00    0,00    1,00     2  antigravity
23:57:11     1000      6409    0,00    0,20    0,00    0,00    0,20     6  antigravity
23:57:11     1000      6708    1,20    1,00    0,00    0,00    2,20     5  language_server
23:57:11     1000      7203    1,80    1,00    0,00    0,00    2,80     3  language_server
23:57:11        0      8594    0,00    0,60    0,00    0,00    0,60     7  kworker/u33:0-i915_flip
23:57:11     1000      9105    0,20    0,20    0,00    0,00    0,40     2  chrome
23:57:11     1000      9152    0,20    0,20    0,00    0,00    0,40     5  chrome
23:57:11     1000      9168    0,00    0,20    0,00    0,00    0,20     4  chrome
23:57:11     1000      9378    0,80    0,20    0,00    0,00    1,00     1  gnome-terminal-
23:57:11        0     12744    0,00    0,20    0,00    0,00    0,20     3  kworker/u32:0-writeback
23:57:11        0     14919    0,00    0,80    0,00    0,80    0,80     6  kworker/6:2-i915-unordered
23:57:11     1000     17064    0,20    0,40    0,00    0,00    0,60     0  pidstat
23:57:11     1000     17096   10,80    0,40    0,00    0,00   11,20     7  java

23:57:06      UID       PID  minflt/s  majflt/s     VSZ     RSS   %MEM  Command
23:57:11        0       375      8,20      0,00  163644   83128   0,51  systemd-journal
23:57:11        0      1668      0,20      0,00 2463668   69860   0,43  containerd
23:57:11        0      2676      2,80      0,00 3358484  107504   0,66  dockerd
23:57:11      117      2677      4,60      0,00 1765380  335928   2,07  grafana
23:57:11        0      3068      5,80      0,00 1235608   14884   0,09  containerd-shim
23:57:11        0      3075      5,20      0,00 1235608   14228   0,09  containerd-shim
23:57:11        0      3076      8,40      0,00 1235608   14588   0,09  containerd-shim
23:57:11        0      3091      6,20      0,00 1235608   14984   0,09  containerd-shim
23:57:11        0      3120      6,40      0,00 1235608   14836   0,09  containerd-shim
23:57:11       70      3230      5,40      0,00  174540   25788   0,16  postgres
23:57:11     1000      4211      1,20      0,00 5024952  315360   1,94  gnome-shell
23:57:11     1000      5898     33,80      0,00 1461714124  313564   1,93  antigravity
23:57:11     1000      5952      4,40      0,00 34365292  167780   1,03  antigravity
23:57:11     1000      5963      1,20      0,00 33906396   82640   0,51  antigravity
23:57:11     1000      6000     44,20      0,00 1461388844  429164   2,64  antigravity
23:57:11     1000      6006     17,40      0,00 1459645432  280524   1,73  antigravity
23:57:11     1000      6289      0,20      0,00 33951332   64440   0,40  antigravity
23:57:11     1000      6302      2,60      0,00 1461347888  121500   0,75  antigravity
23:57:11     1000      6303      1,20      0,00 1461367164  112552   0,69  antigravity
23:57:11     1000      6334     16,60      0,00 1461342992  260576   1,61  antigravity
23:57:11     1000      6366    141,00      0,00 1461351388  306268   1,89  antigravity
23:57:11     1000      6381      5,20      0,00 1461358904  155704   0,96  antigravity
23:57:11     1000      6409     14,60      0,00 1461383736  119004   0,73  antigravity
23:57:11     1000      9105      9,40      0,00 55447012  385060   2,37  chrome
23:57:11     1000      9152      3,40      0,00 55460652  193140   1,19  chrome
23:57:11     1000      9157      1,20      0,00 54984540  132680   0,82  chrome
23:57:11     1000      9168      0,20      0,00 55021684   62848   0,39  chrome
23:57:11     1000      9642      0,20      0,00 55012336   86856   0,54  chrome
23:57:11     1000     17096     69,60      0,00 6506772  324432   2,00  java

23:57:06      UID       PID   kB_rd/s   kB_wr/s kB_ccwr/s iodelay  Command
23:57:11     1000      9105      0,00      2,40      0,00       0  chrome
23:57:11     1000     17064      0,00      1,24      0,00       0  pidstat
23:57:11     1000     17096      0,00      3,37      0,00       0  java

23:57:11      UID       PID    %usr %system  %guest   %wait    %CPU   CPU  Command
23:57:16        0        57    0,00    1,00    0,00    0,00    1,00     6  ksoftirqd/6
23:57:16      115       943    0,00    0,20    0,00    0,00    0,20     1  prometheus
23:57:16        0      1668    0,40    0,20    0,00    0,00    0,60     3  containerd
23:57:16        0      2676    0,40    0,00    0,00    0,00    0,40     7  dockerd
23:57:16      117      2677    0,60    0,00    0,00    0,00    0,60     6  grafana
23:57:16        0      3027    0,20    0,20    0,00    0,00    0,40     5  mount.ntfs-3g
23:57:16        0      3068    0,20    0,00    0,00    0,00    0,20     0  containerd-shim
23:57:16        0      3076    0,00    0,20    0,00    0,00    0,20     7  containerd-shim
23:57:16      999      3241    0,40    0,00    0,00    0,00    0,40     0  redis-server
23:57:16     1000      4211    9,80    6,40    0,00    0,20   16,20     2  gnome-shell
23:57:16     1000      5898    3,40    1,80    0,00    0,00    5,20     4  antigravity
23:57:16     1000      5952    8,20    2,80    0,00    0,00   11,00     2  antigravity
23:57:16     1000      6000    6,20    0,40    0,00    0,20    6,60     5  antigravity
23:57:16     1000      6006    7,00    0,00    0,00    0,00    7,00     2  antigravity
23:57:16     1000      6248    1,20    1,40    0,00    0,20    2,60     2  language_server
23:57:16     1000      6303    0,00    0,20    0,00    0,00    0,20     5  antigravity
23:57:16     1000      6334    0,60    0,00    0,00    0,00    0,60     0  antigravity
23:57:16     1000      6366   14,40    0,60    0,00    0,00   15,00     4  antigravity
23:57:16     1000      6381    0,60    0,00    0,00    0,20    0,60     7  antigravity
23:57:16     1000      6409    0,40    0,00    0,00    0,00    0,40     4  antigravity
23:57:16     1000      6708    1,00    1,40    0,00    0,00    2,40     5  language_server
23:57:16     1000      7203    1,80    1,40    0,00    0,00    3,20     3  language_server
23:57:16        0      8594    0,00    0,60    0,00    0,20    0,60     7  kworker/u33:0-i915_flip
23:57:16     1000      9105    0,20    0,00    0,00    0,20    0,20     0  chrome
23:57:16     1000      9152    0,40    0,00    0,00    0,00    0,40     6  chrome
23:57:16     1000      9378    1,20    0,00    0,00    0,00    1,20     2  gnome-terminal-
23:57:16     1000     10899    0,20    0,00    0,00    0,00    0,20     3  antigravity
23:57:16        0     14919    0,00    0,60    0,00    0,80    0,60     6  kworker/6:2-i915-unordered
23:57:16     1000     17064    0,20    0,40    0,00    0,00    0,60     3  pidstat
23:57:16     1000     17096   14,60    0,60    0,00    0,00   15,20     7  java

23:57:11      UID       PID  minflt/s  majflt/s     VSZ     RSS   %MEM  Command
23:57:16        0      1668      7,00      0,00 2463668   69988   0,43  containerd
23:57:16        0      2676      0,80      0,00 3358484  107504   0,66  dockerd
23:57:16        0      3068     10,80      0,00 1235608   15012   0,09  containerd-shim
23:57:16        0      3075     10,40      0,00 1235608   14356   0,09  containerd-shim
23:57:16        0      3076     11,00      0,00 1235608   14588   0,09  containerd-shim
23:57:16        0      3091     10,40      0,00 1235608   15112   0,09  containerd-shim
23:57:16        0      3120     11,80      0,00 1235608   15092   0,09  containerd-shim
23:57:16     1000      4211      7,20      0,00 5033144  315488   1,94  gnome-shell
23:57:16     1000      5898     38,20      0,00 1461714124  313100   1,93  antigravity
23:57:16     1000      5952      4,40      0,00 34365292  167780   1,03  antigravity
23:57:16     1000      5963      0,60      0,00 33906396   82640   0,51  antigravity
23:57:16     1000      6000     69,80      0,00 1461388844  429736   2,65  antigravity
23:57:16     1000      6006     96,60      0,00 1459645432  278652   1,72  antigravity
23:57:16     1000      6289      0,20      0,00 33951332   64440   0,40  antigravity
23:57:16     1000      6302      2,60      0,00 1461347888  121500   0,75  antigravity
23:57:16     1000      6303      1,00      0,00 1461367164  112552   0,69  antigravity
23:57:16     1000      6334      8,20      0,00 1461342992  260568   1,61  antigravity
23:57:16     1000      6366   3564,20      0,00 1461351388  361236   2,23  antigravity
23:57:16     1000      6381      2,60      0,00 1461358904  155704   0,96  antigravity
23:57:16     1000      6409      9,40      0,00 1461383736  119004   0,73  antigravity
23:57:16     1000      9105     25,60      0,00 55447012  385188   2,37  chrome
23:57:16     1000      9152      6,80      0,00 55460652  193140   1,19  chrome
23:57:16     1000      9157      4,20      0,00 54984540  132680   0,82  chrome
23:57:16     1000      9168      0,40      0,00 55021684   62848   0,39  chrome
23:57:16     1000      9642      0,40      0,00 55012336   86856   0,54  chrome
23:57:16     1000      9657      0,00      0,00 1520518576  338088   2,08  chrome
23:57:16     1000     17096     80,00      0,00 6506772  326096   2,01  java

23:57:11      UID       PID   kB_rd/s   kB_wr/s kB_ccwr/s iodelay  Command
23:57:16     1000      9105      0,00     11,20      0,00       0  chrome
23:57:16     1000      9157      0,00     28,80      0,00       0  chrome
23:57:16     1000     17064      0,00      1,19      0,00       0  pidstat
23:57:16     1000     17096      0,00      4,97      0,00       0  java

23:57:16      UID       PID    %usr %system  %guest   %wait    %CPU   CPU  Command
23:57:21        0         1    0,60    0,00    0,00    0,00    0,60     7  systemd
23:57:21        0        57    0,00    1,00    0,00    0,00    1,00     6  ksoftirqd/6
23:57:21        0       113    0,00    0,20    0,00    0,00    0,20     0  kworker/0:1H-kblockd
23:57:21        0       319    0,00    0,20    0,00    0,00    0,20     4  jbd2/sda6-8
23:57:21        0       375    0,00    0,20    0,00    0,00    0,20     0  systemd-journal
23:57:21        0       435    0,00    0,20    0,00    0,00    0,20     7  systemd-udevd
23:57:21      990       908    1,60    0,00    0,00    0,00    1,60     3  dbus-daemon
23:57:21      115       942    1,60    0,40    0,00    0,00    2,00     5  prometheus-node
23:57:21      115       943    0,20    0,00    0,00    0,00    0,20     1  prometheus
23:57:21        0       955    0,00    0,20    0,00    0,00    0,20     5  udisksd
23:57:21        0      1081    0,00    0,20    0,00    0,20    0,20     6  NetworkManager
23:57:21        0      1646    0,20    0,00    0,00    0,00    0,20     6  glances
23:57:21        0      1654    0,20    0,20    0,00    0,00    0,40     4  tailscaled
23:57:21        0      1668    1,00    0,00    0,00    0,00    1,00     3  containerd
23:57:21        0      2676    1,00    0,80    0,00    0,00    1,80     7  dockerd
23:57:21      117      2677    0,60    0,20    0,00    0,00    0,80     6  grafana
23:57:21        0      3027    0,20    0,20    0,00    0,00    0,40     5  mount.ntfs-3g
23:57:21        0      3068    0,00    0,20    0,00    0,00    0,20     0  containerd-shim
23:57:21        0      3091    0,00    0,20    0,00    0,00    0,20     3  containerd-shim
23:57:21        0      3120    0,20    0,00    0,00    0,00    0,20     4  containerd-shim
23:57:21      999      3241    0,20    0,20    0,00    0,00    0,40     1  redis-server
23:57:21     1000      3918    0,20    0,00    0,00    0,00    0,20     4  systemd
23:57:21     1000      4211    7,40    9,20    0,00    0,00   16,60     1  gnome-shell
23:57:21     1000      4491    0,20    0,00    0,00    0,00    0,20     6  gsd-housekeepin
23:57:21     1000      4525    0,20    0,00    0,00    0,00    0,20     4  gsd-sharing
23:57:21     1000      4546    0,00    0,20    0,00    0,00    0,20     0  anydesk
23:57:21     1000      4757    0,20    0,20    0,00    0,00    0,40     0  gvfs-udisks2-vo
23:57:21     1000      4944    0,20    0,00    0,00    0,00    0,20     3  gvfsd-trash
23:57:21        0      5233    0,20    0,00    0,00    0,00    0,20     1  fwupd
23:57:21     1000      5898    4,00    1,60    0,00    0,00    5,60     2  antigravity
23:57:21     1000      5952    9,20    2,20    0,00    0,00   11,40     2  antigravity
23:57:21     1000      6000    6,20    0,60    0,00    0,00    6,80     7  antigravity
23:57:21     1000      6006    0,20    0,00    0,00    0,00    0,20     6  antigravity
23:57:21     1000      6248    1,60    1,20    0,00    0,00    2,80     2  language_server
23:57:21     1000      6302    0,20    0,00    0,00    0,00    0,20     5  antigravity
23:57:21     1000      6334    5,60    0,60    0,00    0,00    6,20     3  antigravity
23:57:21     1000      6366    0,40    0,40    0,00    0,00    0,80     6  antigravity
23:57:21     1000      6381    0,60    0,20    0,00    0,00    0,80     3  antigravity
23:57:21     1000      6409    0,00    0,20    0,00    0,00    0,20     4  antigravity
23:57:21     1000      6708    1,40    0,80    0,00    0,00    2,20     5  language_server
23:57:21     1000      7203    1,40    1,20    0,00    0,00    2,60     3  language_server
23:57:21        0      8594    0,00    0,60    0,00    0,00    0,60     7  kworker/u33:0-i915_flip
23:57:21     1000      9105    0,40    0,00    0,00    0,00    0,40     5  chrome
23:57:21     1000      9152    0,20    0,00    0,00    0,00    0,20     6  chrome
23:57:21     1000      9157    0,20    0,00    0,00    0,00    0,20     3  chrome
23:57:21     1000      9202    0,20    0,00    0,00    0,00    0,20     5  chrome
23:57:21     1000      9378    0,80    0,00    0,00    0,00    0,80     2  gnome-terminal-
23:57:21        0     14919    0,00    0,60    0,00    0,60    0,60     6  kworker/6:2-i915-unordered
23:57:21     1000     17064    0,20    0,40    0,00    0,00    0,60     4  pidstat
23:57:21     1000     17096   11,80    1,40    0,00    0,00   13,20     7  java

23:57:16      UID       PID  minflt/s  majflt/s     VSZ     RSS   %MEM  Command
23:57:21        0       375     39,00      0,00  163644   83128   0,51  systemd-journal
23:57:21        0       435     86,60      0,00   37432   10756   0,07  systemd-udevd
23:57:21      115       942     68,20      0,00 1614336   25164   0,16  prometheus-node
23:57:21        0      1654      3,00      0,00 1421460  102600   0,63  tailscaled
23:57:21        0      1668     17,80      0,00 2463668   70372   0,43  containerd
23:57:21      114      1776      3,60      0,00  218252   29316   0,18  postgres
23:57:21        0      2676      8,60      0,00 3358484  107504   0,66  dockerd
23:57:21        0      3068     12,40      0,00 1235608   15140   0,09  containerd-shim
23:57:21        0      3075     12,20      0,00 1235608   14612   0,09  containerd-shim
23:57:21        0      3076     13,00      0,00 1235608   14844   0,09  containerd-shim
23:57:21        0      3091     13,40      0,00 1235608   15496   0,10  containerd-shim
23:57:21        0      3120     13,40      0,00 1235608   15220   0,09  containerd-shim
23:57:21     1000      4211      4,20      0,00 5033200  315488   1,94  gnome-shell
23:57:21     1000      4944      0,20      0,00  608192    8972   0,06  gvfsd-trash
23:57:21     1000      5898     38,80      0,00 1461714124  313740   1,93  antigravity
23:57:21     1000      5952      9,00      0,00 34365292  167512   1,03  antigravity
23:57:21     1000      5963      1,60      0,00 33906396   82640   0,51  antigravity
23:57:21     1000      6000     45,40      0,00 1461388844  430376   2,65  antigravity
23:57:21     1000      6006     14,20      0,00 1459645432  278780   1,72  antigravity
23:57:21     1000      6289      0,40      0,00 33951332   64440   0,40  antigravity
23:57:21     1000      6302      5,80      0,00 1461347888  121500   0,75  antigravity
23:57:21     1000      6303      2,40      0,00 1461367164  112680   0,69  antigravity
23:57:21     1000      6334     83,60      0,00 1461342992  259036   1,60  antigravity
23:57:21     1000      6366     14,40      0,00 1461351388  361236   2,23  antigravity
23:57:21     1000      6381      3,40      0,00 1461358904  155704   0,96  antigravity
23:57:21     1000      6409      6,40      0,00 1461383736  119004   0,73  antigravity
23:57:21     1000      9105     10,00      0,00 55447012  385188   2,37  chrome
23:57:21     1000      9152      3,40      0,00 55460652  193140   1,19  chrome
23:57:21     1000      9157      3,00      0,00 54984540  132680   0,82  chrome
23:57:21     1000      9168      0,20      0,00 55021684   62848   0,39  chrome
23:57:21     1000      9642      0,20      0,00 55012336   86856   0,54  chrome
23:57:21     1000     17096     47,00      0,00 6506772  331052   2,04  java
23:57:21        0     17753     52,00      0,00   37436    6968   0,04  (udev-worker)
23:57:21        0     17761     27,00      0,00   37436    6776   0,04  (udev-worker)
23:57:21        0     17762     26,80      0,00   37436    6648   0,04  (udev-worker)
23:57:21        0     17764     26,20      0,00   37436    6776   0,04  (udev-worker)
23:57:21        0     17765     58,00      0,00   37436    7032   0,04  (udev-worker)
23:57:21        0     17766     27,00      0,00   37436    6648   0,04  (udev-worker)
23:57:21        0     17767     26,80      0,00   37436    6776   0,04  (udev-worker)
23:57:21        0     17768     26,80      0,00   37436    6776   0,04  (udev-worker)
23:57:21        0     17770     26,80      0,00   37436    6648   0,04  (udev-worker)
23:57:21        0     17771     26,20      0,00   37436    6648   0,04  (udev-worker)
23:57:21        0     17772     26,60      0,00   37436    6776   0,04  (udev-worker)
23:57:21        0     17774     26,80      0,00   37436    6776   0,04  (udev-worker)
23:57:21        0     17775     26,60      0,00   37436    6648   0,04  (udev-worker)
23:57:21        0     17777     26,20      0,00   37436    6648   0,04  (udev-worker)
23:57:21        0     17778     35,00      0,00   37436    6768   0,04  (udev-worker)
23:57:21        0     17779     26,40      0,00   37436    6644   0,04  (udev-worker)

23:57:16      UID       PID   kB_rd/s   kB_wr/s kB_ccwr/s iodelay  Command
23:57:21     1000      9157      0,00      6,40      0,00       0  chrome
23:57:21     1000     17064      0,00      1,07      0,00       0  pidstat
23:57:21     1000     17096      0,00      3,37      0,00       0  java

23:57:21      UID       PID    %usr %system  %guest   %wait    %CPU   CPU  Command
23:57:26        0        57    0,00    1,00    0,00    0,00    1,00     6  ksoftirqd/6
23:57:26        0        67    0,00    0,20    0,00    0,00    0,20     2  kworker/u32:1-i915
23:57:26        0        82    0,00    0,20    0,00    0,00    0,20     5  khugepaged
23:57:26        0       106    0,00    0,20    0,00    0,00    0,20     5  kworker/5:1-mm_percpu_wq
23:57:26        0       647    0,00    0,20    0,00    0,00    0,20     0  irq/130-iwlwifi
23:57:26      115       943    0,20    0,00    0,00    0,00    0,20     1  prometheus
23:57:26        0       955    0,20    0,00    0,00    0,00    0,20     5  udisksd
23:57:26        0      1646    0,20    0,00    0,00    0,00    0,20     6  glances
23:57:26        0      1654    0,00    0,20    0,00    0,00    0,20     7  tailscaled
23:57:26        0      1668    0,40    0,20    0,00    0,00    0,60     3  containerd
23:57:26        0      2676    0,20    0,20    0,00    0,00    0,40     7  dockerd
23:57:26      117      2677    0,40    0,20    0,00    0,00    0,60     6  grafana
23:57:26        0      3027    0,40    0,20    0,00    0,00    0,60     6  mount.ntfs-3g
23:57:26        0      3068    0,00    0,20    0,00    0,00    0,20     0  containerd-shim
23:57:26        0      3075    0,20    0,00    0,00    0,00    0,20     3  containerd-shim
23:57:26        0      3076    0,00    0,20    0,00    0,00    0,20     7  containerd-shim
23:57:26        0      3091    0,20    0,00    0,00    0,00    0,20     3  containerd-shim
23:57:26      999      3241    0,40    0,20    0,00    0,00    0,60     1  redis-server
23:57:26     1000      4211    6,20   10,00    0,00    0,00   16,20     3  gnome-shell
23:57:26     1000      5898    3,80    1,80    0,00    0,00    5,60     6  antigravity
23:57:26     1000      5952    8,20    2,80    0,00    0,20   11,00     3  antigravity
23:57:26     1000      6000    6,00    0,80    0,00    0,00    6,80     6  antigravity
23:57:26     1000      6006    0,20    0,00    0,00    0,00    0,20     4  antigravity
23:57:26     1000      6248    1,00    2,00    0,00    0,00    3,00     4  language_server
23:57:26     1000      6334    0,40    0,00    0,00    0,00    0,40     0  antigravity
23:57:26     1000      6366    0,80    0,20    0,00    0,00    1,00     3  antigravity
23:57:26     1000      6381    1,00    0,00    0,00    0,00    1,00     4  antigravity
23:57:26     1000      6409    0,20    0,00    0,00    0,00    0,20     6  antigravity
23:57:26     1000      6708    1,00    1,20    0,00    0,00    2,20     5  language_server
23:57:26     1000      7203    1,40    1,20    0,00    0,00    2,60     3  language_server
23:57:26        0      8594    0,00    0,80    0,00    0,00    0,80     6  kworker/u33:0-i915_flip
23:57:26     1000      9105    0,20    0,00    0,00    0,00    0,20     0  chrome
23:57:26     1000      9152    0,40    0,00    0,00    0,00    0,40     6  chrome
23:57:26     1000      9378    1,20    0,00    0,00    0,00    1,20     3  gnome-terminal-
23:57:26     1000      9657    0,00    0,20    0,00    0,00    0,20     1  chrome
23:57:26        0     14919    0,00    0,60    0,00    0,80    0,60     6  kworker/6:2-i915-unordered
23:57:26        0     15279    0,20    0,00    0,00    0,00    0,20     2  kworker/2:2-events
23:57:26        0     17005    0,20    0,00    0,00    0,00    0,20     4  kworker/4:2-events
23:57:26     1000     17064    0,20    0,20    0,00    0,00    0,40     5  pidstat
23:57:26     1000     17096   17,00    1,20    0,00    0,00   18,20     7  java

23:57:21      UID       PID  minflt/s  majflt/s     VSZ     RSS   %MEM  Command
23:57:26        0       375      3,80      0,00  163644   83128   0,51  systemd-journal
23:57:26        0       435      1,40      0,00   37432   10756   0,07  systemd-udevd
23:57:26        0      1668      2,20      0,00 2463668   70372   0,43  containerd
23:57:26        0      2676      0,40      0,00 3358484  107504   0,66  dockerd
23:57:26        0      3068      8,00      0,00 1235608   15140   0,09  containerd-shim
23:57:26        0      3075      9,40      0,00 1235608   14740   0,09  containerd-shim
23:57:26        0      3076      4,20      0,00 1235608   14844   0,09  containerd-shim
23:57:26        0      3091     14,80      0,00 1235608   15624   0,10  containerd-shim
23:57:26        0      3120      5,40      0,00 1235608   15348   0,09  containerd-shim
23:57:26     1000      4211      7,60      0,00 5033208  315488   1,94  gnome-shell
23:57:26     1000      5898     41,40      0,00 1461714124  313576   1,93  antigravity
23:57:26     1000      5952      4,20      0,00 34365292  167512   1,03  antigravity
23:57:26     1000      5963      1,20      0,00 33906396   82640   0,51  antigravity
23:57:26     1000      6000     76,20      0,00 1461388844  431400   2,66  antigravity
23:57:26     1000      6006     19,60      0,00 1459645432  283516   1,75  antigravity
23:57:26     1000      6289      0,20      0,00 33951332   64440   0,40  antigravity
23:57:26     1000      6302      3,00      0,00 1461347888  121500   0,75  antigravity
23:57:26     1000      6303      2,20      0,00 1461367164  112680   0,69  antigravity
23:57:26     1000      6334     48,20      0,00 1461342992  259272   1,60  antigravity
23:57:26     1000      6366     15,20      0,00 1461351388  361364   2,23  antigravity
23:57:26     1000      6381      3,00      0,00 1461358904  155704   0,96  antigravity
23:57:26     1000      6409      3,80      0,00 1461383736  119004   0,73  antigravity
23:57:26     1000      7325      0,20      0,00 1459530528   86716   0,53  antigravity
23:57:26     1000      9105      9,20      0,00 55447012  385188   2,37  chrome
23:57:26     1000      9152      3,40      0,00 55460652  193140   1,19  chrome
23:57:26     1000      9157      3,20      0,00 54984540  132680   0,82  chrome
23:57:26     1000      9168      0,20      0,00 55021684   62848   0,39  chrome
23:57:26     1000      9642      0,20      0,00 55012336   86856   0,54  chrome
23:57:26     1000      9657      0,00      0,00 1520518576  334912   2,06  chrome
23:57:26     1000      9668      0,20      0,00 1518496488  120816   0,74  chrome
23:57:26     1000     17064      6,20      0,00    6316    5400   0,03  pidstat
23:57:26     1000     17096     58,80      0,00 6506772  332076   2,05  java

23:57:21      UID       PID   kB_rd/s   kB_wr/s kB_ccwr/s iodelay  Command
23:57:26     1000      9105      0,00      1,60      0,00       0  chrome
23:57:26     1000     17064      0,00      1,74      0,00       0  pidstat
23:57:26     1000     17096      0,00      3,37      0,00       0  java

23:57:26      UID       PID    %usr %system  %guest   %wait    %CPU   CPU  Command
23:57:31        0        18    0,00    0,20    0,00    0,00    0,20     5  rcu_preempt
23:57:31        0        57    0,00    1,00    0,00    0,00    1,00     6  ksoftirqd/6
23:57:31        0        65    0,00    0,20    0,00    0,00    0,20     7  kworker/7:0H-events_highpri
23:57:31      115       943    0,20    0,00    0,00    0,00    0,20     1  prometheus
23:57:31        0      1646    0,20    0,00    0,00    0,00    0,20     6  glances
23:57:31        0      1654    0,20    0,00    0,00    0,00    0,20     0  tailscaled
23:57:31        0      1668    0,20    0,00    0,00    0,00    0,20     3  containerd
23:57:31        0      2676    0,20    0,40    0,00    0,00    0,60     7  dockerd
23:57:31      117      2677    0,60    0,40    0,00    0,00    1,00     6  grafana
23:57:31        0      3027    0,40    0,20    0,00    0,00    0,60     3  mount.ntfs-3g
23:57:31        0      3075    0,20    0,00    0,00    0,00    0,20     3  containerd-shim
23:57:31        0      3120    0,00    0,20    0,00    0,00    0,20     4  containerd-shim
23:57:31      999      3241    0,40    0,00    0,00    0,00    0,40     6  redis-server
23:57:31     1000      4211    9,80    6,00    0,00    0,00   15,80     4  gnome-shell
23:57:31     1000      5898    3,80    1,40    0,00    0,00    5,20     1  antigravity
23:57:31     1000      5952    9,60    1,80    0,00    0,00   11,40     5  antigravity
23:57:31     1000      6000    7,20    0,60    0,00    0,00    7,80     4  antigravity
23:57:31     1000      6006    0,20    0,00    0,00    0,00    0,20     5  antigravity
23:57:31     1000      6248    1,80    1,40    0,00    0,00    3,20     2  language_server
23:57:31     1000      6334    0,60    0,20    0,00    0,00    0,80     4  antigravity
23:57:31     1000      6366    0,80    0,20    0,00    0,00    1,00     1  antigravity
23:57:31     1000      6381    0,80    0,00    0,00    0,00    0,80     4  antigravity
23:57:31     1000      6409    0,40    0,40    0,00    0,00    0,80     4  antigravity
23:57:31     1000      6708    1,00    1,00    0,00    0,00    2,00     5  language_server
23:57:31     1000      7203    1,60    1,40    0,00    0,00    3,00     3  language_server
23:57:31        0      8594    0,00    0,60    0,00    0,00    0,60     7  kworker/u33:0-i915_flip
23:57:31     1000      9105    0,20    0,20    0,00    0,00    0,40     4  chrome
23:57:31     1000      9152    0,20    0,00    0,00    0,00    0,20     6  chrome
23:57:31     1000      9157    0,00    0,20    0,00    0,00    0,20     5  chrome
23:57:31     1000      9378    1,00    0,00    0,00    0,00    1,00     5  gnome-terminal-
23:57:31     1000      9657    0,20    0,00    0,00    0,00    0,20     0  chrome
23:57:31     1000      9773    0,00    0,20    0,00    0,00    0,20     0  ssh
23:57:31        0     12404    0,00    0,20    0,00    0,00    0,20     3  kworker/3:1-i915-unordered
23:57:31        0     13650    0,00    0,20    0,00    0,00    0,20     0  kworker/0:1-events
23:57:31        0     14919    0,00    0,80    0,00    1,00    0,80     6  kworker/6:2-i915-unordered
23:57:31     1000     17064    0,40    0,20    0,00    0,00    0,60     2  pidstat
23:57:31     1000     17096   10,40    0,80    0,00    0,00   11,20     7  java

23:57:26      UID       PID  minflt/s  majflt/s     VSZ     RSS   %MEM  Command
23:57:31        0      3068      4,80      0,00 1235608   15268   0,09  containerd-shim
23:57:31        0      3075      0,60      0,00 1235608   14740   0,09  containerd-shim
23:57:31        0      3076      0,80      0,00 1235608   14844   0,09  containerd-shim
23:57:31        0      3091      9,80      0,00 1235608   15752   0,10  containerd-shim
23:57:31        0      3120      0,20      0,00 1235608   15348   0,09  containerd-shim
23:57:31     1000      4211      3,20      0,00 5033208  315488   1,94  gnome-shell
23:57:31     1000      5898     34,40      0,00 1461714124  313604   1,93  antigravity
23:57:31     1000      5952      9,80      0,00 34379708  167512   1,03  antigravity
23:57:31     1000      5963      0,80      0,00 33906396   82640   0,51  antigravity
23:57:31     1000      6000    165,80      0,00 1461391020  433008   2,67  antigravity
23:57:31     1000      6006     10,40      0,00 1459645432  283772   1,75  antigravity
23:57:31     1000      6289      0,20      0,00 33951332   64440   0,40  antigravity
23:57:31     1000      6302      2,60      0,00 1461347888  121500   0,75  antigravity
23:57:31     1000      6303      0,80      0,00 1461367164  112680   0,69  antigravity
23:57:31     1000      6334      9,40      0,00 1461342992  258880   1,59  antigravity
23:57:31     1000      6366     39,20      0,00 1461351388  361188   2,23  antigravity
23:57:31     1000      6381      7,00      0,00 1461358904  155568   0,96  antigravity
23:57:31     1000      6409    205,20      0,00 1461383736  119720   0,74  antigravity
23:57:31     1000      9105     14,20      0,00 55447012  385188   2,37  chrome
23:57:31     1000      9152      3,40      0,00 55460652  193140   1,19  chrome
23:57:31     1000      9157      2,60      0,00 54984540  132680   0,82  chrome
23:57:31     1000      9168      0,20      0,00 55021684   62848   0,39  chrome
23:57:31     1000      9642      0,40      0,00 55012336   86856   0,54  chrome
23:57:31     1000      9657     37,20      0,00 1518552496  334056   2,06  chrome
23:57:31     1000     17096     45,20      0,00 6506772  332972   2,05  java
23:57:31     1000     17873     27,40      0,00    2672    1576   0,01  sh
23:57:31     1000     17874     71,80      0,00    7012    3236   0,02  cpuUsage.sh
23:57:31     1000     17882     22,80      0,00    5656    1864   0,01  sleep

23:57:26      UID       PID   kB_rd/s   kB_wr/s kB_ccwr/s iodelay  Command
23:57:31     1000      9105      0,00      7,20      0,00       0  chrome
23:57:31     1000     17064      0,00      1,31      0,00       0  pidstat
23:57:31     1000     17096      0,00      4,92      0,00       0  java

23:57:31      UID       PID    %usr %system  %guest   %wait    %CPU   CPU  Command
23:57:36        0         1    0,20    0,20    0,00    0,00    0,40     2  systemd
23:57:36        0        27    0,20    0,00    0,00    0,00    0,20     1  ksoftirqd/1
23:57:36        0        33    0,20    0,00    0,00    0,00    0,20     2  ksoftirqd/2
23:57:36        0        57    0,00    1,20    0,00    0,20    1,20     6  ksoftirqd/6
23:57:36        0        86    0,00    0,20    0,00    0,00    0,20     1  irq/9-acpi
23:57:36        0       175    0,00    0,20    0,00    0,00    0,20     6  kworker/6:1H-events_highpri
23:57:36        0       684    0,00    0,20    0,00    0,00    0,20     3  kworker/u32:8-flush-8:0
23:57:36      990       908    0,60    0,20    0,00    0,00    0,80     0  dbus-daemon
23:57:36      986       934    0,00    0,20    0,00    0,00    0,20     0  polkitd
23:57:36      115       942    1,40    0,60    0,00    0,00    2,00     0  prometheus-node
23:57:36      115       943    0,20    0,00    0,00    0,00    0,20     1  prometheus
23:57:36        0      1654    0,20    0,00    0,00    0,00    0,20     2  tailscaled
23:57:36        0      1668    0,40    0,00    0,00    0,00    0,40     3  containerd
23:57:36        0      2676    0,40    0,20    0,00    0,00    0,60     7  dockerd
23:57:36      117      2677    0,40    0,20    0,00    0,00    0,60     6  grafana
23:57:36        0      3027    0,20    0,20    0,00    0,00    0,40     1  mount.ntfs-3g
23:57:36        0      3075    0,00    0,20    0,00    0,00    0,20     3  containerd-shim
23:57:36        0      3076    0,20    0,00    0,00    0,00    0,20     7  containerd-shim
23:57:36        0      3091    0,00    0,20    0,00    0,00    0,20     3  containerd-shim
23:57:36        0      3120    0,20    0,00    0,00    0,00    0,20     4  containerd-shim
23:57:36      999      3241    0,40    0,00    0,00    0,00    0,40     2  redis-server
23:57:36     1000      4211   11,00    4,80    0,00    0,20   15,80     3  gnome-shell
23:57:36     1000      5898    3,40    1,80    0,00    0,00    5,20     6  antigravity
23:57:36     1000      5952   10,00    1,20    0,00    0,00   11,20     7  antigravity
23:57:36     1000      6000    5,80    0,80    0,00    0,00    6,60     2  antigravity
23:57:36     1000      6006    0,20    0,00    0,00    0,00    0,20     5  antigravity
23:57:36     1000      6248    1,40    1,60    0,00    0,00    3,00     1  language_server
23:57:36     1000      6303    0,00    0,20    0,00    0,00    0,20     2  antigravity
23:57:36     1000      6334    0,40    0,00    0,00    0,20    0,40     7  antigravity
23:57:36     1000      6366    0,60    0,00    0,00    0,00    0,60     7  antigravity
23:57:36     1000      6381    0,60    0,00    0,00    0,00    0,60     1  antigravity
23:57:36     1000      6409    0,40    0,20    0,00    0,00    0,60     4  antigravity
23:57:36     1000      6708    1,60    0,80    0,00    0,00    2,40     5  language_server
23:57:36     1000      7203    1,40    1,20    0,00    0,00    2,60     3  language_server
23:57:36        0      8594    0,00    0,60    0,00    0,20    0,60     6  kworker/u33:0-i915_flip
23:57:36     1000      9105    0,20    0,00    0,00    0,00    0,20     5  chrome
23:57:36     1000      9152    0,00    0,40    0,00    0,00    0,40     6  chrome
23:57:36     1000      9378    0,60    0,00    0,00    0,00    0,60     4  gnome-terminal-
23:57:36     1000      9773    0,20    0,00    0,00    0,00    0,20     0  ssh
23:57:36     1000     10899    0,20    0,00    0,00    0,00    0,20     6  antigravity
23:57:36        0     14919    0,00    0,60    0,00    0,80    0,60     6  kworker/6:2-i915-unordered
23:57:36     1000     17064    0,00    0,40    0,00    0,00    0,40     4  pidstat
23:57:36     1000     17096    7,40    1,00    0,00    0,00    8,40     7  java

23:57:31      UID       PID  minflt/s  majflt/s     VSZ     RSS   %MEM  Command
23:57:36      115       942     73,60      0,00 1614336   25588   0,16  prometheus-node
23:57:36        0      1654      0,00      0,00 1421460  102212   0,63  tailscaled
23:57:36        0      1668      2,60      0,00 2463668   70372   0,43  containerd
23:57:36        0      3068      8,00      0,00 1235608   15396   0,09  containerd-shim
23:57:36        0      3075      0,00      0,00 1235608   14596   0,09  containerd-shim
23:57:36        0      3076      9,60      0,00 1235608   14844   0,09  containerd-shim
23:57:36        0      3091      4,20      0,00 1235608   15880   0,10  containerd-shim
23:57:36     1000      4211      8,80      0,00 5024952  315348   1,94  gnome-shell
23:57:36     1000      5898     50,40      0,00 1461714124  313096   1,93  antigravity
23:57:36     1000      5952     22,00      0,00 34369132  167768   1,03  antigravity
23:57:36     1000      5963      0,80      0,00 33906396   82640   0,51  antigravity
23:57:36     1000      6000     47,80      0,00 1461388844  433776   2,67  antigravity
23:57:36     1000      6006     10,00      0,00 1459645432  286076   1,76  antigravity
23:57:36     1000      6289      0,20      0,00 33951332   64440   0,40  antigravity
23:57:36     1000      6302      2,60      0,00 1461347888  121500   0,75  antigravity
23:57:36     1000      6303      1,20      0,00 1461367164  112680   0,69  antigravity
23:57:36     1000      6334     10,40      0,00 1461342992  259008   1,60  antigravity
23:57:36     1000      6366      8,00      0,00 1461351388  361188   2,23  antigravity
23:57:36     1000      6381      3,00      0,00 1461358904  155568   0,96  antigravity
23:57:36     1000      6409    131,80      0,00 1461383736  119152   0,73  antigravity
23:57:36     1000      7203      0,20      0,00 5307340  505108   3,11  language_server
23:57:36     1000      9105     17,40      0,00 55447012  385188   2,37  chrome
23:57:36     1000      9152      6,80      0,00 55460652  193140   1,19  chrome
23:57:36     1000      9157      5,80      0,00 54984540  132680   0,82  chrome
23:57:36     1000      9168      0,40      0,00 55021684   62848   0,39  chrome
23:57:36     1000      9642      0,40      0,00 55012336   86856   0,54  chrome
23:57:36     1000      9657      0,00      0,00 1518552496  332604   2,05  chrome
23:57:36     1000     17096     17,40      0,00 6506772  333484   2,05  java
23:57:36     1000     17900     28,20      0,00    2672    1644   0,01  sh
23:57:36     1000     17901     72,40      0,00    7012    3212   0,02  cpuUsage.sh
23:57:36     1000     17909     23,00      0,00    5656    1872   0,01  sleep

23:57:31      UID       PID   kB_rd/s   kB_wr/s kB_ccwr/s iodelay  Command
23:57:36     1000     17064      0,00      1,19      0,00       0  pidstat
23:57:36     1000     17096      0,00      3,18      0,00       0  java

23:57:36      UID       PID    %usr %system  %guest   %wait    %CPU   CPU  Command
23:57:41        0        57    0,00    0,80    0,00    0,00    0,80     6  ksoftirqd/6
23:57:41        0      1081    0,20    0,00    0,00    0,00    0,20     5  NetworkManager
23:57:41        0      1646    0,20    0,00    0,00    0,00    0,20     6  glances
23:57:41        0      1654    0,00    0,20    0,00    0,00    0,20     2  tailscaled
23:57:41        0      1668    0,20    0,20    0,00    0,00    0,40     3  containerd
23:57:41        0      1673    0,00    0,20    0,00    0,00    0,20     6  anydesk
23:57:41        0      2676    0,20    0,20    0,00    0,00    0,40     7  dockerd
23:57:41      117      2677    0,40    0,60    0,00    0,00    1,00     6  grafana
23:57:41        0      3027    0,20    0,20    0,00    0,00    0,40     4  mount.ntfs-3g
23:57:41        0      3068    0,00    0,20    0,00    0,00    0,20     0  containerd-shim
23:57:41        0      3076    0,00    0,20    0,00    0,00    0,20     7  containerd-shim
23:57:41        0      3120    0,20    0,00    0,00    0,00    0,20     4  containerd-shim
23:57:41      999      3241    0,60    0,00    0,00    0,20    0,60     5  redis-server
23:57:41     1000      4211    8,80    6,80    0,00    0,20   15,60     4  gnome-shell
23:57:41     1000      5898    3,00    2,00    0,00    0,20    5,00     2  antigravity
23:57:41     1000      5952    8,20    2,60    0,00    0,20   10,80     4  antigravity
23:57:41     1000      6000   16,00    0,60    0,00    0,60   16,60     6  antigravity
23:57:41     1000      6006    0,20    0,00    0,00    0,00    0,20     7  antigravity
23:57:41     1000      6248    1,40    1,60    0,00    0,00    3,00     3  language_server
23:57:41     1000      6334    0,60    0,00    0,00    0,00    0,60     7  antigravity
23:57:41     1000      6366    0,60    0,40    0,00    0,00    1,00     5  antigravity
23:57:41     1000      6381    0,80    0,00    0,00    0,00    0,80     2  antigravity
23:57:41     1000      6409    0,20    0,00    0,00    0,00    0,20     7  antigravity
23:57:41     1000      6708    1,20    1,20    0,00    0,00    2,40     5  language_server
23:57:41     1000      7203    1,80    1,20    0,00    0,00    3,00     3  language_server
23:57:41        0      8594    0,00    0,60    0,00    0,00    0,60     7  kworker/u33:0-i915_flip
23:57:41     1000      9105    0,20    0,20    0,00    0,00    0,40     4  chrome
23:57:41     1000      9152    0,20    0,00    0,00    0,00    0,20     6  chrome
23:57:41     1000      9157    0,20    0,00    0,00    0,00    0,20     2  chrome
23:57:41     1000      9378    1,20    0,00    0,00    0,00    1,20     4  gnome-terminal-
23:57:41     1000      9657    0,40    0,00    0,00    0,00    0,40     3  chrome
23:57:41        0     14919    0,00    0,60    0,00    0,60    0,60     6  kworker/6:2-i915-unordered
23:57:41     1000     17064    0,40    0,40    0,00    0,00    0,80     3  pidstat
23:57:41     1000     17096   11,40    0,80    0,00    0,00   12,20     7  java

23:57:36      UID       PID  minflt/s  majflt/s     VSZ     RSS   %MEM  Command
23:57:41        0       375      4,60      0,00  163644   83128   0,51  systemd-journal
23:57:41        0      1654      0,20      0,00 1421460  102212   0,63  tailscaled
23:57:41      114      1776      4,00      0,00  218252   29316   0,18  postgres
23:57:41        0      2676      0,40      0,00 3358484  107504   0,66  dockerd
23:57:41        0      3068      2,60      0,00 1235608   14476   0,09  containerd-shim
23:57:41        0      3075      4,80      0,00 1235608   13900   0,09  containerd-shim
23:57:41        0      3076     10,80      0,00 1235608   14492   0,09  containerd-shim
23:57:41        0      3091      0,00      0,00 1235608   15188   0,09  containerd-shim
23:57:41        0      3120      0,00      0,00 1235608   14780   0,09  containerd-shim
23:57:41     1000      4211      1,20      0,00 5033208  315348   1,94  gnome-shell
23:57:41     1000      5898     39,60      0,00 1461714124  313608   1,93  antigravity
23:57:41     1000      5952      7,80      0,00 34365036  167648   1,03  antigravity
23:57:41     1000      5963      1,60      0,00 33906396   82640   0,51  antigravity
23:57:41     1000      6000    166,40      0,00 1461388844  424836   2,62  antigravity
23:57:41     1000      6006     11,00      0,00 1459645432  285916   1,76  antigravity
23:57:41     1000      6289      0,40      0,00 33951332   64440   0,40  antigravity
23:57:41     1000      6302      5,20      0,00 1461347888  121500   0,75  antigravity
23:57:41     1000      6303      1,80      0,00 1461367164  112680   0,69  antigravity
23:57:41     1000      6334      8,20      0,00 1461342992  259008   1,60  antigravity
23:57:41     1000      6366     11,00      0,00 1461351388  359948   2,22  antigravity
23:57:41     1000      6381      2,60      0,00 1461358904  155568   0,96  antigravity
23:57:41     1000      6409     11,80      0,00 1461383736  119120   0,73  antigravity
23:57:41     1000      9105     83,20      0,00 55447012  385212   2,37  chrome
23:57:41     1000      9152      3,40      0,00 55460652  193140   1,19  chrome
23:57:41     1000      9157      5,00      0,00 54984540  132680   0,82  chrome
23:57:41     1000      9168      0,20      0,00 55021684   62848   0,39  chrome
23:57:41     1000      9642      0,20      0,00 55012336   86856   0,54  chrome
23:57:41     1000      9657     77,60      0,00 1520518576  333224   2,05  chrome
23:57:41     1000     17096     25,20      0,00 6506772  348560   2,15  java

23:57:36      UID       PID   kB_rd/s   kB_wr/s kB_ccwr/s iodelay  Command
23:57:41     1000      9105      0,00     22,40      0,00       0  chrome
23:57:41     1000      9157      0,00      0,80      0,80       0  chrome
23:57:41     1000     17064      0,00      1,33      0,00       0  pidstat
23:57:41     1000     17096      0,00      3,18      0,00       0  java

23:57:41      UID       PID    %usr %system  %guest   %wait    %CPU   CPU  Command
23:57:46        0        57    0,00    1,20    0,00    0,00    1,20     6  ksoftirqd/6
23:57:46      115       943    0,20    0,00    0,00    0,00    0,20     1  prometheus
23:57:46        0      1668    0,60    0,00    0,00    0,00    0,60     3  containerd
23:57:46        0      2676    0,40    0,20    0,00    0,00    0,60     7  dockerd
23:57:46      117      2677    0,60    0,20    0,00    0,00    0,80     6  grafana
23:57:46        0      3027    0,20    0,40    0,00    0,00    0,60     6  mount.ntfs-3g
23:57:46        0      3068    0,00    0,20    0,00    0,00    0,20     0  containerd-shim
23:57:46        0      3075    0,00    0,20    0,00    0,00    0,20     3  containerd-shim
23:57:46        0      3091    0,20    0,00    0,00    0,00    0,20     3  containerd-shim
23:57:46      999      3241    0,40    0,00    0,00    0,00    0,40     7  redis-server
23:57:46     1000      4211    9,80    6,00    0,00    0,20   15,80     5  gnome-shell
23:57:46     1000      5898    3,80    1,60    0,00    0,20    5,40     1  antigravity
23:57:46     1000      5952    8,60    2,40    0,00    0,00   11,00     4  antigravity
23:57:46     1000      6000    6,20    0,60    0,00    0,20    6,80     5  antigravity
23:57:46     1000      6006    0,20    0,00    0,00    0,00    0,20     1  antigravity
23:57:46     1000      6248    1,80    1,20    0,00    0,00    3,00     5  language_server
23:57:46     1000      6334    0,20    0,20    0,00    0,00    0,40     4  antigravity
23:57:46     1000      6366    0,80    0,20    0,00    0,20    1,00     5  antigravity
23:57:46     1000      6381    0,60    0,20    0,00    0,00    0,80     7  antigravity
23:57:46     1000      6409    0,20    0,00    0,00    0,00    0,20     4  antigravity
23:57:46     1000      6708    1,20    0,80    0,00    0,00    2,00     5  language_server
23:57:46     1000      7203    1,20    1,60    0,00    0,00    2,80     3  language_server
23:57:46        0      8594    0,00    0,80    0,00    0,00    0,80     1  kworker/u33:0-i915_flip
23:57:46     1000      9105    0,20    0,00    0,00    0,00    0,20     2  chrome
23:57:46     1000      9152    0,20    0,20    0,00    0,00    0,40     6  chrome
23:57:46     1000      9168    0,20    0,00    0,00    0,00    0,20     5  chrome
23:57:46     1000      9210    0,20    0,00    0,00    0,00    0,20     2  chrome
23:57:46     1000      9378    0,80    0,00    0,00    0,00    0,80     5  gnome-terminal-
23:57:46     1000      9668    0,00    0,20    0,00    0,00    0,20     6  chrome
23:57:46        0     14919    0,00    0,60    0,00    0,80    0,60     6  kworker/6:2-i915-unordered
23:57:46     1000     17064    0,20    0,20    0,00    0,00    0,40     0  pidstat
23:57:46     1000     17096   16,40    2,60    0,00    0,00   19,00     7  java

23:57:41      UID       PID  minflt/s  majflt/s     VSZ     RSS   %MEM  Command
23:57:46        0      1668      3,40      0,00 2463668   70072   0,43  containerd
23:57:46        0      3068     10,00      0,00 1235608   14604   0,09  containerd-shim
23:57:46        0      3075     10,40      0,00 1235608   14028   0,09  containerd-shim
23:57:46        0      3076     11,20      0,00 1235608   14876   0,09  containerd-shim
23:57:46        0      3091      6,00      0,00 1235608   15188   0,09  containerd-shim
23:57:46        0      3120      6,80      0,00 1235608   14780   0,09  containerd-shim
23:57:46     1000      4211      7,20      0,00 5033144  315476   1,94  gnome-shell
23:57:46     1000      5898     36,40      0,00 1461714124  313484   1,93  antigravity
23:57:46     1000      5952      4,00      0,00 34365036  167648   1,03  antigravity
23:57:46     1000      5963      0,80      0,00 33906396   82640   0,51  antigravity
23:57:46     1000      6000     65,80      0,00 1461388844  424264   2,61  antigravity
23:57:46     1000      6006     17,60      0,00 1459645432  286684   1,77  antigravity
23:57:46     1000      6289      0,20      0,00 33951332   64440   0,40  antigravity
23:57:46     1000      6302      2,60      0,00 1461347888  121500   0,75  antigravity
23:57:46     1000      6303      1,00      0,00 1461367164  112680   0,69  antigravity
23:57:46     1000      6334     20,40      0,00 1461342992  259008   1,60  antigravity
23:57:46     1000      6366     32,00      0,00 1461351388  360204   2,22  antigravity
23:57:46     1000      6381      3,00      0,00 1461358904  155568   0,96  antigravity
23:57:46     1000      6409     10,80      0,00 1461383736  119120   0,73  antigravity
23:57:46     1000      9105     12,80      0,00 55447012  385212   2,37  chrome
23:57:46     1000      9152      3,40      0,00 55460652  193140   1,19  chrome
23:57:46     1000      9157      3,40      0,00 54984540  132680   0,82  chrome
23:57:46     1000      9168      0,20      0,00 55021684   62848   0,39  chrome
23:57:46     1000      9642      0,20      0,00 55012336   86856   0,54  chrome
23:57:46     1000     17096     46,80      0,00 6506772  367548   2,26  java

23:57:41      UID       PID   kB_rd/s   kB_wr/s kB_ccwr/s iodelay  Command
23:57:46     1000      9105      0,00      1,60      0,00       0  chrome
23:57:46     1000     17064      0,00      1,16      0,00       0  pidstat
23:57:46     1000     17096      0,00      4,68      0,00       0  java

23:57:46      UID       PID    %usr %system  %guest   %wait    %CPU   CPU  Command
23:57:51        0         1    0,20    0,00    0,00    0,00    0,20     5  systemd
23:57:51        0        57    0,00    1,20    0,00    0,00    1,20     6  ksoftirqd/6
23:57:51        0        86    0,00    0,20    0,00    0,00    0,20     1  irq/9-acpi
23:57:51      990       908    0,60    0,00    0,00    0,00    0,60     6  dbus-daemon
23:57:51      115       942    1,40    0,40    0,00    0,00    1,80     5  prometheus-node
23:57:51      115       943    0,20    0,00    0,00    0,00    0,20     1  prometheus
23:57:51        0      1081    0,00    0,20    0,00    0,00    0,20     1  NetworkManager
23:57:51        0      1646    0,20    0,00    0,00    0,00    0,20     6  glances
23:57:51        0      1668    0,40    0,00    0,00    0,00    0,40     3  containerd
23:57:51        0      2676    0,60    0,00    0,00    0,00    0,60     7  dockerd
23:57:51      117      2677    0,20    0,60    0,00    0,00    0,80     6  grafana
23:57:51        0      3027    0,40    0,00    0,00    0,00    0,40     7  mount.ntfs-3g
23:57:51        0      3076    0,00    0,20    0,00    0,00    0,20     7  containerd-shim
23:57:51        0      3091    0,00    0,20    0,00    0,00    0,20     3  containerd-shim
23:57:51        0      3120    0,20    0,00    0,00    0,00    0,20     4  containerd-shim
23:57:51      999      3241    0,40    0,00    0,00    0,00    0,40     5  redis-server
23:57:51     1000      4211   11,40    4,60    0,00    0,00   16,00     5  gnome-shell
23:57:51     1000      5898    3,40    1,60    0,00    0,00    5,00     6  antigravity
23:57:51     1000      5952    8,20    3,00    0,00    0,00   11,20     2  antigravity
23:57:51     1000      6000    5,60    1,00    0,00    0,00    6,60     7  antigravity
23:57:51     1000      6248    2,00    1,00    0,00    0,20    3,00     7  language_server
23:57:51     1000      6334    0,60    0,00    0,00    0,00    0,60     4  antigravity
23:57:51     1000      6366    0,80    0,00    0,00    0,00    0,80     6  antigravity
23:57:51     1000      6381    0,40    0,20    0,00    0,00    0,60     7  antigravity
23:57:51     1000      6409    0,00    0,20    0,00    0,00    0,20     5  antigravity
23:57:51     1000      6708    1,40    0,80    0,00    0,00    2,20     5  language_server
23:57:51     1000      7203    1,40    1,20    0,00    0,00    2,60     3  language_server
23:57:51        0      8594    0,00    0,60    0,00    0,20    0,60     6  kworker/u33:0-i915_flip
23:57:51     1000      9105    0,20    0,00    0,00    0,00    0,20     2  chrome
23:57:51     1000      9152    0,00    0,20    0,00    0,00    0,20     6  chrome
23:57:51     1000      9378    1,20    0,00    0,00    0,00    1,20     0  gnome-terminal-
23:57:51        0     14919    0,00    0,60    0,00    0,80    0,60     6  kworker/6:2-i915-unordered
23:57:51     1000     17064    0,40    0,20    0,00    0,00    0,60     0  pidstat
23:57:51     1000     17096   19,20    1,20    0,00    0,00   20,40     7  java

23:57:46      UID       PID  minflt/s  majflt/s     VSZ     RSS   %MEM  Command
23:57:51      115       942     83,60      0,00 1614336   25012   0,15  prometheus-node
23:57:51        0      1668      0,40      0,00 2463668   70072   0,43  containerd
23:57:51        0      2676      0,20      0,00 3358484  107504   0,66  dockerd
23:57:51        0      3068     12,20      0,00 1235608   14732   0,09  containerd-shim
23:57:51        0      3075     12,20      0,00 1235608   14156   0,09  containerd-shim
23:57:51        0      3076     13,40      0,00 1235608   15004   0,09  containerd-shim
23:57:51        0      3091     11,60      0,00 1235608   15316   0,09  containerd-shim
23:57:51        0      3120     13,80      0,00 1235608   15036   0,09  containerd-shim
23:57:51     1000      4211      3,00      0,00 5033144  315476   1,94  gnome-shell
23:57:51     1000      5898     34,40      0,00 1461714124  313436   1,93  antigravity
23:57:51     1000      5952      4,40      0,00 34365036  167648   1,03  antigravity
23:57:51     1000      5963      0,80      0,00 33906396   82640   0,51  antigravity
23:57:51     1000      6000     48,20      0,00 1461388844  425032   2,62  antigravity
23:57:51     1000      6006     17,40      0,00 1459645432  287068   1,77  antigravity
23:57:51     1000      6289      0,20      0,00 33951332   64440   0,40  antigravity
23:57:51     1000      6302      2,60      0,00 1461347888  121500   0,75  antigravity
23:57:51     1000      6303      1,20      0,00 1461367164  112680   0,69  antigravity
23:57:51     1000      6334      9,60      0,00 1461342992  259008   1,60  antigravity
23:57:51     1000      6366     11,00      0,00 1461351388  359776   2,22  antigravity
23:57:51     1000      6381      5,00      0,00 1461358904  155568   0,96  antigravity
23:57:51     1000      6409      4,00      0,00 1461383736  119120   0,73  antigravity
23:57:51     1000      9105      8,80      0,00 55447012  385212   2,37  chrome
23:57:51     1000      9152      3,40      0,00 55460652  193140   1,19  chrome
23:57:51     1000      9157      2,60      0,00 54984540  132680   0,82  chrome
23:57:51     1000      9168      0,20      0,00 55021684   62848   0,39  chrome
23:57:51     1000      9642      0,20      0,00 55012336   86856   0,54  chrome
23:57:51     1000      9657     89,20      0,00 1520518576  334888   2,06  chrome
23:57:51     1000     17096    849,20      0,00 6507800  379652   2,34  java

23:57:46      UID       PID   kB_rd/s   kB_wr/s kB_ccwr/s iodelay  Command
23:57:51     1000     17064      0,00      1,05      0,00       0  pidstat
23:57:51     1000     17096      0,00      3,26      0,00       0  java

23:57:51      UID       PID    %usr %system  %guest   %wait    %CPU   CPU  Command
23:57:56        0        57    0,00    1,00    0,00    0,00    1,00     6  ksoftirqd/6
23:57:56        0        65    0,00    0,20    0,00    0,00    0,20     7  kworker/7:0H-events_highpri
23:57:56        0        82    0,00    0,20    0,00    0,00    0,20     4  khugepaged
23:57:56        0       214    0,00    0,20    0,00    0,00    0,20     1  kworker/1:1H-events_highpri
23:57:56      115       943    0,20    0,00    0,00    0,00    0,20     1  prometheus
23:57:56        0      1646    0,20    0,00    0,00    0,00    0,20     6  glances
23:57:56        0      1668    0,20    0,00    0,00    0,00    0,20     3  containerd
23:57:56      111      1761    0,00    0,20    0,00    0,00    0,20     6  mariadbd
23:57:56        0      2676    0,40    0,20    0,00    0,00    0,60     7  dockerd
23:57:56      117      2677    0,40    0,40    0,00    0,00    0,80     6  grafana
23:57:56        0      3027    0,20    0,20    0,00    0,00    0,40     7  mount.ntfs-3g
23:57:56        0      3068    0,00    0,20    0,00    0,00    0,20     0  containerd-shim
23:57:56        0      3075    0,20    0,00    0,00    0,00    0,20     3  containerd-shim
23:57:56        0      3091    0,20    0,00    0,00    0,00    0,20     3  containerd-shim
23:57:56      999      3241    0,40    0,20    0,00    0,00    0,60     7  redis-server
23:57:56     1000      4211    6,40    9,60    0,00    0,00   16,00     1  gnome-shell
23:57:56     1000      5898    7,80    1,80    0,00    0,00    9,60     6  antigravity
23:57:56     1000      5952    8,60    2,00    0,00    0,00   10,60     5  antigravity
23:57:56     1000      6000    6,20    0,60    0,00    0,00    6,80     7  antigravity
23:57:56     1000      6006    0,40    0,00    0,00    0,00    0,40     5  antigravity
23:57:56     1000      6248    2,20    0,80    0,00    0,00    3,00     6  language_server
23:57:56     1000      6334    0,40    0,00    0,00    0,00    0,40     7  antigravity
23:57:56     1000      6366    0,80    0,20    0,00    0,00    1,00     7  antigravity
23:57:56     1000      6381    0,60    0,00    0,00    0,00    0,60     7  antigravity
23:57:56     1000      6409    0,00    0,20    0,00    0,00    0,20     5  antigravity
23:57:56     1000      6708    1,80    0,60    0,00    0,00    2,40     5  language_server
23:57:56     1000      7203    1,80    1,40    0,00    0,00    3,20     3  language_server
23:57:56        0      8594    0,00    0,60    0,00    0,00    0,60     7  kworker/u33:0-i915_flip
23:57:56     1000      9105    0,20    0,00    0,00    0,00    0,20     2  chrome
23:57:56     1000      9152    0,20    0,20    0,00    0,00    0,40     6  chrome
23:57:56     1000      9378    0,80    0,00    0,00    0,00    0,80     0  gnome-terminal-
23:57:56     1000      9657    0,20    0,00    0,00    0,00    0,20     0  chrome
23:57:56        0     14919    0,00    0,80    0,00    0,80    0,80     6  kworker/6:2-i915-unordered
23:57:56     1000     17064    0,20    0,20    0,00    0,00    0,40     0  pidstat
23:57:56     1000     17096    6,20    0,60    0,00    0,00    6,80     7  java

23:57:51      UID       PID  minflt/s  majflt/s     VSZ     RSS   %MEM  Command
23:57:56        0      1668      0,40      0,00 2463668   70072   0,43  containerd
23:57:56        0      3068     10,20      0,00 1235608   15116   0,09  containerd-shim
23:57:56        0      3075     11,80      0,00 1235608   14412   0,09  containerd-shim
23:57:56        0      3076      4,40      0,00 1235608   15004   0,09  containerd-shim
23:57:56        0      3091      2,40      0,00 1235608   15444   0,10  containerd-shim
23:57:56        0      3120      1,00      0,00 1235608   15036   0,09  containerd-shim
23:57:56     1000      4211      7,60      0,00 5033208  315604   1,94  gnome-shell
23:57:56     1000      5898    169,80      0,00 1461714124  312344   1,92  antigravity
23:57:56     1000      5952      4,40      0,00 34365036  167648   1,03  antigravity
23:57:56     1000      5963      0,80      0,00 33906396   82640   0,51  antigravity
23:57:56     1000      6000     81,00      0,00 1461388844  426056   2,62  antigravity
23:57:56     1000      6006     43,00      0,00 1459645432  287112   1,77  antigravity
23:57:56     1000      6289      0,20      0,00 33951332   64440   0,40  antigravity
23:57:56     1000      6302      5,00      0,00 1461347888  121500   0,75  antigravity
23:57:56     1000      6303      1,00      0,00 1461367164  112680   0,69  antigravity
23:57:56     1000      6334      7,60      0,00 1461342992  259008   1,60  antigravity
23:57:56     1000      6366     10,20      0,00 1461351388  360032   2,22  antigravity
23:57:56     1000      6381      2,80      0,00 1461358904  155568   0,96  antigravity
23:57:56     1000      6409      6,20      0,00 1461383736  119120   0,73  antigravity
23:57:56     1000      9105     19,60      0,00 55447012  385212   2,37  chrome
23:57:56     1000      9152      6,80      0,00 55460652  193140   1,19  chrome
23:57:56     1000      9157      9,20      0,00 54984540  132680   0,82  chrome
23:57:56     1000      9168      0,40      0,00 55021684   62848   0,39  chrome
23:57:56     1000      9642      0,40      0,00 55012336   86856   0,54  chrome
23:57:56     1000      9657    144,60      0,00 1520518576  337704   2,08  chrome
23:57:56     1000     17096     16,80      0,00 6507800  372996   2,30  java

23:57:51      UID       PID   kB_rd/s   kB_wr/s kB_ccwr/s iodelay  Command
23:57:56     1000      5898      0,00      9,60      0,00       0  antigravity
23:57:56     1000      9105      0,00      5,60      0,00       0  chrome
23:57:56     1000     17064      0,00      1,12      0,00       0  pidstat
23:57:56     1000     17096      0,00      4,71      0,00       0  java

23:57:56      UID       PID    %usr %system  %guest   %wait    %CPU   CPU  Command
23:58:01        0        18    0,00    0,20    0,00    0,00    0,20     2  rcu_preempt
23:58:01        0        57    0,00    1,20    0,00    0,00    1,20     6  ksoftirqd/6
23:58:01        0      1646    0,20    0,00    0,00    0,00    0,20     6  glances
23:58:01        0      1654    0,00    0,20    0,00    0,00    0,20     2  tailscaled
23:58:01        0      1668    0,40    0,20    0,00    0,00    0,60     3  containerd
23:58:01        0      2676    0,20    0,20    0,00    0,00    0,40     7  dockerd
23:58:01      117      2677    0,40    0,20    0,00    0,00    0,60     6  grafana
23:58:01        0      3027    0,20    0,20    0,00    0,00    0,40     2  mount.ntfs-3g
23:58:01        0      3075    0,00    0,20    0,00    0,00    0,20     3  containerd-shim
23:58:01        0      3076    0,00    0,20    0,00    0,00    0,20     7  containerd-shim
23:58:01        0      3120    0,20    0,00    0,00    0,00    0,20     4  containerd-shim
23:58:01      999      3241    0,40    0,00    0,00    0,00    0,40     4  redis-server
23:58:01     1000      4211    8,60    6,80    0,00    0,00   15,40     6  gnome-shell
23:58:01     1000      5898    2,80    2,40    0,00    0,00    5,20     4  antigravity
23:58:01     1000      5952    8,80    2,40    0,00    0,00   11,20     4  antigravity
23:58:01     1000      6000    7,00    0,80    0,00    0,00    7,80     2  antigravity
23:58:01     1000      6006    0,20    0,00    0,00    0,00    0,20     5  antigravity
23:58:01     1000      6248    1,60    1,40    0,00    0,00    3,00     3  language_server
23:58:01     1000      6334    0,80    0,20    0,00    0,00    1,00     6  antigravity
23:58:01     1000      6366    0,60    0,00    0,00    0,00    0,60     7  antigravity
23:58:01     1000      6381    0,80    0,00    0,00    0,00    0,80     0  antigravity
23:58:01     1000      6409    0,40    0,20    0,00    0,00    0,60     1  antigravity
23:58:01     1000      6708    3,80    0,80    0,00    0,00    4,60     5  language_server
23:58:01     1000      7203    1,60    1,20    0,00    0,00    2,80     3  language_server
23:58:01        0      8594    0,00    0,60    0,00    0,00    0,60     0  kworker/u33:0-i915_flip
23:58:01     1000      9105    0,20    0,00    0,00    0,00    0,20     2  chrome
23:58:01     1000      9152    0,20    0,00    0,00    0,00    0,20     6  chrome
23:58:01     1000      9378    0,80    0,00    0,00    0,00    0,80     2  gnome-terminal-
23:58:01     1000     10899    0,20    0,00    0,00    0,00    0,20     7  antigravity
23:58:01        0     14919    0,00    0,60    0,00    0,60    0,60     6  kworker/6:2-i915-unordered
23:58:01     1000     17064    0,00    0,40    0,00    0,00    0,40     7  pidstat
23:58:01     1000     17096    7,20    0,40    0,00    0,00    7,60     7  java

23:57:56      UID       PID  minflt/s  majflt/s     VSZ     RSS   %MEM  Command
23:58:01        0      1668      4,00      0,00 2463668   70072   0,43  containerd
23:58:01      114      1776      3,60      0,00  218252   29316   0,18  postgres
23:58:01        0      3068      5,80      0,00 1235608   15116   0,09  containerd-shim
23:58:01        0      3075      8,80      0,00 1235608   14668   0,09  containerd-shim
23:58:01        0      3076      0,40      0,00 1235608   15004   0,09  containerd-shim
23:58:01        0      3120      6,60      0,00 1235608   15164   0,09  containerd-shim
23:58:01     1000      4211      3,00      0,00 5024944  315604   1,94  gnome-shell
23:58:01     1000      5898     48,20      0,00 1461714124  312852   1,93  antigravity
23:58:01     1000      5952     14,60      0,00 34379772  167520   1,03  antigravity
23:58:01     1000      5963      1,60      0,00 33906396   82640   0,51  antigravity
23:58:01     1000      6000    144,00      0,00 1461391020  427572   2,63  antigravity
23:58:01     1000      6006     13,40      0,00 1459645432  287368   1,77  antigravity
23:58:01     1000      6248      7,40      0,00 5510764  513840   3,17  language_server
23:58:01     1000      6289      0,40      0,00 33951332   64440   0,40  antigravity
23:58:01     1000      6302      6,60      0,00 1461347888  121500   0,75  antigravity
23:58:01     1000      6303      1,80      0,00 1461367164  112680   0,69  antigravity
23:58:01     1000      6334     17,40      0,00 1461342992  259136   1,60  antigravity
23:58:01     1000      6366     11,20      0,00 1461351388  359892   2,22  antigravity
23:58:01     1000      6381      3,00      0,00 1461358904  155568   0,96  antigravity
23:58:01     1000      6409    108,80      0,00 1461383736  119504   0,74  antigravity
23:58:01     1000      9105     13,20      0,00 55447012  385212   2,37  chrome
23:58:01     1000      9152      3,40      0,00 55460652  193140   1,19  chrome
23:58:01     1000      9157    106,00      0,00 54984540  132408   0,82  chrome
23:58:01     1000      9168      0,20      0,00 55021684   62848   0,39  chrome
23:58:01     1000      9642      0,20      0,00 55012336   86856   0,54  chrome
23:58:01     1000     17096     27,60      0,00 6507800  373380   2,30  java
23:58:01     1000     17930     28,00      0,00    2672    1652   0,01  sh
23:58:01     1000     17931     71,80      0,00    7012    3276   0,02  cpuUsage.sh
23:58:01     1000     17939     23,60      0,00    5656    1980   0,01  sleep

23:57:56      UID       PID   kB_rd/s   kB_wr/s kB_ccwr/s iodelay  Command
23:58:01     1000      9105      0,00      5,60      0,00       0  chrome
23:58:01     1000      9157      0,00    204,00      0,00       0  chrome
23:58:01     1000     17064      0,00      1,14      0,00       0  pidstat
23:58:01     1000     17096      0,00      4,77      0,00       0  java

23:58:01      UID       PID    %usr %system  %guest   %wait    %CPU   CPU  Command
23:58:06        0         1    0,20    0,00    0,00    0,00    0,20     3  systemd
23:58:06        0        57    0,00    1,20    0,00    0,20    1,20     6  ksoftirqd/6
23:58:06        0        86    0,00    0,20    0,00    0,00    0,20     1  irq/9-acpi
23:58:06        0       175    0,00    0,20    0,00    0,20    0,20     6  kworker/6:1H-events_highpri
23:58:06        0       647    0,00    0,20    0,00    0,00    0,20     0  irq/130-iwlwifi
23:58:06        0       684    0,00    0,20    0,00    0,00    0,20     2  kworker/u32:8-kvfree_rcu_reclaim
23:58:06      990       908    0,80    0,20    0,00    0,20    1,00     0  dbus-daemon
23:58:06      115       942    1,20    0,80    0,00    0,00    2,00     3  prometheus-node
23:58:06      115       943    0,20    0,00    0,00    0,00    0,20     1  prometheus
23:58:06        0      1654    0,20    0,20    0,00    0,00    0,40     2  tailscaled
23:58:06        0      1668    0,40    0,00    0,00    0,00    0,40     3  containerd
23:58:06        0      2676    0,40    0,00    0,00    0,00    0,40     7  dockerd
23:58:06      117      2677    0,60    0,20    0,00    0,00    0,80     6  grafana
23:58:06        0      3027    0,40    0,20    0,00    0,00    0,60     6  mount.ntfs-3g
23:58:06        0      3068    0,00    0,20    0,00    0,00    0,20     0  containerd-shim
23:58:06        0      3076    0,20    0,00    0,00    0,00    0,20     7  containerd-shim
23:58:06        0      3091    0,20    0,00    0,00    0,00    0,20     3  containerd-shim
23:58:06      999      3241    0,40    0,00    0,00    0,00    0,40     5  redis-server
23:58:06     1000      4211    7,00    9,20    0,00    0,00   16,20     0  gnome-shell
23:58:06     1000      5898    3,60    1,40    0,00    0,00    5,00     2  antigravity
23:58:06     1000      5952   10,00    1,20    0,00    0,00   11,20     0  antigravity
23:58:06     1000      6000    5,60    1,00    0,00    0,00    6,60     7  antigravity
23:58:06     1000      6006    0,20    0,00    0,00    0,00    0,20     0  antigravity
23:58:06     1000      6248    2,00    1,00    0,00    0,00    3,00     3  language_server
23:58:06     1000      6303    0,00    0,20    0,00    0,00    0,20     6  antigravity
23:58:06     1000      6334    0,40    0,00    0,00    0,00    0,40     2  antigravity
23:58:06     1000      6366    0,80    0,20    0,00    0,00    1,00     4  antigravity
23:58:06     1000      6381    0,60    0,20    0,00    0,00    0,80     1  antigravity
23:58:06     1000      6409    0,20    0,20    0,00    0,00    0,40     4  antigravity
23:58:06     1000      6708    1,60    0,80    0,00    0,00    2,40     5  language_server
23:58:06     1000      7203    4,80    0,20    0,00    0,00    5,00     3  language_server
23:58:06        0      8594    0,00    0,60    0,00    0,00    0,60     6  kworker/u33:0-i915_flip
23:58:06     1000      9105    0,20    0,20    0,00    0,00    0,40     4  chrome
23:58:06     1000      9152    0,20    0,20    0,00    0,00    0,40     6  chrome
23:58:06     1000      9157    0,20    0,20    0,00    0,00    0,40     2  chrome
23:58:06     1000      9202    0,20    0,00    0,00    0,00    0,20     1  chrome
23:58:06     1000      9335    0,00    0,20    0,00    0,00    0,20     0  chrome
23:58:06     1000      9378    1,20    0,00    0,00    0,00    1,20     6  gnome-terminal-
23:58:06     1000      9657    0,20    0,00    0,00    0,00    0,20     7  chrome
23:58:06        0     14919    0,00    0,60    0,00    0,80    0,60     6  kworker/6:2-i915-unordered
23:58:06        0     17005    0,20    0,00    0,00    0,00    0,20     4  kworker/4:2-events
23:58:06     1000     17064    0,20    0,40    0,00    0,00    0,60     1  pidstat
23:58:06     1000     17096    6,40    1,00    0,00    0,00    7,40     7  java

23:58:01      UID       PID  minflt/s  majflt/s     VSZ     RSS   %MEM  Command
23:58:06      115       942     91,20      0,00 1614336   25760   0,16  prometheus-node
23:58:06        0      1668      7,00      0,00 2463668   70200   0,43  containerd
23:58:06        0      3068      7,20      0,00 1235608   15244   0,09  containerd-shim
23:58:06        0      3075      2,40      0,00 1235608   14540   0,09  containerd-shim
23:58:06        0      3076      0,00      0,00 1235608   14844   0,09  containerd-shim
23:58:06        0      3091      6,60      0,00 1235608   15572   0,10  containerd-shim
23:58:06        0      3120      9,60      0,00 1235608   15164   0,09  containerd-shim
23:58:06     1000      4211      9,60      0,00 5033144  315732   1,95  gnome-shell
23:58:06     1000      5898     34,40      0,00 1461714124  312732   1,93  antigravity
23:58:06     1000      5952     22,40      0,00 34369196  167476   1,03  antigravity
23:58:06     1000      5963      0,80      0,00 33906396   82640   0,51  antigravity
23:58:06     1000      6000     45,80      0,00 1461388844  428596   2,64  antigravity
23:58:06     1000      6006      7,80      0,00 1459645432  287368   1,77  antigravity
23:58:06     1000      6289      0,20      0,00 33951332   64440   0,40  antigravity
23:58:06     1000      6302      3,20      0,00 1461347888  121500   0,75  antigravity
23:58:06     1000      6303      1,20      0,00 1461367164  112680   0,69  antigravity
23:58:06     1000      6334     16,20      0,00 1461342992  258736   1,59  antigravity
23:58:06     1000      6366     18,20      0,00 1461351388  360020   2,22  antigravity
23:58:06     1000      6381      2,60      0,00 1461358904  155568   0,96  antigravity
23:58:06     1000      6409    127,00      0,00 1461383736  119760   0,74  antigravity
23:58:06     1000      9105     19,00      0,00 55447012  385320   2,37  chrome
23:58:06     1000      9152      3,40      0,00 55460652  193140   1,19  chrome
23:58:06     1000      9157     19,40      0,00 54984540  132408   0,82  chrome
23:58:06     1000      9168      0,20      0,00 55021684   62848   0,39  chrome
23:58:06     1000      9642      0,20      0,00 55012336   86856   0,54  chrome
23:58:06     1000      9657     34,60      0,00 1520518576  338472   2,09  chrome
23:58:06     1000     17096     25,20      0,00 6507800  380264   2,34  java
23:58:06     1000     17958     27,60      0,00    2672    1656   0,01  sh
23:58:06     1000     17959     71,80      0,00    7012    3280   0,02  cpuUsage.sh
23:58:06     1000     17967     23,40      0,00    5656    2004   0,01  sleep

23:58:01      UID       PID   kB_rd/s   kB_wr/s kB_ccwr/s iodelay  Command
23:58:06     1000      9105      0,00      8,00      0,00       0  chrome
23:58:06     1000     17064      0,00      1,13      0,00       0  pidstat
23:58:06     1000     17096      0,00      3,20      0,00       0  java

23:58:06      UID       PID    %usr %system  %guest   %wait    %CPU   CPU  Command
23:58:11        0        57    0,00    1,20    0,00    0,00    1,20     6  ksoftirqd/6
23:58:11        0        95    0,00    0,20    0,00    0,00    0,20     4  kworker/4:1H-kblockd
23:58:11        0       113    0,00    0,20    0,00    0,00    0,20     0  kworker/0:1H-events_highpri
23:58:11        0      1646    0,20    0,00    0,00    0,00    0,20     6  glances
23:58:11        0      1668    0,20    0,00    0,00    0,00    0,20     3  containerd
23:58:11        0      2676    0,20    0,20    0,00    0,00    0,40     7  dockerd
23:58:11      117      2677    1,00    0,20    0,00    0,00    1,20     6  grafana
23:58:11        0      3027    0,20    0,40    0,00    0,00    0,60     1  mount.ntfs-3g
23:58:11        0      3068    0,00    0,20    0,00    0,00    0,20     0  containerd-shim
23:58:11        0      3075    0,00    0,20    0,00    0,00    0,20     3  containerd-shim
23:58:11        0      3091    0,00    0,20    0,00    0,00    0,20     3  containerd-shim
23:58:11        0      3120    0,20    0,00    0,00    0,00    0,20     4  containerd-shim
23:58:11      999      3241    0,40    0,20    0,00    0,00    0,60     6  redis-server
23:58:11     1000      4211    7,00    8,80    0,00    0,00   15,80     4  gnome-shell
23:58:11     1000      4512    0,20    0,00    0,00    0,00    0,20     5  gnome-software
23:58:11     1000      5898    4,00    1,20    0,00    0,00    5,20     6  antigravity
23:58:11     1000      5952    8,60    2,40    0,00    0,00   11,00     1  antigravity
23:58:11     1000      6000    6,20    0,60    0,00    0,00    6,80     0  antigravity
23:58:11     1000      6248    1,20    1,40    0,00    0,00    2,60     0  language_server
23:58:11     1000      6334    0,60    0,20    0,00    0,00    0,80     4  antigravity
23:58:11     1000      6366    1,00    0,20    0,00    0,00    1,20     2  antigravity
23:58:11     1000      6381    0,80    0,00    0,00    0,00    0,80     2  antigravity
23:58:11     1000      6409    0,20    0,20    0,00    0,00    0,40     4  antigravity
23:58:11     1000      6708    1,60    1,00    0,00    0,00    2,60     5  language_server
23:58:11     1000      7203    1,80    1,00    0,00    0,00    2,80     3  language_server
23:58:11        0      8594    0,00    0,60    0,00    0,20    0,60     2  kworker/u33:0-i915_flip
23:58:11     1000      9152    0,00    0,20    0,00    0,00    0,20     6  chrome
23:58:11     1000      9335    0,20    0,00    0,00    0,00    0,20     0  chrome
23:58:11     1000      9378    0,60    0,00    0,00    0,00    0,60     5  gnome-terminal-
23:58:11        0     14919    0,00    0,60    0,00    0,60    0,60     6  kworker/6:2-i915-unordered
23:58:11     1000     17064    0,20    0,40    0,00    0,00    0,60     3  pidstat
23:58:11     1000     17096   12,00    0,60    0,00    0,00   12,60     7  java

23:58:06      UID       PID  minflt/s  majflt/s     VSZ     RSS   %MEM  Command
23:58:11        0      1668      4,80      0,00 2463668   70200   0,43  containerd
23:58:11        0      3068      7,20      0,00 1235608   14556   0,09  containerd-shim
23:58:11        0      3075      5,40      0,00 1235608   13852   0,09  containerd-shim
23:58:11        0      3076      9,00      0,00 1235608   14404   0,09  containerd-shim
23:58:11        0      3091      8,40      0,00 1235608   15152   0,09  containerd-shim
23:58:11        0      3120      4,80      0,00 1235608   14204   0,09  containerd-shim
23:58:11       70      3230      4,40      0,00  174540   25788   0,16  postgres
23:58:11     1000      4211      0,80      0,00 5033144  315732   1,95  gnome-shell
23:58:11     1000      5898     35,80      0,00 1461714124  312724   1,93  antigravity
23:58:11     1000      5952      4,40      0,00 34365036  167476   1,03  antigravity
23:58:11     1000      5963      0,80      0,00 33906396   82640   0,51  antigravity
23:58:11     1000      6000     44,60      0,00 1461388844  429236   2,64  antigravity
23:58:11     1000      6006      8,00      0,00 1459645432  287624   1,77  antigravity
23:58:11     1000      6289      0,20      0,00 33951332   64440   0,40  antigravity
23:58:11     1000      6302      3,20      0,00 1461347888  121500   0,75  antigravity
23:58:11     1000      6303      0,80      0,00 1461367164  112680   0,69  antigravity
23:58:11     1000      6334     10,80      0,00 1461342992  258736   1,59  antigravity
23:58:11     1000      6366     83,40      0,00 1461351388  360572   2,22  antigravity
23:58:11     1000      6381      5,20      0,00 1461358904  155696   0,96  antigravity
23:58:11     1000      6409     27,00      0,00 1461383736  119760   0,74  antigravity
23:58:11     1000      9105      9,00      0,00 55447012  385320   2,37  chrome
23:58:11     1000      9152      3,40      0,00 55460652  193140   1,19  chrome
23:58:11     1000      9157      2,60      0,00 54984540  132408   0,82  chrome
23:58:11     1000      9168      0,20      0,00 55021684   62848   0,39  chrome
23:58:11     1000      9642      0,20      0,00 55012336   86856   0,54  chrome
23:58:11     1000     17096     26,00      0,00 6507800  401452   2,47  java

23:58:06      UID       PID   kB_rd/s   kB_wr/s kB_ccwr/s iodelay  Command
23:58:11     1000      9157      0,00      8,00      0,00       0  chrome
23:58:11     1000     17064      0,00      1,33      0,00       0  pidstat
23:58:11     1000     17096      0,00      3,20      0,00       0  java

23:58:11      UID       PID    %usr %system  %guest   %wait    %CPU   CPU  Command
23:58:16        0        57    0,00    1,20    0,00    0,00    1,20     6  ksoftirqd/6
23:58:16        0       227    0,00    0,20    0,00    0,00    0,20     5  kworker/5:1H-events_highpri
23:58:16      115       943    0,20    0,00    0,00    0,00    0,20     1  prometheus
23:58:16        0      1654    0,20    0,20    0,00    0,00    0,40     2  tailscaled
23:58:16        0      1668    0,40    0,00    0,00    0,00    0,40     3  containerd
23:58:16        0      2676    0,40    0,20    0,00    0,00    0,60     7  dockerd
23:58:16      117      2677    1,60    0,20    0,00    0,00    1,80     6  grafana
23:58:16        0      3027    0,20    0,20    0,00    0,00    0,40     3  mount.ntfs-3g
23:58:16        0      3068    0,20    0,00    0,00    0,00    0,20     0  containerd-shim
23:58:16        0      3075    0,20    0,00    0,00    0,00    0,20     3  containerd-shim
23:58:16        0      3076    0,20    0,00    0,00    0,00    0,20     7  containerd-shim
23:58:16      999      3241    0,40    0,00    0,00    0,00    0,40     6  redis-server
23:58:16     1000      4211    9,80    6,20    0,00    0,20   16,00     2  gnome-shell
23:58:16     1000      5898    4,00    1,20    0,00    0,00    5,20     4  antigravity
23:58:16     1000      5952    9,20    1,80    0,00    0,00   11,00     3  antigravity
23:58:16     1000      6000    5,60    1,00    0,00    0,00    6,60     2  antigravity
23:58:16     1000      6006    0,20    0,00    0,00    0,00    0,20     1  antigravity
23:58:16     1000      6248    1,80    1,20    0,00    0,00    3,00     5  language_server
23:58:16     1000      6334    0,40    0,00    0,00    0,00    0,40     5  antigravity
23:58:16     1000      6366    0,80    0,20    0,00    0,00    1,00     4  antigravity
23:58:16     1000      6381    0,60    0,20    0,00    0,00    0,80     1  antigravity
23:58:16     1000      6409    0,20    0,00    0,00    0,00    0,20     3  antigravity
23:58:16     1000      6708    1,20    1,40    0,00    0,00    2,60     5  language_server
23:58:16     1000      7203    1,80    1,40    0,00    0,00    3,20     3  language_server
23:58:16        0      8594    0,00    0,80    0,00    0,00    0,80     6  kworker/u33:0-i915_flip
23:58:16     1000      9105    0,40    0,00    0,00    0,00    0,40     7  chrome
23:58:16     1000      9152    0,40    0,20    0,00    0,00    0,60     6  chrome
23:58:16     1000      9378    1,20    0,00    0,00    0,00    1,20     4  gnome-terminal-
23:58:16     1000      9657    0,00    0,20    0,00    0,00    0,20     2  chrome
23:58:16        0     13650    0,00    0,20    0,00    0,00    0,20     0  kworker/0:1-events
23:58:16        0     14919    0,00    0,60    0,00    0,80    0,60     6  kworker/6:2-i915-unordered
23:58:16     1000     17064    0,20    0,40    0,00    0,00    0,60     1  pidstat
23:58:16     1000     17096   15,20    3,00    0,00    0,00   18,20     7  java

23:58:11      UID       PID  minflt/s  majflt/s     VSZ     RSS   %MEM  Command
23:58:16      115       943     32,40      0,00 2610260  108100   0,67  prometheus
23:58:16        0      1668      2,20      0,00 2463668   70200   0,43  containerd
23:58:16        0      3068     10,20      0,00 1235608   14812   0,09  containerd-shim
23:58:16        0      3075     12,00      0,00 1235608   13980   0,09  containerd-shim
23:58:16        0      3076      8,60      0,00 1235608   14532   0,09  containerd-shim
23:58:16        0      3091     12,40      0,00 1235608   15280   0,09  containerd-shim
23:58:16        0      3120     10,60      0,00 1235608   14460   0,09  containerd-shim
23:58:16     1000      4211      7,20      0,00 5033144  315544   1,94  gnome-shell
23:58:16     1000      5898     47,00      0,00 1461714124  312060   1,92  antigravity
23:58:16     1000      5952      4,40      0,00 34365036  167476   1,03  antigravity
23:58:16     1000      5963      0,80      0,00 33906396   82640   0,51  antigravity
23:58:16     1000      6000     76,60      0,00 1461388844  429972   2,65  antigravity
23:58:16     1000      6006     16,20      0,00 1459645432  288008   1,77  antigravity
23:58:16     1000      6289      0,20      0,00 33951332   64440   0,40  antigravity
23:58:16     1000      6302      3,80      0,00 1461347888  121500   0,75  antigravity
23:58:16     1000      6303      1,20      0,00 1461367164  112680   0,69  antigravity
23:58:16     1000      6334      7,20      0,00 1461342992  258600   1,59  antigravity
23:58:16     1000      6366    122,20      0,00 1461351388  362876   2,24  antigravity
23:58:16     1000      6381      2,80      0,00 1461358904  155824   0,96  antigravity
23:58:16     1000      6409      4,40      0,00 1461383736  119760   0,74  antigravity
23:58:16     1000      7289      0,20      0,00 1459530528   93936   0,58  antigravity
23:58:16     1000      9105     27,80      0,00 55447012  385188   2,37  chrome
23:58:16     1000      9152      6,80      0,00 55460652  193140   1,19  chrome
23:58:16     1000      9157      5,20      0,00 54984540  132280   0,81  chrome
23:58:16     1000      9168      0,40      0,00 55021684   62848   0,39  chrome
23:58:16     1000      9642      0,40      0,00 55012336   86856   0,54  chrome
23:58:16     1000     17096    229,20      0,00 6507800  428064   2,64  java

23:58:11      UID       PID   kB_rd/s   kB_wr/s kB_ccwr/s iodelay  Command
23:58:16     1000      9105      0,00     12,00      0,00       0  chrome
23:58:16     1000     17064      0,00      1,08      0,00       0  pidstat
23:58:16     1000     17096      0,00      4,71      0,00       0  java

23:58:16      UID       PID    %usr %system  %guest   %wait    %CPU   CPU  Command
23:58:21        0         1    0,60    0,00    0,00    0,00    0,60     1  systemd
23:58:21        0        57    0,00    1,40    0,00    0,00    1,40     6  ksoftirqd/6
23:58:21        0        86    0,00    0,20    0,00    0,00    0,20     1  irq/9-acpi
23:58:21        0       435    0,20    0,00    0,00    0,20    0,20     3  systemd-udevd
23:58:21      990       908    1,40    0,00    0,00    0,00    1,40     3  dbus-daemon
23:58:21      115       942    1,40    0,60    0,00    0,00    2,00     2  prometheus-node
23:58:21      115       943    0,20    0,00    0,00    0,00    0,20     1  prometheus
23:58:21        0      1081    0,20    0,00    0,00    0,00    0,20     7  NetworkManager
23:58:21        0      1082    0,00    0,20    0,00    0,00    0,20     2  wpa_supplicant
23:58:21        0      1646    0,20    0,00    0,00    0,00    0,20     6  glances
23:58:21        0      1654    0,00    0,20    0,00    0,20    0,20     5  tailscaled
23:58:21        0      1668    0,80    0,20    0,00    0,00    1,00     3  containerd
23:58:21        0      1673    0,00    0,20    0,00    0,00    0,20     4  anydesk
23:58:21       33      1794    0,00    0,20    0,00    0,00    0,20     7  apache2
23:58:21        0      2675    0,00    0,20    0,00    0,20    0,20     1  cups-browsed
23:58:21        0      2676    1,00    0,40    0,00    0,00    1,40     7  dockerd
23:58:21      117      2677    0,60    0,20    0,00    0,00    0,80     6  grafana
23:58:21        0      3027    0,20    0,20    0,00    0,20    0,40     1  mount.ntfs-3g
23:58:21        0      3076    0,00    0,20    0,00    0,00    0,20     7  containerd-shim
23:58:21        0      3120    0,20    0,00    0,00    0,00    0,20     4  containerd-shim
23:58:21      999      3241    0,60    0,00    0,00    0,00    0,60     2  redis-server
23:58:21     1000      3918    0,40    0,20    0,00    0,20    0,60     0  systemd
23:58:21     1000      4211    9,40    6,60    0,00    0,00   16,00     3  gnome-shell
23:58:21     1000      4491    0,00    0,20    0,00    0,00    0,20     6  gsd-housekeepin
23:58:21     1000      5898    3,80    1,80    0,00    0,00    5,60     2  antigravity
23:58:21     1000      5952    8,60    2,60    0,00    0,20   11,20     6  antigravity
23:58:21     1000      6000    6,20    0,40    0,00    0,00    6,60     0  antigravity
23:58:21     1000      6006    0,00    0,20    0,00    0,00    0,20     0  antigravity
23:58:21     1000      6248    4,60    0,40    0,00    0,00    5,00     1  language_server
23:58:21     1000      6334    0,40    0,00    0,00    0,00    0,40     4  antigravity
23:58:21     1000      6366    0,80    0,00    0,00    0,00    0,80     4  antigravity
23:58:21     1000      6381    0,80    0,00    0,00    0,00    0,80     3  antigravity
23:58:21     1000      6409    0,20    0,00    0,00    0,00    0,20     5  antigravity
23:58:21     1000      6708    1,80    0,40    0,00    0,00    2,20     5  language_server
23:58:21     1000      7203    1,40    1,20    0,00    0,00    2,60     3  language_server
23:58:21        0      8594    0,00    0,60    0,00    0,20    0,60     4  kworker/u33:0-i915_flip
23:58:21     1000      9105    0,20    0,00    0,00    0,00    0,20     2  chrome
23:58:21     1000      9152    0,20    0,00    0,00    0,00    0,20     7  chrome
23:58:21     1000      9378    0,80    0,00    0,00    0,00    0,80     0  gnome-terminal-
23:58:21     1000     10899    0,00    0,20    0,00    0,00    0,20     2  antigravity
23:58:21        0     14919    0,00    0,60    0,00    1,00    0,60     6  kworker/6:2-i915-unordered
23:58:21        0     16100    0,20    0,00    0,00    0,00    0,20     1  kworker/1:2-events
23:58:21        0     16414    0,00    0,20    0,00    0,00    0,20     5  kworker/u32:2-ext4-rsv-conversion
23:58:21     1000     17064    0,20    0,20    0,00    0,00    0,40     5  pidstat
23:58:21     1000     17096    9,00    1,00    0,00    0,00   10,00     7  java

23:58:16      UID       PID  minflt/s  majflt/s     VSZ     RSS   %MEM  Command
23:58:21        0       375     33,20      0,00  163644   83128   0,51  systemd-journal
23:58:21        0       435     89,00      0,00   37432   10756   0,07  systemd-udevd
23:58:21      115       942     70,60      0,00 1614336   25392   0,16  prometheus-node
23:58:21      115       943      0,40      0,00 2610260  108100   0,67  prometheus
23:58:21        0      1668      0,80      0,00 2463668   70056   0,43  containerd
23:58:21      114      1776      3,60      0,00  218252   29316   0,18  postgres
23:58:21        0      2676      0,60      0,00 3358484  107504   0,66  dockerd
23:58:21        0      3068     11,60      0,00 1235608   14812   0,09  containerd-shim
23:58:21        0      3075     14,00      0,00 1235608   14236   0,09  containerd-shim
23:58:21        0      3076     14,40      0,00 1235608   14788   0,09  containerd-shim
23:58:21        0      3091     17,40      0,00 1235608   15408   0,09  containerd-shim
23:58:21        0      3120     15,80      0,00 1235608   14716   0,09  containerd-shim
23:58:21     1000      4211      3,60      0,00 5033144  315544   1,94  gnome-shell
23:58:21     1000      5898     37,40      0,00 1461714124  312700   1,93  antigravity
23:58:21     1000      5952      8,00      0,00 34365036  167476   1,03  antigravity
23:58:21     1000      5963      1,60      0,00 33906396   82640   0,51  antigravity
23:58:21     1000      6000     47,80      0,00 1461388844  430996   2,66  antigravity
23:58:21     1000      6006     17,60      0,00 1459645432  288264   1,78  antigravity
23:58:21     1000      6289      0,40      0,00 33951332   64440   0,40  antigravity
23:58:21     1000      6302      7,20      0,00 1461347888  121500   0,75  antigravity
23:58:21     1000      6303      3,40      0,00 1461367164  112680   0,69  antigravity
23:58:21     1000      6334     11,20      0,00 1461342992  258600   1,59  antigravity
23:58:21     1000      6366    112,80      0,00 1461351388  364648   2,25  antigravity
23:58:21     1000      6381      3,00      0,00 1461358904  155824   0,96  antigravity
23:58:21     1000      6409      8,40      0,00 1461383736  119760   0,74  antigravity
23:58:21     1000      9105      8,60      0,00 55447012  385188   2,37  chrome
23:58:21     1000      9152      3,40      0,00 55460652  193140   1,19  chrome
23:58:21     1000      9157      2,60      0,00 54984540  132280   0,81  chrome
23:58:21     1000      9168      0,20      0,00 55021684   62848   0,39  chrome
23:58:21     1000      9642      0,20      0,00 55012336   86856   0,54  chrome
23:58:21     1000      9657      0,00      0,00 1520518576  336804   2,07  chrome
23:58:21     1000     17096     22,20      0,00 6507800  420216   2,59  java
23:58:21        0     18023     51,00      0,00   37436    6968   0,04  (udev-worker)
23:58:21        0     18031     27,20      0,00   37436    6648   0,04  (udev-worker)
23:58:21        0     18032     48,80      0,00   37436    7032   0,04  (udev-worker)
23:58:21        0     18033     26,00      0,00   37436    6648   0,04  (udev-worker)
23:58:21        0     18034     27,00      0,00   37436    6648   0,04  (udev-worker)
23:58:21        0     18035     27,20      0,00   37436    6648   0,04  (udev-worker)
23:58:21        0     18036     27,20      0,00   37436    6648   0,04  (udev-worker)
23:58:21        0     18038     26,80      0,00   37436    6648   0,04  (udev-worker)
23:58:21        0     18039     27,20      0,00   37436    6776   0,04  (udev-worker)
23:58:21        0     18040     27,20      0,00   37436    6648   0,04  (udev-worker)
23:58:21        0     18041     27,20      0,00   37436    6776   0,04  (udev-worker)
23:58:21        0     18042     26,00      0,00   37436    6648   0,04  (udev-worker)
23:58:21        0     18043     26,60      0,00   37436    6648   0,04  (udev-worker)
23:58:21        0     18044     26,40      0,00   37436    6648   0,04  (udev-worker)
23:58:21        0     18045     26,20      0,00   37436    6648   0,04  (udev-worker)
23:58:21        0     18046     27,20      0,00   37436    6776   0,04  (udev-worker)
23:58:21        0     18131     24,40      0,00    3516    2232   0,01  iptables

23:58:16      UID       PID   kB_rd/s   kB_wr/s kB_ccwr/s iodelay  Command
23:58:21     1000      9105      0,00      0,80      0,00       0  chrome
23:58:21     1000     17064      0,00      1,11      0,00       0  pidstat
23:58:21     1000     17096      0,00      4,74      0,00       0  java

23:58:21      UID       PID    %usr %system  %guest   %wait    %CPU   CPU  Command
23:58:26        0         1    0,20    0,00    0,00    0,00    0,20     2  systemd
23:58:26        0        17    0,20    0,00    0,00    0,00    0,20     0  ksoftirqd/0
23:58:26        0        18    0,00    0,20    0,00    0,00    0,20     5  rcu_preempt
23:58:26        0        39    0,20    0,00    0,00    0,00    0,20     3  ksoftirqd/3
23:58:26        0        57    0,00    1,40    0,00    0,00    1,40     6  ksoftirqd/6
23:58:26        0        73    0,00    0,20    0,00    0,00    0,20     5  kworker/u32:7-events_unbound
23:58:26      102       902    0,20    0,00    0,00    0,00    0,20     0  avahi-daemon
23:58:26      990       908    0,20    0,00    0,00    0,00    0,20     7  dbus-daemon
23:58:26      115       943    0,20    0,00    0,00    0,00    0,20     1  prometheus
23:58:26        0      1646    0,20    0,00    0,00    0,00    0,20     6  glances
23:58:26        0      1654    0,20    0,00    0,00    0,00    0,20     1  tailscaled
23:58:26        0      1668    0,60    0,00    0,00    0,00    0,60     3  containerd
23:58:26        0      2676    0,40    0,40    0,00    0,00    0,80     7  dockerd
23:58:26      117      2677    0,40    0,20    0,00    0,00    0,60     6  grafana
23:58:26        0      3027    0,40    0,40    0,00    0,00    0,80     3  mount.ntfs-3g
23:58:26        0      3068    0,20    0,00    0,00    0,00    0,20     0  containerd-shim
23:58:26        0      3075    0,20    0,00    0,00    0,00    0,20     3  containerd-shim
23:58:26        0      3091    0,00    0,20    0,00    0,00    0,20     3  containerd-shim
23:58:26      999      3241    0,20    0,00    0,00    0,00    0,20     4  redis-server
23:58:26     1000      4211    9,20    6,60    0,00    0,00   15,80     0  gnome-shell
23:58:26     1000      5898    3,80    1,40    0,00    0,20    5,20     3  antigravity
23:58:26     1000      5952    9,40    1,40    0,00    0,00   10,80     0  antigravity
23:58:26     1000      6000    5,80    0,80    0,00    0,00    6,60     3  antigravity
23:58:26     1000      6006    0,20    0,00    0,00    0,00    0,20     4  antigravity
23:58:26     1000      6248    2,00    1,20    0,00    0,00    3,20     2  language_server
23:58:26     1000      6303    0,20    0,00    0,00    0,00    0,20     7  antigravity
23:58:26     1000      6334    0,20    0,60    0,00    0,00    0,80     0  antigravity
23:58:26     1000      6366    0,80    0,20    0,00    0,00    1,00     3  antigravity
23:58:26     1000      6381    0,80    0,20    0,00    0,00    1,00     1  antigravity
23:58:26     1000      6409    0,20    0,20    0,00    0,00    0,40     2  antigravity
23:58:26     1000      6708    1,20    1,00    0,00    0,00    2,20     5  language_server
23:58:26     1000      7203    1,60    1,40    0,00    0,00    3,00     3  language_server
23:58:26        0      8594    0,00    0,60    0,00    0,20    0,60     3  kworker/u33:0-i915_flip
23:58:26     1000      9105    0,20    0,00    0,00    0,00    0,20     2  chrome
23:58:26     1000      9152    0,20    0,00    0,00    0,00    0,20     7  chrome
23:58:26     1000      9157    0,20    0,00    0,00    0,00    0,20     7  chrome
23:58:26     1000      9378    0,60    0,00    0,00    0,00    0,60     0  gnome-terminal-
23:58:26     1000     10899    0,20    0,00    0,00    0,00    0,20     2  antigravity
23:58:26        0     13447    0,20    0,00    0,00    0,00    0,20     7  kworker/7:2-mm_percpu_wq
23:58:26        0     14919    0,00    0,80    0,00    0,60    0,80     6  kworker/6:2-i915-unordered
23:58:26        0     15279    0,20    0,00    0,00    0,00    0,20     2  kworker/2:2-events
23:58:26     1000     17064    0,00    0,60    0,00    0,00    0,60     1  pidstat
23:58:26     1000     17096    8,40    0,60    0,00    0,00    9,00     7  java

23:58:21      UID       PID  minflt/s  majflt/s     VSZ     RSS   %MEM  Command
23:58:26        0       375     13,60      0,00  163644   83128   0,51  systemd-journal
23:58:26        0       435      1,60      0,00   37432   10756   0,07  systemd-udevd
23:58:26        0      1654      0,40      0,00 1421460  102212   0,63  tailscaled
23:58:26        0      1668      2,40      0,00 2463668   70056   0,43  containerd
23:58:26        0      3068      0,20      0,00 1235608   14812   0,09  containerd-shim
23:58:26        0      3075      0,20      0,00 1235608   14236   0,09  containerd-shim
23:58:26        0      3076      8,60      0,00 1235608   14916   0,09  containerd-shim
23:58:26        0      3091      3,60      0,00 1235608   15536   0,10  containerd-shim
23:58:26        0      3120     10,00      0,00 1235608   14972   0,09  containerd-shim
23:58:26     1000      4211      6,80      0,00 5024952  315672   1,94  gnome-shell
23:58:26     1000      5898     34,20      0,00 1461714124  312804   1,93  antigravity
23:58:26     1000      5952      4,40      0,00 34365036  167604   1,03  antigravity
23:58:26     1000      5963      0,80      0,00 33906396   82640   0,51  antigravity
23:58:26     1000      6000     77,40      0,00 1461388844  431764   2,66  antigravity
23:58:26     1000      6006     17,40      0,00 1459645432  288648   1,78  antigravity
23:58:26     1000      6289      0,20      0,00 33951332   64440   0,40  antigravity
23:58:26     1000      6302      3,00      0,00 1461347888  121500   0,75  antigravity
23:58:26     1000      6303      0,80      0,00 1461367164  112680   0,69  antigravity
23:58:26     1000      6334     13,60      0,00 1461342992  258600   1,59  antigravity
23:58:26     1000      6366    164,60      0,00 1461351388  366940   2,26  antigravity
23:58:26     1000      6381      2,80      0,00 1461358904  155824   0,96  antigravity
23:58:26     1000      6409      4,40      0,00 1461383736  119760   0,74  antigravity
23:58:26     1000      9105      8,60      0,00 55447012  385188   2,37  chrome
23:58:26     1000      9152      3,40      0,00 55460652  193140   1,19  chrome
23:58:26     1000      9157     16,20      0,00 54984540  132536   0,82  chrome
23:58:26     1000      9168      0,20      0,00 55021684   62848   0,39  chrome
23:58:26     1000      9642      0,20      0,00 55012336   86856   0,54  chrome
23:58:26     1000     17064      0,40      0,00    6316    5400   0,03  pidstat
23:58:26     1000     17096     25,40      0,00 6507800  420856   2,59  java

23:58:21      UID       PID   kB_rd/s   kB_wr/s kB_ccwr/s iodelay  Command
23:58:26     1000      9105      0,00      1,60      0,00       0  chrome
23:58:26     1000      9157      0,00     46,40      0,00       0  chrome
23:58:26     1000     17064      0,00      1,68      0,00       0  pidstat
23:58:26     1000     17096      0,00      3,22      0,00       0  java

23:58:26      UID       PID    %usr %system  %guest   %wait    %CPU   CPU  Command
23:58:31        0        57    0,00    1,00    0,00    0,20    1,00     6  ksoftirqd/6
23:58:31        0        65    0,00    0,20    0,00    0,20    0,20     7  kworker/7:0H-events_highpri
23:58:31        0      1646    0,20    0,00    0,00    0,00    0,20     6  glances
23:58:31        0      1668    0,40    0,20    0,00    0,00    0,60     3  containerd
23:58:31        0      1673    0,20    0,00    0,00    0,00    0,20     4  anydesk
23:58:31        0      2676    0,60    0,20    0,00    0,00    0,80     7  dockerd
23:58:31      117      2677    0,60    0,20    0,00    0,00    0,80     7  grafana
23:58:31        0      3027    0,20    0,20    0,00    0,00    0,40     0  mount.ntfs-3g
23:58:31        0      3091    0,20    0,00    0,00    0,00    0,20     3  containerd-shim
23:58:31        0      3120    0,00    0,20    0,00    0,00    0,20     4  containerd-shim
23:58:31      999      3241    0,60    0,00    0,00    0,00    0,60     4  redis-server
23:58:31     1000      4211    8,00    7,80    0,00    0,00   15,80     6  gnome-shell
23:58:31     1000      5898    3,00    2,40    0,00    0,00    5,40     1  antigravity
23:58:31     1000      5952    8,60    2,80    0,00    0,00   11,40     3  antigravity
23:58:31     1000      6000    6,80    0,80    0,00    0,00    7,60     6  antigravity
23:58:31     1000      6006    0,20    0,00    0,00    0,00    0,20     6  antigravity
23:58:31     1000      6248    1,40    1,60    0,00    0,00    3,00     7  language_server
23:58:31     1000      6334    0,60    0,00    0,00    0,00    0,60     0  antigravity
23:58:31     1000      6366    0,80    0,00    0,00    0,00    0,80     2  antigravity
23:58:31     1000      6381    0,80    0,00    0,00    0,00    0,80     1  antigravity
23:58:31     1000      6409    0,00    0,20    0,00    0,00    0,20     4  antigravity
23:58:31     1000      6708    1,40    1,20    0,00    0,00    2,60     5  language_server
23:58:31     1000      7203    1,20    1,60    0,00    0,00    2,80     3  language_server
23:58:31     1000      7289    0,20    0,00    0,00    0,00    0,20     7  antigravity
23:58:31        0      8594    0,00    0,60    0,00    0,20    0,60     0  kworker/u33:0-i915_flip
23:58:31     1000      9105    0,20    0,20    0,00    0,00    0,40     4  chrome
23:58:31     1000      9152    0,20    0,20    0,00    0,00    0,40     7  chrome
23:58:31     1000      9378    1,20    0,00    0,00    0,00    1,20     0  gnome-terminal-
23:58:31     1000      9642    0,20    0,00    0,00    0,00    0,20     2  chrome
23:58:31        0     14919    0,00    0,80    0,00    0,80    0,80     6  kworker/6:2-i915-unordered
23:58:31     1000     17064    0,20    0,40    0,00    0,00    0,60     4  pidstat
23:58:31     1000     17096    7,00    0,40    0,00    0,00    7,40     7  java

23:58:26      UID       PID  minflt/s  majflt/s     VSZ     RSS   %MEM  Command
23:58:31      115       943      0,40      0,00 2610260  108100   0,67  prometheus
23:58:31        0      2676      0,20      0,00 3358484  107504   0,66  dockerd
23:58:31        0      3068      1,60      0,00 1235608   14812   0,09  containerd-shim
23:58:31        0      3075      0,60      0,00 1235608   14236   0,09  containerd-shim
23:58:31        0      3076      4,20      0,00 1235608   15044   0,09  containerd-shim
23:58:31        0      3091      1,20      0,00 1235608   15536   0,10  containerd-shim
23:58:31        0      3120      4,00      0,00 1235608   15228   0,09  containerd-shim
23:58:31     1000      4211      1,40      0,00 5033144  315672   1,94  gnome-shell
23:58:31     1000      5898     39,80      0,00 1461714124  312864   1,93  antigravity
23:58:31     1000      5952     17,00      0,00 34379772  167988   1,03  antigravity
23:58:31     1000      5963      0,80      0,00 33906396   82640   0,51  antigravity
23:58:31     1000      6000    146,00      0,00 1461391020  433632   2,67  antigravity
23:58:31     1000      6006     18,40      0,00 1459645432  288904   1,78  antigravity
23:58:31     1000      6289      0,20      0,00 33951332   64440   0,40  antigravity
23:58:31     1000      6302      3,80      0,00 1461347888  121500   0,75  antigravity
23:58:31     1000      6303      1,20      0,00 1461367164  112680   0,69  antigravity
23:58:31     1000      6334     15,60      0,00 1461342992  258728   1,59  antigravity
23:58:31     1000      6366    110,40      0,00 1461351388  368588   2,27  antigravity
23:58:31     1000      6381      5,00      0,00 1461358904  155824   0,96  antigravity
23:58:31     1000      6409     83,20      0,00 1461383736  119888   0,74  antigravity
23:58:31     1000      9105     12,40      0,00 55447012  385316   2,37  chrome
23:58:31     1000      9152      3,40      0,00 55460652  193140   1,19  chrome
23:58:31     1000      9157      1,60      0,00 54984540  132348   0,82  chrome
23:58:31     1000      9168      0,20      0,00 55021684   62848   0,39  chrome
23:58:31     1000      9642      0,20      0,00 55012336   86856   0,54  chrome
23:58:31     1000      9657      0,00      0,00 1520518576  335068   2,06  chrome
23:58:31     1000     17096     14,00      0,00 6507800  421240   2,60  java
23:58:31     1000     18142     27,80      0,00    2672    1632   0,01  sh
23:58:31     1000     18143     72,20      0,00    7012    3200   0,02  cpuUsage.sh
23:58:31     1000     18151     24,20      0,00    5656    2108   0,01  sleep

23:58:26      UID       PID   kB_rd/s   kB_wr/s kB_ccwr/s iodelay  Command
23:58:31     1000      9105      0,00      1,60      0,00       0  chrome
23:58:31     1000     17064      0,00      1,33      0,00       0  pidstat
23:58:31     1000     17096      0,00      3,28      0,00       0  java

23:58:31      UID       PID    %usr %system  %guest   %wait    %CPU   CPU  Command
23:58:36        0         1    0,20    0,00    0,00    0,00    0,20     6  systemd
23:58:36        0        57    0,00    1,00    0,00    0,00    1,00     6  ksoftirqd/6
23:58:36        0        86    0,00    0,20    0,00    0,00    0,20     1  irq/9-acpi
23:58:36      990       908    0,80    0,20    0,00    0,00    1,00     2  dbus-daemon
23:58:36      986       934    0,20    0,00    0,00    0,00    0,20     7  polkitd
23:58:36      115       942    1,40    0,80    0,00    0,00    2,20     3  prometheus-node
23:58:36      115       943    0,20    0,00    0,00    0,00    0,20     1  prometheus
23:58:36        0      1646    0,00    0,20    0,00    0,00    0,20     6  glances
23:58:36        0      1654    0,20    0,00    0,00    0,00    0,20     4  tailscaled
23:58:36        0      1668    0,20    0,00    0,00    0,00    0,20     3  containerd
23:58:36        0      2676    0,40    0,00    0,00    0,00    0,40     7  dockerd
23:58:36      117      2677    0,60    0,20    0,00    0,00    0,80     3  grafana
23:58:36        0      3027    0,20    0,40    0,00    0,00    0,60     0  mount.ntfs-3g
23:58:36        0      3068    0,20    0,00    0,00    0,00    0,20     0  containerd-shim
23:58:36        0      3075    0,20    0,00    0,00    0,00    0,20     3  containerd-shim
23:58:36        0      3076    0,20    0,00    0,00    0,00    0,20     7  containerd-shim
23:58:36        0      3120    0,20    0,00    0,00    0,00    0,20     4  containerd-shim
23:58:36      999      3241    0,40    0,20    0,00    0,00    0,60     0  redis-server
23:58:36     1000      4211    8,40    7,60    0,00    0,20   16,00     5  gnome-shell
23:58:36     1000      5898    3,60    1,60    0,00    0,00    5,20     4  antigravity
23:58:36     1000      5952    8,20    3,00    0,00    0,00   11,20     5  antigravity
23:58:36     1000      6000   15,60    0,80    0,00    0,00   16,40     7  antigravity
23:58:36     1000      6006    0,20    0,00    0,00    0,00    0,20     5  antigravity
23:58:36     1000      6248    1,80    1,00    0,00    0,20    2,80     2  language_server
23:58:36     1000      6334    0,40    0,00    0,00    0,00    0,40     6  antigravity
23:58:36     1000      6366    0,60    0,40    0,00    0,00    1,00     7  antigravity
23:58:36     1000      6381    0,60    0,00    0,00    0,00    0,60     2  antigravity
23:58:36     1000      6409    0,40    0,20    0,00    0,00    0,60     1  antigravity
23:58:36     1000      6708    1,20    1,00    0,00    0,00    2,20     5  language_server
23:58:36     1000      7203    2,00    1,00    0,00    0,00    3,00     3  language_server
23:58:36        0      8594    0,00    0,80    0,00    0,00    0,80     2  kworker/u33:0-i915_flip
23:58:36     1000      9105    0,20    0,00    0,00    0,00    0,20     5  chrome
23:58:36     1000      9152    0,20    0,00    0,00    0,00    0,20     7  chrome
23:58:36     1000      9210    0,20    0,00    0,00    0,20    0,20     6  chrome
23:58:36     1000      9378    0,80    0,00    0,00    0,00    0,80     5  gnome-terminal-
23:58:36     1000      9773    0,20    0,00    0,00    0,00    0,20     3  ssh
23:58:36        0     14919    0,00    0,60    0,00    1,00    0,60     6  kworker/6:2-i915-unordered
23:58:36     1000     17064    0,20    0,40    0,00    0,00    0,60     6  pidstat
23:58:36     1000     17096    6,80    1,20    0,00    0,00    8,00     7  java

23:58:31      UID       PID  minflt/s  majflt/s     VSZ     RSS   %MEM  Command
23:58:36      115       942     70,60      0,00 1614336   25588   0,16  prometheus-node
23:58:36        0      3068      5,80      0,00 1235608   14940   0,09  containerd-shim
23:58:36        0      3075      9,00      0,00 1235608   14492   0,09  containerd-shim
23:58:36        0      3091      3,00      0,00 1235608   15536   0,10  containerd-shim
23:58:36     1000      4211      8,80      0,00 5033144  315544   1,94  gnome-shell
23:58:36     1000      5898     40,80      0,00 1461714124  312216   1,92  antigravity
23:58:36     1000      5952     16,20      0,00 34369132  167556   1,03  antigravity
23:58:36     1000      5963      0,80      0,00 33906396   82640   0,51  antigravity
23:58:36     1000      6000    163,60      0,00 1461388844  424896   2,62  antigravity
23:58:36     1000      6006     50,80      0,00 1459645432  289800   1,79  antigravity
23:58:36     1000      6289      0,20      0,00 33951332   64440   0,40  antigravity
23:58:36     1000      6302      3,20      0,00 1461347888  121500   0,75  antigravity
23:58:36     1000      6303      0,80      0,00 1461367164  112680   0,69  antigravity
23:58:36     1000      6334      8,60      0,00 1461342992  258724   1,59  antigravity
23:58:36     1000      6366    105,00      0,00 1461351388  370636   2,28  antigravity
23:58:36     1000      6381      2,80      0,00 1461358904  155824   0,96  antigravity
23:58:36     1000      6409    137,60      0,00 1461383736  120124   0,74  antigravity
23:58:36     1000      9105     12,00      0,00 55447012  385316   2,37  chrome
23:58:36     1000      9152      6,80      0,00 55460652  193140   1,19  chrome
23:58:36     1000      9157      4,80      0,00 54984540  132348   0,82  chrome
23:58:36     1000      9168      0,40      0,00 55021684   62848   0,39  chrome
23:58:36     1000      9642      0,40      0,00 55012336   86856   0,54  chrome
23:58:36     1000      9657     35,60      0,00 1518552496  334396   2,06  chrome
23:58:36     1000     17096     18,60      0,00 6507800  421496   2,60  java
23:58:36     1000     18169     27,80      0,00    2672    1620   0,01  sh
23:58:36     1000     18170     71,60      0,00    7012    3156   0,02  cpuUsage.sh
23:58:36     1000     18178     23,20      0,00    5656    1980   0,01  sleep

23:58:31      UID       PID   kB_rd/s   kB_wr/s kB_ccwr/s iodelay  Command
23:58:36     1000      9105      0,00      9,60      0,00       0  chrome
23:58:36     1000     17064      0,00      1,13      0,00       0  pidstat
23:58:36     1000     17096      0,00      4,74      0,00       0  java

23:58:36      UID       PID    %usr %system  %guest   %wait    %CPU   CPU  Command
23:58:41        0        57    0,00    1,20    0,00    0,20    1,20     6  ksoftirqd/6
23:58:41        0       175    0,00    0,20    0,00    0,00    0,20     6  kworker/6:1H-events_highpri
23:58:41      115       943    0,20    0,00    0,00    0,00    0,20     1  prometheus
23:58:41        0      1646    0,20    0,00    0,00    0,00    0,20     6  glances
23:58:41        0      1668    0,40    0,00    0,00    0,00    0,40     3  containerd
23:58:41      111      1761    0,20    0,00    0,00    0,00    0,20     6  mariadbd
23:58:41        0      2676    0,40    0,20    0,00    0,00    0,60     7  dockerd
23:58:41      117      2677    0,60    0,20    0,00    0,00    0,80     5  grafana
23:58:41        0      3027    0,20    0,20    0,00    0,00    0,40     7  mount.ntfs-3g
23:58:41        0      3075    0,00    0,20    0,00    0,00    0,20     3  containerd-shim
23:58:41        0      3091    0,20    0,00    0,00    0,00    0,20     3  containerd-shim
23:58:41        0      3120    0,00    0,20    0,00    0,00    0,20     4  containerd-shim
23:58:41      999      3241    0,40    0,00    0,00    0,00    0,40     1  redis-server
23:58:41     1000      4211    9,00    6,40    0,00    0,00   15,40     5  gnome-shell
23:58:41     1000      4525    0,20    0,00    0,00    0,00    0,20     7  gsd-sharing
23:58:41     1000      5898    3,60    1,60    0,00    0,00    5,20     7  antigravity
23:58:41     1000      5952    8,80    2,00    0,00    0,00   10,80     1  antigravity
23:58:41     1000      6000    6,20    0,20    0,00    0,00    6,40     5  antigravity
23:58:41     1000      6006    0,00    0,20    0,00    0,00    0,20     5  antigravity
23:58:41     1000      6248    1,20    1,80    0,00    0,00    3,00     7  language_server
23:58:41     1000      6334    0,40    0,00    0,00    0,00    0,40     6  antigravity
23:58:41     1000      6366    0,80    0,00    0,00    0,00    0,80     6  antigravity
23:58:41     1000      6381    0,80    0,00    0,00    0,00    0,80     2  antigravity
23:58:41     1000      6409    0,20    0,20    0,00    0,00    0,40     1  antigravity
23:58:41     1000      6708    1,20    1,00    0,00    0,00    2,20     5  language_server
23:58:41     1000      7203    1,60    1,40    0,00    0,00    3,00     3  language_server
23:58:41     1000      7325    0,20    0,00    0,00    0,00    0,20     7  antigravity
23:58:41        0      8594    0,00    0,60    0,00    0,20    0,60     7  kworker/u33:0-i915_flip
23:58:41     1000      9105    0,20    0,00    0,00    0,00    0,20     6  chrome
23:58:41     1000      9152    0,40    0,00    0,00    0,00    0,40     6  chrome
23:58:41     1000      9378    1,20    0,20    0,00    0,00    1,40     1  gnome-terminal-
23:58:41        0     14919    0,00    0,60    0,00    0,60    0,60     6  kworker/6:2-i915-unordered
23:58:41     1000     17064    0,00    0,40    0,00    0,00    0,40     2  pidstat
23:58:41     1000     17096    5,60    0,60    0,00    0,00    6,20     7  java

23:58:36      UID       PID  minflt/s  majflt/s     VSZ     RSS   %MEM  Command
23:58:41      114      1776      4,00      0,00  218252   29316   0,18  postgres
23:58:41        0      3068     11,80      0,00 1235608   14616   0,09  containerd-shim
23:58:41        0      3075     10,00      0,00 1235608   13976   0,09  containerd-shim
23:58:41        0      3076      4,80      0,00 1235608   14408   0,09  containerd-shim
23:58:41        0      3091      9,20      0,00 1235608   14996   0,09  containerd-shim
23:58:41        0      3120      5,00      0,00 1235608   14648   0,09  containerd-shim
23:58:41     1000      4211      1,40      0,00 5033208  315544   1,94  gnome-shell
23:58:41     1000      5898     37,00      0,00 1461714124  312856   1,93  antigravity
23:58:41     1000      5952      8,00      0,00 34365036  167556   1,03  antigravity
23:58:41     1000      5963      1,60      0,00 33906396   82640   0,51  antigravity
23:58:41     1000      6000     39,60      0,00 1461388844  425280   2,62  antigravity
23:58:41     1000      6006     17,60      0,00 1459645432  290056   1,79  antigravity
23:58:41     1000      6289      0,40      0,00 33951332   64440   0,40  antigravity
23:58:41     1000      6302      6,40      0,00 1461347888  121500   0,75  antigravity
23:58:41     1000      6303      2,00      0,00 1461367164  112680   0,69  antigravity
23:58:41     1000      6334     11,00      0,00 1461342992  258724   1,59  antigravity
23:58:41     1000      6366    108,20      0,00 1461351388  372556   2,30  antigravity
23:58:41     1000      6381      3,20      0,00 1461358904  155824   0,96  antigravity
23:58:41     1000      6409     19,60      0,00 1461383736  119860   0,74  antigravity
23:58:41     1000      7325      0,20      0,00 1459530528   86716   0,53  antigravity
23:58:41     1000      9105      7,00      0,00 55447012  385316   2,37  chrome
23:58:41     1000      9152      3,40      0,00 55460652  193140   1,19  chrome
23:58:41     1000      9157      3,60      0,00 54984540  132348   0,82  chrome
23:58:41     1000      9168      0,20      0,00 55021684   62848   0,39  chrome
23:58:41     1000      9642      0,20      0,00 55012336   86856   0,54  chrome
23:58:41     1000      9657      0,00      0,00 1518552496  332740   2,05  chrome
23:58:41     1000     17096     13,00      0,00 6507800  421752   2,60  java

23:58:36      UID       PID   kB_rd/s   kB_wr/s kB_ccwr/s iodelay  Command
23:58:41     1000     17064      0,00      1,20      0,00       0  pidstat
23:58:41     1000     17096      0,00      3,22      0,00       0  java

23:58:41      UID       PID    %usr %system  %guest   %wait    %CPU   CPU  Command
23:58:46        0        57    0,00    1,20    0,00    0,00    1,20     6  ksoftirqd/6
23:58:46        0      1654    0,00    0,20    0,00    0,00    0,20     5  tailscaled
23:58:46        0      1668    0,20    0,20    0,00    0,00    0,40     3  containerd
23:58:46        0      2676    0,00    0,40    0,00    0,00    0,40     7  dockerd
23:58:46      117      2677    0,60    0,20    0,00    0,00    0,80     1  grafana
23:58:46        0      3027    0,40    0,00    0,00    0,00    0,40     1  mount.ntfs-3g
23:58:46        0      3068    0,20    0,00    0,00    0,00    0,20     0  containerd-shim
23:58:46        0      3075    0,20    0,00    0,00    0,00    0,20     3  containerd-shim
23:58:46        0      3076    0,20    0,20    0,00    0,00    0,40     7  containerd-shim
23:58:46      999      3241    0,40    0,00    0,00    0,00    0,40     4  redis-server
23:58:46     1000      4211    9,00    6,80    0,00    0,00   15,80     2  gnome-shell
23:58:46     1000      5898    3,80    1,60    0,00    0,00    5,40     3  antigravity
23:58:46     1000      5952    9,60    1,60    0,00    0,20   11,20     4  antigravity
23:58:46     1000      6000    5,80    1,00    0,00    0,00    6,80     0  antigravity
23:58:46     1000      6006    0,20    0,00    0,00    0,00    0,20     7  antigravity
23:58:46     1000      6248    1,40    1,40    0,00    0,00    2,80     2  language_server
23:58:46     1000      6334    0,40    0,20    0,00    0,00    0,60     2  antigravity
23:58:46     1000      6366    1,00    0,00    0,00    0,00    1,00     2  antigravity
23:58:46     1000      6381    0,40    0,20    0,00    0,00    0,60     5  antigravity
23:58:46     1000      6708    1,20    1,00    0,00    0,00    2,20     5  language_server
23:58:46     1000      7203    1,60    1,20    0,00    0,00    2,80     3  language_server
23:58:46        0      8594    0,00    0,80    0,00    0,00    0,80     0  kworker/u33:0-i915_flip
23:58:46     1000      9105    0,00    0,20    0,00    0,00    0,20     5  chrome
23:58:46     1000      9152    0,20    0,20    0,00    0,00    0,40     6  chrome
23:58:46     1000      9157    0,20    0,00    0,00    0,00    0,20     3  chrome
23:58:46     1000      9378    0,80    0,00    0,00    0,00    0,80     1  gnome-terminal-
23:58:46        0     13650    0,00    0,20    0,00    0,00    0,20     0  kworker/0:1-events
23:58:46        0     14919    0,00    0,60    0,00    0,80    0,60     6  kworker/6:2-i915-unordered
23:58:46     1000     17064    0,40    0,20    0,00    0,00    0,60     7  pidstat
23:58:46     1000     17096   12,80    1,40    0,00    0,00   14,20     7  java

23:58:41      UID       PID  minflt/s  majflt/s     VSZ     RSS   %MEM  Command
23:58:46        0      3068     12,00      0,00 1235608   14616   0,09  containerd-shim
23:58:46        0      3075     10,40      0,00 1235608   13976   0,09  containerd-shim
23:58:46        0      3076     10,20      0,00 1235608   14536   0,09  containerd-shim
23:58:46        0      3091     12,80      0,00 1235608   14996   0,09  containerd-shim
23:58:46        0      3120     11,80      0,00 1235608   14776   0,09  containerd-shim
23:58:46        0      3248      0,20      0,00  743412   78972   0,49  node
23:58:46     1000      4211      7,00      0,00 5033144  315544   1,94  gnome-shell
23:58:46     1000      5898     34,20      0,00 1461714124  312920   1,93  antigravity
23:58:46     1000      5952      4,40      0,00 34365036  167556   1,03  antigravity
23:58:46     1000      5963      0,80      0,00 33906396   82640   0,51  antigravity
23:58:46     1000      6000     63,00      0,00 1461388844  424724   2,62  antigravity
23:58:46     1000      6006      7,60      0,00 1459645432  290056   1,79  antigravity
23:58:46     1000      6289      0,20      0,00 33951332   64440   0,40  antigravity
23:58:46     1000      6302      3,80      0,00 1461347888  121500   0,75  antigravity
23:58:46     1000      6303      1,20      0,00 1461367164  112680   0,69  antigravity
23:58:46     1000      6334     13,80      0,00 1461342992  258724   1,59  antigravity
23:58:46     1000      6366     87,80      0,00 1461351388  373260   2,30  antigravity
23:58:46     1000      6381      2,60      0,00 1461358904  155824   0,96  antigravity
23:58:46     1000      6409      9,00      0,00 1461383736  119860   0,74  antigravity
23:58:46     1000      7203      0,20      0,00 5307340  505108   3,11  language_server
23:58:46     1000      9105     12,80      0,00 55447012  385316   2,37  chrome
23:58:46     1000      9152      3,40      0,00 55460652  193140   1,19  chrome
23:58:46     1000      9157      2,40      0,00 54984540  132348   0,82  chrome
23:58:46     1000      9168      0,20      0,00 55021684   62848   0,39  chrome
23:58:46     1000      9642      0,20      0,00 55012336   86856   0,54  chrome
23:58:46     1000     17096    226,80      0,00 6507800  448860   2,77  java

23:58:41      UID       PID   kB_rd/s   kB_wr/s kB_ccwr/s iodelay  Command
23:58:46     1000      9105      0,00      3,20      0,00       0  chrome
23:58:46     1000     17064      0,00      1,11      0,00       0  pidstat
23:58:46     1000     17096      0,00      3,22      0,00       0  java

23:58:46      UID       PID    %usr %system  %guest   %wait    %CPU   CPU  Command
23:58:51        0         1    0,20    0,20    0,00    0,00    0,40     7  systemd
23:58:51        0        18    0,00    0,20    0,00    0,00    0,20     5  rcu_preempt
23:58:51        0        45    0,20    0,00    0,00    0,00    0,20     4  ksoftirqd/4
23:58:51        0        57    0,00    1,00    0,00    0,00    1,00     6  ksoftirqd/6
23:58:51        0        82    0,00    0,20    0,00    0,00    0,20     5  khugepaged
23:58:51        0        86    0,00    0,20    0,00    0,00    0,20     1  irq/9-acpi
23:58:51        0       106    0,00    0,20    0,00    0,00    0,20     5  kworker/5:1-events
23:58:51      990       908    0,80    0,00    0,00    0,00    0,80     2  dbus-daemon
23:58:51      115       942    1,40    0,40    0,00    0,00    1,80     7  prometheus-node
23:58:51      115       943    0,40    0,20    0,00    0,00    0,60     1  prometheus
23:58:51        0      1646    0,20    0,00    0,00    0,00    0,20     6  glances
23:58:51        0      1654    0,20    0,00    0,00    0,00    0,20     1  tailscaled
23:58:51        0      1668    0,40    0,20    0,00    0,00    0,60     3  containerd
23:58:51        0      2676    0,40    0,20    0,00    0,00    0,60     7  dockerd
23:58:51      117      2677    0,20    0,60    0,00    0,00    0,80     0  grafana
23:58:51        0      3027    0,20    0,20    0,00    0,00    0,40     5  mount.ntfs-3g
23:58:51        0      3068    0,20    0,00    0,00    0,00    0,20     0  containerd-shim
23:58:51        0      3091    0,20    0,20    0,00    0,00    0,40     3  containerd-shim
23:58:51      999      3241    0,40    0,00    0,00    0,00    0,40     2  redis-server
23:58:51     1000      4211    7,80    8,20    0,00    0,00   16,00     5  gnome-shell
23:58:51     1000      5898    3,80    1,60    0,00    0,00    5,40     6  antigravity
23:58:51     1000      5952    8,60    2,60    0,00    0,00   11,20     5  antigravity
23:58:51     1000      6000    6,20    0,40    0,00    0,00    6,60     6  antigravity
23:58:51     1000      6006    0,20    0,00    0,00    0,00    0,20     1  antigravity
23:58:51     1000      6248    1,40    1,40    0,00    0,00    2,80     2  language_server
23:58:51     1000      6302    0,20    0,00    0,00    0,00    0,20     7  antigravity
23:58:51     1000      6334    0,40    0,00    0,00    0,00    0,40     0  antigravity
23:58:51     1000      6366    0,80    0,20    0,00    0,00    1,00     2  antigravity
23:58:51     1000      6381    0,60    0,00    0,00    0,00    0,60     0  antigravity
23:58:51     1000      6409    0,00    0,20    0,00    0,00    0,20     1  antigravity
23:58:51     1000      6708    1,40    1,00    0,00    0,00    2,40     5  language_server
23:58:51     1000      7203    1,80    1,00    0,00    0,00    2,80     3  language_server
23:58:51        0      8594    0,00    0,60    0,00    0,20    0,60     7  kworker/u33:0-i915_flip
23:58:51     1000      9105    0,20    0,20    0,00    0,00    0,40     6  chrome
23:58:51     1000      9152    0,20    0,00    0,00    0,00    0,20     7  chrome
23:58:51     1000      9157    0,20    0,00    0,00    0,00    0,20     4  chrome
23:58:51     1000      9378    0,80    0,00    0,00    0,00    0,80     1  gnome-terminal-
23:58:51     1000      9657    0,40    0,00    0,00    0,00    0,40     4  chrome
23:58:51     1000      9668    0,00    0,20    0,00    0,00    0,20     5  chrome
23:58:51     1000     10899    0,20    0,00    0,00    0,00    0,20     4  antigravity
23:58:51        0     12744    0,00    0,20    0,00    0,00    0,20     2  kworker/u32:0-events_unbound
23:58:51        0     14919    0,00    0,80    0,00    0,80    0,80     6  kworker/6:2-i915-unordered
23:58:51     1000     17064    0,20    0,20    0,00    0,00    0,40     1  pidstat
23:58:51     1000     17096   12,00    0,60    0,00    0,00   12,60     7  java

23:58:46      UID       PID  minflt/s  majflt/s     VSZ     RSS   %MEM  Command
23:58:51      115       942     82,00      0,00 1614336   25640   0,16  prometheus-node
23:58:51      115       943      6,80      0,00 2610260  108228   0,67  prometheus
23:58:51        0      3068     14,00      0,00 1235608   15000   0,09  containerd-shim
23:58:51        0      3075     12,20      0,00 1235608   14232   0,09  containerd-shim
23:58:51        0      3076     12,20      0,00 1235608   14536   0,09  containerd-shim
23:58:51        0      3091     15,00      0,00 1235608   15380   0,09  containerd-shim
23:58:51        0      3120     12,40      0,00 1235608   15032   0,09  containerd-shim
23:58:51     1000      4211      2,60      0,00 5024952  315544   1,94  gnome-shell
23:58:51     1000      5898     38,40      0,00 1461714124  313072   1,93  antigravity
23:58:51     1000      5952      3,80      0,00 34365036  167556   1,03  antigravity
23:58:51     1000      5963      0,80      0,00 33906396   82640   0,51  antigravity
23:58:51     1000      6000     45,00      0,00 1461388844  425748   2,62  antigravity
23:58:51     1000      6006      7,40      0,00 1459645432  292232   1,80  antigravity
23:58:51     1000      6289      0,20      0,00 33951332   64440   0,40  antigravity
23:58:51     1000      6302      3,20      0,00 1461347888  121500   0,75  antigravity
23:58:51     1000      6303      0,80      0,00 1461367164  112680   0,69  antigravity
23:58:51     1000      6334      9,00      0,00 1461342992  258724   1,59  antigravity
23:58:51     1000      6366     36,20      0,00 1461351388  372736   2,30  antigravity
23:58:51     1000      6381      7,60      0,00 1461358904  155692   0,96  antigravity
23:58:51     1000      6409      4,00      0,00 1461383736  119860   0,74  antigravity
23:58:51     1000      9105     82,20      0,00 55447012  385308   2,37  chrome
23:58:51     1000      9152      3,40      0,00 55460652  193140   1,19  chrome
23:58:51     1000      9157     10,20      0,00 54984540  132344   0,82  chrome
23:58:51     1000      9168      0,20      0,00 55021684   62848   0,39  chrome
23:58:51     1000      9642      0,20      0,00 55012336   86856   0,54  chrome
23:58:51     1000      9657    137,40      0,00 1520518576  335108   2,06  chrome
23:58:51     1000     17096     32,60      0,00 6507800  449372   2,77  java

23:58:46      UID       PID   kB_rd/s   kB_wr/s kB_ccwr/s iodelay  Command
23:58:51     1000      9105      0,00     20,00      0,00       0  chrome
23:58:51     1000      9157      0,00      0,80      0,80       0  chrome
23:58:51     1000     17064      0,00      1,04      0,00       0  pidstat
23:58:51     1000     17096      0,00      4,74      0,00       0  java

23:58:51      UID       PID    %usr %system  %guest   %wait    %CPU   CPU  Command
23:58:56        0        57    0,00    1,00    0,00    0,00    1,00     6  ksoftirqd/6
23:58:56        0        65    0,00    0,20    0,00    0,00    0,20     7  kworker/7:0H-events_highpri
23:58:56        0        73    0,00    0,20    0,00    0,00    0,20     6  kworker/u32:7-events_unbound
23:58:56      115       943    0,20    0,00    0,00    0,00    0,20     1  prometheus
23:58:56        0      1646    0,20    0,00    0,00    0,00    0,20     6  glances
23:58:56        0      1668    0,20    0,20    0,00    0,00    0,40     3  containerd
23:58:56        0      2676    0,40    0,00    0,00    0,00    0,40     7  dockerd
23:58:56      117      2677    0,20    0,40    0,00    0,00    0,60     2  grafana
23:58:56        0      3027    0,40    0,20    0,00    0,00    0,60     5  mount.ntfs-3g
23:58:56        0      3076    0,20    0,00    0,00    0,00    0,20     7  containerd-shim
23:58:56        0      3120    0,00    0,20    0,00    0,00    0,20     4  containerd-shim
23:58:56      999      3241    0,60    0,00    0,00    0,00    0,60     2  redis-server
23:58:56     1000      4211    8,60    7,20    0,00    0,00   15,80     2  gnome-shell
23:58:56     1000      4546    0,20    0,00    0,00    0,00    0,20     0  anydesk
23:58:56     1000      4846    0,20    0,00    0,00    0,00    0,20     6  ibus-engine-sim
23:58:56     1000      5898    3,60    2,00    0,00    0,00    5,60     5  antigravity
23:58:56     1000      5952    9,20    2,20    0,00    0,00   11,40     7  antigravity
23:58:56     1000      6000    5,80    1,00    0,00    0,00    6,80     1  antigravity
23:58:56     1000      6006    0,20    0,00    0,00    0,00    0,20     7  antigravity
23:58:56     1000      6248    2,20    1,20    0,00    0,00    3,40     1  language_server
23:58:56     1000      6334    0,60    0,00    0,00    0,00    0,60     4  antigravity
23:58:56     1000      6366    0,80    0,00    0,00    0,00    0,80     2  antigravity
23:58:56     1000      6381    0,80    0,00    0,00    0,00    0,80     0  antigravity
23:58:56     1000      6409    0,20    0,20    0,00    0,00    0,40     1  antigravity
23:58:56     1000      6708    1,80    0,40    0,00    0,00    2,20     5  language_server
23:58:56     1000      7203    1,40    1,60    0,00    0,00    3,00     3  language_server
23:58:56        0      8594    0,00    0,60    0,00    0,00    0,60     7  kworker/u33:0-i915_flip
23:58:56     1000      9105    0,20    0,20    0,00    0,20    0,40     6  chrome
23:58:56     1000      9152    0,20    0,20    0,00    0,00    0,40     4  chrome
23:58:56     1000      9378    1,80    0,00    0,00    0,00    1,80     2  gnome-terminal-
23:58:56     1000      9657    0,20    0,20    0,00    0,00    0,40     3  chrome
23:58:56     1000      9773    0,40    0,00    0,00    0,00    0,40     4  ssh
23:58:56        0     14919    0,00    0,60    0,00    0,80    0,60     6  kworker/6:2-i915-unordered
23:58:56     1000     17064    0,20    0,40    0,00    0,00    0,60     3  pidstat
23:58:56     1000     17096    5,20    0,40    0,00    0,00    5,60     7  java

23:58:51      UID       PID  minflt/s  majflt/s     VSZ     RSS   %MEM  Command
23:58:56        0      1668      4,60      0,00 2463668   70056   0,43  containerd
23:58:56        0      3068      0,20      0,00 1235608   15000   0,09  containerd-shim
23:58:56        0      3075      8,00      0,00 1235608   14488   0,09  containerd-shim
23:58:56        0      3076      7,20      0,00 1235608   14792   0,09  containerd-shim
23:58:56        0      3091      6,40      0,00 1235608   15380   0,09  containerd-shim
23:58:56     1000      4211      8,00      0,00 5033144  315544   1,94  gnome-shell
23:58:56     1000      5898     50,20      0,00 1461714124  312320   1,92  antigravity
23:58:56     1000      5952      4,20      0,00 34365036  167556   1,03  antigravity
23:58:56     1000      5963      0,80      0,00 33906396   82640   0,51  antigravity
23:58:56     1000      6000     74,60      0,00 1461388844  426772   2,63  antigravity
23:58:56     1000      6006     42,60      0,00 1459645432  291684   1,80  antigravity
23:58:56     1000      6289      0,20      0,00 33951332   64440   0,40  antigravity
23:58:56     1000      6302      5,60      0,00 1461347888  121500   0,75  antigravity
23:58:56     1000      6303      1,20      0,00 1461367164  112680   0,69  antigravity
23:58:56     1000      6334      9,00      0,00 1461342992  258716   1,59  antigravity
23:58:56     1000      6366     12,40      0,00 1461351388  372864   2,30  antigravity
23:58:56     1000      6381      2,80      0,00 1461358904  155692   0,96  antigravity
23:58:56     1000      6409      4,00      0,00 1461383736  119860   0,74  antigravity
23:58:56     1000      9105     18,40      0,00 55447012  385308   2,37  chrome
23:58:56     1000      9152      6,80      0,00 55460652  193140   1,19  chrome
23:58:56     1000      9157      8,00      0,00 54984540  132344   0,82  chrome
23:58:56     1000      9168      0,40      0,00 55021684   62848   0,39  chrome
23:58:56     1000      9642      0,40      0,00 55012336   86856   0,54  chrome
23:58:56     1000      9657    147,80      0,00 1520518576  337924   2,08  chrome
23:58:56     1000     17096     17,60      0,00 6507800  449628   2,77  java

23:58:51      UID       PID   kB_rd/s   kB_wr/s kB_ccwr/s iodelay  Command
23:58:56     1000      5898      0,00      9,60      0,00       0  antigravity
23:58:56     1000      9105      0,00      4,00      0,00       0  chrome
23:58:56     1000     17064      0,00      1,30      0,00       0  pidstat
23:58:56     1000     17096      0,00      4,74      0,00       0  java

23:58:56      UID       PID    %usr %system  %guest   %wait    %CPU   CPU  Command
23:59:01        0        27    0,20    0,00    0,00    0,00    0,20     1  ksoftirqd/1
23:59:01        0        57    0,00    1,20    0,00    0,00    1,20     6  ksoftirqd/6
23:59:01        0       113    0,00    0,20    0,00    0,00    0,20     0  kworker/0:1H-events_highpri
23:59:01        0       647    0,00    0,20    0,00    0,00    0,20     0  irq/130-iwlwifi
23:59:01        0       955    0,60    0,00    0,00    0,00    0,60     2  udisksd
23:59:01        0      1654    0,20    0,20    0,00    0,00    0,40     7  tailscaled
23:59:01        0      1668    0,20    0,00    0,00    0,00    0,20     3  containerd
23:59:01      114      1776    0,00    0,20    0,00    0,00    0,20     4  postgres
23:59:01        0      2676    0,40    0,20    0,00    0,00    0,60     7  dockerd
23:59:01      117      2677    0,60    0,20    0,00    0,00    0,80     4  grafana
23:59:01        0      3027    0,20    0,20    0,00    0,00    0,40     5  mount.ntfs-3g
23:59:01        0      3068    0,00    0,20    0,00    0,00    0,20     0  containerd-shim
23:59:01        0      3075    0,00    0,20    0,00    0,00    0,20     3  containerd-shim
23:59:01        0      3120    0,20    0,00    0,00    0,00    0,20     4  containerd-shim
23:59:01      999      3241    0,40    0,00    0,00    0,00    0,40     6  redis-server
23:59:01     1000      4211   10,40    5,20    0,00    0,00   15,60     2  gnome-shell
23:59:01     1000      4536    0,20    0,00    0,00    0,00    0,20     0  gsd-disk-utilit
23:59:01     1000      4757    0,20    0,00    0,00    0,00    0,20     3  gvfs-udisks2-vo
23:59:01     1000      5898    3,80    1,40    0,00    0,00    5,20     6  antigravity
23:59:01     1000      5952    8,80    2,40    0,00    0,00   11,20     2  antigravity
23:59:01     1000      6000    7,00    0,60    0,00    0,00    7,60     5  antigravity
23:59:01     1000      6248    1,60    1,20    0,00    0,00    2,80     7  language_server
23:59:01     1000      6303    0,20    0,00    0,00    0,00    0,20     3  antigravity
23:59:01     1000      6334    0,60    0,00    0,00    0,00    0,60     4  antigravity
23:59:01     1000      6366    1,00    0,20    0,00    0,00    1,20     2  antigravity
23:59:01     1000      6381    0,60    0,20    0,00    0,00    0,80     4  antigravity
23:59:01     1000      6409    0,20    0,20    0,00    0,00    0,40     3  antigravity
23:59:01     1000      6708    2,00    0,80    0,00    0,00    2,80     5  language_server
23:59:01     1000      7203    1,80    1,00    0,00    0,00    2,80     3  language_server
23:59:01        0      8594    0,00    0,80    0,00    0,00    0,80     0  kworker/u33:0-i915_flip
23:59:01     1000      9152    0,20    0,20    0,00    0,00    0,40     4  chrome
23:59:01     1000      9202    0,20    0,00    0,00    0,00    0,20     4  chrome
23:59:01     1000      9378    0,80    0,00    0,00    0,00    0,80     2  gnome-terminal-
23:59:01        0     14919    0,00    0,60    0,00    0,80    0,60     6  kworker/6:2-i915-unordered
23:59:01     1000     17064    0,20    0,40    0,00    0,00    0,60     1  pidstat
23:59:01     1000     17096    9,20    1,00    0,00    0,00   10,20     7  java

23:58:56      UID       PID  minflt/s  majflt/s     VSZ     RSS   %MEM  Command
23:59:01        0         1      1,00      0,00   24704   14840   0,09  systemd
23:59:01        0       375     13,80      0,00  163644   83128   0,51  systemd-journal
23:59:01        0       906      1,40      0,00    6792    2720   0,02  cron
23:59:01        0       955      0,40      0,00  470492   14832   0,09  udisksd
23:59:01        0      1668     18,20      0,00 2463668   70568   0,43  containerd
23:59:01      114      1776      3,60      0,00  218252   29316   0,18  postgres
23:59:01        0      3068      4,60      0,00 1235608   15128   0,09  containerd-shim
23:59:01        0      3076      0,20      0,00 1235608   14792   0,09  containerd-shim
23:59:01        0      3091      0,40      0,00 1235608   15508   0,10  containerd-shim
23:59:01        0      3120      5,60      0,00 1235608   15032   0,09  containerd-shim
23:59:01     1000      4211      0,80      0,00 5033128  315544   1,94  gnome-shell
23:59:01     1000      5898     50,80      0,00 1461714124  312688   1,93  antigravity
23:59:01     1000      5952     14,40      0,00 34380028  167684   1,03  antigravity
23:59:01     1000      5963      1,60      0,00 33906396   82640   0,51  antigravity
23:59:01     1000      6000    144,40      0,00 1461391020  428284   2,64  antigravity
23:59:01     1000      6006     20,20      0,00 1459645432  291940   1,80  antigravity
23:59:01     1000      6289      0,40      0,00 33951332   64440   0,40  antigravity
23:59:01     1000      6302      6,20      0,00 1461347888  121500   0,75  antigravity
23:59:01     1000      6303      1,80      0,00 1461367164  112680   0,69  antigravity
23:59:01     1000      6334     67,00      0,00 1461342992  258888   1,59  antigravity
23:59:01     1000      6366     12,20      0,00 1461351388  372864   2,30  antigravity
23:59:01     1000      6381      2,60      0,00 1461358904  155556   0,96  antigravity
23:59:01     1000      6409    109,00      0,00 1461383736  119988   0,74  antigravity
23:59:01     1000      7203      0,20      0,00 5307340  505108   3,11  language_server
23:59:01     1000      9105     12,40      0,00 55447012  385308   2,37  chrome
23:59:01     1000      9152      3,40      0,00 55460652  193140   1,19  chrome
23:59:01     1000      9157      3,20      0,00 54984540  132344   0,82  chrome
23:59:01     1000      9168      0,20      0,00 55021684   62848   0,39  chrome
23:59:01     1000      9642      0,20      0,00 55012336   86856   0,54  chrome
23:59:01     1000     17096     21,20      0,00 6507800  450140   2,77  java
23:59:01     1000     18199     28,20      0,00    2672    1668   0,01  sh
23:59:01     1000     18200     72,40      0,00    7012    3336   0,02  cpuUsage.sh
23:59:01     1000     18208     24,40      0,00    5656    2108   0,01  sleep

23:58:56      UID       PID   kB_rd/s   kB_wr/s kB_ccwr/s iodelay  Command
23:59:01     1000      6334      0,00      0,80      0,00       0  antigravity
23:59:01     1000      6366      0,00      0,80      0,00       0  antigravity
23:59:01     1000      9105      0,00      1,60      0,00       0  chrome
23:59:01     1000     17064      0,00      1,12      0,00       0  pidstat
23:59:01     1000     17096      0,00      3,28      0,00       0  java

23:59:01      UID       PID    %usr %system  %guest   %wait    %CPU   CPU  Command
23:59:06        0         1    0,40    0,20    0,00    0,00    0,60     5  systemd
23:59:06        0        51    0,20    0,00    0,00    0,20    0,20     5  ksoftirqd/5
23:59:06        0        57    0,00    1,00    0,00    0,20    1,00     6  ksoftirqd/6
23:59:06        0       175    0,00    0,20    0,00    0,00    0,20     6  kworker/6:1H-events_highpri
23:59:06        0       375    0,20    0,20    0,00    0,00    0,40     7  systemd-journal
23:59:06      990       908    0,80    0,40    0,00    0,20    1,20     6  dbus-daemon
23:59:06      115       942    1,40    0,60    0,00    0,00    2,00     3  prometheus-node
23:59:06      115       943    0,20    0,00    0,00    0,00    0,20     1  prometheus
23:59:06        0       954    0,20    0,00    0,00    0,00    0,20     7  systemd-logind
23:59:06        0      1646    0,20    0,00    0,00    0,00    0,20     6  glances
23:59:06        0      1654    0,40    0,40    0,00    0,00    0,80     2  tailscaled
23:59:06        0      1668    0,40    0,20    0,00    0,00    0,60     3  containerd
23:59:06        0      2676    0,20    0,20    0,00    0,00    0,40     7  dockerd
23:59:06      117      2677    0,20    0,40    0,00    0,00    0,60     3  grafana
23:59:06        0      3027    0,20    0,20    0,00    0,00    0,40     6  mount.ntfs-3g
23:59:06        0      3075    0,20    0,00    0,00    0,00    0,20     3  containerd-shim
23:59:06        0      3091    0,00    0,20    0,00    0,00    0,20     3  containerd-shim
23:59:06        0      3120    0,00    0,20    0,00    0,00    0,20     4  containerd-shim
23:59:06      999      3241    0,40    0,00    0,00    0,00    0,40     2  redis-server
23:59:06     1000      4211    8,60    7,80    0,00    0,20   16,40     4  gnome-shell
23:59:06     1000      4546    0,00    0,20    0,00    0,00    0,20     0  anydesk
23:59:06     1000      5898    3,20    2,20    0,00    0,20    5,40     7  antigravity
23:59:06     1000      5952    9,00    2,40    0,00    0,20   11,40     3  antigravity
23:59:06     1000      6000    6,20    0,80    0,00    0,00    7,00     4  antigravity
23:59:06     1000      6006    0,20    0,20    0,00    0,00    0,40     2  antigravity
23:59:06     1000      6248    1,20    1,40    0,00    0,00    2,60     5  language_server
23:59:06     1000      6334    0,60    0,20    0,00    0,00    0,80     7  antigravity
23:59:06     1000      6366    0,80    0,20    0,00    0,00    1,00     7  antigravity
23:59:06     1000      6381    0,60    0,00    0,00    0,00    0,60     7  antigravity
23:59:06     1000      6409    0,20    0,20    0,00    0,00    0,40     2  antigravity
23:59:06     1000      6708    0,60    1,80    0,00    0,00    2,40     5  language_server
23:59:06     1000      7203    1,60    1,20    0,00    0,00    2,80     3  language_server
23:59:06        0      8594    0,00    0,60    0,00    0,20    0,60     6  kworker/u33:0-i915_flip
23:59:06     1000      9105    0,20    0,20    0,00    0,00    0,40     5  chrome
23:59:06     1000      9152    0,20    0,00    0,00    0,00    0,20     4  chrome
23:59:06     1000      9168    0,00    0,20    0,00    0,00    0,20     3  chrome
23:59:06     1000      9378    1,20    0,00    0,00    0,00    1,20     2  gnome-terminal-
23:59:06        0     13447    0,20    0,00    0,00    0,00    0,20     7  kworker/7:2-events
23:59:06        0     14919    0,00    0,60    0,00    0,60    0,60     6  kworker/6:2-i915-unordered
23:59:06        0     17005    0,20    0,00    0,00    0,00    0,20     4  kworker/4:2-events
23:59:06     1000     17064    0,20    0,20    0,00    0,00    0,40     1  pidstat
23:59:06     1000     17096    6,20    0,80    0,00    0,00    7,00     7  java

23:59:01      UID       PID  minflt/s  majflt/s     VSZ     RSS   %MEM  Command
23:59:06        0         1     77,20      0,00   24704   14840   0,09  systemd
23:59:06        0       375     31,20      0,00  163644   83128   0,51  systemd-journal
23:59:06      115       942     77,00      0,00 1614336   25580   0,16  prometheus-node
23:59:06        0      1654      3,00      0,00 1421460  102212   0,63  tailscaled
23:59:06        0      1668     18,20      0,00 2463668   70568   0,43  containerd
23:59:06        0      3068      4,40      0,00 1235608   15128   0,09  containerd-shim
23:59:06        0      3075      3,00      0,00 1235608   14616   0,09  containerd-shim
23:59:06        0      3076      0,40      0,00 1235608   14792   0,09  containerd-shim
23:59:06        0      3091      2,40      0,00 1235608   15508   0,10  containerd-shim
23:59:06        0      3120      2,40      0,00 1235608   15032   0,09  containerd-shim
23:59:06     1000      4211     10,00      0,00 5033152  315544   1,94  gnome-shell
23:59:06     1000      5898     34,40      0,00 1461714124  312632   1,93  antigravity
23:59:06     1000      5952     22,40      0,00 34369452  167740   1,03  antigravity
23:59:06     1000      5963      0,80      0,00 33906396   82640   0,51  antigravity
23:59:06     1000      6000     52,60      0,00 1461388844  429308   2,64  antigravity
23:59:06     1000      6006     17,40      0,00 1459645432  292452   1,80  antigravity
23:59:06     1000      6289      0,20      0,00 33951332   64440   0,40  antigravity
23:59:06     1000      6302      4,00      0,00 1461347888  121500   0,75  antigravity
23:59:06     1000      6303      1,40      0,00 1461367164  112680   0,69  antigravity
23:59:06     1000      6334     15,60      0,00 1461342992  258752   1,59  antigravity
23:59:06     1000      6366     36,00      0,00 1461351388  373376   2,30  antigravity
23:59:06     1000      6381     17,60      0,00 1461358904  155528   0,96  antigravity
23:59:06     1000      6409    129,20      0,00 1461383736  119988   0,74  antigravity
23:59:06     1000      9105     10,00      0,00 55447012  385308   2,37  chrome
23:59:06     1000      9152      3,40      0,00 55460652  193140   1,19  chrome
23:59:06     1000      9157      2,20      0,00 54984540  132344   0,82  chrome
23:59:06     1000      9168      0,20      0,00 55021684   62848   0,39  chrome
23:59:06     1000      9642      0,20      0,00 55012336   86856   0,54  chrome
23:59:06     1000     17096     24,00      0,00 6507800  450652   2,78  java
23:59:06        0     18227    201,60      0,00  313800    9072   0,06  nm-dispatcher
23:59:06     1000     18509     28,80      0,00    2672    1764   0,01  sh
23:59:06     1000     18510     71,80      0,00    7012    3352   0,02  cpuUsage.sh
23:59:06     1000     18518     24,00      0,00    5656    2064   0,01  sleep

23:59:01      UID       PID   kB_rd/s   kB_wr/s kB_ccwr/s iodelay  Command
23:59:06     1000      9105      0,00      6,40      0,00       0  chrome
23:59:06     1000     17064      0,00      1,28      0,00       0  pidstat
23:59:06     1000     17096      0,00      4,74      0,00       0  java

23:59:06      UID       PID    %usr %system  %guest   %wait    %CPU   CPU  Command
23:59:11        0        57    0,00    1,40    0,00    0,00    1,40     6  ksoftirqd/6
23:59:11        0       214    0,00    0,20    0,00    0,00    0,20     1  kworker/1:1H-events_highpri
23:59:11      115       943    0,20    0,00    0,00    0,00    0,20     1  prometheus
23:59:11        0      1646    0,20    0,00    0,00    0,00    0,20     6  glances
23:59:11        0      1668    0,40    0,00    0,00    0,00    0,40     3  containerd
23:59:11        0      2676    0,40    0,20    0,00    0,00    0,60     7  dockerd
23:59:11      117      2677    1,40    0,20    0,00    0,00    1,60     4  grafana
23:59:11        0      3027    0,40    0,20    0,00    0,00    0,60     6  mount.ntfs-3g
23:59:11        0      3068    0,20    0,00    0,00    0,00    0,20     0  containerd-shim
23:59:11        0      3075    0,20    0,00    0,00    0,00    0,20     3  containerd-shim
23:59:11        0      3076    0,20    0,00    0,00    0,00    0,20     7  containerd-shim
23:59:11        0      3091    0,00    0,20    0,00    0,00    0,20     3  containerd-shim
23:59:11      999      3241    0,40    0,00    0,00    0,00    0,40     5  redis-server
23:59:11      117      3639    0,20    0,00    0,00    0,00    0,20     5  gpx_grafana_ela
23:59:11     1000      4211    9,20    6,20    0,00    0,00   15,40     3  gnome-shell
23:59:11     1000      5898    3,80    1,20    0,00    0,00    5,00     4  antigravity
23:59:11     1000      5952    8,80    2,40    0,00    0,00   11,20     4  antigravity
23:59:11     1000      6000    6,80    0,40    0,00    0,00    7,20     2  antigravity
23:59:11     1000      6248    1,80    1,20    0,00    0,20    3,00     3  language_server
23:59:11     1000      6334    0,60    0,00    0,00    0,00    0,60     1  antigravity
23:59:11     1000      6366    1,00    0,00    0,00    0,00    1,00     3  antigravity
23:59:11     1000      6381    0,60    0,20    0,00    0,00    0,80     3  antigravity
23:59:11     1000      6409    0,20    0,20    0,00    0,00    0,40     0  antigravity
23:59:11     1000      6708    1,40    1,20    0,00    0,00    2,60     5  language_server
23:59:11     1000      7203    1,80    1,20    0,00    0,00    3,00     3  language_server
23:59:11        0      8594    0,00    0,60    0,00    0,60    0,60     6  kworker/u33:0-i915_flip
23:59:11     1000      9152    0,20    0,00    0,00    0,00    0,20     4  chrome
23:59:11     1000      9157    0,00    0,20    0,00    0,00    0,20     3  chrome
23:59:11     1000      9378    0,80    0,00    0,00    0,00    0,80     3  gnome-terminal-
23:59:11     1000     10899    0,20    0,00    0,00    0,00    0,20     7  antigravity
23:59:11        0     12744    0,00    0,20    0,00    0,00    0,20     1  kworker/u32:0-kvfree_rcu_reclaim
23:59:11        0     14919    0,00    0,60    0,00    0,80    0,60     6  kworker/6:2-i915-unordered
23:59:11     1000     17064    0,00    0,60    0,00    0,00    0,60     7  pidstat
23:59:11     1000     17096    6,80    0,60    0,00    0,00    7,40     7  java

23:59:06      UID       PID  minflt/s  majflt/s     VSZ     RSS   %MEM  Command
23:59:11        0       375      4,00      0,00  163644   83128   0,51  systemd-journal
23:59:11        0      1668      1,00      0,00 2463668   70568   0,43  containerd
23:59:11      117      2677     27,60      0,20 1765440  335848   2,07  grafana
23:59:11        0      3068      0,40      0,00 1235608   14656   0,09  containerd-shim
23:59:11        0      3075     11,40      0,00 1235608   14056   0,09  containerd-shim
23:59:11        0      3076      6,80      0,00 1235608   14292   0,09  containerd-shim
23:59:11        0      3091      1,80      0,00 1235608   14952   0,09  containerd-shim
23:59:11        0      3120      4,80      0,00 1235608   14304   0,09  containerd-shim
23:59:11       70      3230      4,40      0,00  174540   25788   0,16  postgres
23:59:11     1000      4211      1,00      0,00 5033128  315544   1,94  gnome-shell
23:59:11     1000      5898     34,20      0,00 1461714124  312712   1,93  antigravity
23:59:11     1000      5952      4,60      0,00 34365292  167740   1,03  antigravity
23:59:11     1000      5963      0,80      0,00 33906396   82640   0,51  antigravity
23:59:11     1000      6000    252,60      0,00 1461388844  430544   2,65  antigravity
23:59:11     1000      6006     17,60      0,00 1459645432  292836   1,80  antigravity
23:59:11     1000      6289      0,20      0,00 33951332   64440   0,40  antigravity
23:59:11     1000      6302      3,20      0,00 1461347888  121500   0,75  antigravity
23:59:11     1000      6303      1,20      0,00 1461367164  112680   0,69  antigravity
23:59:11     1000      6334     10,80      0,00 1461342992  258752   1,59  antigravity
23:59:11     1000      6366     14,40      0,00 1461351388  372948   2,30  antigravity
23:59:11     1000      6381      4,80      0,00 1461358904  155396   0,96  antigravity
23:59:11     1000      6409     15,60      0,00 1461383736  119860   0,74  antigravity
23:59:11     1000      7203      0,40      0,00 5307340  505108   3,11  language_server
23:59:11     1000      9105      8,60      0,00 55447012  385308   2,37  chrome
23:59:11     1000      9152      3,40      0,00 55460652  193140   1,19  chrome
23:59:11     1000      9157    105,00      0,00 54984540  133364   0,82  chrome
23:59:11     1000      9168      0,20      0,00 55021684   62848   0,39  chrome
23:59:11     1000      9642      0,20      0,00 55012336   86856   0,54  chrome
23:59:11     1000      9657      0,00      0,00 1520518576  336088   2,07  chrome
23:59:11     1000     17096     31,40      0,00 6507800  451164   2,78  java

23:59:06      UID       PID   kB_rd/s   kB_wr/s kB_ccwr/s iodelay  Command
23:59:11     1000      9105      0,00      1,60      0,00       0  chrome
23:59:11     1000      9157      0,00    204,00      0,00       0  chrome
23:59:11     1000     17064      0,00      1,36      0,00       0  pidstat
23:59:11     1000     17096      0,00      3,22      0,00       0  java

23:59:11      UID       PID    %usr %system  %guest   %wait    %CPU   CPU  Command
23:59:16        0         1    0,20    0,00    0,00    0,00    0,20     5  systemd
23:59:16        0        18    0,00    0,20    0,00    0,00    0,20     5  rcu_preempt
23:59:16        0        57    0,00    1,20    0,00    0,00    1,20     6  ksoftirqd/6
23:59:16      115       943    0,20    0,00    0,00    0,00    0,20     1  prometheus
23:59:16        0      1654    0,00    0,20    0,00    0,00    0,20     5  tailscaled
23:59:16        0      1668    0,40    0,00    0,00    0,00    0,40     3  containerd
23:59:16        0      2676    0,40    0,00    0,00    0,00    0,40     7  dockerd
23:59:16      117      2677    0,60    0,20    0,00    0,00    0,80     4  grafana
23:59:16        0      3027    0,20    0,40    0,00    0,00    0,60     2  mount.ntfs-3g
23:59:16        0      3068    0,00    0,20    0,00    0,00    0,20     0  containerd-shim
23:59:16        0      3076    0,00    0,20    0,00    0,00    0,20     7  containerd-shim
23:59:16        0      3120    0,20    0,00    0,00    0,00    0,20     4  containerd-shim
23:59:16      999      3241    0,40    0,20    0,00    0,00    0,60     7  redis-server
23:59:16     1000      4211    8,80    7,40    0,00    0,00   16,20     0  gnome-shell
23:59:16     1000      5898    4,00    1,40    0,00    0,00    5,40     5  antigravity
23:59:16     1000      5952    8,40    2,40    0,00    0,00   10,80     6  antigravity
23:59:16     1000      6000    5,60    1,00    0,00    0,20    6,60     7  antigravity
23:59:16     1000      6006    0,20    0,00    0,00    0,00    0,20     4  antigravity
23:59:16     1000      6248    1,80    1,00    0,00    0,00    2,80     5  language_server
23:59:16     1000      6334    0,40    0,00    0,00    0,00    0,40     6  antigravity
23:59:16     1000      6366   13,40    0,40    0,00    0,00   13,80     0  antigravity
23:59:16     1000      6381    0,60    0,20    0,00    0,00    0,80     5  antigravity
23:59:16     1000      6409    0,00    0,20    0,00    0,00    0,20     7  antigravity
23:59:16     1000      6708    1,40    1,20    0,00    0,00    2,60     5  language_server
23:59:16     1000      7203    2,00    1,20    0,00    0,00    3,20     3  language_server
23:59:16        0      8594    0,00    0,60    0,00    0,00    0,60     6  kworker/u33:0-i915_flip
23:59:16     1000      9105    0,20    0,20    0,00    0,00    0,40     5  chrome
23:59:16     1000      9152    0,40    0,20    0,00    0,00    0,60     7  chrome
23:59:16     1000      9378    1,00    0,00    0,00    0,00    1,00     4  gnome-terminal-
23:59:16     1000      9657    0,20    0,00    0,00    0,00    0,20     3  chrome
23:59:16     1000      9773    0,20    0,00    0,00    0,00    0,20     5  ssh
23:59:16        0     14919    0,00    0,80    0,00    0,60    0,80     6  kworker/6:2-i915-unordered
23:59:16     1000     17064    0,00    0,40    0,00    0,00    0,40     3  pidstat
23:59:16     1000     17096    7,40    3,00    0,00    0,00   10,40     7  java

23:59:11      UID       PID  minflt/s  majflt/s     VSZ     RSS   %MEM  Command
23:59:16        0         1     45,40      0,00   24704   14840   0,09  systemd
23:59:16        0       375      2,60      0,00  163644   83128   0,51  systemd-journal
23:59:16        0      1668      5,20      0,00 2463668   70952   0,44  containerd
23:59:16        0      2676      0,40      0,00 3358484  107504   0,66  dockerd
23:59:16        0      3068      6,40      0,00 1235608   14784   0,09  containerd-shim
23:59:16        0      3075     10,40      0,00 1235608   14184   0,09  containerd-shim
23:59:16        0      3076     10,20      0,00 1235608   14548   0,09  containerd-shim
23:59:16        0      3091      6,00      0,00 1235608   15080   0,09  containerd-shim
23:59:16        0      3120     10,60      0,00 1235608   14432   0,09  containerd-shim
23:59:16     1000      4211      7,20      0,00 5033136  315672   1,94  gnome-shell
23:59:16     1000      5898     44,40      0,00 1461714124  312108   1,92  antigravity
23:59:16     1000      5952      4,40      0,00 34365292  167740   1,03  antigravity
23:59:16     1000      5963      0,80      0,00 33906396   82640   0,51  antigravity
23:59:16     1000      6000     67,60      0,00 1461388844  430352   2,65  antigravity
23:59:16     1000      6006     17,40      0,00 1459645432  293220   1,81  antigravity
23:59:16     1000      6289      0,20      0,00 33951332   64440   0,40  antigravity
23:59:16     1000      6302      3,20      0,00 1461347888  121500   0,75  antigravity
23:59:16     1000      6303      0,80      0,00 1461367164  112680   0,69  antigravity
23:59:16     1000      6334      7,60      0,00 1461342992  258612   1,59  antigravity
23:59:16     1000      6366    890,20      0,00 1461351388  385680   2,38  antigravity
23:59:16     1000      6381      3,00      0,00 1461358904  155396   0,96  antigravity
23:59:16     1000      6409      9,80      0,00 1461383736  119860   0,74  antigravity
23:59:16     1000      9105     25,40      0,00 55447012  385308   2,37  chrome
23:59:16     1000      9152      6,80      0,00 55460652  193140   1,19  chrome
23:59:16     1000      9157      4,80      0,00 54984540  132336   0,82  chrome
23:59:16     1000      9168      0,40      0,00 55021684   62848   0,39  chrome
23:59:16     1000      9642      0,40      0,00 55012336   86856   0,54  chrome
23:59:16     1000     17096     29,60      0,00 6507800  490876   3,02  java

23:59:11      UID       PID   kB_rd/s   kB_wr/s kB_ccwr/s iodelay  Command
23:59:16     1000      9105      0,00     12,80      0,00       0  chrome
23:59:16     1000     17064      0,00      1,19      0,00       0  pidstat
23:59:16     1000     17096      0,00      4,79      0,00       0  java

23:59:16      UID       PID    %usr %system  %guest   %wait    %CPU   CPU  Command
23:59:21        0         1    0,40    0,00    0,00    0,00    0,40     5  systemd
23:59:21        0        57    0,00    1,20    0,00    0,20    1,20     6  ksoftirqd/6
23:59:21        0        86    0,00    0,20    0,00    0,00    0,20     1  irq/9-acpi
23:59:21        0       435    0,00    0,20    0,00    0,00    0,20     1  systemd-udevd
23:59:21      990       908    0,80    0,20    0,00    0,00    1,00     0  dbus-daemon
23:59:21      115       942    1,40    0,60    0,00    0,00    2,00     2  prometheus-node
23:59:21      115       943    0,20    0,00    0,00    0,00    0,20     1  prometheus
23:59:21        0      1081    0,20    0,00    0,00    0,00    0,20     4  NetworkManager
23:59:21        0      1646    0,20    0,00    0,00    0,00    0,20     6  glances
23:59:21        0      1654    0,00    0,20    0,00    0,00    0,20     5  tailscaled
23:59:21        0      1668    0,20    0,20    0,00    0,00    0,40     3  containerd
23:59:21        0      2676    0,80    0,40    0,00    0,00    1,20     7  dockerd
23:59:21      117      2677    0,60    0,20    0,00    0,00    0,80     5  grafana
23:59:21        0      3027    0,20    0,00    0,00    0,00    0,20     5  mount.ntfs-3g
23:59:21        0      3068    0,20    0,00    0,00    0,00    0,20     0  containerd-shim
23:59:21        0      3075    0,00    0,20    0,00    0,00    0,20     3  containerd-shim
23:59:21        0      3091    0,00    0,20    0,00    0,00    0,20     3  containerd-shim
23:59:21      999      3241    0,40    0,00    0,00    0,00    0,40     0  redis-server
23:59:21     1000      3918    0,20    0,00    0,00    0,00    0,20     3  systemd
23:59:21     1000      4211    9,00    6,20    0,00    0,00   15,20     4  gnome-shell
23:59:21     1000      4491    0,00    0,20    0,00    0,00    0,20     7  gsd-housekeepin
23:59:21     1000      4829    0,00    0,20    0,00    0,00    0,20     3  gvfs-afc-volume
23:59:21        0      5233    0,20    0,00    0,00    0,00    0,20     5  fwupd
23:59:21     1000      5898    4,00    1,60    0,00    0,00    5,60     4  antigravity
23:59:21     1000      5952    8,40    2,60    0,00    0,00   11,00     7  antigravity
23:59:21     1000      6000    5,80    0,40    0,00    0,00    6,20     5  antigravity
23:59:21     1000      6006    0,20    0,00    0,00    0,00    0,20     3  antigravity
23:59:21     1000      6248    1,80    1,00    0,00    0,00    2,80     5  language_server
23:59:21     1000      6334    0,40    0,20    0,00    0,00    0,60     1  antigravity
23:59:21     1000      6366    0,60    0,40    0,00    0,00    1,00     2  antigravity
23:59:21     1000      6381    0,60    0,00    0,00    0,00    0,60     5  antigravity
23:59:21     1000      6409    0,40    0,00    0,00    0,00    0,40     1  antigravity
23:59:21     1000      6708    0,80    1,60    0,00    0,00    2,40     5  language_server
23:59:21     1000      7203    1,20    1,60    0,00    0,00    2,80     3  language_server
23:59:21        0      8594    0,00    1,00    0,00    0,20    1,00     7  kworker/u33:0-i915_flip
23:59:21     1000      9105    0,20    0,00    0,00    0,00    0,20     0  chrome
23:59:21     1000      9152    0,20    0,00    0,00    0,00    0,20     4  chrome
23:59:21     1000      9157    0,20    0,00    0,00    0,00    0,20     4  chrome
23:59:21     1000      9378    0,80    0,20    0,00    0,00    1,00     2  gnome-terminal-
23:59:21        0     13650    0,00    0,20    0,00    0,00    0,20     0  kworker/0:1-events
23:59:21        0     14919    0,00    0,60    0,00    1,00    0,60     6  kworker/6:2-i915-unordered
23:59:21        0     16100    0,20    0,00    0,00    0,00    0,20     1  kworker/1:2-events
23:59:21        0     16414    0,00    0,20    0,00    0,00    0,20     3  kworker/u32:2-ipv6_addrconf
23:59:21     1000     17064    0,40    0,40    0,00    0,20    0,80     6  pidstat
23:59:21     1000     17096    7,80    0,80    0,00    0,00    8,60     7  java
23:59:21        0     18547    0,20    0,00    0,00    0,00    0,20     3  containerd-shim
23:59:21        0     18571    0,60    0,00    0,00    0,00    0,60     0  runc:[2:INIT]

23:59:16      UID       PID  minflt/s  majflt/s     VSZ     RSS   %MEM  Command
23:59:21        0         1     31,20      0,00   24704   14840   0,09  systemd
23:59:21        0       375     20,60      0,00  163644   83128   0,51  systemd-journal
23:59:21        0       435     86,00      0,00   37432   10756   0,07  systemd-udevd
23:59:21      115       942     52,20      0,00 1614336   25444   0,16  prometheus-node
23:59:21        0      1668      3,20      0,00 2463668   71080   0,44  containerd
23:59:21      114      1776      3,60      0,00  218252   29316   0,18  postgres
23:59:21        0      2676      0,40      0,00 3358484  107504   0,66  dockerd
23:59:21        0      3068     12,20      0,00 1235608   15168   0,09  containerd-shim
23:59:21        0      3075     12,20      0,00 1235608   14184   0,09  containerd-shim
23:59:21        0      3076     12,20      0,00 1235608   14932   0,09  containerd-shim
23:59:21        0      3091     13,20      0,00 1235608   15208   0,09  containerd-shim
23:59:21        0      3120     15,20      0,00 1235608   14688   0,09  containerd-shim
23:59:21     1000      4211      3,60      0,00 5033128  315672   1,94  gnome-shell
23:59:21     1000      5898     37,40      0,00 1461714124  312620   1,93  antigravity
23:59:21     1000      5952      8,00      0,00 34365292  167868   1,03  antigravity
23:59:21     1000      5963      1,60      0,00 33906396   82640   0,51  antigravity
23:59:21     1000      6000     45,20      0,00 1461388844  431248   2,66  antigravity
23:59:21     1000      6006     14,00      0,00 1459645432  293604   1,81  antigravity
23:59:21     1000      6289      0,40      0,00 33951332   64440   0,40  antigravity
23:59:21     1000      6302      7,80      0,00 1461347888  121500   0,75  antigravity
23:59:21     1000      6303      3,00      0,00 1461367164  112680   0,69  antigravity
23:59:21     1000      6334     11,80      0,00 1461342992  258612   1,59  antigravity
23:59:21     1000      6366      9,60      0,00 1461351388  385680   2,38  antigravity
23:59:21     1000      6381      3,00      0,00 1461358904  155396   0,96  antigravity
23:59:21     1000      6409      8,80      0,00 1461383736  119860   0,74  antigravity
23:59:21     1000      9105     10,20      0,00 55447012  385308   2,37  chrome
23:59:21     1000      9152      3,40      0,00 55460652  193140   1,19  chrome
23:59:21     1000      9157      2,40      0,00 54984540  132336   0,82  chrome
23:59:21     1000      9168      0,20      0,00 55021684   62848   0,39  chrome
23:59:21     1000      9642      0,20      0,00 55012336   86856   0,54  chrome
23:59:21     1000      9657     35,80      0,00 1518552496  333880   2,06  chrome
23:59:21     1000     17096     19,20      0,00 6507800  490876   3,02  java
23:59:21        0     18547    136,00      0,00 1235352   12568   0,08  containerd-shim
23:59:21        0     18571    126,00      0,00 1609592   15152   0,09  runc:[2:INIT]
23:59:21        0     18579     50,00      0,00   37436    7096   0,04  (udev-worker)
23:59:21        0     18588     26,60      0,00   37436    6776   0,04  (udev-worker)
23:59:21        0     18589     27,00      0,00   37436    6648   0,04  (udev-worker)
23:59:21        0     18591     25,60      0,00   37436    6648   0,04  (udev-worker)
23:59:21        0     18592     26,20      0,00   37436    6776   0,04  (udev-worker)
23:59:21        0     18593     26,80      0,00   37436    6648   0,04  (udev-worker)
23:59:21        0     18594     27,00      0,00   37436    6776   0,04  (udev-worker)
23:59:21        0     18595     26,40      0,00   37436    6776   0,04  (udev-worker)
23:59:21        0     18597     27,40      0,00   37436    6776   0,04  (udev-worker)
23:59:21        0     18599     26,80      0,00   37436    6776   0,04  (udev-worker)

23:59:16      UID       PID   kB_rd/s   kB_wr/s kB_ccwr/s iodelay  Command
23:59:21     1000      9105      0,00      6,40      0,00       0  chrome
23:59:21     1000     17064      0,00      1,13      0,00       0  pidstat
23:59:21     1000     17096      0,00      3,25      0,00       0  java

23:59:21      UID       PID    %usr %system  %guest   %wait    %CPU   CPU  Command
23:59:26        0         1    0,20    0,00    0,00    0,00    0,20     0  systemd
23:59:26        0        17    0,20    0,00    0,00    0,00    0,20     0  ksoftirqd/0
23:59:26        0        57    0,00    1,40    0,00    0,00    1,40     6  ksoftirqd/6
23:59:26        0        65    0,00    0,20    0,00    0,00    0,20     7  kworker/7:0H-events_highpri
23:59:26        0        73    0,00    0,20    0,00    0,00    0,20     5  kworker/u32:7-events_unbound
23:59:26        0       435    0,00    0,20    0,00    0,40    0,20     1  systemd-udevd
23:59:26      990       908    0,40    0,00    0,00    0,00    0,40     2  dbus-daemon
23:59:26      115       943    0,20    0,00    0,00    0,00    0,20     1  prometheus
23:59:26        0      1646    0,20    0,00    0,00    0,00    0,20     6  glances
23:59:26        0      1654    0,00    0,20    0,00    0,00    0,20     3  tailscaled
23:59:26        0      1668    0,80    0,20    0,00    0,00    1,00     3  containerd
23:59:26        0      2676    0,60    0,60    0,00    0,00    1,20     7  dockerd
23:59:26      117      2677    0,60    0,20    0,00    0,00    0,80     7  grafana
23:59:26        0      3027    0,40    0,40    0,00    0,00    0,80     2  mount.ntfs-3g
23:59:26        0      3076    0,20    0,20    0,00    0,00    0,40     7  containerd-shim
23:59:26        0      3091    0,20    0,00    0,00    0,00    0,20     3  containerd-shim
23:59:26        0      3120    0,00    0,20    0,00    0,00    0,20     4  containerd-shim
23:59:26      999      3241    0,20    0,20    0,00    0,00    0,40     5  redis-server
23:59:26     1000      3918    0,20    0,00    0,00    0,00    0,20     7  systemd
23:59:26     1000      4211   11,00    5,20    0,00    0,00   16,20     0  gnome-shell
23:59:26     1000      4491    0,20    0,00    0,00    0,00    0,20     3  gsd-housekeepin
23:59:26     1000      4525    0,00    0,20    0,00    0,20    0,20     0  gsd-sharing
23:59:26     1000      4941    0,20    0,00    0,00    0,00    0,20     2  xdg-desktop-por
23:59:26     1000      5898    3,80    1,40    0,00    0,00    5,20     0  antigravity
23:59:26     1000      5952    9,20    1,80    0,00    0,00   11,00     1  antigravity
23:59:26     1000      6000    6,00    0,60    0,00    0,00    6,60     0  antigravity
23:59:26     1000      6006    0,20    0,00    0,00    0,00    0,20     5  antigravity
23:59:26     1000      6248    2,00    1,00    0,00    0,00    3,00     5  language_server
23:59:26     1000      6302    0,00    0,20    0,00    0,00    0,20     2  antigravity
23:59:26     1000      6303    0,20    0,00    0,00    0,00    0,20     5  antigravity
23:59:26     1000      6334    0,40    0,00    0,00    0,00    0,40     3  antigravity
23:59:26     1000      6366    0,60    0,00    0,00    0,00    0,60     4  antigravity
23:59:26     1000      6381    1,00    0,00    0,00    0,00    1,00     0  antigravity
23:59:26     1000      6409    0,20    0,00    0,00    0,00    0,20     3  antigravity
23:59:26     1000      6708    1,40    1,00    0,00    0,00    2,40     5  language_server
23:59:26     1000      7203    1,60    1,20    0,00    0,00    2,80     3  language_server
23:59:26        0      8594    0,00    0,60    0,00    0,20    0,60     4  kworker/u33:0-i915_flip
23:59:26     1000      9105    0,20    0,00    0,00    0,00    0,20     0  chrome
23:59:26     1000      9152    0,20    0,20    0,00    0,00    0,40     4  chrome
23:59:26     1000      9168    0,20    0,00    0,00    0,00    0,20     2  chrome
23:59:26     1000      9378    0,80    0,00    0,00    0,00    0,80     5  gnome-terminal-
23:59:26        0     14919    0,00    0,60    0,00    1,00    0,60     6  kworker/6:2-i915-unordered
23:59:26     1000     17064    0,00    0,40    0,00    0,00    0,40     2  pidstat
23:59:26     1000     17096    4,60    1,20    0,00    0,00    5,80     7  java

23:59:21      UID       PID  minflt/s  majflt/s     VSZ     RSS   %MEM  Command
23:59:26        0         1      1,00      0,00   24704   14840   0,09  systemd
23:59:26        0       375     28,80      0,00  163644   83128   0,51  systemd-journal
23:59:26        0       435      2,00      0,00   37432   10756   0,07  systemd-udevd
23:59:26        0      1654     58,20      0,00 1421460  103108   0,64  tailscaled
23:59:26        0      1668      2,20      0,00 2463668   71080   0,44  containerd
23:59:26        0      3068     11,80      0,00 1235608   15168   0,09  containerd-shim
23:59:26        0      3075     12,40      0,00 1235608   14440   0,09  containerd-shim
23:59:26        0      3076      8,20      0,00 1235608   15060   0,09  containerd-shim
23:59:26        0      3091      2,40      0,00 1235608   15208   0,09  containerd-shim
23:59:26        0      3120      0,40      0,00 1235608   14688   0,09  containerd-shim
23:59:26     1000      4211      7,00      0,00 5033128  315544   1,94  gnome-shell
23:59:26     1000      5898     34,20      0,00 1461714124  312696   1,93  antigravity
23:59:26     1000      5952      3,80      0,00 34365292  167868   1,03  antigravity
23:59:26     1000      5963      0,80      0,00 33906396   82640   0,51  antigravity
23:59:26     1000      6000     65,00      0,00 1461388844  432272   2,66  antigravity
23:59:26     1000      6006      7,40      0,00 1459645432  293732   1,81  antigravity
23:59:26     1000      6289      0,20      0,00 33951332   64440   0,40  antigravity
23:59:26     1000      6302      3,00      0,00 1461347888  121500   0,75  antigravity
23:59:26     1000      6303      0,80      0,00 1461367164  112680   0,69  antigravity
23:59:26     1000      6334     13,80      0,00 1461342992  258612   1,59  antigravity
23:59:26     1000      6366     17,60      0,00 1461351388  385808   2,38  antigravity
23:59:26     1000      6381      2,80      0,00 1461358904  155396   0,96  antigravity
23:59:26     1000      6409      3,60      0,00 1461383736  119860   0,74  antigravity
23:59:26     1000      9105      9,20      0,00 55447012  385308   2,37  chrome
23:59:26     1000      9152      3,40      0,00 55460652  193140   1,19  chrome
23:59:26     1000      9157      3,40      0,00 54984540  132336   0,82  chrome
23:59:26     1000      9168      0,20      0,00 55021684   62848   0,39  chrome
23:59:26     1000      9642      0,20      0,00 55012336   86856   0,54  chrome
23:59:26     1000      9657      0,00      0,00 1518552496  333340   2,05  chrome
23:59:26     1000     17096    223,80      0,00 6507800  495356   3,05  java

23:59:21      UID       PID   kB_rd/s   kB_wr/s kB_ccwr/s iodelay  Command
23:59:26     1000      9105      0,00      3,20      0,00       0  chrome
23:59:26     1000      9157      0,00     14,40      0,00       0  chrome
23:59:26     1000     17064      0,00      1,63      0,00       0  pidstat
23:59:26     1000     17096      0,00      3,25      0,00       0  java

23:59:26      UID       PID    %usr %system  %guest   %wait    %CPU   CPU  Command
23:59:31        0        39    0,20    0,00    0,00    0,20    0,20     3  ksoftirqd/3
23:59:31        0        57    0,00    1,20    0,00    0,00    1,20     6  ksoftirqd/6
23:59:31        0      1654    0,00    0,20    0,00    0,00    0,20     5  tailscaled
23:59:31        0      1668    0,40    0,00    0,00    0,00    0,40     3  containerd
23:59:31        0      2676    0,20    0,20    0,00    0,00    0,40     7  dockerd
23:59:31      117      2677    0,40    0,20    0,00    0,00    0,60     5  grafana
23:59:31        0      3027    0,20    0,20    0,00    0,00    0,40     2  mount.ntfs-3g
23:59:31        0      3068    0,20    0,00    0,00    0,00    0,20     0  containerd-shim
23:59:31      999      3241    0,40    0,20    0,00    0,00    0,60     2  redis-server
23:59:31     1000      4211    9,00    6,20    0,00    0,20   15,20     7  gnome-shell
23:59:31     1000      5898    4,00    1,20    0,00    0,00    5,20     1  antigravity
23:59:31     1000      5952    9,00    2,40    0,00    0,00   11,40     5  antigravity
23:59:31     1000      6000   16,60    0,60    0,00    0,00   17,20     7  antigravity
23:59:31     1000      6248    1,60    1,40    0,00    0,20    3,00     1  language_server
23:59:31     1000      6303    0,00    0,20    0,00    0,00    0,20     5  antigravity
23:59:31     1000      6334    0,60    0,20    0,00    0,00    0,80     7  antigravity
23:59:31     1000      6366    1,00    0,20    0,00    0,00    1,20     3  antigravity
23:59:31     1000      6381    0,60    0,00    0,00    0,00    0,60     1  antigravity
23:59:31     1000      6409    0,20    0,40    0,00    0,00    0,60     3  antigravity
23:59:31     1000      6708    1,40    1,20    0,00    0,00    2,60     5  language_server
23:59:31     1000      7203    1,60    1,40    0,00    0,00    3,00     3  language_server
23:59:31        0      8594    0,00    0,80    0,00    0,40    0,80     6  kworker/u33:0-i915_flip
23:59:31     1000      9105    0,20    0,20    0,00    0,00    0,40     4  chrome
23:59:31     1000      9152    0,40    0,00    0,00    0,00    0,40     4  chrome
23:59:31     1000      9335    0,20    0,00    0,00    0,00    0,20     0  chrome
23:59:31     1000      9378    1,20    0,00    0,00    0,00    1,20     3  gnome-terminal-
23:59:31        0     14919    0,00    0,60    0,00    0,80    0,60     6  kworker/6:2-i915-unordered
23:59:31     1000     17064    0,40    0,20    0,00    0,00    0,60     2  pidstat
23:59:31     1000     17096    4,40    0,80    0,00    0,00    5,20     7  java

23:59:26      UID       PID  minflt/s  majflt/s     VSZ     RSS   %MEM  Command
23:59:31        0      1654      9,20      0,00 1421460  103236   0,64  tailscaled
23:59:31        0      3068      4,00      0,00 1235608   15296   0,09  containerd-shim
23:59:31        0      3075      1,60      0,00 1235608   14440   0,09  containerd-shim
23:59:31        0      3076      0,20      0,00 1235608   15060   0,09  containerd-shim
23:59:31        0      3091      1,20      0,00 1235608   15208   0,09  containerd-shim
23:59:31        0      3120      0,40      0,00 1235608   14688   0,09  containerd-shim
23:59:31     1000      4211      2,40      0,00 5033128  315544   1,94  gnome-shell
23:59:31     1000      5898     40,00      0,00 1461714124  312716   1,93  antigravity
23:59:31     1000      5952     11,20      0,00 34380028  167868   1,03  antigravity
23:59:31     1000      5963      0,80      0,00 33906396   82640   0,51  antigravity
23:59:31     1000      6000    291,60      0,00 1461391020  424296   2,61  antigravity
23:59:31     1000      6006      8,40      0,00 1459645432  293860   1,81  antigravity
23:59:31     1000      6289      0,20      0,00 33951332   64440   0,40  antigravity
23:59:31     1000      6302      3,20      0,00 1461347888  121500   0,75  antigravity
23:59:31     1000      6303      0,80      0,00 1461367164  112680   0,69  antigravity
23:59:31     1000      6334     18,20      0,00 1461342992  258740   1,59  antigravity
23:59:31     1000      6366     56,40      0,00 1461351388  385652   2,38  antigravity
23:59:31     1000      6381      5,00      0,00 1461358904  155396   0,96  antigravity
23:59:31     1000      6409    150,20      0,00 1461383736  120744   0,74  antigravity
23:59:31     1000      7289      0,20      0,00 1459530528   93936   0,58  antigravity
23:59:31     1000      9105     12,40      0,00 55447012  385436   2,37  chrome
23:59:31     1000      9152      3,40      0,00 55460652  193140   1,19  chrome
23:59:31     1000      9157      6,40      0,00 54984540  132336   0,82  chrome
23:59:31     1000      9168      0,20      0,00 55021684   62848   0,39  chrome
23:59:31     1000      9642      0,40      0,00 55012336   86856   0,54  chrome
23:59:31     1000      9657      0,00      0,00 1518552496  332016   2,05  chrome
23:59:31     1000     17096     18,20      0,00 6507800  495868   3,05  java
23:59:31     1000     18697     28,00      0,00    2672    1660   0,01  sh
23:59:31     1000     18698     71,60      0,00    7012    3288   0,02  cpuUsage.sh
23:59:31     1000     18706     23,20      0,00    5656    1956   0,01  sleep

23:59:26      UID       PID   kB_rd/s   kB_wr/s kB_ccwr/s iodelay  Command
23:59:31     1000      9105      0,00      0,80      0,00       0  chrome
23:59:31     1000     17064      0,00      1,36      0,00       0  pidstat
23:59:31     1000     17096      0,00      4,85      0,00       0  java

23:59:31      UID       PID    %usr %system  %guest   %wait    %CPU   CPU  Command
23:59:36        0         1    0,40    0,00    0,00    0,00    0,40     0  systemd
23:59:36        0        57    0,00    1,20    0,00    0,00    1,20     6  ksoftirqd/6
23:59:36        0        86    0,00    0,20    0,00    0,00    0,20     1  irq/9-acpi
23:59:36        0       175    0,00    0,20    0,00    0,00    0,20     6  kworker/6:1H-events_highpri
23:59:36        0       647    0,00    0,20    0,00    0,00    0,20     0  irq/130-iwlwifi
23:59:36      990       908    0,80    0,00    0,00    0,00    0,80     7  dbus-daemon
23:59:36      115       942    1,20    0,60    0,00    0,00    1,80     5  prometheus-node
23:59:36      115       943    0,20    0,00    0,00    0,00    0,20     1  prometheus
23:59:36        0      1646    0,20    0,20    0,00    0,00    0,40     6  glances
23:59:36        0      1654    0,40    0,00    0,00    0,00    0,40     6  tailscaled
23:59:36        0      1668    0,00    0,20    0,00    0,00    0,20     3  containerd
23:59:36        0      1673    0,00    0,20    0,00    0,00    0,20     2  anydesk
23:59:36        0      2253    0,20    0,00    0,00    0,00    0,20     5  upowerd
23:59:36        0      2676    0,20    0,40    0,00    0,00    0,60     7  dockerd
23:59:36      117      2677    0,60    0,40    0,00    0,00    1,00     5  grafana
23:59:36        0      3027    0,20    0,20    0,00    0,00    0,40     3  mount.ntfs-3g
23:59:36        0      3075    0,20    0,00    0,00    0,00    0,20     3  containerd-shim
23:59:36        0      3091    0,00    0,20    0,00    0,00    0,20     3  containerd-shim
23:59:36      999      3241    0,40    0,00    0,00    0,00    0,40     2  redis-server
23:59:36     1000      4211    9,40    6,40    0,00    0,00   15,80     5  gnome-shell
23:59:36     1000      5898    4,00    1,40    0,00    0,00    5,40     7  antigravity
23:59:36     1000      5952    9,20    1,80    0,00    0,00   11,00     1  antigravity
23:59:36     1000      6000    6,00    0,60    0,00    0,00    6,60     4  antigravity
23:59:36     1000      6006    0,20    0,00    0,00    0,00    0,20     5  antigravity
23:59:36     1000      6248    1,40    1,80    0,00    0,00    3,20     7  language_server
23:59:36     1000      6334    0,40    0,20    0,00    0,00    0,60     3  antigravity
23:59:36     1000      6366    0,60    0,40    0,00    0,00    1,00     5  antigravity
23:59:36     1000      6381    0,60    0,20    0,00    0,00    0,80     3  antigravity
23:59:36     1000      6409    0,00    0,40    0,00    0,00    0,40     3  antigravity
23:59:36     1000      6708    1,20    1,20    0,00    0,00    2,40     5  language_server
23:59:36     1000      7203    2,20    0,60    0,00    0,00    2,80     3  language_server
23:59:36        0      8594    0,00    0,60    0,00    0,00    0,60     7  kworker/u33:0-i915_flip
23:59:36     1000      9152    0,20    0,00    0,00    0,00    0,20     7  chrome
23:59:36     1000      9378    0,60    0,00    0,00    0,00    0,60     3  gnome-terminal-
23:59:36     1000     10899    0,20    0,00    0,00    0,00    0,20     0  antigravity
23:59:36        0     14919    0,00    0,80    0,00    0,80    0,80     6  kworker/6:2-i915-unordered
23:59:36     1000     17064    0,40    0,20    0,00    0,00    0,60     0  pidstat
23:59:36     1000     17096    5,60    0,40    0,00    0,00    6,00     7  java
23:59:36        0     17860    0,20    0,00    0,00    0,00    0,20     3  kworker/3:0-i915-unordered

23:59:31      UID       PID  minflt/s  majflt/s     VSZ     RSS   %MEM  Command
23:59:36      115       942     92,80      0,00 1614336   25724   0,16  prometheus-node
23:59:36        0      1654      6,20      0,00 1421460  103228   0,64  tailscaled
23:59:36        0      3068      7,80      0,00 1235608   15424   0,10  containerd-shim
23:59:36        0      3075      5,20      0,00 1235608   14568   0,09  containerd-shim
23:59:36        0      3076      0,40      0,00 1235608   15060   0,09  containerd-shim
23:59:36        0      3091      9,40      0,00 1235608   15464   0,10  containerd-shim
23:59:36        0      3120      5,80      0,00 1235608   14688   0,09  containerd-shim
23:59:36     1000      4211      7,40      0,00 5033192  315544   1,94  gnome-shell
23:59:36     1000      5898     43,60      0,00 1461714124  312224   1,92  antigravity
23:59:36     1000      5952     22,60      0,00 34369388  167700   1,03  antigravity
23:59:36     1000      5963      0,80      0,00 33906396   82640   0,51  antigravity
23:59:36     1000      6000     33,20      0,00 1461388844  424936   2,62  antigravity
23:59:36     1000      6006     12,80      0,00 1459645432  293988   1,81  antigravity
23:59:36     1000      6289      0,20      0,00 33951332   64440   0,40  antigravity
23:59:36     1000      6302      3,80      0,00 1461347888  121500   0,75  antigravity
23:59:36     1000      6303      1,00      0,00 1461367164  112680   0,69  antigravity
23:59:36     1000      6334     26,60      0,00 1461342992  258836   1,59  antigravity
23:59:36     1000      6366     16,20      0,00 1461351388  385772   2,38  antigravity
23:59:36     1000      6381      3,00      0,00 1461358904  155396   0,96  antigravity
23:59:36     1000      6409    134,60      0,00 1461383736  120536   0,74  antigravity
23:59:36     1000      9105     19,60      0,00 55447012  385436   2,37  chrome
23:59:36     1000      9152      6,80      0,00 55460652  193140   1,19  chrome
23:59:36     1000      9157      5,20      0,00 54984540  132336   0,82  chrome
23:59:36     1000      9168      0,40      0,00 55021684   62848   0,39  chrome
23:59:36     1000      9642      0,40      0,00 55012336   86856   0,54  chrome
23:59:36     1000     17096     24,80      0,00 6507800  496124   3,06  java
23:59:36     1000     18724     27,40      0,00    2672    1592   0,01  sh
23:59:36     1000     18725     71,80      0,00    7012    3156   0,02  cpuUsage.sh
23:59:36     1000     18733     23,80      0,00    5656    2004   0,01  sleep

23:59:31      UID       PID   kB_rd/s   kB_wr/s kB_ccwr/s iodelay  Command
23:59:36     1000      9105      0,00      9,60      0,00       0  chrome
23:59:36     1000     17064      0,00      1,08      0,00       0  pidstat
23:59:36     1000     17096      0,00      4,79      0,00       0  java

23:59:36      UID       PID    %usr %system  %guest   %wait    %CPU   CPU  Command
23:59:41        0        18    0,00    0,20    0,00    0,00    0,20     2  rcu_preempt
23:59:41        0        57    0,00    1,20    0,00    0,00    1,20     6  ksoftirqd/6
23:59:41        0       113    0,00    0,20    0,00    0,00    0,20     0  kworker/0:1H-events_highpri
23:59:41        0       319    0,00    0,20    0,00    0,00    0,20     6  jbd2/sda6-8
23:59:41        0      1646    0,20    0,00    0,00    0,00    0,20     6  glances
23:59:41        0      1668    0,40    0,00    0,00    0,00    0,40     3  containerd
23:59:41        0      2676    0,40    0,20    0,00    0,00    0,60     7  dockerd
23:59:41      117      2677    0,60    0,20    0,00    0,00    0,80     5  grafana
23:59:41        0      3027    0,20    0,40    0,00    0,00    0,60     4  mount.ntfs-3g
23:59:41        0      3068    0,20    0,00    0,00    0,00    0,20     0  containerd-shim
23:59:41        0      3075    0,20    0,00    0,00    0,00    0,20     3  containerd-shim
23:59:41        0      3091    0,20    0,00    0,00    0,00    0,20     3  containerd-shim
23:59:41        0      3120    0,20    0,20    0,00    0,00    0,40     4  containerd-shim
23:59:41      999      3241    0,40    0,00    0,00    0,00    0,40     2  redis-server
23:59:41     1000      4211   10,00    5,40    0,00    0,00   15,40     0  gnome-shell
23:59:41     1000      5898    3,60    1,80    0,00    0,20    5,40     7  antigravity
23:59:41     1000      5952    8,40    2,60    0,00    0,00   11,00     5  antigravity
23:59:41     1000      5963    0,20    0,00    0,00    0,00    0,20     7  antigravity
23:59:41     1000      6000    5,60    1,00    0,00    0,00    6,60     0  antigravity
23:59:41     1000      6006    0,20    0,20    0,00    0,00    0,40     0  antigravity
23:59:41     1000      6248    1,60    1,20    0,00    0,00    2,80     0  language_server
23:59:41     1000      6334    0,40    0,00    0,00    0,00    0,40     4  antigravity
23:59:41     1000      6366    0,60    0,20    0,00    0,00    0,80     5  antigravity
23:59:41     1000      6381    0,60    0,20    0,00    0,00    0,80     5  antigravity
23:59:41     1000      6409    0,20    0,00    0,00    0,00    0,20     3  antigravity
23:59:41     1000      6708    1,80    0,80    0,00    0,00    2,60     5  language_server
23:59:41     1000      7203    1,20    1,80    0,00    0,00    3,00     3  language_server
23:59:41        0      8594    0,00    0,60    0,00    0,40    0,60     7  kworker/u33:0-i915_flip
23:59:41     1000      9105    0,40    0,20    0,00    0,00    0,60     4  chrome
23:59:41     1000      9152    0,20    0,00    0,00    0,00    0,20     7  chrome
23:59:41     1000      9157    0,20    0,00    0,00    0,00    0,20     3  chrome
23:59:41     1000      9210    0,20    0,00    0,00    0,00    0,20     5  chrome
23:59:41     1000      9378    1,20    0,00    0,00    0,00    1,20     4  gnome-terminal-
23:59:41     1000      9657    0,20    0,20    0,00    0,00    0,40     7  chrome
23:59:41        0     14919    0,00    0,60    0,00    0,40    0,60     6  kworker/6:2-i915-unordered
23:59:41     1000     17064    0,00    0,40    0,00    0,00    0,40     1  pidstat
23:59:41     1000     17096    6,00    0,60    0,00    0,00    6,60     7  java

23:59:36      UID       PID  minflt/s  majflt/s     VSZ     RSS   %MEM  Command
23:59:41        0      1668      0,20      0,00 2463668   71080   0,44  containerd
23:59:41      114      1776      4,00      0,00  218252   29316   0,18  postgres
23:59:41      117      2677      0,20      0,00 1765440  335848   2,07  grafana
23:59:41        0      3068      5,40      0,00 1235608   14632   0,09  containerd-shim
23:59:41        0      3075      3,40      0,00 1235608   14056   0,09  containerd-shim
23:59:41        0      3076      6,80      0,00 1235608   14360   0,09  containerd-shim
23:59:41        0      3091      5,00      0,00 1235608   14892   0,09  containerd-shim
23:59:41        0      3120     11,20      0,00 1235608   14148   0,09  containerd-shim
23:59:41     1000      4211      2,80      0,00 5033128  315544   1,94  gnome-shell
23:59:41     1000      5898     37,20      0,00 1461714124  312736   1,93  antigravity
23:59:41     1000      5952      7,40      0,00 34365228  167700   1,03  antigravity
23:59:41     1000      5963      1,60      0,00 33906396   82640   0,51  antigravity
23:59:41     1000      6000     51,60      0,00 1461388844  425448   2,62  antigravity
23:59:41     1000      6006     17,40      0,00 1459645432  294372   1,81  antigravity
23:59:41     1000      6289      0,40      0,00 33951332   64440   0,40  antigravity
23:59:41     1000      6302      6,40      0,00 1461347888  121500   0,75  antigravity
23:59:41     1000      6303      3,00      0,00 1461367164  112680   0,69  antigravity
23:59:41     1000      6334      8,80      0,00 1461342992  258832   1,59  antigravity
23:59:41     1000      6366     10,40      0,00 1461351388  384844   2,37  antigravity
23:59:41     1000      6381      2,80      0,00 1461358904  155396   0,96  antigravity
23:59:41     1000      6409     16,20      0,00 1461383736  120364   0,74  antigravity
23:59:41     1000      9105     84,00      0,00 55447012  386076   2,38  chrome
23:59:41     1000      9152      3,40      0,00 55460652  193140   1,19  chrome
23:59:41     1000      9157     18,20      0,00 54984540  132592   0,82  chrome
23:59:41     1000      9168      0,20      0,00 55021684   62848   0,39  chrome
23:59:41     1000      9642      0,20      0,00 55012336   86856   0,54  chrome
23:59:41     1000      9657     79,60      0,00 1520518576  333556   2,05  chrome
23:59:41     1000     17096     21,00      0,00 6507800  496508   3,06  java

23:59:36      UID       PID   kB_rd/s   kB_wr/s kB_ccwr/s iodelay  Command
23:59:41     1000      9105      0,00     18,40      0,00       0  chrome
23:59:41     1000      9157      0,00     23,20      0,80       0  chrome
23:59:41     1000     17064      0,00      1,24      0,00       0  pidstat
23:59:41     1000     17096      0,00      4,79      0,00       0  java

23:59:41      UID       PID    %usr %system  %guest   %wait    %CPU   CPU  Command
23:59:46        0        57    0,00    1,00    0,00    0,20    1,00     6  ksoftirqd/6
23:59:46      115       943    0,20    0,00    0,00    0,00    0,20     1  prometheus
23:59:46        0      1654    0,20    0,00    0,00    0,00    0,20     6  tailscaled
23:59:46        0      1668    0,40    0,20    0,00    0,00    0,60     3  containerd
23:59:46        0      2676    0,40    0,00    0,00    0,00    0,40     7  dockerd
23:59:46      117      2677    0,60    0,20    0,00    0,00    0,80     5  grafana
23:59:46        0      3027    0,40    0,20    0,00    0,00    0,60     7  mount.ntfs-3g
23:59:46        0      3068    0,20    0,00    0,00    0,00    0,20     0  containerd-shim
23:59:46        0      3076    0,20    0,00    0,00    0,00    0,20     7  containerd-shim
23:59:46      999      3241    0,40    0,00    0,00    0,00    0,40     0  redis-server
23:59:46     1000      4211    8,60    7,40    0,00    0,00   16,00     2  gnome-shell
23:59:46     1000      5898    3,40    2,00    0,00    0,00    5,40     7  antigravity
23:59:46     1000      5952    8,60    2,40    0,00    0,00   11,00     2  antigravity
23:59:46     1000      6000    6,00    0,60    0,00    0,00    6,60     7  antigravity
23:59:46     1000      6006    0,20    0,00    0,00    0,00    0,20     7  antigravity
23:59:46     1000      6248    1,60    1,20    0,00    0,00    2,80     7  language_server
23:59:46     1000      6334    0,20    0,20    0,00    0,00    0,40     3  antigravity
23:59:46     1000      6366    0,80    0,20    0,00    0,00    1,00     2  antigravity
23:59:46     1000      6381    0,60    0,00    0,00    0,00    0,60     6  antigravity
23:59:46     1000      6409    0,20    0,20    0,00    0,00    0,40     0  antigravity
23:59:46     1000      6708    1,40    1,00    0,00    0,00    2,40     5  language_server
23:59:46     1000      7203    2,00    1,20    0,00    0,00    3,20     3  language_server
23:59:46        0      8594    0,00    0,60    0,00    0,20    0,60     7  kworker/u33:0-i915_flip
23:59:46     1000      9105    0,20    0,00    0,00    0,00    0,20     1  chrome
23:59:46     1000      9152    0,20    0,20    0,00    0,00    0,40     7  chrome
23:59:46     1000      9378    0,80    0,00    0,00    0,00    0,80     4  gnome-terminal-
23:59:46     1000      9668    0,00    0,20    0,00    0,00    0,20     3  chrome
23:59:46        0     14919    0,00    0,60    0,00    0,60    0,60     6  kworker/6:2-i915-unordered
23:59:46     1000     17064    0,20    0,20    0,00    0,00    0,40     1  pidstat
23:59:46     1000     17096    6,60    0,80    0,00    0,00    7,40     7  java

23:59:41      UID       PID  minflt/s  majflt/s     VSZ     RSS   %MEM  Command
23:59:46        0      1668      0,40      0,00 2463668   70104   0,43  containerd
23:59:46        0      3068     10,80      0,00 1235608   14760   0,09  containerd-shim
23:59:46        0      3075     10,20      0,00 1235608   14184   0,09  containerd-shim
23:59:46        0      3076     10,20      0,00 1235608   14744   0,09  containerd-shim
23:59:46        0      3091     10,60      0,00 1235608   15020   0,09  containerd-shim
23:59:46        0      3120     10,60      0,00 1235608   14276   0,09  containerd-shim
23:59:46     1000      4211      7,00      0,00 5033128  315544   1,94  gnome-shell
23:59:46     1000      5898     34,20      0,00 1461714124  312784   1,93  antigravity
23:59:46     1000      5952      4,40      0,00 34365292  167700   1,03  antigravity
23:59:46     1000      5963      0,80      0,00 33906396   82640   0,51  antigravity
23:59:46     1000      6000     65,00      0,00 1461388844  425136   2,62  antigravity
23:59:46     1000      6006     17,60      0,00 1459645432  294756   1,82  antigravity
23:59:46     1000      6289      0,20      0,00 33951332   64440   0,40  antigravity
23:59:46     1000      6302      3,20      0,00 1461347888  121500   0,75  antigravity
23:59:46     1000      6303      0,80      0,00 1461367164  112552   0,69  antigravity
23:59:46     1000      6334     13,00      0,00 1461342992  258564   1,59  antigravity
23:59:46     1000      6366     10,60      0,00 1461351388  384568   2,37  antigravity
23:59:46     1000      6381      3,00      0,00 1461358904  155396   0,96  antigravity
23:59:46     1000      6409      3,00      0,00 1461383736  120364   0,74  antigravity
23:59:46     1000      6708      0,20      0,00 4256024  478736   2,95  language_server
23:59:46     1000      9105      8,20      0,00 55447012  385588   2,38  chrome
23:59:46     1000      9152      3,40      0,00 55460652  193140   1,19  chrome
23:59:46     1000      9157      1,80      0,00 54984540  132332   0,82  chrome
23:59:46     1000      9168      0,20      0,00 55021684   62848   0,39  chrome
23:59:46     1000      9642      0,20      0,00 55012336   86856   0,54  chrome
23:59:46     1000     17096     15,80      0,00 6507800  497020   3,06  java

23:59:41      UID       PID   kB_rd/s   kB_wr/s kB_ccwr/s iodelay  Command
23:59:46     1000      9105      0,00      1,60      0,00       0  chrome
23:59:46     1000     17064      0,00      1,20      0,00       0  pidstat
23:59:46     1000     17096      0,00      3,25      0,00       0  java

23:59:46      UID       PID    %usr %system  %guest   %wait    %CPU   CPU  Command
23:59:51        0         1    0,20    0,00    0,00    0,00    0,20     0  systemd
23:59:51        0        57    0,00    1,00    0,00    0,00    1,00     6  ksoftirqd/6
23:59:51        0        86    0,00    0,20    0,00    0,00    0,20     1  irq/9-acpi
23:59:51      990       908    0,60    0,20    0,00    0,00    0,80     1  dbus-daemon
23:59:51      115       942    1,20    0,60    0,00    0,00    1,80     4  prometheus-node
23:59:51      115       943    0,20    0,00    0,00    0,00    0,20     1  prometheus
23:59:51        0      1646    0,20    0,00    0,00    0,00    0,20     6  glances
23:59:51        0      1668    0,40    0,20    0,00    0,00    0,60     3  containerd
23:59:51        0      2676    0,40    0,20    0,00    0,00    0,60     7  dockerd
23:59:51      117      2677    0,40    0,20    0,00    0,00    0,60     0  grafana
23:59:51        0      3027    0,20    0,20    0,00    0,00    0,40     6  mount.ntfs-3g
23:59:51        0      3075    0,20    0,00    0,00    0,00    0,20     3  containerd-shim
23:59:51        0      3120    0,20    0,00    0,00    0,00    0,20     4  containerd-shim
23:59:51      999      3241    0,40    0,20    0,00    0,00    0,60     0  redis-server
23:59:51     1000      4211    7,60    8,40    0,00    0,00   16,00     3  gnome-shell
23:59:51        0      4928    0,00    0,20    0,00    0,00    0,20     6  kworker/u32:9-events_unbound
23:59:51     1000      5898    3,40    2,20    0,00    0,00    5,60     6  antigravity
23:59:51     1000      5952    9,20    2,20    0,00    0,00   11,40     0  antigravity
23:59:51     1000      6000    6,20    0,60    0,00    0,20    6,80     2  antigravity
23:59:51     1000      6248    1,40    1,40    0,00    0,00    2,80     5  language_server
23:59:51     1000      6334    0,60    0,00    0,00    0,00    0,60     0  antigravity
23:59:51     1000      6366    0,80    0,00    0,00    0,00    0,80     6  antigravity
23:59:51     1000      6381    0,60    0,20    0,00    0,00    0,80     1  antigravity
23:59:51     1000      6409    0,20    0,00    0,00    0,00    0,20     4  antigravity
23:59:51     1000      6708    1,40    1,00    0,00    0,00    2,40     5  language_server
23:59:51     1000      7203    1,80    1,00    0,00    0,00    2,80     3  language_server
23:59:51        0      8594    0,00    0,80    0,00    0,20    0,80     6  kworker/u33:0-i915_flip
23:59:51     1000      9152    0,40    0,00    0,00    0,00    0,40     7  chrome
23:59:51     1000      9378    1,00    0,00    0,00    0,00    1,00     2  gnome-terminal-
23:59:51     1000      9657    0,20    0,00    0,00    0,00    0,20     7  chrome
23:59:51        0     14919    0,00    0,60    0,00    0,60    0,60     6  kworker/6:2-i915-unordered
23:59:51        0     15279    0,20    0,00    0,00    0,00    0,20     2  kworker/2:2-events
23:59:51     1000     17064    0,20    0,40    0,00    0,00    0,60     1  pidstat
23:59:51     1000     17096   11,00    3,00    0,00    0,00   14,00     7  java

23:59:46      UID       PID  minflt/s  majflt/s     VSZ     RSS   %MEM  Command
23:59:51      115       942     79,60      0,00 1614336   25588   0,16  prometheus-node
23:59:51        0      1668      3,60      0,00 2463668   70104   0,43  containerd
23:59:51        0      3068     14,80      0,00 1235608   15016   0,09  containerd-shim
23:59:51        0      3075      9,60      0,00 1235608   14184   0,09  containerd-shim
23:59:51        0      3076     12,20      0,00 1235608   14744   0,09  containerd-shim
23:59:51        0      3091     13,80      0,00 1235608   15276   0,09  containerd-shim
23:59:51        0      3120     17,00      0,00 1235608   14532   0,09  containerd-shim
23:59:51     1000      4211      1,00      0,00 5033128  315544   1,94  gnome-shell
23:59:51     1000      5898     53,00      0,00 1461714124  313040   1,93  antigravity
23:59:51     1000      5952      3,80      0,00 34365292  167700   1,03  antigravity
23:59:51     1000      5963      0,80      0,00 33906396   82640   0,51  antigravity
23:59:51     1000      6000     44,60      0,00 1461388844  426160   2,63  antigravity
23:59:51     1000      6006     17,40      0,00 1459645432  295140   1,82  antigravity
23:59:51     1000      6289      0,20      0,00 33951332   64440   0,40  antigravity
23:59:51     1000      6302      3,80      0,00 1461347888  121500   0,75  antigravity
23:59:51     1000      6303      1,00      0,00 1461367164  112552   0,69  antigravity
23:59:51     1000      6334      9,20      0,00 1461342992  258692   1,59  antigravity
23:59:51     1000      6366     17,00      0,00 1461351388  384436   2,37  antigravity
23:59:51     1000      6381      5,00      0,00 1461358904  155396   0,96  antigravity
23:59:51     1000      6409      2,40      0,00 1461383736  120364   0,74  antigravity
23:59:51     1000      9105      3,00      0,00 55447012  385412   2,37  chrome
23:59:51     1000      9152      3,40      0,00 55460652  193140   1,19  chrome
23:59:51     1000      9157      3,20      0,00 54984540  132332   0,82  chrome
23:59:51     1000      9168      0,20      0,00 55021684   62848   0,39  chrome
23:59:51     1000      9642      0,20      0,00 55012336   86856   0,54  chrome
23:59:51     1000     17096     38,20      0,00 6507800  534632   3,29  java

23:59:46      UID       PID   kB_rd/s   kB_wr/s kB_ccwr/s iodelay  Command
23:59:51     1000      5898      0,00      2,40      0,00       0  antigravity
23:59:51     1000      9105      0,00      3,20      0,00       0  chrome
23:59:51     1000     17064      0,00      1,03      0,00       0  pidstat
23:59:51     1000     17096      0,00      4,79      0,00       0  java

23:59:51      UID       PID    %usr %system  %guest   %wait    %CPU   CPU  Command
23:59:56        0        57    0,00    1,00    0,00    0,00    1,00     6  ksoftirqd/6
23:59:56        0        63    0,20    0,00    0,00    0,00    0,20     7  ksoftirqd/7
23:59:56        0        65    0,00    0,20    0,00    0,00    0,20     7  kworker/7:0H-events_highpri
23:59:56        0       175    0,00    0,20    0,00    0,00    0,20     6  kworker/6:1H-events_highpri
23:59:56        0       647    0,00    0,20    0,00    0,00    0,20     0  irq/130-iwlwifi
23:59:56      115       943    0,20    0,00    0,00    0,00    0,20     1  prometheus
23:59:56        0      1081    0,20    0,00    0,00    0,00    0,20     3  NetworkManager
23:59:56        0      1646    0,20    0,00    0,00    0,00    0,20     6  glances
23:59:56        0      1654    0,20    0,20    0,00    0,00    0,40     2  tailscaled
23:59:56        0      1668    0,40    0,00    0,00    0,00    0,40     3  containerd
23:59:56        0      2676    0,60    0,00    0,00    0,00    0,60     7  dockerd
23:59:56      117      2677    0,20    0,60    0,00    0,00    0,80     3  grafana
23:59:56        0      3027    0,20    0,20    0,00    0,00    0,40     0  mount.ntfs-3g
23:59:56        0      3076    0,00    0,20    0,00    0,00    0,20     7  containerd-shim
23:59:56        0      3091    0,20    0,00    0,00    0,00    0,20     3  containerd-shim
23:59:56      999      3241    0,40    0,00    0,00    0,00    0,40     3  redis-server
23:59:56     1000      4211    7,80    7,80    0,00    0,20   15,60     3  gnome-shell
23:59:56     1000      5898    5,00    1,20    0,00    0,20    6,20     7  antigravity
23:59:56     1000      5952    9,60    2,00    0,00    0,40   11,60     2  antigravity
23:59:56     1000      6000    7,40    1,20    0,00    0,20    8,60     7  antigravity
23:59:56     1000      6006    8,00    0,40    0,00    0,20    8,40     0  antigravity
23:59:56     1000      6248    2,40    1,00    0,00    0,20    3,40     1  language_server
23:59:56     1000      6334    0,40    0,00    0,00    0,00    0,40     3  antigravity
23:59:56     1000      6366    0,60    0,20    0,00    0,00    0,80     3  antigravity
23:59:56     1000      6381    0,80    0,00    0,00    0,00    0,80     3  antigravity
23:59:56     1000      6409    0,00    0,20    0,00    0,00    0,20     6  antigravity
23:59:56     1000      6708    1,40    0,80    0,00    0,00    2,20     5  language_server
23:59:56     1000      7203    1,20    1,80    0,00    0,00    3,00     3  language_server
23:59:56        0      8594    0,00    0,60    0,00    0,20    0,60     1  kworker/u33:0-i915_flip
23:59:56     1000      9105    0,20    0,20    0,00    0,00    0,40     1  chrome
23:59:56     1000      9152    0,20    0,00    0,00    0,00    0,20     7  chrome
23:59:56     1000      9202    0,00    0,20    0,00    0,00    0,20     5  chrome
23:59:56     1000      9378    0,80    0,00    0,00    0,00    0,80     5  gnome-terminal-
23:59:56     1000     10899    0,00    0,20    0,00    0,00    0,20     7  antigravity
23:59:56        0     14919    0,00    0,60    0,00    0,60    0,60     6  kworker/6:2-i915-unordered
23:59:56        0     16414    0,00    0,20    0,00    0,00    0,20     5  kworker/u32:2-i915
23:59:56     1000     17064    0,20    0,20    0,00    0,00    0,40     4  pidstat
23:59:56     1000     17096   10,80    0,60    0,00    0,00   11,40     7  java

23:59:51      UID       PID  minflt/s  majflt/s     VSZ     RSS   %MEM  Command
23:59:56        0      3068      3,40      0,00 1235608   15016   0,09  containerd-shim
23:59:56        0      3076      7,40      0,00 1235608   14872   0,09  containerd-shim
23:59:56        0      3091     11,60      0,00 1235608   15532   0,10  containerd-shim
23:59:56        0      3120      2,20      0,00 1235608   14532   0,09  containerd-shim
23:59:56     1000      4211      8,80      0,00 5033128  315544   1,94  gnome-shell
23:59:56     1000      5898    120,80      0,00 1461714124  312204   1,92  antigravity
23:59:56     1000      5952     39,60      0,00 34392108  168240   1,04  antigravity
23:59:56     1000      5963      2,20      0,00 33906396   82640   0,51  antigravity
23:59:56     1000      6000    276,00      0,00 1461388844  428324   2,64  antigravity
23:59:56     1000      6006    319,40      0,00 1459645368  288672   1,78  antigravity
23:59:56     1000      6077      5,40      0,00 1459609232  168940   1,04  antigravity
23:59:56     1000      6289      0,20      0,00 33951332   64440   0,40  antigravity
23:59:56     1000      6302      6,60      0,00 1461347888  121628   0,75  antigravity
23:59:56     1000      6303      0,80      0,00 1461367164  112552   0,69  antigravity
23:59:56     1000      6334     15,80      0,00 1461342992  258692   1,59  antigravity
23:59:56     1000      6366     13,60      0,00 1461351388  384300   2,37  antigravity
23:59:56     1000      6381      2,80      0,00 1461358904  155396   0,96  antigravity
23:59:56     1000      6409      3,60      0,00 1461383736  120364   0,74  antigravity
23:59:56     1000      7325      0,20      0,00 1459530528   86716   0,53  antigravity
23:59:56     1000      9105     17,20      0,00 55447012  385412   2,37  chrome
23:59:56     1000      9152      6,80      0,00 55460652  193140   1,19  chrome
23:59:56     1000      9157      5,00      0,00 54984540  132332   0,82  chrome
23:59:56     1000      9168      0,40      0,00 55021684   62848   0,39  chrome
23:59:56     1000      9642      0,40      0,00 55012336   86856   0,54  chrome
23:59:56     1000      9657    135,20      0,00 1520518576  336244   2,07  chrome
23:59:56     1000     17096     31,60      0,00 6507800  534888   3,30  java

23:59:51      UID       PID   kB_rd/s   kB_wr/s kB_ccwr/s iodelay  Command
23:59:56     1000      5898      0,00     11,20      0,00       0  antigravity
23:59:56     1000      9105      0,00      1,60      0,00       0  chrome
23:59:56     1000     17064      0,00      1,12      0,00       0  pidstat
23:59:56     1000     17096      0,00      3,25      0,00       0  java

23:59:56      UID       PID    %usr %system  %guest   %wait    %CPU   CPU  Command
00:00:01        0        57    0,00    1,20    0,00    0,00    1,20     6  ksoftirqd/6
00:00:01        0        80    0,20    0,00    0,00    0,00    0,20     2  kcompactd0
00:00:01        0       106    0,00    0,20    0,00    0,00    0,20     5  kworker/5:1-events
00:00:01        0      1668    0,20    0,20    0,00    0,00    0,40     3  containerd
00:00:01        0      2676    0,20    0,20    0,00    0,00    0,40     7  dockerd
00:00:01      117      2677    0,60    0,20    0,00    0,00    0,80     4  grafana
00:00:01        0      3027    0,20    0,40    0,00    0,00    0,60     4  mount.ntfs-3g
00:00:01        0      3068    0,00    0,20    0,00    0,00    0,20     0  containerd-shim
00:00:01        0      3075    0,20    0,00    0,00    0,00    0,20     3  containerd-shim
00:00:01        0      3076    0,20    0,20    0,00    0,00    0,40     7  containerd-shim
00:00:01        0      3091    0,00    0,20    0,00    0,00    0,20     3  containerd-shim
00:00:01        0      3120    0,00    0,20    0,00    0,00    0,20     4  containerd-shim
00:00:01      999      3241    0,20    0,40    0,00    0,00    0,60     4  redis-server
00:00:01     1000      4211    2,80   13,00    0,00    0,00   15,80     1  gnome-shell
00:00:01     1000      5898    4,00    1,20    0,00    0,00    5,20     5  antigravity
00:00:01     1000      5952    8,80    2,40    0,00    0,00   11,20     4  antigravity
00:00:01     1000      6000    7,20    0,60    0,00    0,00    7,80     1  antigravity
00:00:01     1000      6006    0,00    0,20    0,00    0,00    0,20     5  antigravity
00:00:01     1000      6248    1,60    1,80    0,00    0,00    3,40     4  language_server
00:00:01     1000      6334    0,60    0,00    0,00    0,00    0,60     5  antigravity
00:00:01     1000      6366    1,20    0,00    0,00    0,00    1,20     3  antigravity
00:00:01     1000      6381    0,80    0,00    0,00    0,00    0,80     6  antigravity
00:00:01     1000      6409    0,20    0,20    0,00    0,00    0,40     6  antigravity
00:00:01     1000      6708    4,40    0,80    0,00    0,00    5,20     5  language_server
00:00:01     1000      7203    1,40    1,40    0,00    0,00    2,80     3  language_server
00:00:01        0      8594    0,00    0,60    0,00    1,00    0,60     2  kworker/u33:0-i915_flip
00:00:01     1000      9105    0,20    0,00    0,00    0,00    0,20     1  chrome
00:00:01     1000      9152    0,20    0,00    0,00    0,00    0,20     7  chrome
00:00:01     1000      9378    0,80    0,00    0,00    0,00    0,80     0  gnome-terminal-
00:00:01     1000      9657    0,20    0,00    0,00    0,00    0,20     1  chrome
00:00:01     1000      9773    0,00    0,20    0,00    0,00    0,20     3  ssh
00:00:01     1000     10899    0,20    0,00    0,00    0,00    0,20     6  antigravity
00:00:01        0     14919    0,00    0,60    0,00    0,80    0,60     6  kworker/6:2-i915-unordered
00:00:01     1000     17064    0,20    0,40    0,00    0,00    0,60     3  pidstat
00:00:01     1000     17096    6,00    0,40    0,00    0,00    6,40     7  java

23:59:56      UID       PID  minflt/s  majflt/s     VSZ     RSS   %MEM  Command
00:00:01        0       906      0,40      0,00    6792    2720   0,02  cron
00:00:01        0      1668      7,40      0,00 2463668   70360   0,43  containerd
00:00:01      114      1776      3,60      0,00  218252   29316   0,18  postgres
00:00:01        0      3068      1,20      0,00 1235608   15016   0,09  containerd-shim
00:00:01        0      3076      0,20      0,00 1235608   14872   0,09  containerd-shim
00:00:01        0      3091      9,80      0,00 1235608   15532   0,10  containerd-shim
00:00:01        0      3120      1,00      0,00 1235608   14532   0,09  containerd-shim
00:00:01     1000      4211      3,00      0,00 5025008  315544   1,94  gnome-shell
00:00:01     1000      5898     38,40      0,00 1461714124  312716   1,93  antigravity
00:00:01     1000      5952     14,80      0,00 34379516  168008   1,04  antigravity
00:00:01     1000      5963      2,60      0,00 33906396   82640   0,51  antigravity
00:00:01     1000      6000    138,00      0,00 1461391020  428772   2,64  antigravity
00:00:01     1000      6006     11,20      0,00 1459645368  288800   1,78  antigravity
00:00:01     1000      6289      0,40      0,00 33951332   64440   0,40  antigravity
00:00:01     1000      6302      6,00      0,00 1461347888  121628   0,75  antigravity
00:00:01     1000      6303      1,80      0,00 1461367164  112552   0,69  antigravity
00:00:01     1000      6334     11,20      0,00 1461342992  258684   1,59  antigravity
00:00:01     1000      6366     33,20      0,00 1461351388  384812   2,37  antigravity
00:00:01     1000      6381      3,00      0,00 1461358904  155396   0,96  antigravity
00:00:01     1000      6409     96,60      0,00 1461383736  120492   0,74  antigravity
00:00:01     1000      9105     12,40      0,00 55447012  385540   2,38  chrome
00:00:01     1000      9152      3,40      0,00 55460652  193140   1,19  chrome
00:00:01     1000      9157    106,00      0,00 54984540  133296   0,82  chrome
00:00:01     1000      9168      0,20      0,00 55021684   62848   0,39  chrome
00:00:01     1000      9642      0,20      0,00 55012336   86856   0,54  chrome
00:00:01     1000     17096      8,80      0,00 6507800  535016   3,30  java
00:00:01     1000     18753     27,40      0,00    2672    1516   0,01  sh
00:00:01     1000     18754     72,00      0,00    7012    3212   0,02  cpuUsage.sh
00:00:01     1000     18762     23,40      0,00    5656    1992   0,01  sleep

23:59:56      UID       PID   kB_rd/s   kB_wr/s kB_ccwr/s iodelay  Command
00:00:01     1000      9105      0,00      1,60      0,00       0  chrome
00:00:01     1000      9157      0,00    204,00      0,00       0  chrome
00:00:01     1000     17064      0,00      1,19      0,00       0  pidstat
00:00:01     1000     17096      0,00      4,85      0,00       0  java

00:00:01      UID       PID    %usr %system  %guest   %wait    %CPU   CPU  Command
00:00:06        0         1    0,20    0,20    0,00    0,00    0,40     0  systemd
00:00:06        0        18    0,00    0,20    0,00    0,00    0,20     0  rcu_preempt
00:00:06        0        57    0,00    1,40    0,00    0,00    1,40     6  ksoftirqd/6
00:00:06        0        86    0,00    0,20    0,00    0,00    0,20     1  irq/9-acpi
00:00:06        0       375    0,00    0,20    0,00    0,00    0,20     4  systemd-journal
00:00:06      990       908    1,00    0,20    0,00    0,00    1,20     5  dbus-daemon
00:00:06      115       942    1,80    0,40    0,00    0,00    2,20     3  prometheus-node
00:00:06      115       943    0,40    0,00    0,00    0,00    0,40     1  prometheus
00:00:06        0      1646    0,20    0,00    0,00    0,00    0,20     6  glances
00:00:06        0      1654    0,60    0,40    0,00    0,00    1,00     3  tailscaled
00:00:06        0      1668    0,20    0,20    0,00    0,00    0,40     3  containerd
00:00:06        0      2676    0,40    0,20    0,00    0,00    0,60     7  dockerd
00:00:06      117      2677    0,60    0,20    0,00    0,00    0,80     6  grafana
00:00:06        0      3027    0,20    0,20    0,00    0,00    0,40     4  mount.ntfs-3g
00:00:06        0      3068    0,20    0,00    0,00    0,00    0,20     0  containerd-shim
00:00:06        0      3075    0,00    0,20    0,00    0,00    0,20     3  containerd-shim
00:00:06      999      3241    0,40    0,00    0,00    0,00    0,40     4  redis-server
00:00:06     1000      4211   10,60    5,40    0,00    0,00   16,00     2  gnome-shell
00:00:06     1000      5898    3,60    1,20    0,00    0,00    4,80     4  antigravity
00:00:06     1000      5952   10,40    1,00    0,00    0,00   11,40     2  antigravity
00:00:06     1000      6000    5,80    1,00    0,00    0,00    6,80     1  antigravity
00:00:06     1000      6006    0,20    0,00    0,00    0,00    0,20     5  antigravity
00:00:06     1000      6248    1,60    1,20    0,00    0,00    2,80     3  language_server
00:00:06     1000      6334    0,60    0,00    0,00    0,00    0,60     1  antigravity
00:00:06     1000      6366    2,20    0,00    0,00    0,00    2,20     1  antigravity
00:00:06     1000      6381    0,60    0,00    0,00    0,00    0,60     4  antigravity
00:00:06     1000      6409    0,40    0,40    0,00    0,00    0,80     2  antigravity
00:00:06     1000      6708    1,20    1,00    0,00    0,00    2,20     5  language_server
00:00:06     1000      7203    5,00    0,40    0,00    0,00    5,40     3  language_server
00:00:06        0      8594    0,00    0,60    0,00    1,60    0,60     4  kworker/u33:0+i915_flip
00:00:06     1000      9152    0,40    0,00    0,00    0,00    0,40     7  chrome
00:00:06     1000      9157    0,20    0,00    0,00    0,20    0,20     4  chrome
00:00:06     1000      9378    1,20    0,00    0,00    0,00    1,20     0  gnome-terminal-
00:00:06        0     13650    0,00    0,20    0,00    0,00    0,20     0  kworker/0:1-events
00:00:06        0     14919    0,00    0,60    0,00    0,80    0,60     6  kworker/6:2-i915-unordered
00:00:06     1000     17064    0,00    0,60    0,00    0,00    0,60     7  pidstat
00:00:06     1000     17096    6,80    1,00    0,00    0,00    7,80     7  java

00:00:01      UID       PID  minflt/s  majflt/s     VSZ     RSS   %MEM  Command
00:00:06        0         1     15,80      0,00   24704   14840   0,09  systemd
00:00:06        0       375     19,00      0,00  163644   83128   0,51  systemd-journal
00:00:06      115       942     54,40      0,00 1614336   25672   0,16  prometheus-node
00:00:06        0      1668      1,60      0,00 2463668   70360   0,43  containerd
00:00:06      117      2677     14,40      0,00 1765740  335976   2,07  grafana
00:00:06        0      3068      6,00      0,00 1235608   15016   0,09  containerd-shim
00:00:06        0      3075      1,20      0,00 1235608   14184   0,09  containerd-shim
00:00:06        0      3076      1,20      0,00 1235608   14872   0,09  containerd-shim
00:00:06        0      3091      0,80      0,00 1235608   15532   0,10  containerd-shim
00:00:06        0      3120      4,00      0,00 1235608   14660   0,09  containerd-shim
00:00:06     1000      4211      8,80      0,00 5033208  315544   1,94  gnome-shell
00:00:06     1000      5898     34,40      0,00 1461714124  312736   1,93  antigravity
00:00:06     1000      5952     23,40      0,00 34369132  167948   1,03  antigravity
00:00:06     1000      5963      0,80      0,00 33906396   82640   0,51  antigravity
00:00:06     1000      6000     50,00      0,00 1461388844  429796   2,65  antigravity
00:00:06     1000      6006     10,00      0,00 1459645368  288928   1,78  antigravity
00:00:06     1000      6289      0,20      0,00 33951332   64440   0,40  antigravity
00:00:06     1000      6302      3,40      0,00 1461347888  121628   0,75  antigravity
00:00:06     1000      6303      1,00      0,00 1461367164  112552   0,69  antigravity
00:00:06     1000      6334     22,80      0,00 1461342992  258808   1,59  antigravity
00:00:06     1000      6366    163,80      0,00 1461351388  385380   2,37  antigravity
00:00:06     1000      6381      2,60      0,00 1461358904  155396   0,96  antigravity
00:00:06     1000      6409     86,20      0,00 1461383736  120620   0,74  antigravity
00:00:06     1000      9105      8,40      0,00 55447012  385540   2,38  chrome
00:00:06     1000      9152      3,40      0,00 55460652  193140   1,19  chrome
00:00:06     1000      9157      2,20      0,00 54984540  132368   0,82  chrome
00:00:06     1000      9168      0,20      0,00 55021684   62848   0,39  chrome
00:00:06     1000      9642      0,20      0,00 55012336   86856   0,54  chrome
00:00:06     1000     17096     16,00      0,00 6507800  535400   3,30  java
00:00:06     1000     18871     27,80      0,00    2672    1604   0,01  sh
00:00:06     1000     18872     71,60      0,00    7012    3276   0,02  cpuUsage.sh
00:00:06     1000     18880     22,80      0,00    5656    1864   0,01  sleep

00:00:01      UID       PID   kB_rd/s   kB_wr/s kB_ccwr/s iodelay  Command
00:00:06     1000     17064      0,00      1,18      0,00       0  pidstat
00:00:06     1000     17096      0,00      4,79      0,00       0  java

00:00:06      UID       PID    %usr %system  %guest   %wait    %CPU   CPU  Command
00:00:11        0        57    0,00    1,40    0,00    0,00    1,40     6  ksoftirqd/6
00:00:11        0       213    0,00    0,20    0,00    0,00    0,20     2  kworker/2:1H-events_highpri
00:00:11        0       224    0,00    0,20    0,00    0,00    0,20     3  kworker/3:1H-events_highpri
00:00:11        0      1646    0,20    0,00    0,00    0,00    0,20     6  glances
00:00:11        0      1668    0,40    0,00    0,00    0,00    0,40     3  containerd
00:00:11        0      2676    0,40    0,00    0,00    0,00    0,40     7  dockerd
00:00:11      117      2677    1,00    0,20    0,00    0,00    1,20     4  grafana
00:00:11        0      3027    0,20    0,40    0,00    0,00    0,60     3  mount.ntfs-3g
00:00:11        0      3075    0,00    0,20    0,00    0,00    0,20     3  containerd-shim
00:00:11        0      3091    0,20    0,00    0,00    0,00    0,20     3  containerd-shim
00:00:11        0      3120    0,20    0,00    0,00    0,00    0,20     4  containerd-shim
00:00:11      999      3241    0,40    0,00    0,00    0,00    0,40     0  redis-server
00:00:11     1000      4211   10,00    5,00    0,00    0,00   15,00     5  gnome-shell
00:00:11     1000      5898    4,00    1,20    0,00    0,00    5,20     4  antigravity
00:00:11     1000      5952    9,20    1,80    0,00    0,00   11,00     5  antigravity
00:00:11     1000      6000    5,40    1,00    0,00    0,00    6,40     2  antigravity
00:00:11     1000      6006    0,20    0,00    0,00    0,00    0,20     5  antigravity
00:00:11     1000      6248    1,20    2,00    0,00    0,00    3,20     4  language_server
00:00:11     1000      6303    0,20    0,00    0,00    0,00    0,20     5  antigravity
00:00:11     1000      6334    0,40    0,40    0,00    0,00    0,80     1  antigravity
00:00:11     1000      6366    0,80    0,20    0,00    0,00    1,00     2  antigravity
00:00:11     1000      6381    0,80    0,20    0,00    0,00    1,00     6  antigravity
00:00:11     1000      6409    0,20    0,00    0,00    0,00    0,20     3  antigravity
00:00:11     1000      6708    1,20    1,20    0,00    0,00    2,40     5  language_server
00:00:11     1000      7203    2,60    0,40    0,00    0,00    3,00     3  language_server
00:00:11        0      8594    0,00    0,80    0,00    1,80    0,80     6  kworker/u33:0-i915_flip
00:00:11     1000      9105    0,20    0,20    0,00    0,00    0,40     2  chrome
00:00:11     1000      9152    0,20    0,00    0,00    0,00    0,20     7  chrome
00:00:11     1000      9202    0,20    0,00    0,00    0,00    0,20     5  chrome
00:00:11     1000      9378    0,80    0,00    0,00    0,00    0,80     5  gnome-terminal-
00:00:11        0     14919    0,00    0,60    0,00    0,60    0,60     6  kworker/6:2-i915-unordered
00:00:11        0     16100    0,20    0,00    0,00    0,00    0,20     1  kworker/1:2-events_power_efficient
00:00:11        0     16414    0,00    0,20    0,00    0,00    0,20     0  kworker/u32:2-writeback
00:00:11     1000     17064    0,20    0,40    0,00    0,00    0,60     3  pidstat
00:00:11     1000     17096    5,00    0,60    0,00    0,00    5,60     7  java

00:00:06      UID       PID  minflt/s  majflt/s     VSZ     RSS   %MEM  Command
00:00:11        0      1668      9,60      0,00 2463668   70488   0,43  containerd
00:00:11      117      2677     11,20      0,00 1765740  335976   2,07  grafana
00:00:11        0      3068      9,60      0,00 1235608   14444   0,09  containerd-shim
00:00:11        0      3075     10,40      0,00 1235608   14152   0,09  containerd-shim
00:00:11        0      3076      8,00      0,00 1235608   14392   0,09  containerd-shim
00:00:11        0      3091      8,00      0,00 1235608   15104   0,09  containerd-shim
00:00:11        0      3120      4,80      0,00 1235608   14108   0,09  containerd-shim
00:00:11       70      3230      4,40      0,00  174540   25788   0,16  postgres
00:00:11     1000      4211      1,60      0,00 5033280  315544   1,94  gnome-shell
00:00:11     1000      5898     40,00      0,00 1461714124  312908   1,93  antigravity
00:00:11     1000      5952      4,60      0,00 34365036  167948   1,03  antigravity
00:00:11     1000      5963      0,80      0,00 33906396   82640   0,51  antigravity
00:00:11     1000      6000     42,40      0,00 1461388844  430564   2,65  antigravity
00:00:11     1000      6006     10,00      0,00 1459645368  289184   1,78  antigravity
00:00:11     1000      6289      0,20      0,00 33951332   64440   0,40  antigravity
00:00:11     1000      6302      3,60      0,00 1461347888  121628   0,75  antigravity
00:00:11     1000      6303      0,80      0,00 1461367164  112552   0,69  antigravity
00:00:11     1000      6334      7,20      0,00 1461342992  258808   1,59  antigravity
00:00:11     1000      6366     17,80      0,00 1461351388  384940   2,37  antigravity
00:00:11     1000      6381      7,40      0,00 1461358904  155268   0,96  antigravity
00:00:11     1000      6409     41,60      0,00 1461383736  120620   0,74  antigravity
00:00:11     1000      9105      9,00      0,00 55447012  385540   2,38  chrome
00:00:11     1000      9152      3,40      0,00 55460652  193140   1,19  chrome
00:00:11     1000      9157      4,00      0,00 54984540  132368   0,82  chrome
00:00:11     1000      9168      0,20      0,00 55021684   62848   0,39  chrome
00:00:11     1000      9642      0,20      0,00 55012336   86856   0,54  chrome
00:00:11     1000      9657     36,00      0,00 1518552496  335780   2,07  chrome
00:00:11     1000     17096     12,80      0,00 6507800  535656   3,30  java

00:00:06      UID       PID   kB_rd/s   kB_wr/s kB_ccwr/s iodelay  Command
00:00:11     1000      9105      0,00      4,80      0,00       0  chrome
00:00:11     1000      9157      0,00      4,80      0,00       0  chrome
00:00:11     1000     17064      0,00      1,24      0,00       0  pidstat
00:00:11     1000     17096      0,00      3,25      0,00       0  java

00:00:11      UID       PID    %usr %system  %guest   %wait    %CPU   CPU  Command
00:00:16        0        57    0,00    1,20    0,00    0,20    1,20     6  ksoftirqd/6
00:00:16        0       175    0,00    0,20    0,00    0,00    0,20     6  kworker/6:1H-events_highpri
00:00:16      115       943    0,20    0,00    0,00    0,00    0,20     1  prometheus
00:00:16        0      1646    0,20    0,00    0,00    0,00    0,20     6  glances
00:00:16        0      1654    0,00    0,20    0,00    0,00    0,20     0  tailscaled
00:00:16        0      1668    0,40    0,00    0,00    0,00    0,40     3  containerd
00:00:16        0      2676    0,20    0,40    0,00    0,00    0,60     7  dockerd
00:00:16      117      2677    2,20    0,20    0,00    0,00    2,40     3  grafana
00:00:16        0      3027    0,20    0,00    0,00    0,00    0,20     5  mount.ntfs-3g
00:00:16        0      3068    0,20    0,00    0,00    0,00    0,20     0  containerd-shim
00:00:16        0      3091    0,00    0,20    0,00    0,00    0,20     3  containerd-shim
00:00:16        0      3120    0,00    0,20    0,00    0,00    0,20     4  containerd-shim
00:00:16      999      3241    0,60    0,00    0,00    0,00    0,60     2  redis-server
00:00:16     1000      4211   10,80    5,00    0,00    0,20   15,80     4  gnome-shell
00:00:16     1000      5898    4,00    1,20    0,00    0,00    5,20     7  antigravity
00:00:16     1000      5952    8,40    2,60    0,00    0,00   11,00     4  antigravity
00:00:16     1000      6000    6,00    0,60    0,00    0,00    6,60     1  antigravity
00:00:16     1000      6006    0,20    0,00    0,00    0,00    0,20     4  antigravity
00:00:16     1000      6248    1,60    1,60    0,00    0,00    3,20     2  language_server
00:00:16     1000      6334    0,40    0,00    0,00    0,00    0,40     5  antigravity
00:00:16     1000      6366   13,60    0,20    0,00    0,00   13,80     4  antigravity
00:00:16     1000      6381    0,40    0,00    0,00    0,00    0,40     6  antigravity
00:00:16     1000      6409    0,20    0,00    0,00    0,00    0,20     0  antigravity
00:00:16     1000      6708    1,40    0,80    0,00    0,00    2,20     5  language_server
00:00:16     1000      7203    1,60    1,40    0,00    0,00    3,00     3  language_server
00:00:16        0      8594    0,00    0,60    0,00    0,40    0,60     6  kworker/u33:0+i915_flip
00:00:16     1000      9105    0,40    0,00    0,00    0,00    0,40     1  chrome
00:00:16     1000      9152    0,20    0,20    0,00    0,00    0,40     7  chrome
00:00:16     1000      9157    0,00    0,20    0,00    0,00    0,20     0  chrome
00:00:16     1000      9378    1,20    0,00    0,00    0,00    1,20     0  gnome-terminal-
00:00:16        0     14919    0,00    0,60    0,00    0,60    0,60     6  kworker/6:2-i915-unordered
00:00:16     1000     17064    0,00    0,20    0,00    0,00    0,20     3  pidstat
00:00:16     1000     17096    8,00    1,00    0,00    0,00    9,00     7  java

00:00:11      UID       PID  minflt/s  majflt/s     VSZ     RSS   %MEM  Command
00:00:16        0      1654      0,40      0,00 1421460  103228   0,64  tailscaled
00:00:16        0      1668      0,20      0,00 2463668   70488   0,43  containerd
00:00:16        0      3068     12,40      0,00 1235608   14700   0,09  containerd-shim
00:00:16        0      3075     11,60      0,00 1235608   14280   0,09  containerd-shim
00:00:16        0      3076     10,20      0,00 1235608   14520   0,09  containerd-shim
00:00:16        0      3091     12,80      0,00 1235608   15104   0,09  containerd-shim
00:00:16        0      3120     10,60      0,00 1235608   14364   0,09  containerd-shim
00:00:16     1000      4211      7,40      0,00 5033216  315544   1,94  gnome-shell
00:00:16     1000      5898     40,00      0,00 1461714124  312384   1,92  antigravity
00:00:16     1000      5952      4,60      0,00 34365036  167948   1,03  antigravity
00:00:16     1000      5963      0,80      0,00 33906396   82640   0,51  antigravity
00:00:16     1000      6000     68,80      0,00 1461388844  431032   2,66  antigravity
00:00:16     1000      6006     11,60      0,00 1459645368  289440   1,78  antigravity
00:00:16     1000      6289      0,20      0,00 33951332   64440   0,40  antigravity
00:00:16     1000      6302      3,20      0,00 1461347888  121628   0,75  antigravity
00:00:16     1000      6303      1,00      0,00 1461367164  112552   0,69  antigravity
00:00:16     1000      6334     11,60      0,00 1461342992  258808   1,59  antigravity
00:00:16     1000      6366    847,00      0,00 1461351388  396100   2,44  antigravity
00:00:16     1000      6381      2,60      0,00 1461358904  155268   0,96  antigravity
00:00:16     1000      6409      5,60      0,00 1461383736  120620   0,74  antigravity
00:00:16     1000      9105     28,00      0,00 55447012  385540   2,38  chrome
00:00:16     1000      9152      6,80      0,00 55460652  193140   1,19  chrome
00:00:16     1000      9157      5,00      0,00 54984540  132368   0,82  chrome
00:00:16     1000      9168      0,40      0,00 55021684   62848   0,39  chrome
00:00:16     1000      9642      0,40      0,00 55012336   86856   0,54  chrome
00:00:16     1000      9657      0,00      0,00 1518552496  333856   2,06  chrome
00:00:16     1000     17096     15,00      0,00 6507800  535784   3,30  java

00:00:11      UID       PID   kB_rd/s   kB_wr/s kB_ccwr/s iodelay  Command
00:00:16     1000      9105      0,00     13,60      0,00       0  chrome
00:00:16     1000     17064      0,00      1,18      0,00       0  pidstat
00:00:16     1000     17096      0,00      3,25      0,00       0  java

00:00:16      UID       PID    %usr %system  %guest   %wait    %CPU   CPU  Command
00:00:21        0         1    0,20    0,20    0,00    0,00    0,40     2  systemd
00:00:21        0        57    0,00    1,00    0,00    0,00    1,00     6  ksoftirqd/6
00:00:21      990       908    0,80    0,20    0,00    0,00    1,00     6  dbus-daemon
00:00:21      115       942    1,60    0,60    0,00    0,00    2,20     4  prometheus-node
00:00:21      115       943    0,20    0,20    0,00    0,00    0,40     1  prometheus
00:00:21        0      1668    0,20    0,20    0,00    0,00    0,40     3  containerd
00:00:21        0      2676    0,40    0,00    0,00    0,00    0,40     7  dockerd
00:00:21      117      2677    0,80    0,00    0,00    0,00    0,80     4  grafana
00:00:21        0      3027    0,20    0,40    0,00    0,00    0,60     5  mount.ntfs-3g
00:00:21        0      3068    0,00    0,20    0,00    0,00    0,20     0  containerd-shim
00:00:21        0      3076    0,20    0,20    0,00    0,00    0,40     7  containerd-shim
00:00:21        0      3091    0,20    0,00    0,00    0,00    0,20     3  containerd-shim
00:00:21      999      3241    0,40    0,00    0,00    0,00    0,40     7  redis-server
00:00:21     1000      4211    8,60    7,20    0,00    0,00   15,80     5  gnome-shell
00:00:21     1000      5898    3,80    1,60    0,00    0,00    5,40     5  antigravity
00:00:21     1000      5952    9,00    1,80    0,00    0,00   10,80     0  antigravity
00:00:21     1000      6000    6,00    0,60    0,00    0,00    6,60     7  antigravity
00:00:21     1000      6248    4,20    1,00    0,00    0,00    5,20     4  language_server
00:00:21     1000      6334    0,40    0,00    0,00    0,00    0,40     4  antigravity
00:00:21     1000      6366    0,80    0,20    0,00    0,00    1,00     5  antigravity
00:00:21     1000      6381    0,40    0,40    0,00    0,00    0,80     4  antigravity
00:00:21     1000      6409    0,00    0,20    0,00    0,00    0,20     0  antigravity
00:00:21     1000      6708    1,80    0,60    0,00    0,00    2,40     5  language_server
00:00:21     1000      7203    1,00    1,60    0,00    0,00    2,60     3  language_server
00:00:21        0      8594    0,00    0,60    0,00    1,60    0,60     6  kworker/u33:0+i915_flip
00:00:21     1000      9105    0,20    0,00    0,00    0,00    0,20     1  chrome
00:00:21     1000      9152    0,40    0,00    0,00    0,00    0,40     4  chrome
00:00:21     1000      9378    0,60    0,00    0,00    0,00    0,60     1  gnome-terminal-
00:00:21     1000      9657    0,20    0,00    0,00    0,00    0,20     7  chrome
00:00:21        0     13447    0,20    0,00    0,00    0,00    0,20     7  kworker/7:2-events
00:00:21        0     14919    0,00    0,60    0,00    0,60    0,60     6  kworker/6:2-i915-unordered
00:00:21        0     17005    0,20    0,00    0,00    0,00    0,20     4  kworker/4:2-events
00:00:21     1000     17064    0,20    0,40    0,00    0,00    0,60     3  pidstat
00:00:21     1000     17096   15,80    0,40    0,00    0,00   16,20     7  java

00:00:16      UID       PID  minflt/s  majflt/s     VSZ     RSS   %MEM  Command
00:00:21        0         1     19,40      0,00   24704   14840   0,09  systemd
00:00:21      115       942     99,40      0,00 1614336   25708   0,16  prometheus-node
00:00:21      115       943     11,40      0,00 2610260  108484   0,67  prometheus
00:00:21      114      1776      2,40      0,00  218252   29316   0,18  postgres
00:00:21        0      3068     15,40      0,00 1235608   14828   0,09  containerd-shim
00:00:21        0      3075     15,00      0,00 1235608   14408   0,09  containerd-shim
00:00:21        0      3076     15,80      0,00 1235608   14648   0,09  containerd-shim
00:00:21        0      3091     15,40      0,00 1235608   15360   0,09  containerd-shim
00:00:21        0      3120     12,40      0,00 1235608   14492   0,09  containerd-shim
00:00:21     1000      4211      3,00      0,00 5033280  315544   1,94  gnome-shell
00:00:21     1000      5898     64,00      0,00 1461714124  312864   1,93  antigravity
00:00:21     1000      5952      8,80      0,00 34365036  167948   1,03  antigravity
00:00:21     1000      5963      3,00      0,00 33906396   82640   0,51  antigravity
00:00:21     1000      6000     50,00      0,00 1461388844  431928   2,66  antigravity
00:00:21     1000      6006     17,60      0,00 1459645368  289696   1,78  antigravity
00:00:21     1000      6289      0,40      0,00 33951332   64440   0,40  antigravity
00:00:21     1000      6302      6,60      0,00 1461347888  121628   0,75  antigravity
00:00:21     1000      6303      1,60      0,00 1461367164  112552   0,69  antigravity
00:00:21     1000      6334      9,20      0,00 1461342992  258936   1,60  antigravity
00:00:21     1000      6366     32,20      0,00 1461351388  395964   2,44  antigravity
00:00:21     1000      6381      2,80      0,00 1461358904  155396   0,96  antigravity
00:00:21     1000      6409      2,80      0,00 1461383736  120620   0,74  antigravity
00:00:21     1000      9105      7,80      0,00 55447012  385540   2,38  chrome
00:00:21     1000      9152      3,40      0,00 55460652  193140   1,19  chrome
00:00:21     1000      9157      3,00      0,00 54984540  132368   0,82  chrome
00:00:21     1000      9168      0,20      0,00 55021684   62848   0,39  chrome
00:00:21     1000      9642      0,20      0,00 55012336   86856   0,54  chrome
00:00:21     1000     17096     17,80      0,00 6507800  536168   3,30  java

00:00:16      UID       PID   kB_rd/s   kB_wr/s kB_ccwr/s iodelay  Command
00:00:21     1000      5963      0,00      3,20      0,00       0  antigravity
00:00:21     1000     17064      0,00      1,10      0,00       0  pidstat
00:00:21     1000     17096      0,00      3,25      0,00       0  java

00:00:21      UID       PID    %usr %system  %guest   %wait    %CPU   CPU  Command
00:00:26        0         1    0,20    0,20    0,00    0,00    0,40     5  systemd
00:00:26        0        17    0,20    0,00    0,00    0,00    0,20     0  ksoftirqd/0
00:00:26        0        27    0,20    0,00    0,00    0,00    0,20     1  ksoftirqd/1
00:00:26        0        33    0,20    0,00    0,00    0,00    0,20     2  ksoftirqd/2
00:00:26        0        39    0,20    0,00    0,00    0,00    0,20     3  ksoftirqd/3
00:00:26        0        57    0,00    1,20    0,00    0,00    1,20     6  ksoftirqd/6
00:00:26        0       214    0,00    0,20    0,00    0,00    0,20     1  kworker/1:1H-events_highpri
00:00:26        0       435    0,00    0,20    0,00    0,00    0,20     2  systemd-udevd
00:00:26      990       908    0,60    0,00    0,00    0,20    0,60     3  dbus-daemon
00:00:26        0       955    0,00    0,20    0,00    0,00    0,20     2  udisksd
00:00:26        0      1081    0,00    0,20    0,00    0,00    0,20     3  NetworkManager
00:00:26        0      1646    0,20    0,00    0,00    0,00    0,20     6  glances
00:00:26        0      1654    0,00    0,40    0,00    0,00    0,40     2  tailscaled
00:00:26        0      1668    1,20    0,00    0,00    0,00    1,20     3  containerd
00:00:26        0      2676    0,80    1,00    0,00    0,00    1,80     7  dockerd
00:00:26      117      2677    0,40    0,20    0,00    0,20    0,60     4  grafana
00:00:26        0      3027    0,40    0,00    0,00    0,00    0,40     1  mount.ntfs-3g
00:00:26        0      3075    0,20    0,20    0,00    0,00    0,40     3  containerd-shim
00:00:26        0      3120    0,00    0,20    0,00    0,00    0,20     4  containerd-shim
00:00:26      999      3241    0,40    0,00    0,00    0,00    0,40     3  redis-server
00:00:26     1000      3918    0,20    0,20    0,00    0,00    0,40     6  systemd
00:00:26     1000      4002    0,20    0,00    0,00    0,00    0,20     7  dbus-daemon
00:00:26     1000      4211    9,40    7,20    0,00    0,20   16,60     2  gnome-shell
00:00:26     1000      4512    0,20    0,00    0,00    0,00    0,20     5  gnome-software
00:00:26     1000      4757    0,00    0,20    0,00    0,00    0,20     3  gvfs-udisks2-vo
00:00:26     1000      4808    0,20    0,00    0,00    0,00    0,20     5  goa-daemon
00:00:26        0      4928    0,00    0,20    0,00    0,00    0,20     3  kworker/u32:9-writeback
00:00:26        0      5233    0,20    0,00    0,00    0,00    0,20     0  fwupd
00:00:26     1000      5898    3,80    1,40    0,00    0,20    5,20     3  antigravity
00:00:26     1000      5952    9,60    1,60    0,00    0,20   11,20     2  antigravity
00:00:26     1000      6000   15,60    1,00    0,00    0,20   16,60     3  antigravity
00:00:26     1000      6006    0,20    0,00    0,00    0,00    0,20     5  antigravity
00:00:26     1000      6248    1,60    1,60    0,00    0,00    3,20     6  language_server
00:00:26     1000      6302    0,20    0,00    0,00    0,00    0,20     7  antigravity
00:00:26     1000      6303    0,00    0,20    0,00    0,00    0,20     0  antigravity
00:00:26     1000      6334    0,60    0,20    0,00    0,00    0,80     7  antigravity
00:00:26     1000      6366    0,80    0,20    0,00    0,00    1,00     6  antigravity
00:00:26     1000      6381    0,60    0,00    0,00    0,00    0,60     6  antigravity
00:00:26     1000      6409    0,20    0,20    0,00    0,20    0,40     4  antigravity
00:00:26     1000      6708    1,60    0,60    0,00    0,00    2,20     5  language_server
00:00:26     1000      7203    1,40    1,40    0,00    0,00    2,80     3  language_server
00:00:26        0      8594    0,00    0,60    0,00    2,20    0,60     5  kworker/u33:0-i915_flip
00:00:26     1000      9105    0,00    0,20    0,00    0,00    0,20     1  chrome
00:00:26     1000      9152    0,20    0,00    0,00    0,00    0,20     7  chrome
00:00:26     1000      9378    0,60    0,00    0,00    0,00    0,60     0  gnome-terminal-
00:00:26     1000     10899    0,20    0,00    0,00    0,00    0,20     4  antigravity
00:00:26        0     14919    0,00    0,80    0,00    1,00    0,80     6  kworker/6:2-i915-unordered
00:00:26     1000     17064    0,40    0,40    0,00    0,00    0,80     0  pidstat
00:00:26     1000     17096   10,80    0,80    0,00    0,00   11,60     7  java

00:00:21      UID       PID  minflt/s  majflt/s     VSZ     RSS   %MEM  Command
00:00:26        0         1     30,00      0,00   24704   14840   0,09  systemd
00:00:26        0       375     35,80      0,00  163644   83128   0,51  systemd-journal
00:00:26        0       435     85,60      0,00   37432   10756   0,07  systemd-udevd
00:00:26        0      1668     37,80      0,00 2463668   70836   0,44  containerd
00:00:26      114      1776      1,20      0,00  218252   29316   0,18  postgres
00:00:26        0      2676      0,60      0,00 3358484  107504   0,66  dockerd
00:00:26        0      3068      2,00      0,00 1235608   14828   0,09  containerd-shim
00:00:26        0      3075      7,40      0,00 1235608   14664   0,09  containerd-shim
00:00:26        0      3076      8,80      0,00 1235608   14648   0,09  containerd-shim
00:00:26        0      3091      8,80      0,00 1235608   15616   0,10  containerd-shim
00:00:26        0      3120     12,20      0,00 1235608   14748   0,09  containerd-shim
00:00:26     1000      4211      7,60      0,00 5025024  315544   1,94  gnome-shell
00:00:26     1000      5898     34,40      0,00 1461714124  312692   1,93  antigravity
00:00:26     1000      5952      5,40      0,00 34365164  167948   1,03  antigravity
00:00:26     1000      5963      0,80      0,00 33906396   82640   0,51  antigravity
00:00:26     1000      6000    183,20      0,00 1461388908  424216   2,61  antigravity
00:00:26     1000      6006     17,80      0,00 1459645432  290080   1,79  antigravity
00:00:26     1000      6289      0,20      0,00 33951332   64440   0,40  antigravity
00:00:26     1000      6302      4,20      0,00 1461347888  121628   0,75  antigravity
00:00:26     1000      6303      1,60      0,00 1461367164  112552   0,69  antigravity
00:00:26     1000      6334     14,20      0,00 1461342992  258808   1,59  antigravity
00:00:26     1000      6366      7,80      0,00 1461351388  395536   2,44  antigravity
00:00:26     1000      6381      9,60      0,00 1461358904  155396   0,96  antigravity
00:00:26     1000      6409      7,80      0,00 1461383736  120488   0,74  antigravity
00:00:26     1000      9105      9,00      0,00 55447012  385540   2,38  chrome
00:00:26     1000      9152      3,40      0,00 55460652  193140   1,19  chrome
00:00:26     1000      9157      3,60      0,00 54984540  132368   0,82  chrome
00:00:26     1000      9168      0,20      0,00 55021684   62848   0,39  chrome
00:00:26     1000      9642      0,20      0,00 55012336   86856   0,54  chrome
00:00:26     1000     17096    135,40      0,00 6507800  533504   3,29  java
00:00:26        0     18938     51,60      0,00   37436    6968   0,04  (udev-worker)
00:00:26        0     18946     25,80      0,00   37436    6776   0,04  (udev-worker)
00:00:26        0     18947     25,80      0,00   37436    6776   0,04  (udev-worker)
00:00:26        0     18949     25,20      0,00   37436    6648   0,04  (udev-worker)
00:00:26        0     18950     25,20      0,00   37436    6648   0,04  (udev-worker)
00:00:26        0     18952     26,20      0,00   37436    6648   0,04  (udev-worker)
00:00:26        0     18953     26,00      0,00   37436    6648   0,04  (udev-worker)
00:00:26        0     18954     26,20      0,00   37436    6776   0,04  (udev-worker)
00:00:26        0     18956     59,00      0,00   37436    7032   0,04  (udev-worker)
00:00:26        0     18957     26,00      0,00   37436    6776   0,04  (udev-worker)
00:00:26        0     18958     26,40      0,00   37436    6648   0,04  (udev-worker)
00:00:26        0     18959     26,40      0,00   37436    6776   0,04  (udev-worker)
00:00:26        0     18961     36,00      0,00   37436    6648   0,04  (udev-worker)
00:00:26        0     18962     25,80      0,00   37436    6648   0,04  (udev-worker)
00:00:26        0     18963     26,20      0,00   37436    6776   0,04  (udev-worker)
00:00:26        0     18964     25,60      0,00   37436    6648   0,04  (udev-worker)

00:00:21      UID       PID   kB_rd/s   kB_wr/s kB_ccwr/s iodelay  Command
00:00:26     1000      9105      0,00      1,60      0,00       0  chrome
00:00:26     1000     17064      0,00      1,14      0,00       0  pidstat
00:00:26     1000     17096      0,00      4,79      0,00       0  java

00:00:26      UID       PID    %usr %system  %guest   %wait    %CPU   CPU  Command
00:00:31        0        18    0,00    0,20    0,00    0,20    0,20     5  rcu_preempt
00:00:31        0        57    0,00    1,40    0,00    0,00    1,40     6  ksoftirqd/6
00:00:31        0       435    0,20    0,00    0,00    0,00    0,20     2  systemd-udevd
00:00:31      115       943    0,20    0,00    0,00    0,00    0,20     1  prometheus
00:00:31        0      1654    0,20    0,00    0,00    0,00    0,20     3  tailscaled
00:00:31        0      1668    0,20    0,20    0,00    0,00    0,40     3  containerd
00:00:31        0      1673    0,20    0,00    0,00    0,00    0,20     4  anydesk
00:00:31        0      2676    0,60    0,20    0,00    0,00    0,80     7  dockerd
00:00:31      117      2677    0,60    0,40    0,00    0,00    1,00     6  grafana
00:00:31        0      3027    0,20    0,40    0,00    0,00    0,60     7  mount.ntfs-3g
00:00:31        0      3068    0,20    0,00    0,00    0,00    0,20     0  containerd-shim
00:00:31        0      3076    0,20    0,00    0,00    0,00    0,20     7  containerd-shim
00:00:31        0      3091    0,00    0,20    0,00    0,00    0,20     3  containerd-shim
00:00:31      999      3241    0,60    0,00    0,00    0,00    0,60     0  redis-server
00:00:31     1000      4211   10,60    4,80    0,00    0,20   15,40     4  gnome-shell
00:00:31     1000      5898    3,60    1,80    0,00    0,00    5,40     5  antigravity
00:00:31     1000      5952   10,20    1,40    0,00    0,00   11,60     4  antigravity
00:00:31     1000      6000    7,20    0,60    0,00    0,00    7,80     7  antigravity
00:00:31     1000      6006    0,20    0,00    0,00    0,00    0,20     5  antigravity
00:00:31     1000      6248    1,20    1,40    0,00    0,00    2,60     0  language_server
00:00:31     1000      6334    0,40    0,00    0,00    0,00    0,40     7  antigravity
00:00:31     1000      6366    0,80    0,20    0,00    0,20    1,00     5  antigravity
00:00:31     1000      6381    1,00    0,00    0,00    0,00    1,00     0  antigravity
00:00:31     1000      6409    0,20    0,20    0,00    0,00    0,40     7  antigravity
00:00:31     1000      6708    1,60    0,80    0,00    0,00    2,40     5  language_server
00:00:31     1000      7203    1,80    1,00    0,00    0,00    2,80     3  language_server
00:00:31        0      8594    0,00    0,60    0,00    0,60    0,60     7  kworker/u33:0+i915_flip
00:00:31     1000      9105    0,60    1,40    0,00    0,00    2,00     3  chrome
00:00:31     1000      9152    0,40    0,00    0,00    0,00    0,40     7  chrome
00:00:31     1000      9210    0,20    0,00    0,00    0,00    0,20     7  chrome
00:00:31     1000      9378    1,20    0,00    0,00    0,00    1,20     2  gnome-terminal-
00:00:31     1000      9642    0,00    0,20    0,00    0,00    0,20     0  chrome
00:00:31        0     14919    0,00    0,60    0,00    0,80    0,60     6  kworker/6:2-i915-unordered
00:00:31     1000     17064    0,00    0,40    0,00    0,00    0,40     2  pidstat
00:00:31     1000     17096   18,20    1,80    0,00    0,00   20,00     7  java
00:00:31        0     17860    0,20    0,00    0,00    0,00    0,20     3  kworker/3:0-events

00:00:26      UID       PID  minflt/s  majflt/s     VSZ     RSS   %MEM  Command
00:00:31        0       435      1,60      0,00   37432   10756   0,07  systemd-udevd
00:00:31        0      1668      2,80      0,00 2463668   70836   0,44  containerd
00:00:31        0      2676      2,80      0,00 3358484  107632   0,66  dockerd
00:00:31        0      3068      3,40      0,00 1235608   14956   0,09  containerd-shim
00:00:31        0      3075      4,00      0,00 1235608   14664   0,09  containerd-shim
00:00:31        0      3076      7,00      0,00 1235608   14776   0,09  containerd-shim
00:00:31        0      3091      6,40      0,00 1235608   15744   0,10  containerd-shim
00:00:31        0      3120      1,20      0,00 1235608   14748   0,09  containerd-shim
00:00:31     1000      4211      3,40      0,00 5033216  315544   1,94  gnome-shell
00:00:31     1000      5898     38,40      0,00 1461714124  312488   1,93  antigravity
00:00:31     1000      5952     12,60      0,00 34379516  167948   1,03  antigravity
00:00:31     1000      5963      0,80      0,00 33906396   82640   0,51  antigravity
00:00:31     1000      6000    144,20      0,00 1461391020  424512   2,62  antigravity
00:00:31     1000      6006     18,40      0,00 1459645432  290592   1,79  antigravity
00:00:31     1000      6289      0,20      0,00 33951332   64440   0,40  antigravity
00:00:31     1000      6302      3,20      0,00 1461347888  121628   0,75  antigravity
00:00:31     1000      6303      1,00      0,00 1461367164  112552   0,69  antigravity
00:00:31     1000      6334     10,00      0,00 1461342992  258936   1,60  antigravity
00:00:31     1000      6366     40,60      0,00 1461351388  395508   2,44  antigravity
00:00:31     1000      6381      4,80      0,00 1461358904  155524   0,96  antigravity
00:00:31     1000      6409     85,00      0,00 1461383736  120488   0,74  antigravity
00:00:31     1000      9105    165,00      0,00 55447012  386380   2,38  chrome
00:00:31     1000      9152     19,60      0,00 55460652  193396   1,19  chrome
00:00:31     1000      9157     11,60      0,00 54984540  132368   0,82  chrome
00:00:31     1000      9168      5,60      0,00 55021684   62976   0,39  chrome
00:00:31     1000      9202      0,40      0,00 1518493880  150988   0,93  chrome
00:00:31     1000      9335      0,20      0,00 1518471656  109576   0,68  chrome
00:00:31     1000      9642      3,40      0,00 55012336   86856   0,54  chrome
00:00:31     1000      9657      9,40      0,00 1518552496  333984   2,06  chrome
00:00:31     1000      9668      0,40      0,00 1518496488  120816   0,74  chrome
00:00:31     1000     17096    418,00      0,00 6507800  588980   3,63  java
00:00:31     1000     19057     27,80      0,00    2672    1620   0,01  sh
00:00:31     1000     19058     70,60      0,00    7012    3308   0,02  cpuUsage.sh
00:00:31     1000     19066     24,00      0,00    5656    2160   0,01  sleep

00:00:26      UID       PID   kB_rd/s   kB_wr/s kB_ccwr/s iodelay  Command
00:00:31     1000      9105      0,00     50,40      0,00       0  chrome
00:00:31     1000     17064      0,00      1,69      0,00       0  pidstat
00:00:31     1000     17096      0,00      3,31      0,00       0  java

00:00:31      UID       PID    %usr %system  %guest   %wait    %CPU   CPU  Command
00:00:36        0         1    0,20    0,00    0,00    0,00    0,20     6  systemd
00:00:36        0        57    0,00    1,00    0,00    0,00    1,00     6  ksoftirqd/6
00:00:36        0        86    0,00    0,20    0,00    0,00    0,20     1  irq/9-acpi
00:00:36        0        95    0,00    0,20    0,00    0,00    0,20     4  kworker/4:1H-events_highpri
00:00:36      990       908    0,80    0,00    0,00    0,00    0,80     4  dbus-daemon
00:00:36      115       942    1,00    0,80    0,00    0,00    1,80     4  prometheus-node
00:00:36      115       943    0,20    0,00    0,00    0,00    0,20     1  prometheus
00:00:36        0      1646    0,20    0,00    0,00    0,00    0,20     6  glances
00:00:36        0      1654    0,00    0,20    0,00    0,00    0,20     2  tailscaled
00:00:36        0      1668    0,20    0,20    0,00    0,00    0,40     3  containerd
00:00:36        0      1673    0,00    0,20    0,00    0,00    0,20     1  anydesk
00:00:36      111      1761    0,20    0,00    0,00    0,00    0,20     6  mariadbd
00:00:36        0      2676    0,20    0,20    0,00    0,00    0,40     7  dockerd
00:00:36      117      2677    0,60    0,00    0,00    0,00    0,60     6  grafana
00:00:36        0      3027    0,40    0,20    0,00    0,00    0,60     3  mount.ntfs-3g
00:00:36        0      3091    0,20    0,00    0,00    0,00    0,20     3  containerd-shim
00:00:36        0      3120    0,20    0,00    0,00    0,00    0,20     4  containerd-shim
00:00:36      999      3241    0,40    0,00    0,00    0,00    0,40     0  redis-server
00:00:36     1000      4211   10,40    5,80    0,00    0,00   16,20     5  gnome-shell
00:00:36     1000      4525    0,20    0,00    0,00    0,00    0,20     3  gsd-sharing
00:00:36     1000      5898    3,40    2,00    0,00    0,00    5,40     4  antigravity
00:00:36     1000      5952    9,00    1,80    0,00    0,00   10,80     2  antigravity
00:00:36     1000      6000    5,60    1,00    0,00    0,00    6,60     0  antigravity
00:00:36     1000      6006    0,20    0,00    0,00    0,00    0,20     5  antigravity
00:00:36     1000      6248    1,80    1,20    0,00    0,00    3,00     0  language_server
00:00:36     1000      6334    0,40    0,20    0,00    0,00    0,60     0  antigravity
00:00:36     1000      6366    0,40    0,40    0,00    0,00    0,80     1  antigravity
00:00:36     1000      6381    0,80    0,00    0,00    0,00    0,80     4  antigravity
00:00:36     1000      6409    0,20    0,20    0,00    0,00    0,40     4  antigravity
00:00:36     1000      6708    1,40    0,80    0,00    0,00    2,20     5  language_server
00:00:36     1000      7203    2,00    0,80    0,00    0,00    2,80     3  language_server
00:00:36        0      8594    0,00    0,80    0,00    0,80    0,80     6  kworker/u33:0+i915_flip
00:00:36     1000      9105    0,20    0,20    0,00    0,00    0,40     3  chrome
00:00:36     1000      9152    0,20    0,20    0,00    0,00    0,40     7  chrome
00:00:36     1000      9157    0,20    0,00    0,00    0,00    0,20     7  chrome
00:00:36     1000      9378    0,80    0,00    0,00    0,00    0,80     5  gnome-terminal-
00:00:36     1000      9642    0,20    0,00    0,00    0,00    0,20     1  chrome
00:00:36        0     14919    0,00    0,80    0,00    0,80    0,80     6  kworker/6:2-i915-unordered
00:00:36     1000     17064    0,20    0,40    0,00    0,00    0,60     1  pidstat
00:00:36     1000     17096   12,40    0,40    0,00    0,00   12,80     7  java

00:00:31      UID       PID  minflt/s  majflt/s     VSZ     RSS   %MEM  Command
00:00:36      115       942     79,40      0,00 1614336   25108   0,15  prometheus-node
00:00:36      115       943      4,20      0,00 2610260  108484   0,67  prometheus
00:00:36        0      1668      1,60      0,00 2463668   70964   0,44  containerd
00:00:36        0      3068      7,00      0,00 1235608   15084   0,09  containerd-shim
00:00:36        0      3075     10,00      0,00 1235608   14616   0,09  containerd-shim
00:00:36        0      3076      1,40      0,00 1235608   14904   0,09  containerd-shim
00:00:36        0      3091      6,60      0,00 1235608   15460   0,10  containerd-shim
00:00:36        0      3120      0,20      0,00 1235608   14748   0,09  containerd-shim
00:00:36     1000      4211      8,80      0,00 5033280  315544   1,94  gnome-shell
00:00:36     1000      5898     38,80      0,00 1461714124  312128   1,92  antigravity
00:00:36     1000      5952     22,60      0,00 34368940  167628   1,03  antigravity
00:00:36     1000      5963      0,80      0,00 33906396   82640   0,51  antigravity
00:00:36     1000      6000     47,00      0,00 1461388844  425152   2,62  antigravity
00:00:36     1000      6006     17,40      0,00 1459645432  290976   1,79  antigravity
00:00:36     1000      6289      0,20      0,00 33951332   64440   0,40  antigravity
00:00:36     1000      6302      3,20      0,00 1461347888  121628   0,75  antigravity
00:00:36     1000      6303      0,80      0,00 1461367164  112552   0,69  antigravity
00:00:36     1000      6334      8,60      0,00 1461342992  258936   1,60  antigravity
00:00:36     1000      6366      7,60      0,00 1461351388  395636   2,44  antigravity
00:00:36     1000      6381      3,00      0,00 1461358904  155524   0,96  antigravity
00:00:36     1000      6409     98,00      0,00 1461383736  120352   0,74  antigravity
00:00:36     1000      9105      0,80      0,00 55447012  385432   2,37  chrome
00:00:36     1000      9152      3,60      0,00 55460652  193264   1,19  chrome
00:00:36     1000      9157      3,00      0,00 54984540  132368   0,82  chrome
00:00:36     1000      9168      0,20      0,00 55021684   62976   0,39  chrome
00:00:36     1000      9642      0,20      0,00 55012336   86856   0,54  chrome
00:00:36     1000     17064      0,80      0,00    6316    5400   0,03  pidstat
00:00:36     1000     17096     15,20      0,00 6507800  584148   3,60  java
00:00:36     1000     19084     27,60      0,00    2672    1592   0,01  sh
00:00:36     1000     19085     72,20      0,00    7012    3204   0,02  cpuUsage.sh
00:00:36     1000     19093     24,00      0,00    5656    2160   0,01  sleep

00:00:31      UID       PID   kB_rd/s   kB_wr/s kB_ccwr/s iodelay  Command
00:00:36     1000      9105      0,00      1,60      0,00       0  chrome
00:00:36     1000     17064      0,00      1,26      0,00       0  pidstat
00:00:36     1000     17096      0,00      3,25      0,00       0  java

00:00:36      UID       PID    %usr %system  %guest   %wait    %CPU   CPU  Command
00:00:41        0        57    0,00    1,40    0,00    0,00    1,40     6  ksoftirqd/6
00:00:41        0        65    0,00    0,20    0,00    0,00    0,20     7  kworker/7:0H-events_highpri
00:00:41        0        73    0,00    0,20    0,00    0,00    0,20     0  kworker/u32:7-events_unbound
00:00:41        0       647    0,00    0,20    0,00    0,00    0,20     0  irq/130-iwlwifi
00:00:41        0      1646    0,20    0,00    0,00    0,00    0,20     6  glances
00:00:41        0      1668    0,40    0,00    0,00    0,00    0,40     3  containerd
00:00:41        0      2676    0,20    0,20    0,00    0,00    0,40     7  dockerd
00:00:41      117      2677    0,80    0,20    0,00    0,00    1,00     0  grafana
00:00:41        0      3027    0,20    0,40    0,00    0,00    0,60     6  mount.ntfs-3g
00:00:41        0      3068    0,20    0,00    0,00    0,00    0,20     0  containerd-shim
00:00:41        0      3075    0,20    0,00    0,00    0,00    0,20     3  containerd-shim
00:00:41        0      3076    0,20    0,00    0,00    0,00    0,20     7  containerd-shim
00:00:41        0      3091    0,20    0,00    0,00    0,00    0,20     3  containerd-shim
00:00:41        0      3120    0,20    0,00    0,00    0,00    0,20     4  containerd-shim
00:00:41      999      3241    0,40    0,00    0,00    0,00    0,40     0  redis-server
00:00:41     1000      4211    6,80    8,60    0,00    0,00   15,40     1  gnome-shell
00:00:41     1000      5898    4,20    0,80    0,00    0,00    5,00     3  antigravity
00:00:41     1000      5952    8,40    2,80    0,00    0,00   11,20     0  antigravity
00:00:41     1000      6000    5,20    1,20    0,00    0,00    6,40     6  antigravity
00:00:41     1000      6248    1,80    1,00    0,00    0,00    2,80     0  language_server
00:00:41     1000      6334    0,60    0,00    0,00    0,00    0,60     1  antigravity
00:00:41     1000      6366    0,60    0,00    0,00    0,00    0,60     3  antigravity
00:00:41     1000      6381    0,80    0,00    0,00    0,00    0,80     5  antigravity
00:00:41     1000      6409    0,20    0,00    0,00    0,00    0,20     3  antigravity
00:00:41     1000      6708    1,00    1,20    0,00    0,00    2,20     5  language_server
00:00:41     1000      7203    1,60    1,00    0,00    0,00    2,60     3  language_server
00:00:41        0      8594    0,00    0,60    0,00    1,40    0,60     6  kworker/u33:0+i915_flip
00:00:41     1000      9152    0,20    0,00    0,00    0,00    0,20     7  chrome
00:00:41     1000      9210    0,00    0,20    0,00    0,00    0,20     4  chrome
00:00:41     1000      9335    0,00    0,20    0,00    0,00    0,20     2  chrome
00:00:41     1000      9378    1,20    0,00    0,00    0,00    1,20     5  gnome-terminal-
00:00:41     1000      9668    0,20    0,00    0,00    0,00    0,20     3  chrome
00:00:41        0     14919    0,00    0,60    0,00    0,60    0,60     6  kworker/6:2-i915-unordered
00:00:41     1000     17064    0,20    0,40    0,00    0,00    0,60     4  pidstat
00:00:41     1000     17096   19,20    0,80    0,00    0,00   20,00     7  java

00:00:36      UID       PID  minflt/s  majflt/s     VSZ     RSS   %MEM  Command
00:00:41      115       943      5,60      0,00 2610260  108484   0,67  prometheus
00:00:41        0      1668      0,60      0,00 2463668   70964   0,44  containerd
00:00:41      117      2677      0,20      0,00 1765740  335976   2,07  grafana
00:00:41        0      3068      8,80      0,00 1235608   14612   0,09  containerd-shim
00:00:41        0      3075      6,80      0,00 1235608   14132   0,09  containerd-shim
00:00:41        0      3076      7,20      0,00 1235608   14528   0,09  containerd-shim
00:00:41        0      3091      7,40      0,00 1235608   15112   0,09  containerd-shim
00:00:41        0      3120      5,80      0,00 1235608   14208   0,09  containerd-shim
00:00:41     1000      4211      1,20      0,00 5033216  315544   1,94  gnome-shell
00:00:41     1000      5898     37,40      0,00 1461714124  312512   1,93  antigravity
00:00:41     1000      5952      9,20      0,00 34364844  167756   1,03  antigravity
00:00:41     1000      5963      1,60      0,00 33906396   82640   0,51  antigravity
00:00:41     1000      6000     47,00      0,00 1461388844  426048   2,62  antigravity
00:00:41     1000      6006     17,60      0,00 1459645432  290936   1,79  antigravity
00:00:41     1000      6289      0,40      0,00 33951332   64440   0,40  antigravity
00:00:41     1000      6302      7,00      0,00 1461347888  121628   0,75  antigravity
00:00:41     1000      6303      1,80      0,00 1461367164  112552   0,69  antigravity
00:00:41     1000      6334    112,40      0,00 1461342992  258948   1,60  antigravity
00:00:41     1000      6366      7,60      0,00 1461351388  395764   2,44  antigravity
00:00:41     1000      6381      2,80      0,00 1461358904  155396   0,96  antigravity
00:00:41     1000      6409     11,20      0,00 1461383736  120184   0,74  antigravity
00:00:41     1000      9105      8,80      0,00 55447012  385432   2,37  chrome
00:00:41     1000      9152      3,60      0,00 55460652  193264   1,19  chrome
00:00:41     1000      9157      3,00      0,00 54984540  132368   0,82  chrome
00:00:41     1000      9168      0,20      0,00 55021684   62976   0,39  chrome
00:00:41     1000      9642      0,40      0,00 55012336   86856   0,54  chrome
00:00:41     1000     17096     88,80      0,00 6507800  585940   3,61  java

00:00:36      UID       PID   kB_rd/s   kB_wr/s kB_ccwr/s iodelay  Command
00:00:41     1000      9105      0,00      4,80      0,00       0  chrome
00:00:41     1000     17064      0,00      1,28      0,00       0  pidstat
00:00:41     1000     17096      0,00      4,79      0,00       0  java

00:00:41      UID       PID    %usr %system  %guest   %wait    %CPU   CPU  Command
00:00:46        0        57    0,00    1,00    0,00    0,00    1,00     6  ksoftirqd/6
00:00:46        0       175    0,00    0,20    0,00    0,20    0,20     6  kworker/6:1H-events_highpri
00:00:46      115       943    0,20    0,00    0,00    0,00    0,20     1  prometheus
00:00:46        0      1668    0,20    0,00    0,00    0,00    0,20     3  containerd
00:00:46        0      2676    0,40    0,20    0,00    0,00    0,60     7  dockerd
00:00:46      117      2677    0,40    0,40    0,00    0,00    0,80     4  grafana
00:00:46        0      3027    0,20    0,20    0,00    0,00    0,40     5  mount.ntfs-3g
00:00:46        0      3068    0,00    0,20    0,00    0,00    0,20     0  containerd-shim
00:00:46        0      3075    0,00    0,20    0,00    0,00    0,20     3  containerd-shim
00:00:46        0      3076    0,20    0,00    0,00    0,00    0,20     7  containerd-shim
00:00:46      999      3241    0,40    0,20    0,00    0,00    0,60     1  redis-server
00:00:46     1000      4211   10,20    5,60    0,00    0,00   15,80     2  gnome-shell
00:00:46        0      4928    0,00    0,20    0,00    0,60    0,20     2  kworker/u32:9-i915
00:00:46     1000      5898    3,00    2,20    0,00    0,00    5,20     1  antigravity
00:00:46     1000      5952    9,00    2,00    0,00    0,00   11,00     3  antigravity
00:00:46     1000      6000    6,00    1,20    0,00    0,00    7,20     5  antigravity
00:00:46     1000      6006    0,20    0,00    0,00    0,00    0,20     5  antigravity
00:00:46     1000      6248    2,00    1,20    0,00    0,00    3,20     4  language_server
00:00:46     1000      6303    0,20    0,00    0,00    0,00    0,20     1  antigravity
00:00:46     1000      6334    0,40    0,00    0,00    0,00    0,40     6  antigravity
00:00:46     1000      6366    0,60    0,40    0,00    0,00    1,00     1  antigravity
00:00:46     1000      6381    0,40    0,20    0,00    0,00    0,60     4  antigravity
00:00:46     1000      6409    0,20    0,00    0,00    0,00    0,20     1  antigravity
00:00:46     1000      6708    1,60    0,60    0,00    0,00    2,20     5  language_server
00:00:46     1000      7203    0,60    2,20    0,00    0,00    2,80     3  language_server
00:00:46        0      8594    0,00    0,60    0,00    0,60    0,60     0  kworker/u33:0+i915_flip
00:00:46     1000      9105    0,20    0,20    0,00    0,00    0,40     0  chrome
00:00:46     1000      9152    0,40    0,00    0,00    0,00    0,40     7  chrome
00:00:46     1000      9168    0,20    0,00    0,00    0,00    0,20     5  chrome
00:00:46     1000      9335    0,20    0,00    0,00    0,00    0,20     2  chrome
00:00:46     1000      9378    0,40    0,20    0,00    0,00    0,60     7  gnome-terminal-
00:00:46     1000      9657    0,20    0,00    0,00    0,00    0,20     5  chrome
00:00:46     1000      9773    0,00    0,20    0,00    0,00    0,20     5  ssh
00:00:46     1000     10899    0,20    0,00    0,00    0,00    0,20     7  antigravity
00:00:46        0     14919    0,00    0,60    0,00    0,60    0,60     6  kworker/6:2-i915-unordered
00:00:46     1000     17064    0,40    0,20    0,00    0,00    0,60     4  pidstat
00:00:46     1000     17096    5,60    0,60    0,00    0,00    6,20     7  java

00:00:41      UID       PID  minflt/s  majflt/s     VSZ     RSS   %MEM  Command
00:00:46        0         1      0,20      0,00   24704   14840   0,09  systemd
00:00:46      115       943     18,20      0,00 2610324  108740   0,67  prometheus
00:00:46        0      1654      0,40      0,00 1421460  103228   0,64  tailscaled
00:00:46      114      1776      4,00      0,00  218252   29316   0,18  postgres
00:00:46        0      3068     12,20      0,00 1235608   14740   0,09  containerd-shim
00:00:46        0      3075      8,40      0,00 1235608   14260   0,09  containerd-shim
00:00:46        0      3076     10,40      0,00 1235608   14784   0,09  containerd-shim
00:00:46        0      3091      8,80      0,00 1235608   15112   0,09  containerd-shim
00:00:46        0      3120      8,40      0,00 1235608   14208   0,09  containerd-shim
00:00:46     1000      4211      6,60      0,00 5033216  315528   1,94  gnome-shell
00:00:46     1000      5898     47,20      0,00 1461714124  312612   1,93  antigravity
00:00:46     1000      5952     11,20      0,00 34379324  167756   1,03  antigravity
00:00:46     1000      5963      0,80      0,00 33906396   82640   0,51  antigravity
00:00:46     1000      6000    101,00      0,00 1461391020  426872   2,63  antigravity
00:00:46     1000      6006     18,40      0,00 1459645432  291320   1,79  antigravity
00:00:46     1000      6289      0,20      0,00 33951332   64440   0,40  antigravity
00:00:46     1000      6302      3,20      0,00 1461347888  121628   0,75  antigravity
00:00:46     1000      6303      1,00      0,00 1461367164  112552   0,69  antigravity
00:00:46     1000      6334     14,60      0,00 1461342992  258816   1,59  antigravity
00:00:46     1000      6366     15,60      0,00 1461351388  394372   2,43  antigravity
00:00:46     1000      6381      2,80      0,00 1461358904  155396   0,96  antigravity
00:00:46     1000      6409     14,60      0,00 1461383736  120312   0,74  antigravity
00:00:46     1000      9105     12,20      0,00 55447012  385432   2,37  chrome
00:00:46     1000      9152      3,60      0,00 55460652  193264   1,19  chrome
00:00:46     1000      9157      3,60      0,00 54984540  132368   0,82  chrome
00:00:46     1000      9168      0,20      0,00 55021684   62976   0,39  chrome
00:00:46     1000      9642      0,20      0,00 55012336   86856   0,54  chrome
00:00:46     1000     10937      6,20      0,00    7664    3776   0,02  run_all_tests.s
00:00:46     1000     17096      9,60      0,00 6507800  581316   3,58  java
00:00:46     1000     19108     24,00      0,00    5660    2128   0,01  sleep

00:00:41      UID       PID   kB_rd/s   kB_wr/s kB_ccwr/s iodelay  Command
00:00:46     1000      9105      0,00      1,60      0,00       0  chrome
00:00:46     1000     17064      0,00      1,14      0,00       0  pidstat
00:00:46     1000     17096      0,00      3,25      0,00       0  java

00:00:46      UID       PID    %usr %system  %guest   %wait    %CPU   CPU  Command
00:00:51        0         1    0,20    0,00    0,00    0,00    0,20     2  systemd
00:00:51        0        18    0,00    0,20    0,00    0,00    0,20     4  rcu_preempt
00:00:51        0        57    0,00    1,20    0,00    0,20    1,20     6  ksoftirqd/6
00:00:51        0        86    0,00    0,20    0,00    0,00    0,20     1  irq/9-acpi
00:00:51      990       908    0,80    0,20    0,00    0,00    1,00     5  dbus-daemon
00:00:51      986       934    0,20    0,00    0,00    0,00    0,20     3  polkitd
00:00:51      115       942    1,40    0,60    0,00    0,00    2,00     4  prometheus-node
00:00:51      115       943    0,40    0,20    0,00    0,00    0,60     1  prometheus
00:00:51        0      1646    0,20    0,00    0,00    0,00    0,20     6  glances
00:00:51        0      1654    0,20    0,20    0,00    0,00    0,40     2  tailscaled
00:00:51        0      1668    0,20    0,20    0,00    0,00    0,40     3  containerd
00:00:51        0      1783    0,20    0,00    0,00    0,00    0,20     6  apache2
00:00:51        0      2676    0,20    0,20    0,00    0,00    0,40     7  dockerd
00:00:51      117      2677    0,40    0,40    0,00    0,00    0,80     3  grafana
00:00:51        0      3027    1,20    0,80    0,00    0,00    2,00     5  mount.ntfs-3g
00:00:51        0      3091    0,20    0,00    0,00    0,00    0,20     3  containerd-shim
00:00:51      999      3241    0,40    0,00    0,00    0,00    0,40     1  redis-server
00:00:51     1000      4211   10,60    5,20    0,00    0,00   15,80     2  gnome-shell
00:00:51     1000      5898    4,00    1,40    0,00    0,00    5,40     6  antigravity
00:00:51     1000      5952    9,00    2,20    0,00    0,00   11,20     2  antigravity
00:00:51     1000      6000    6,60    1,00    0,00    0,00    7,60     6  antigravity
00:00:51     1000      6006    0,00    0,20    0,00    0,00    0,20     5  antigravity
00:00:51     1000      6248    2,20    0,80    0,00    0,00    3,00     4  language_server
00:00:51     1000      6334    0,40    0,20    0,00    0,00    0,60     0  antigravity
00:00:51     1000      6366    1,00    0,40    0,00    0,00    1,40     0  antigravity
00:00:51     1000      6381    1,00    0,00    0,00    0,00    1,00     5  antigravity
00:00:51     1000      6409    0,40    0,20    0,00    0,00    0,60     1  antigravity
00:00:51     1000      6708    1,20    1,20    0,00    0,00    2,40     5  language_server
00:00:51     1000      7203    1,40    1,40    0,00    0,00    2,80     3  language_server
00:00:51        0      8594    0,00    0,80    0,00    1,00    0,80     6  kworker/u33:0+i915_flip
00:00:51     1000      9105    0,20    0,00    0,00    0,00    0,20     3  chrome
00:00:51     1000      9152    0,20    0,00    0,00    0,00    0,20     7  chrome
00:00:51     1000      9378    1,00    0,00    0,00    0,00    1,00     7  gnome-terminal-
00:00:51        0     14919    0,00    0,60    0,00    1,00    0,60     6  kworker/6:2-i915-unordered
00:00:51     1000     17064    0,00    0,40    0,00    0,00    0,40     5  pidstat
00:00:51     1000     17096    6,40    1,00    0,00    0,00    7,40     7  java
00:00:51        0     19011    0,20    0,00    0,00    0,00    0,20     0  kworker/0:2-events

00:00:46      UID       PID  minflt/s  majflt/s     VSZ     RSS   %MEM  Command
00:00:51      115       942    100,60      0,00 1614336   24848   0,15  prometheus-node
00:00:51      115       943     29,20      0,00 2610324  109380   0,67  prometheus
00:00:51        0      3068     10,00      0,00 1235608   14996   0,09  containerd-shim
00:00:51        0      3075     12,20      0,00 1235608   14388   0,09  containerd-shim
00:00:51        0      3076     13,40      0,00 1235608   15040   0,09  containerd-shim
00:00:51        0      3091     13,80      0,00 1235608   15368   0,09  containerd-shim
00:00:51        0      3120     12,40      0,00 1235608   14464   0,09  containerd-shim
00:00:51     1000      4211      2,20      0,00 5025024  315528   1,94  gnome-shell
00:00:51     1000      5898     35,20      0,00 1461714124  312688   1,93  antigravity
00:00:51     1000      5952     28,80      0,00 34380288  168268   1,04  antigravity
00:00:51     1000      5963      0,80      0,00 33906396   82640   0,51  antigravity
00:00:51     1000      6000    183,80      0,00 1461391980  428788   2,64  antigravity
00:00:51     1000      6006     17,40      0,00 1459645432  291704   1,80  antigravity
00:00:51     1000      6289      0,20      0,00 33951332   64440   0,40  antigravity
00:00:51     1000      6302      3,20      0,00 1461347888  121628   0,75  antigravity
00:00:51     1000      6303      0,80      0,00 1461367164  112552   0,69  antigravity
00:00:51     1000      6334      8,00      0,00 1461342992  258816   1,59  antigravity
00:00:51     1000      6366    273,80      0,00 1461351388  394212   2,43  antigravity
00:00:51     1000      6381     71,60      0,00 1461358904  155328   0,96  antigravity
00:00:51     1000      6409    135,60      0,00 1461383736  120256   0,74  antigravity
00:00:51     1000      7289      0,20      0,00 1459530528   93936   0,58  antigravity
00:00:51     1000      9105      8,20      0,00 55447012  385432   2,37  chrome
00:00:51     1000      9152      3,60      0,00 55460652  193264   1,19  chrome
00:00:51     1000      9157      3,60      0,00 54984540  132368   0,82  chrome
00:00:51     1000      9168      0,40      0,00 55021684   62976   0,39  chrome
00:00:51     1000      9642      0,20      0,00 55012336   86856   0,54  chrome
00:00:51     1000     17096      9,00      0,00 6507800  581444   3,58  java

00:00:46      UID       PID   kB_rd/s   kB_wr/s kB_ccwr/s iodelay  Command
00:00:51     1000      6366      0,00      0,80      0,00       0  antigravity
00:00:51     1000     17064      0,00      1,22      0,00       0  pidstat
00:00:51     1000     17096      0,00      4,70      0,00       0  java

00:00:51      UID       PID    %usr %system  %guest   %wait    %CPU   CPU  Command
00:00:56        0        57    0,00    1,20    0,00    0,00    1,20     6  ksoftirqd/6
00:00:56      115       943    0,20    0,00    0,00    0,00    0,20     1  prometheus
00:00:56        0      1654    0,20    0,00    0,00    0,00    0,20     0  tailscaled
00:00:56        0      1668    0,20    0,20    0,00    0,00    0,40     3  containerd
00:00:56        0      2676    0,40    0,00    0,00    0,00    0,40     7  dockerd
00:00:56      117      2677    0,60    0,20    0,00    0,00    0,80     3  grafana
00:00:56        0      3027    1,00    1,00    0,00    0,00    2,00     6  mount.ntfs-3g
00:00:56        0      3075    0,20    0,00    0,00    0,00    0,20     3  containerd-shim
00:00:56        0      3076    0,00    0,20    0,00    0,00    0,20     7  containerd-shim
00:00:56        0      3120    0,20    0,00    0,00    0,00    0,20     4  containerd-shim
00:00:56      999      3241    0,40    0,00    0,00    0,00    0,40     2  redis-server
00:00:56     1000      4211   10,80    5,20    0,00    0,00   16,00     7  gnome-shell
00:00:56     1000      4546    0,00    0,20    0,00    0,00    0,20     0  anydesk
00:00:56     1000      5898    4,20    1,40    0,00    0,00    5,60     2  antigravity
00:00:56     1000      5952    8,00    3,20    0,00    0,00   11,20     0  antigravity
00:00:56     1000      6000    6,60    0,40    0,00    0,00    7,00     6  antigravity
00:00:56     1000      6006    0,20    0,00    0,00    0,00    0,20     0  antigravity
00:00:56     1000      6077    0,20    0,00    0,00    0,00    0,20     6  antigravity
00:00:56     1000      6248    1,80    1,60    0,00    0,00    3,40     2  language_server
00:00:56     1000      6334    0,40    0,20    0,00    0,00    0,60     7  antigravity
00:00:56     1000      6366    1,00    0,20    0,00    0,00    1,20     4  antigravity
00:00:56     1000      6381    0,40    0,20    0,00    0,00    0,60     5  antigravity
00:00:56     1000      6409    0,40    0,20    0,00    0,00    0,60     3  antigravity
00:00:56     1000      6708    1,20    1,00    0,00    0,00    2,20     5  language_server
00:00:56     1000      7203    1,00    1,80    0,00    0,00    2,80     3  language_server
00:00:56        0      8594    0,00    0,60    0,00    1,00    0,60     6  kworker/u33:0+i915_flip
00:00:56     1000      9105    0,20    0,00    0,00    0,00    0,20     5  chrome
00:00:56     1000      9152    0,40    0,00    0,00    0,00    0,40     7  chrome
00:00:56     1000      9378    1,20    0,00    0,00    0,00    1,20     7  gnome-terminal-
00:00:56        0     14919    0,00    0,60    0,00    1,00    0,60     6  kworker/6:2-i915-unordered
00:00:56     1000     17064    0,40    0,00    0,00    0,00    0,40     5  pidstat
00:00:56     1000     17096    7,00    0,20    0,00    0,00    7,20     7  java

00:00:51      UID       PID  minflt/s  majflt/s     VSZ     RSS   %MEM  Command
00:00:56      115       943      4,00      0,00 2610324  109508   0,67  prometheus
00:00:56        0      3068      0,80      0,00 1235608   14996   0,09  containerd-shim
00:00:56        0      3075      6,80      0,00 1235608   14516   0,09  containerd-shim
00:00:56        0      3076      3,00      0,00 1235608   15040   0,09  containerd-shim
00:00:56        0      3091     10,00      0,00 1235608   15624   0,10  containerd-shim
00:00:56        0      3120      7,00      0,00 1235608   14592   0,09  containerd-shim
00:00:56     1000      4211      8,20      0,00 5033224  315656   1,94  gnome-shell
00:00:56     1000      5898     45,60      0,00 1461714124  312076   1,92  antigravity
00:00:56     1000      5952      5,80      0,00 34379300  167868   1,03  antigravity
00:00:56     1000      5963      0,80      0,00 33906396   82640   0,51  antigravity
00:00:56     1000      6000    133,40      0,00 1461391020  429976   2,65  antigravity
00:00:56     1000      6006     37,20      0,00 1459645432  291140   1,79  antigravity
00:00:56     1000      6248      0,20      0,00 5510764  513840   3,17  language_server
00:00:56     1000      6289      0,20      0,00 33951332   64440   0,40  antigravity
00:00:56     1000      6302      6,20      0,00 1461347888  121628   0,75  antigravity
00:00:56     1000      6303      1,00      0,00 1461367164  112552   0,69  antigravity
00:00:56     1000      6334      7,60      0,00 1461342992  258816   1,59  antigravity
00:00:56     1000      6366    320,60      0,00 1461351388  394204   2,43  antigravity
00:00:56     1000      6381     27,40      0,00 1461358904  155704   0,96  antigravity
00:00:56     1000      6409    112,60      0,00 1461383736  120640   0,74  antigravity
00:00:56     1000      9105     13,00      0,00 55447012  385432   2,37  chrome
00:00:56     1000      9152      7,20      0,00 55460652  193264   1,19  chrome
00:00:56     1000      9157      5,80      0,00 54984540  132368   0,82  chrome
00:00:56     1000      9168      0,40      0,00 55021684   62976   0,39  chrome
00:00:56     1000      9642      0,40      0,00 55012336   86856   0,54  chrome
00:00:56     1000      9657    165,00      0,00 1518552496  337312   2,08  chrome
00:00:56     1000     17096    114,40      0,00 6507800  583620   3,60  java

00:00:51      UID       PID   kB_rd/s   kB_wr/s kB_ccwr/s iodelay  Command
00:00:56     1000      5898      0,00      9,60      0,00       0  antigravity
00:00:56     1000     17064      0,00      1,17      0,00       0  pidstat
00:00:56     1000     17096      0,00      3,09      0,00       0  java

00:00:56      UID       PID    %usr %system  %guest   %wait    %CPU   CPU  Command
00:01:01        0        57    0,00    1,20    0,00    0,00    1,20     6  ksoftirqd/6
00:01:01        0       113    0,00    0,20    0,00    0,00    0,20     0  kworker/0:1H-events_highpri
00:01:01        0      1646    0,20    0,00    0,00    0,00    0,20     6  glances
00:01:01        0      1654    0,20    0,00    0,00    0,00    0,20     3  tailscaled
00:01:01        0      1668    0,40    0,00    0,00    0,00    0,40     3  containerd
00:01:01        0      2676    0,60    0,20    0,00    0,00    0,80     7  dockerd
00:01:01      117      2677    0,60    0,20    0,00    0,00    0,80     3  grafana
00:01:01        0      3027    1,00    1,00    0,00    0,00    2,00     2  mount.ntfs-3g
00:01:01        0      3068    0,20    0,00    0,00    0,00    0,20     0  containerd-shim
00:01:01        0      3075    0,00    0,20    0,00    0,00    0,20     3  containerd-shim
00:01:01        0      3091    0,20    0,00    0,00    0,00    0,20     3  containerd-shim
00:01:01        0      3120    0,00    0,20    0,00    0,00    0,20     4  containerd-shim
00:01:01      999      3241    0,40    0,00    0,00    0,00    0,40     3  redis-server
00:01:01     1000      4210    0,20    0,00    0,00    0,00    0,20     6  at-spi-bus-laun
00:01:01     1000      4211    7,80    7,80    0,00    0,00   15,60     0  gnome-shell
00:01:01        0      4928    0,00    0,20    0,00    0,00    0,20     4  kworker/u32:9-events_unbound
00:01:01     1000      5898    3,40    1,80    0,00    0,00    5,20     0  antigravity
00:01:01     1000      5952    9,00    2,40    0,00    0,00   11,40     5  antigravity
00:01:01     1000      6000    7,40    0,80    0,00    0,00    8,20     7  antigravity
00:01:01     1000      6006    0,20    0,00    0,00    0,00    0,20     3  antigravity
00:01:01     1000      6248    1,20    1,60    0,00    0,20    2,80     5  language_server
00:01:01     1000      6334    0,40    0,20    0,00    0,00    0,60     2  antigravity
00:01:01     1000      6366    1,00    0,60    0,00    0,00    1,60     0  antigravity
00:01:01     1000      6381    0,60    0,20    0,00    0,00    0,80     6  antigravity
00:01:01     1000      6409    0,40    0,20    0,00    0,00    0,60     2  antigravity
00:01:01     1000      6708    2,40    0,40    0,00    0,00    2,80     5  language_server
00:01:01     1000      7203    1,20    1,60    0,00    0,00    2,80     3  language_server
00:01:01        0      8594    0,00    0,80    0,00    1,60    0,80     7  kworker/u33:0-i915_flip
00:01:01     1000      9105    0,00    0,20    0,00    0,00    0,20     5  chrome
00:01:01     1000      9152    0,20    0,20    0,00    0,00    0,40     7  chrome
00:01:01     1000      9210    0,20    0,00    0,00    0,00    0,20     2  chrome
00:01:01     1000      9378    0,60    0,00    0,00    0,00    0,60     7  gnome-terminal-
00:01:01        0     14919    0,00    0,60    0,00    0,60    0,60     6  kworker/6:2-i915-unordered
00:01:01     1000     17064    0,00    0,60    0,00    0,00    0,60     2  pidstat
00:01:01     1000     17096   10,80    0,60    0,00    0,00   11,40     7  java
00:01:01     1000     19201    0,60    0,20    0,00    0,00    0,80     4  gnome-screensho

00:00:56      UID       PID  minflt/s  majflt/s     VSZ     RSS   %MEM  Command
00:01:01      115       943      5,20      0,00 2610324  109636   0,68  prometheus
00:01:01        0      1668      0,20      0,00 2463668   70964   0,44  containerd
00:01:01        0      2676      0,40      0,00 3358484  107632   0,66  dockerd
00:01:01        0      3068      1,20      0,00 1235608   14996   0,09  containerd-shim
00:01:01        0      3075      0,80      0,00 1235608   14516   0,09  containerd-shim
00:01:01        0      3076      1,00      0,00 1235608   15040   0,09  containerd-shim
00:01:01        0      3091      0,20      0,00 1235608   15624   0,10  containerd-shim
00:01:01        0      3120      2,40      0,00 1235608   14720   0,09  containerd-shim
00:01:01     1000      4211      3,60      0,00 5033792  315656   1,94  gnome-shell
00:01:01     1000      5898     38,60      0,00 1461714124  312844   1,93  antigravity
00:01:01     1000      5952     35,80      0,00 34379388  167996   1,03  antigravity
00:01:01     1000      5963      1,60      0,00 33906396   82640   0,51  antigravity
00:01:01     1000      6000    178,80      0,00 1461391020  431656   2,66  antigravity
00:01:01     1000      6006     20,40      0,00 1459645432  291268   1,79  antigravity
00:01:01     1000      6248     62,60      0,00 5510764  514480   3,17  language_server
00:01:01     1000      6289      0,40      0,00 33951332   64440   0,40  antigravity
00:01:01     1000      6302      6,00      0,00 1461347888  121628   0,75  antigravity
00:01:01     1000      6303      1,60      0,00 1461367164  112552   0,69  antigravity
00:01:01     1000      6334      9,40      0,00 1461342992  258816   1,59  antigravity
00:01:01     1000      6366    296,80      0,00 1461351388  394332   2,43  antigravity
00:01:01     1000      6381     21,00      0,00 1461358904  155816   0,96  antigravity
00:01:01     1000      6409    126,00      0,00 1461383736  120756   0,74  antigravity
00:01:01     1000      6708      0,60      0,00 4256024  478736   2,95  language_server
00:01:01     1000      9105      7,80      0,00 55447012  385560   2,38  chrome
00:01:01     1000      9152      3,60      0,00 55460652  193264   1,19  chrome
00:01:01     1000      9157      4,00      0,00 54984540  132496   0,82  chrome
00:01:01     1000      9168      0,20      0,00 55021684   62976   0,39  chrome
00:01:01     1000      9642      0,20      0,00 55012336   86856   0,54  chrome
00:01:01     1000     10937      6,40      0,00    7664    3776   0,02  run_all_tests.s
00:01:01     1000     17096     43,00      0,00 6507800  584516   3,60  java
00:01:01     1000     19191     27,40      0,00    2672    1516   0,01  sh
00:01:01     1000     19192     71,80      0,00    7012    3336   0,02  cpuUsage.sh
00:01:01     1000     19200     23,20      0,00    5656    2068   0,01  sleep
00:01:01     1000     19201    292,60      0,00  408652   19704   0,12  gnome-screensho

00:00:56      UID       PID   kB_rd/s   kB_wr/s kB_ccwr/s iodelay  Command
00:01:01     1000      9105      0,00      1,60      0,00       0  chrome
00:01:01     1000     17064      0,00      1,09      0,00       0  pidstat
00:01:01     1000     17096      0,00      4,70      0,00       0  java

00:01:01      UID       PID    %usr %system  %guest   %wait    %CPU   CPU  Command
00:01:06        0         1    0,20    0,20    0,00    0,00    0,40     7  systemd
00:01:06        0        57    0,00    1,00    0,00    0,00    1,00     6  ksoftirqd/6
00:01:06        0        86    0,00    0,20    0,00    0,00    0,20     1  irq/9-acpi
00:01:06      990       908    0,80    0,00    0,00    0,00    0,80     0  dbus-daemon
00:01:06      115       942    1,60    0,40    0,00    0,00    2,00     4  prometheus-node
00:01:06      115       943    0,20    0,00    0,00    0,00    0,20     1  prometheus
00:01:06        0      1646    0,20    0,00    0,00    0,00    0,20     6  glances
00:01:06        0      1654    0,20    0,20    0,00    0,00    0,40     5  tailscaled
00:01:06        0      1668    0,20    0,20    0,00    0,00    0,40     3  containerd
00:01:06        0      2675    0,20    0,00    0,00    0,00    0,20     2  cups-browsed
00:01:06        0      2676    0,40    0,00    0,00    0,00    0,40     7  dockerd
00:01:06      117      2677    0,20    0,40    0,00    0,00    0,60     3  grafana
00:01:06        0      3027    1,20    1,20    0,00    0,00    2,40     3  mount.ntfs-3g
00:01:06        0      3068    0,00    0,20    0,00    0,00    0,20     0  containerd-shim
00:01:06        0      3076    0,20    0,00    0,00    0,00    0,20     7  containerd-shim
00:01:06      999      3241    0,40    0,00    0,00    0,00    0,40     1  redis-server
00:01:06     1000      4003    0,00    0,40    0,00    0,00    0,40     3  pipewire
00:01:06     1000      4006    0,40    0,00    0,00    0,00    0,40     1  wireplumber
00:01:06     1000      4009    0,20    0,00    0,00    0,00    0,20     2  pipewire-pulse
00:01:06     1000      4211   14,80    5,80    0,00    0,20   20,60     2  gnome-shell
00:01:06     1000      4973    0,20    0,00    0,00    0,00    0,20     4  xdg-desktop-por
00:01:06     1000      5898    3,40    2,00    0,00    0,00    5,40     6  antigravity
00:01:06     1000      5952   10,40    1,80    0,00    0,00   12,20     5  antigravity
00:01:06     1000      6000   10,20    0,40    0,00    0,00   10,60     4  antigravity
00:01:06     1000      6006    0,20    0,00    0,00    0,00    0,20     7  antigravity
00:01:06     1000      6248    1,80    1,00    0,00    0,00    2,80     4  language_server
00:01:06     1000      6334    0,60    0,00    0,00    0,00    0,60     3  antigravity
00:01:06     1000      6366    1,20    0,20    0,00    0,00    1,40     2  antigravity
00:01:06     1000      6381    1,00    0,40    0,00    0,00    1,40     0  antigravity
00:01:06     1000      6409    0,20    0,20    0,00    0,00    0,40     2  antigravity
00:01:06     1000      6708    1,20    1,00    0,00    0,00    2,20     5  language_server
00:01:06     1000      7203    1,20    1,40    0,00    0,00    2,60     3  language_server
00:01:06        0      8594    0,00    0,60    0,00    0,80    0,60     6  kworker/u33:0+i915_flip
00:01:06     1000      9105    0,00    0,20    0,00    0,00    0,20     3  chrome
00:01:06     1000      9152    0,20    0,00    0,00    0,00    0,20     7  chrome
00:01:06     1000      9202    0,20    0,00    0,00    0,00    0,20     4  chrome
00:01:06     1000      9378    1,20    0,00    0,00    0,00    1,20     0  gnome-terminal-
00:01:06        0     14919    0,00    0,60    0,00    0,60    0,60     6  kworker/6:2-i915-unordered
00:01:06     1000     17064    0,40    0,20    0,00    0,00    0,60     0  pidstat
00:01:06     1000     17096    4,00    0,40    0,00    0,00    4,40     7  java
00:01:06        0     17860    0,20    0,00    0,00    0,00    0,20     3  kworker/3:0-events

00:01:01      UID       PID  minflt/s  majflt/s     VSZ     RSS   %MEM  Command
00:01:06      115       942     78,00      0,00 1614336   24500   0,15  prometheus-node
00:01:06      115       943      5,40      0,00 2610324  109764   0,68  prometheus
00:01:06        0      1668      4,40      0,00 2463668   70964   0,44  containerd
00:01:06      114      1776      3,60      0,00  218252   29316   0,18  postgres
00:01:06        0      3068      0,20      0,00 1235608   14996   0,09  containerd-shim
00:01:06        0      3075     10,60      0,00 1235608   14644   0,09  containerd-shim
00:01:06        0      3076      0,20      0,00 1235608   15040   0,09  containerd-shim
00:01:06        0      3091      4,80      0,00 1235608   15752   0,10  containerd-shim
00:01:06        0      3120      8,80      0,00 1235608   14848   0,09  containerd-shim
00:01:06     1000      4003     36,20      0,00  104896   13616   0,08  pipewire
00:01:06     1000      4009     38,40      0,00  171976   15368   0,09  pipewire-pulse
00:01:06     1000      4211     16,40      0,00 5033232  315656   1,94  gnome-shell
00:01:06     1000      4941      0,20      0,00  704604   20144   0,12  xdg-desktop-por
00:01:06     1000      5898     41,40      0,00 1461714124  312940   1,93  antigravity
00:01:06     1000      5952     30,00      0,00 34386732  167968   1,03  antigravity
00:01:06     1000      5963      0,80      0,00 33906396   82640   0,51  antigravity
00:01:06     1000      6000    275,80      0,00 1461391980  433112   2,67  antigravity
00:01:06     1000      6006     18,40      0,00 1459645432  291652   1,80  antigravity
00:01:06     1000      6289      0,20      0,00 33951332   64440   0,40  antigravity
00:01:06     1000      6302      3,20      0,00 1461347888  121628   0,75  antigravity
00:01:06     1000      6303      1,00      0,00 1461367164  112552   0,69  antigravity
00:01:06     1000      6334     18,00      0,00 1461342992  258812   1,59  antigravity
00:01:06     1000      6366    384,40      0,00 1461351388  394292   2,43  antigravity
00:01:06     1000      6381    181,80      0,00 1461358904  156132   0,96  antigravity
00:01:06     1000      6409    101,60      0,00 1461383736  120612   0,74  antigravity
00:01:06     1000      9105      8,40      0,00 55447012  385560   2,38  chrome
00:01:06     1000      9152      3,60      0,00 55460652  193264   1,19  chrome
00:01:06     1000      9157      2,60      0,00 54984540  132496   0,82  chrome
00:01:06     1000      9168      0,20      0,00 55021684   62976   0,39  chrome
00:01:06     1000      9642      0,20      0,00 55012336   86856   0,54  chrome
00:01:06     1000     10937      1,60      0,00    7664    3776   0,02  run_all_tests.s
00:01:06     1000     17096      1,80      0,00 6507800  584644   3,60  java
00:01:06     1000     19235     27,60      0,00    2672    1584   0,01  sh
00:01:06     1000     19236     66,00      0,00    7012    3212   0,02  cpuUsage.sh
00:01:06     1000     19243     23,40      0,00    5656    1964   0,01  sleep

00:01:01      UID       PID   kB_rd/s   kB_wr/s kB_ccwr/s iodelay  Command
00:01:06     1000      4006      0,00      0,80      0,00       0  wireplumber
00:01:06     1000      4211      0,00     72,00      0,00       0  gnome-shell
00:01:06     1000      9105      0,00      0,80      0,00       0  chrome
00:01:06     1000     10937      0,00    185,67     72,00       0  run_all_tests.s
00:01:06     1000     17064      0,00      1,28      0,00       0  pidstat
00:01:06     1000     17096      0,00      4,64      0,00       0  java

00:01:06      UID       PID    %usr %system  %guest   %wait    %CPU   CPU  Command
00:01:11        0        18    0,00    0,20    0,00    0,00    0,20     4  rcu_preempt
00:01:11        0        57    0,00    1,20    0,00    0,00    1,20     6  ksoftirqd/6
00:01:11        0        73    0,00    0,20    0,00    0,20    0,20     0  kworker/u32:7-writeback
00:01:11      115       943    0,20    0,00    0,00    0,00    0,20     1  prometheus
00:01:11        0      1668    0,40    0,20    0,00    0,00    0,60     3  containerd
00:01:11        0      2676    0,40    0,00    0,00    0,00    0,40     7  dockerd
00:01:11      117      2677    1,00    0,20    0,00    0,00    1,20     7  grafana
00:01:11        0      3027    1,60    0,60    0,00    0,00    2,20     0  mount.ntfs-3g
00:01:11        0      3068    0,20    0,00    0,00    0,00    0,20     0  containerd-shim
00:01:11        0      3075    0,00    0,20    0,00    0,00    0,20     3  containerd-shim
00:01:11        0      3076    0,00    0,20    0,00    0,00    0,20     7  containerd-shim
00:01:11        0      3091    0,20    0,00    0,00    0,00    0,20     3  containerd-shim
00:01:11        0      3120    0,00    0,20    0,00    0,00    0,20     4  containerd-shim
00:01:11      999      3241    0,60    0,00    0,00    0,00    0,60     0  redis-server
00:01:11     1000      4003    0,20    0,00    0,00    0,00    0,20     3  pipewire
00:01:11     1000      4211   11,40    3,80    0,00    0,00   15,20     5  gnome-shell
00:01:11     1000      5898    3,60    1,40    0,00    0,00    5,00     4  antigravity
00:01:11     1000      5952    9,20    2,00    0,00    0,00   11,20     2  antigravity
00:01:11     1000      6000    6,40    0,60    0,00    0,00    7,00     7  antigravity
00:01:11     1000      6006    0,00    0,20    0,00    0,00    0,20     7  antigravity
00:01:11     1000      6248    1,40    1,20    0,00    0,00    2,60     0  language_server
00:01:11     1000      6334    0,20    0,20    0,00    0,00    0,40     4  antigravity
00:01:11     1000      6366    1,00    0,60    0,00    0,00    1,60     4  antigravity
00:01:11     1000      6381    0,60    0,20    0,00    0,00    0,80     0  antigravity
00:01:11     1000      6409    0,20    0,00    0,00    0,00    0,20     3  antigravity
00:01:11     1000      6708    1,40    1,20    0,00    0,00    2,60     5  language_server
00:01:11     1000      7203    1,20    1,60    0,00    0,00    2,80     3  language_server
00:01:11        0      8594    0,00    0,80    0,00    0,20    0,80     0  kworker/u33:0+i915_flip
00:01:11     1000      9105    0,20    0,00    0,00    0,00    0,20     3  chrome
00:01:11     1000      9152    0,20    0,20    0,00    0,00    0,40     7  chrome
00:01:11     1000      9378    1,00    0,00    0,00    0,00    1,00     0  gnome-terminal-
00:01:11     1000     10899    0,20    0,00    0,00    0,00    0,20     3  antigravity
00:01:11        0     14919    0,00    0,80    0,00    0,80    0,80     6  kworker/6:2-i915-unordered
00:01:11     1000     17064    0,20    0,20    0,00    0,00    0,40     6  pidstat
00:01:11     1000     17096   10,40    0,60    0,00    0,00   11,00     7  java

00:01:06      UID       PID  minflt/s  majflt/s     VSZ     RSS   %MEM  Command
00:01:11      115       943      1,00      0,00 2610324  109764   0,68  prometheus
00:01:11        0      1654     30,00      0,00 1421460  103740   0,64  tailscaled
00:01:11        0      1668      6,20      0,00 2463668   70452   0,43  containerd
00:01:11      117      2677      8,40      0,00 1765740  335976   2,07  grafana
00:01:11        0      3068      5,40      0,00 1235608   14620   0,09  containerd-shim
00:01:11        0      3075      5,00      0,00 1235608   14004   0,09  containerd-shim
00:01:11        0      3076      5,40      0,00 1235608   14508   0,09  containerd-shim
00:01:11        0      3091      8,60      0,00 1235608   14996   0,09  containerd-shim
00:01:11        0      3120      6,40      0,00 1235608   14108   0,09  containerd-shim
00:01:11       70      3230      4,40      0,00  174540   25788   0,16  postgres
00:01:11     1000      4003      0,00      0,00  103888   13616   0,08  pipewire
00:01:11     1000      4006      0,20      0,00  718576   27192   0,17  wireplumber
00:01:11     1000      4211      1,60      0,00 5033304  315656   1,94  gnome-shell
00:01:11     1000      5898     35,40      0,00 1461714124  312732   1,93  antigravity
00:01:11     1000      5952      7,80      0,00 34379300  167616   1,03  antigravity
00:01:11     1000      5963      0,80      0,00 33906396   82640   0,51  antigravity
00:01:11     1000      6000    118,80      0,00 1461391020  434120   2,67  antigravity
00:01:11     1000      6006     17,40      0,00 1459645432  292036   1,80  antigravity
00:01:11     1000      6289      0,20      0,00 33951332   64440   0,40  antigravity
00:01:11     1000      6302      3,40      0,00 1461347888  121628   0,75  antigravity
00:01:11     1000      6303      1,00      0,00 1461367164  112552   0,69  antigravity
00:01:11     1000      6334      6,60      0,00 1461342992  258684   1,59  antigravity
00:01:11     1000      6366    402,40      0,00 1461351388  394192   2,43  antigravity
00:01:11     1000      6381     21,20      0,00 1461358904  155784   0,96  antigravity
00:01:11     1000      6409      9,60      0,00 1461383736  120612   0,74  antigravity
00:01:11     1000      7325      0,20      0,00 1459530528   86716   0,53  antigravity
00:01:11     1000      9105      8,20      0,00 55447012  385560   2,38  chrome
00:01:11     1000      9152      3,60      0,00 55460652  193264   1,19  chrome
00:01:11     1000      9157      4,60      0,00 54984540  132496   0,82  chrome
00:01:11     1000      9168      0,20      0,00 55021684   62976   0,39  chrome
00:01:11     1000      9642      0,20      0,00 55012336   86856   0,54  chrome
00:01:11     1000     17096     35,80      0,00 6507800  585284   3,61  java

00:01:06      UID       PID   kB_rd/s   kB_wr/s kB_ccwr/s iodelay  Command
00:01:11     1000     17064      0,00      1,42      0,00       0  pidstat
00:01:11     1000     17096      0,00      3,09      0,00       0  java

00:01:11      UID       PID    %usr %system  %guest   %wait    %CPU   CPU  Command
00:01:16        0        57    0,00    1,00    0,00    0,20    1,00     6  ksoftirqd/6
00:01:16        0       175    0,00    0,20    0,00    0,00    0,20     6  kworker/6:1H-events_highpri
00:01:16      115       943    0,20    0,00    0,00    0,00    0,20     1  prometheus
00:01:16        0      1646    0,20    0,00    0,00    0,00    0,20     6  glances
00:01:16        0      1654    0,20    0,00    0,00    0,00    0,20     4  tailscaled
00:01:16        0      1668    0,20    0,00    0,00    0,00    0,20     3  containerd
00:01:16        0      2676    0,40    0,20    0,00    0,00    0,60     7  dockerd
00:01:16      117      2677    0,60    0,00    0,00    0,00    0,60     1  grafana
00:01:16        0      3027    1,20    1,00    0,00    0,00    2,20     7  mount.ntfs-3g
00:01:16        0      3075    0,20    0,00    0,00    0,00    0,20     3  containerd-shim
00:01:16        0      3091    0,20    0,00    0,00    0,00    0,20     3  containerd-shim
00:01:16        0      3120    0,20    0,00    0,00    0,00    0,20     4  containerd-shim
00:01:16      999      3241    0,40    0,20    0,00    0,00    0,60     6  redis-server
00:01:16     1000      4211   10,60    5,60    0,00    0,00   16,20     5  gnome-shell
00:01:16     1000      5898    3,80    1,60    0,00    0,20    5,40     4  antigravity
00:01:16     1000      5952    9,80    1,80    0,00    0,40   11,60     0  antigravity
00:01:16     1000      6000   15,60    1,40    0,00    0,00   17,00     5  antigravity
00:01:16     1000      6006    0,20    0,00    0,00    0,00    0,20     3  antigravity
00:01:16     1000      6248    1,00    2,00    0,00    0,00    3,00     4  language_server
00:01:16     1000      6334    0,60    0,00    0,00    0,00    0,60     7  antigravity
00:01:16     1000      6366    1,00    0,40    0,00    0,00    1,40     2  antigravity
00:01:16     1000      6381    0,80    0,00    0,00    0,00    0,80     4  antigravity
00:01:16     1000      6409    0,20    0,00    0,00    0,00    0,20     4  antigravity
00:01:16     1000      6708    1,40    0,80    0,00    0,00    2,20     5  language_server
00:01:16     1000      7203    1,20    1,40    0,00    0,00    2,60     3  language_server
00:01:16        0      8594    0,00    0,60    0,00    0,40    0,60     0  kworker/u33:0-i915_flip
00:01:16     1000      9105    0,20    0,20    0,00    0,00    0,40     2  chrome
00:01:16     1000      9152    0,20    0,00    0,00    0,00    0,20     4  chrome
00:01:16     1000      9378    1,00    0,00    0,00    0,00    1,00     0  gnome-terminal-
00:01:16     1000      9657    0,20    0,00    0,00    0,00    0,20     4  chrome
00:01:16        0     14919    0,00    0,60    0,00    1,00    0,60     6  kworker/6:2-i915-unordered
00:01:16     1000     17064    0,20    0,40    0,00    0,00    0,60     1  pidstat
00:01:16     1000     17096   26,20    1,40    0,00    0,00   27,60     7  java

00:01:11      UID       PID  minflt/s  majflt/s     VSZ     RSS   %MEM  Command
00:01:16      115       943      1,20      0,00 2610324  109764   0,68  prometheus
00:01:16        0      1654     27,80      0,00 1421460  104380   0,64  tailscaled
00:01:16        0      1668      4,40      0,00 2463668   70452   0,43  containerd
00:01:16        0      3068     10,80      0,00 1235608   14748   0,09  containerd-shim
00:01:16        0      3075     10,40      0,00 1235608   14260   0,09  containerd-shim
00:01:16        0      3076      9,00      0,00 1235608   14636   0,09  containerd-shim
00:01:16        0      3091     12,60      0,00 1235608   15124   0,09  containerd-shim
00:01:16        0      3120     10,60      0,00 1235608   14236   0,09  containerd-shim
00:01:16     1000      4211      8,00      0,00 5033240  315524   1,94  gnome-shell
00:01:16     1000      5898     39,20      0,00 1461714124  312252   1,92  antigravity
00:01:16     1000      5952     25,60      0,00 34379364  167572   1,03  antigravity
00:01:16     1000      5963      0,80      0,00 33906396   82640   0,51  antigravity
00:01:16     1000      6000    209,80      0,00 1461391020  424844   2,62  antigravity
00:01:16     1000      6006     20,20      0,00 1459645432  292292   1,80  antigravity
00:01:16     1000      6289      0,20      0,00 33951332   64440   0,40  antigravity
00:01:16     1000      6302      3,60      0,00 1461347888  121628   0,75  antigravity
00:01:16     1000      6303      0,80      0,00 1461367164  112552   0,69  antigravity
00:01:16     1000      6334      9,60      0,00 1461342992  258552   1,59  antigravity
00:01:16     1000      6366    313,60      0,00 1461351388  394188   2,43  antigravity
00:01:16     1000      6381     24,60      0,00 1461358904  156040   0,96  antigravity
00:01:16     1000      6409      3,20      0,00 1461383736  120612   0,74  antigravity
00:01:16     1000      9105     29,00      0,00 55447012  385560   2,38  chrome
00:01:16     1000      9152      7,20      0,00 55460652  193264   1,19  chrome
00:01:16     1000      9157      5,40      0,00 54984540  132496   0,82  chrome
00:01:16     1000      9168      0,60      0,00 55021684   62976   0,39  chrome
00:01:16     1000      9642      0,40      0,00 55012336   86856   0,54  chrome
00:01:16     1000      9657      0,00      0,00 1518552496  335584   2,07  chrome
00:01:16     1000     17096   1072,80      0,00 6508828  616532   3,80  java

00:01:11      UID       PID   kB_rd/s   kB_wr/s kB_ccwr/s iodelay  Command
00:01:16     1000      6366      0,00      0,80      0,00       0  antigravity
00:01:16     1000      9105      0,00     34,40      0,00       0  chrome
00:01:16     1000     17064      0,00      1,21      0,00       0  pidstat
00:01:16     1000     17096      0,00      6,19      0,00       0  java

00:01:16      UID       PID    %usr %system  %guest   %wait    %CPU   CPU  Command
00:01:21        0        57    0,00    1,20    0,00    0,00    1,20     6  ksoftirqd/6
00:01:21        0        86    0,00    0,20    0,00    0,00    0,20     1  irq/9-acpi
00:01:21        0       227    0,00    0,20    0,00    0,00    0,20     5  kworker/5:1H-events_highpri
00:01:21      990       908    0,60    0,20    0,00    0,00    0,80     2  dbus-daemon
00:01:21      115       942    1,20    0,60    0,00    0,00    1,80     4  prometheus-node
00:01:21      115       943    0,20    0,00    0,00    0,00    0,20     1  prometheus
00:01:21        0      1646    0,20    0,20    0,00    0,00    0,40     6  glances
00:01:21        0      1668    0,40    0,20    0,00    0,00    0,60     3  containerd
00:01:21        0      2676    0,40    0,20    0,00    0,00    0,60     7  dockerd
00:01:21      117      2677    0,40    0,40    0,00    0,00    0,80     3  grafana
00:01:21        0      3027    1,60    0,40    0,00    0,00    2,00     5  mount.ntfs-3g
00:01:21        0      3091    0,00    0,20    0,00    0,00    0,20     3  containerd-shim
00:01:21      999      3241    0,40    0,00    0,00    0,00    0,40     6  redis-server
00:01:21     1000      4211   10,40    5,80    0,00    0,20   16,20     6  gnome-shell
00:01:21     1000      5898    3,20    2,00    0,00    0,20    5,20     0  antigravity
00:01:21     1000      5952    8,40    2,80    0,00    0,00   11,20     6  antigravity
00:01:21     1000      6000    6,40    0,60    0,00    0,00    7,00     1  antigravity
00:01:21     1000      6006    0,20    0,00    0,00    0,00    0,20     1  antigravity
00:01:21     1000      6248    1,40    1,40    0,00    0,20    2,80     3  language_server
00:01:21     1000      6303    0,20    0,00    0,00    0,00    0,20     0  antigravity
00:01:21     1000      6334    0,40    0,00    0,00    0,00    0,40     3  antigravity
00:01:21     1000      6366    1,00    0,40    0,00    0,00    1,40     4  antigravity
00:01:21     1000      6381    1,00    0,20    0,00    0,00    1,20     2  antigravity
00:01:21     1000      6409    0,20    0,00    0,00    0,00    0,20     5  antigravity
00:01:21     1000      6708    1,00    1,40    0,00    0,00    2,40     5  language_server
00:01:21     1000      7203    0,60    2,20    0,00    0,00    2,80     3  language_server
00:01:21        0      8594    0,00    0,80    0,00    0,40    0,80     4  kworker/u33:0-i915_flip
00:01:21     1000      9105    0,20    0,00    0,00    0,00    0,20     4  chrome
00:01:21     1000      9152    0,20    0,20    0,00    0,00    0,40     4  chrome
00:01:21     1000      9157    0,20    0,00    0,00    0,00    0,20     1  chrome
00:01:21     1000      9378    0,80    0,00    0,00    0,00    0,80     1  gnome-terminal-
00:01:21        0     14919    0,00    0,60    0,00    0,80    0,60     6  kworker/6:2-i915-unordered
00:01:21     1000     17064    0,20    0,40    0,00    0,00    0,60     3  pidstat
00:01:21     1000     17096    7,20    2,00    0,00    0,00    9,20     7  java

00:01:16      UID       PID  minflt/s  majflt/s     VSZ     RSS   %MEM  Command
00:01:21      115       942     82,80      0,00 1614336   25096   0,15  prometheus-node
00:01:21        0      1654     16,20      0,00 1421460  104892   0,65  tailscaled
00:01:21        0      1668      7,00      0,00 2463668   70708   0,44  containerd
00:01:21        0      2676      0,80      0,00 3358484  107632   0,66  dockerd
00:01:21        0      3068     14,60      0,00 1235608   15004   0,09  containerd-shim
00:01:21        0      3075     12,20      0,00 1235608   14260   0,09  containerd-shim
00:01:21        0      3076     14,20      0,00 1235608   14764   0,09  containerd-shim
00:01:21        0      3091     16,40      0,00 1235608   15508   0,10  containerd-shim
00:01:21        0      3120     12,80      0,00 1235608   14492   0,09  containerd-shim
00:01:21     1000      4211      3,60      0,00 5033312  315524   1,94  gnome-shell
00:01:21     1000      5898     42,20      0,00 1461714124  312764   1,93  antigravity
00:01:21     1000      5952     28,80      0,00 34379364  167700   1,03  antigravity
00:01:21     1000      5963      1,60      0,00 33906396   82640   0,51  antigravity
00:01:21     1000      6000     95,40      0,00 1461391020  425640   2,62  antigravity
00:01:21     1000      6006     13,60      0,00 1459645432  292412   1,80  antigravity
00:01:21     1000      6289      0,40      0,00 33951332   64440   0,40  antigravity
00:01:21     1000      6302      6,40      0,00 1461347888  121628   0,75  antigravity
00:01:21     1000      6303      1,80      0,00 1461367164  112552   0,69  antigravity
00:01:21     1000      6334     18,80      0,00 1461342992  258680   1,59  antigravity
00:01:21     1000      6366    314,60      0,00 1461351388  394396   2,43  antigravity
00:01:21     1000      6381     30,20      0,00 1461358904  155756   0,96  antigravity
00:01:21     1000      6409      2,40      0,00 1461383736  120612   0,74  antigravity
00:01:21     1000      9105      8,60      0,00 55447012  385560   2,38  chrome
00:01:21     1000      9152      3,60      0,00 55460652  193264   1,19  chrome
00:01:21     1000      9157     15,80      0,00 54984540  132348   0,82  chrome
00:01:21     1000      9168      0,40      0,00 55021684   62976   0,39  chrome
00:01:21     1000      9642      0,20      0,00 55012336   86856   0,54  chrome
00:01:21     1000      9773      0,20      0,00   14476    9136   0,06  ssh
00:01:21     1000     17096     23,00      0,00 6508828  665664   4,10  java

00:01:16      UID       PID   kB_rd/s   kB_wr/s kB_ccwr/s iodelay  Command
00:01:21     1000      9105      0,00      3,20      0,00       0  chrome
00:01:21     1000      9157      0,00     22,40      0,00       0  chrome
00:01:21     1000     17064      0,00      1,14      0,00       0  pidstat
00:01:21     1000     17096      0,00      6,19      0,00       0  java

00:01:21      UID       PID    %usr %system  %guest   %wait    %CPU   CPU  Command
00:01:26        0         1    0,60    0,00    0,00    0,00    0,60     7  systemd
00:01:26        0        39    0,20    0,00    0,00    0,00    0,20     3  ksoftirqd/3
00:01:26        0        45    0,20    0,00    0,00    0,00    0,20     4  ksoftirqd/4
00:01:26        0        57    0,00    1,40    0,00    0,00    1,40     6  ksoftirqd/6
00:01:26        0        65    0,00    0,20    0,00    0,00    0,20     7  kworker/7:0H-events_highpri
00:01:26        0       435    0,00    0,20    0,00    0,20    0,20     4  systemd-udevd
00:01:26      990       908    0,40    0,00    0,00    0,00    0,40     5  dbus-daemon
00:01:26        0      1081    0,20    0,20    0,00    0,00    0,40     6  NetworkManager
00:01:26        0      1194    0,00    0,20    0,00    0,00    0,20     6  ModemManager
00:01:26        0      1654    0,40    0,20    0,00    0,00    0,60     4  tailscaled
00:01:26        0      1668    1,00    0,20    0,00    0,00    1,20     3  containerd
00:01:26        0      2676    1,20    0,80    0,00    0,00    2,00     7  dockerd
00:01:26      117      2677    0,60    0,20    0,00    0,00    0,80     0  grafana
00:01:26        0      3027    1,40    0,80    0,00    0,00    2,20     4  mount.ntfs-3g
00:01:26        0      3068    0,00    0,20    0,00    0,00    0,20     0  containerd-shim
00:01:26        0      3076    0,00    0,20    0,00    0,00    0,20     7  containerd-shim
00:01:26        0      3120    0,00    0,20    0,00    0,00    0,20     4  containerd-shim
00:01:26      999      3241    0,40    0,00    0,00    0,00    0,40     2  redis-server
00:01:26     1000      3918    0,20    0,20    0,00    0,00    0,40     6  systemd
00:01:26     1000      4002    0,20    0,00    0,00    0,00    0,20     3  dbus-daemon
00:01:26     1000      4211   13,00    3,60    0,00    0,20   16,60     4  gnome-shell
00:01:26     1000      4491    0,20    0,20    0,00    0,00    0,40     0  gsd-housekeepin
00:01:26     1000      4519    0,20    0,00    0,00    0,20    0,20     0  gsd-rfkill
00:01:26     1000      4525    0,00    0,20    0,00    0,00    0,20     6  gsd-sharing
00:01:26     1000      4757    0,20    0,00    0,00    0,00    0,20     4  gvfs-udisks2-vo
00:01:26        0      4928    0,00    0,20    0,00    0,00    0,20     7  kworker/u32:9-events_unbound
00:01:26     1000      5898    3,80    1,80    0,00    0,00    5,60     5  antigravity
00:01:26     1000      5952    9,20    2,20    0,00    0,00   11,40     1  antigravity
00:01:26     1000      6000    6,60    0,80    0,00    0,00    7,40     5  antigravity
00:01:26     1000      6006    0,00    0,20    0,00    0,00    0,20     1  antigravity
00:01:26     1000      6248    1,60    1,20    0,00    0,20    2,80     2  language_server
00:01:26     1000      6334    0,60    0,20    0,00    0,00    0,80     6  antigravity
00:01:26     1000      6366    0,80    0,40    0,00    0,00    1,20     5  antigravity
00:01:26     1000      6381    1,00    0,00    0,00    0,00    1,00     0  antigravity
00:01:26     1000      6409    0,20    0,20    0,00    0,00    0,40     7  antigravity
00:01:26     1000      6708    1,20    1,40    0,00    0,00    2,60     5  language_server
00:01:26     1000      7203    1,20    1,20    0,00    0,00    2,40     3  language_server
00:01:26        0      8594    0,00    0,80    0,00    0,20    0,80     6  kworker/u33:0-i915_flip
00:01:26     1000      9105    0,20    0,00    0,00    0,00    0,20     4  chrome
00:01:26     1000      9152    0,20    0,00    0,00    0,00    0,20     4  chrome
00:01:26     1000      9168    0,00    0,20    0,00    0,00    0,20     6  chrome
00:01:26     1000      9378    0,60    0,00    0,00    0,00    0,60     7  gnome-terminal-
00:01:26     1000     10899    0,00    0,20    0,00    0,00    0,20     3  antigravity
00:01:26        0     14919    0,00    0,60    0,00    0,60    0,60     6  kworker/6:2-i915-unordered
00:01:26     1000     17064    0,00    0,40    0,00    0,00    0,40     3  pidstat
00:01:26     1000     17096   13,40    0,20    0,00    0,00   13,60     7  java
00:01:26        0     19034    0,20    0,00    0,00    0,00    0,20     2  kworker/2:0-events
00:01:26        0     19322    0,00    0,20    0,00    0,00    0,20     0  (udev-worker)

00:01:21      UID       PID  minflt/s  majflt/s     VSZ     RSS   %MEM  Command
00:01:26        0         1      0,20      0,00   24704   14840   0,09  systemd
00:01:26        0       375     46,20      0,00  163644   83128   0,51  systemd-journal
00:01:26        0       435     88,60      0,00   37432   10756   0,07  systemd-udevd
00:01:26        0      1654     58,80      0,00 1421460  105788   0,65  tailscaled
00:01:26        0      1668      0,40      0,00 2463668   70560   0,43  containerd
00:01:26      114      1776      3,60      0,00  218252   29316   0,18  postgres
00:01:26        0      2676      0,60      0,00 3358484  107632   0,66  dockerd
00:01:26        0      3068      9,40      0,00 1235608   15004   0,09  containerd-shim
00:01:26        0      3075      9,00      0,00 1235608   14388   0,09  containerd-shim
00:01:26        0      3076      1,00      0,00 1235608   14764   0,09  containerd-shim
00:01:26        0      3091      7,20      0,00 1235608   15636   0,10  containerd-shim
00:01:26        0      3120     14,40      0,00 1235608   14748   0,09  containerd-shim
00:01:26     1000      4211     10,20      0,00 5033248  315652   1,94  gnome-shell
00:01:26     1000      5898     38,20      0,00 1461714124  312692   1,93  antigravity
00:01:26     1000      5952      6,80      0,00 34379300  167536   1,03  antigravity
00:01:26     1000      5963      0,80      0,00 33906396   82640   0,51  antigravity
00:01:26     1000      6000    129,60      0,00 1461391020  426076   2,62  antigravity
00:01:26     1000      6006      7,60      0,00 1459645432  292540   1,80  antigravity
00:01:26     1000      6289      0,20      0,00 33951332   64440   0,40  antigravity
00:01:26     1000      6302      4,00      0,00 1461347888  121628   0,75  antigravity
00:01:26     1000      6303      1,40      0,00 1461367164  112552   0,69  antigravity
00:01:26     1000      6334     13,60      0,00 1461342992  258804   1,59  antigravity
00:01:26     1000      6366    286,80      0,00 1461351388  394392   2,43  antigravity
00:01:26     1000      6381     99,80      0,00 1461358904  156248   0,96  antigravity
00:01:26     1000      6409     10,20      0,00 1461383736  120612   0,74  antigravity
00:01:26     1000      9105     41,00      0,00 55447012  386072   2,38  chrome
00:01:26     1000      9152      3,60      0,00 55460652  193264   1,19  chrome
00:01:26     1000      9157      2,80      0,00 54984540  132348   0,82  chrome
00:01:26     1000      9168      0,20      0,00 55021684   62976   0,39  chrome
00:01:26     1000      9642      0,20      0,00 55012336   86856   0,54  chrome
00:01:26     1000     17096     10,40      0,00 6508828  665664   4,10  java
00:01:26        0     19322     82,00      0,00   37436    6968   0,04  (udev-worker)
00:01:26        0     19335     27,00      0,00   37436    6776   0,04  (udev-worker)
00:01:26        0     19337     27,00      0,00   37436    6776   0,04  (udev-worker)
00:01:26        0     19338     26,20      0,00   37436    6648   0,04  (udev-worker)
00:01:26        0     19340     26,60      0,00   37436    6776   0,04  (udev-worker)
00:01:26        0     19342     26,80      0,00   37436    6648   0,04  (udev-worker)
00:01:26        0     19343     27,00      0,00   37436    6648   0,04  (udev-worker)
00:01:26        0     19344     27,00      0,00   37436    6776   0,04  (udev-worker)
00:01:26        0     19345     26,80      0,00   37436    6776   0,04  (udev-worker)
00:01:26        0     19346     26,80      0,00   37436    6648   0,04  (udev-worker)
00:01:26        0     19347     27,20      0,00   37436    6648   0,04  (udev-worker)
00:01:26        0     19348     35,60      0,00   37436    6648   0,04  (udev-worker)
00:01:26        0     19349     26,40      0,00   37436    6648   0,04  (udev-worker)
00:01:26        0     19350     26,00      0,00   37436    6648   0,04  (udev-worker)
00:01:26        0     19351     26,00      0,00   37436    6648   0,04  (udev-worker)
00:01:26        0     19352     26,00      0,00   37436    6648   0,04  (udev-worker)

00:01:21      UID       PID   kB_rd/s   kB_wr/s kB_ccwr/s iodelay  Command
00:01:26     1000      4211      0,00      0,80      0,00       0  gnome-shell
00:01:26     1000      6366      0,00      0,80      0,00       0  antigravity
00:01:26     1000      9105      0,00     40,00      0,00       0  chrome
00:01:26     1000     17064      0,00      1,17      0,00       0  pidstat
00:01:26     1000     17096      0,00      3,09      0,00       0  java

00:01:26      UID       PID    %usr %system  %guest   %wait    %CPU   CPU  Command
00:01:31        0        17    0,20    0,00    0,00    0,00    0,20     0  ksoftirqd/0
00:01:31        0        18    0,00    0,20    0,00    0,00    0,20     3  rcu_preempt
00:01:31        0        57    0,00    1,00    0,00    0,00    1,00     6  ksoftirqd/6
00:01:31        0       647    0,00    0,20    0,00    0,00    0,20     0  irq/130-iwlwifi
00:01:31      115       943    0,20    0,00    0,00    0,00    0,20     1  prometheus
00:01:31        0      1646    0,20    0,00    0,00    0,00    0,20     6  glances
00:01:31        0      1654    0,20    0,00    0,00    0,00    0,20     2  tailscaled
00:01:31        0      1668    0,20    0,00    0,00    0,00    0,20     3  containerd
00:01:31        0      2676    0,40    0,20    0,00    0,00    0,60     7  dockerd
00:01:31      117      2677    0,40    0,20    0,00    0,00    0,60     3  grafana
00:01:31        0      3027    1,60    0,40    0,00    0,00    2,00     5  mount.ntfs-3g
00:01:31        0      3075    0,00    0,20    0,00    0,00    0,20     3  containerd-shim
00:01:31        0      3091    0,00    0,20    0,00    0,00    0,20     3  containerd-shim
00:01:31        0      3120    0,20    0,00    0,00    0,00    0,20     4  containerd-shim
00:01:31      999      3241    0,60    0,00    0,00    0,00    0,60     0  redis-server
00:01:31     1000      4211   10,00    5,80    0,00    0,00   15,80     2  gnome-shell
00:01:31     1000      5898    3,60    1,80    0,00    0,00    5,40     7  antigravity
00:01:31     1000      5952    9,20    2,20    0,00    0,00   11,40     1  antigravity
00:01:31     1000      6000    7,40    0,60    0,00    0,00    8,00     7  antigravity
00:01:31     1000      6006    0,20    0,00    0,00    0,00    0,20     2  antigravity
00:01:31     1000      6248    1,60    1,20    0,00    0,00    2,80     1  language_server
00:01:31     1000      6334    0,40    0,00    0,00    0,00    0,40     6  antigravity
00:01:31     1000      6366    0,40    0,80    0,00    0,00    1,20     7  antigravity
00:01:31     1000      6381    1,00    0,00    0,00    0,00    1,00     2  antigravity
00:01:31     1000      6409    0,20    0,20    0,00    0,00    0,40     7  antigravity
00:01:31     1000      6708    1,20    1,20    0,00    0,00    2,40     5  language_server
00:01:31     1000      7203    1,20    1,60    0,00    0,00    2,80     3  language_server
00:01:31        0      8594    0,00    0,60    0,00    0,60    0,60     4  kworker/u33:0+i915_flip
00:01:31     1000      9105    0,20    0,20    0,00    0,00    0,40     4  chrome
00:01:31     1000      9152    0,40    0,00    0,00    0,00    0,40     4  chrome
00:01:31     1000      9378    1,20    0,00    0,00    0,00    1,20     7  gnome-terminal-
00:01:31     1000      9668    0,00    0,20    0,00    0,00    0,20     1  chrome
00:01:31     1000     10899    0,20    0,00    0,00    0,00    0,20     0  antigravity
00:01:31        0     14919    0,00    0,80    0,00    0,80    0,80     6  kworker/6:2-i915-unordered
00:01:31     1000     17064    0,20    0,40    0,00    0,00    0,60     6  pidstat
00:01:31     1000     17096    4,40    0,60    0,00    0,00    5,00     7  java

00:01:26      UID       PID  minflt/s  majflt/s     VSZ     RSS   %MEM  Command
00:01:31        0       435      1,60      0,00   37432   10756   0,07  systemd-udevd
00:01:31        0      3068      3,80      0,00 1235608   15132   0,09  containerd-shim
00:01:31        0      3075      1,00      0,00 1235608   14388   0,09  containerd-shim
00:01:31        0      3091      1,80      0,00 1235608   15636   0,10  containerd-shim
00:01:31        0      3120     10,40      0,00 1235608   15004   0,09  containerd-shim
00:01:31     1000      4211      1,40      0,00 5033232  315652   1,94  gnome-shell
00:01:31     1000      5898     35,20      0,00 1461714124  312776   1,93  antigravity
00:01:31     1000      5952     40,00      0,00 34379388  167732   1,03  antigravity
00:01:31     1000      5963      0,80      0,00 33906396   82640   0,51  antigravity
00:01:31     1000      6000    215,20      0,00 1461391020  427792   2,64  antigravity
00:01:31     1000      6006      8,00      0,00 1459645432  292796   1,80  antigravity
00:01:31     1000      6289      0,20      0,00 33951332   64440   0,40  antigravity
00:01:31     1000      6302      3,60      0,00 1461347888  121628   0,75  antigravity
00:01:31     1000      6303      1,00      0,00 1461367164  112552   0,69  antigravity
00:01:31     1000      6334      9,40      0,00 1461342992  258668   1,59  antigravity
00:01:31     1000      6366    284,00      0,00 1461351388  394392   2,43  antigravity
00:01:31     1000      6381     24,80      0,00 1461358904  155860   0,96  antigravity
00:01:31     1000      6409    106,60      0,00 1461383736  120868   0,74  antigravity
00:01:31     1000      9105     11,60      0,00 55447012  385556   2,38  chrome
00:01:31     1000      9152      3,60      0,00 55460652  193264   1,19  chrome
00:01:31     1000      9157      3,20      0,00 54984540  132348   0,82  chrome
00:01:31     1000      9168      0,20      0,00 55021684   62976   0,39  chrome
00:01:31     1000      9642      0,40      0,00 55012336   86856   0,54  chrome
00:01:31     1000     17096      1,20      0,00 6508828  665664   4,10  java
00:01:31     1000     19459     28,60      0,00    2672    1764   0,01  sh
00:01:31     1000     19460     65,20      0,00    7012    3288   0,02  cpuUsage.sh
00:01:31     1000     19467     24,00      0,00    5656    2168   0,01  sleep

00:01:26      UID       PID   kB_rd/s   kB_wr/s kB_ccwr/s iodelay  Command
00:01:31     1000     17064      0,00      1,73      0,00       0  pidstat
00:01:31     1000     17096      0,00      4,70      0,00       0  java

00:01:31      UID       PID    %usr %system  %guest   %wait    %CPU   CPU  Command
00:01:36        0         1    0,00    0,20    0,00    0,00    0,20     7  systemd
00:01:36        0        57    0,00    1,20    0,00    0,20    1,20     6  ksoftirqd/6
00:01:36        0        86    0,00    0,20    0,00    0,00    0,20     1  irq/9-acpi
00:01:36      990       908    0,80    0,20    0,00    0,00    1,00     5  dbus-daemon
00:01:36      115       942    1,40    0,60    0,00    0,00    2,00     3  prometheus-node
00:01:36      115       943    0,20    0,00    0,00    0,00    0,20     1  prometheus
00:01:36        0      1646    0,20    0,00    0,00    0,00    0,20     6  glances
00:01:36        0      1654    0,00    0,20    0,00    0,00    0,20     6  tailscaled
00:01:36        0      1668    0,40    0,00    0,00    0,00    0,40     3  containerd
00:01:36        0      2676    0,20    0,00    0,00    0,00    0,20     7  dockerd
00:01:36      117      2677    0,40    0,20    0,00    0,00    0,60     6  grafana
00:01:36        0      3027    0,80    1,00    0,00    0,00    1,80     1  mount.ntfs-3g
00:01:36        0      3068    0,20    0,20    0,00    0,00    0,40     0  containerd-shim
00:01:36        0      3076    0,20    0,20    0,00    0,00    0,40     7  containerd-shim
00:01:36      999      3241    0,40    0,00    0,00    0,00    0,40     1  redis-server
00:01:36     1000      4211   10,60    5,20    0,00    0,00   15,80     7  gnome-shell
00:01:36     1000      4941    0,20    0,00    0,00    0,00    0,20     0  xdg-desktop-por
00:01:36     1000      5898    3,80    1,40    0,00    0,00    5,20     2  antigravity
00:01:36     1000      5952    9,00    2,20    0,00    0,00   11,20     5  antigravity
00:01:36     1000      6000    6,20    0,80    0,00    0,00    7,00     2  antigravity
00:01:36     1000      6248    1,60    1,60    0,00    0,00    3,20     3  language_server
00:01:36     1000      6334    0,40    0,00    0,00    0,00    0,40     1  antigravity
00:01:36     1000      6366    0,80    0,40    0,00    0,00    1,20     2  antigravity
00:01:36     1000      6381    0,40    0,20    0,00    0,00    0,60     7  antigravity
00:01:36     1000      6409    0,20    0,20    0,00    0,00    0,40     6  antigravity
00:01:36     1000      6708    1,80    0,40    0,00    0,00    2,20     5  language_server
00:01:36     1000      7203    1,40    1,20    0,00    0,00    2,60     3  language_server
00:01:36        0      8594    0,00    0,60    0,00    0,20    0,60     0  kworker/u33:0-i915_flip
00:01:36     1000      9105    0,20    0,00    0,00    0,00    0,20     3  chrome
00:01:36     1000      9152    0,20    0,00    0,00    0,00    0,20     4  chrome
00:01:36     1000      9378    0,80    0,00    0,00    0,00    0,80     1  gnome-terminal-
00:01:36        0     12744    0,00    0,20    0,00    0,00    0,20     6  kworker/u32:0-i915
00:01:36        0     14919    0,00    0,60    0,00    0,80    0,60     6  kworker/6:2-i915-unordered
00:01:36     1000     17064    0,20    0,20    0,00    0,00    0,40     6  pidstat
00:01:36     1000     17096    4,60    0,80    0,00    0,00    5,40     7  java

00:01:31      UID       PID  minflt/s  majflt/s     VSZ     RSS   %MEM  Command
00:01:36      115       942     92,00      0,00 1614336   25228   0,16  prometheus-node
00:01:36      115       943      5,00      0,00 2610324  109892   0,68  prometheus
00:01:36        0      3068      0,40      0,00 1235608   15132   0,09  containerd-shim
00:01:36        0      3076      2,00      0,00 1235608   14764   0,09  containerd-shim
00:01:36        0      3091      5,80      0,00 1235608   15636   0,10  containerd-shim
00:01:36        0      3120      5,60      0,00 1235608   15132   0,09  containerd-shim
00:01:36     1000      4211      7,20      0,00 5033232  315500   1,94  gnome-shell
00:01:36     1000      5898     41,60      0,00 1461714124  312388   1,92  antigravity
00:01:36     1000      5952     22,80      0,00 34379436  167768   1,03  antigravity
00:01:36     1000      5963      0,80      0,00 33906396   82640   0,51  antigravity
00:01:36     1000      6000    130,20      0,00 1461391020  428600   2,64  antigravity
00:01:36     1000      6006      7,40      0,00 1459645432  292924   1,80  antigravity
00:01:36     1000      6289      0,20      0,00 33951332   64440   0,40  antigravity
00:01:36     1000      6302      3,20      0,00 1461347888  121628   0,75  antigravity
00:01:36     1000      6303      1,00      0,00 1461367164  112552   0,69  antigravity
00:01:36     1000      6334      9,20      0,00 1461342992  258924   1,60  antigravity
00:01:36     1000      6366    289,40      0,00 1461351388  394900   2,43  antigravity
00:01:36     1000      6381     21,00      0,00 1461358904  155772   0,96  antigravity
00:01:36     1000      6409    100,40      0,00 1461383736  120868   0,74  antigravity
00:01:36     1000      9105     17,40      0,00 55447012  385556   2,38  chrome
00:01:36     1000      9152      7,20      0,00 55460652  193264   1,19  chrome
00:01:36     1000      9157      6,00      0,00 54984540  132348   0,82  chrome
00:01:36     1000      9168      0,40      0,00 55021684   62976   0,39  chrome
00:01:36     1000      9642      0,40      0,00 55012336   86856   0,54  chrome
00:01:36     1000      9657      0,00      0,00 1518552496  333416   2,05  chrome
00:01:36     1000     17096      1,60      0,00 6508828  665664   4,10  java
00:01:36     1000     19491     27,80      0,00    2672    1620   0,01  sh
00:01:36     1000     19492     66,60      0,00    7012    3340   0,02  cpuUsage.sh
00:01:36     1000     19499     23,60      0,00    5656    2024   0,01  sleep

00:01:31      UID       PID   kB_rd/s   kB_wr/s kB_ccwr/s iodelay  Command
00:01:36     1000      9105      0,00      2,40      0,00       0  chrome
00:01:36     1000     17064      0,00      1,14      0,00       0  pidstat
00:01:36     1000     17096      0,00      4,64      0,00       0  java

00:01:36      UID       PID    %usr %system  %guest   %wait    %CPU   CPU  Command
00:01:41        0        57    0,00    1,00    0,00    0,00    1,00     6  ksoftirqd/6
00:01:41      115       943    0,20    0,00    0,00    0,00    0,20     1  prometheus
00:01:41        0      1081    0,20    0,00    0,00    0,00    0,20     4  NetworkManager
00:01:41        0      1668    0,40    0,20    0,00    0,00    0,60     3  containerd
00:01:41        0      1673    0,00    0,20    0,00    0,00    0,20     1  anydesk
00:01:41      114      1801    0,20    0,00    0,00    0,00    0,20     5  postgres
00:01:41        0      2676    0,60    0,20    0,00    0,00    0,80     7  dockerd
00:01:41      117      2677    0,60    0,40    0,00    0,00    1,00     1  grafana
00:01:41        0      3027    1,20    1,00    0,00    0,00    2,20     1  mount.ntfs-3g
00:01:41        0      3075    0,20    0,00    0,00    0,00    0,20     3  containerd-shim
00:01:41        0      3091    0,20    0,00    0,00    0,00    0,20     3  containerd-shim
00:01:41      999      3241    0,40    0,00    0,00    0,00    0,40     2  redis-server
00:01:41     1000      4211    8,40    7,20    0,00    0,00   15,60     2  gnome-shell
00:01:41     1000      5898    4,00    1,20    0,00    0,00    5,20     3  antigravity
00:01:41     1000      5952    9,40    1,80    0,00    0,00   11,20     5  antigravity
00:01:41     1000      5963    0,20    0,00    0,00    0,00    0,20     7  antigravity
00:01:41     1000      6000    6,40    1,00    0,00    0,00    7,40     3  antigravity
00:01:41     1000      6006    0,20    0,00    0,00    0,00    0,20     7  antigravity
00:01:41     1000      6248    1,60    1,40    0,00    0,00    3,00     0  language_server
00:01:41     1000      6334    0,20    0,40    0,00    0,00    0,60     2  antigravity
00:01:41     1000      6366    1,00    0,40    0,00    0,00    1,40     2  antigravity
00:01:41     1000      6381    0,80    0,00    0,00    0,00    0,80     7  antigravity
00:01:41     1000      6409    0,40    0,00    0,00    0,00    0,40     2  antigravity
00:01:41     1000      6708    1,60    0,60    0,00    0,00    2,20     5  language_server
00:01:41     1000      7203    1,40    1,20    0,00    0,00    2,60     3  language_server
00:01:41        0      8594    0,00    0,80    0,00    0,40    0,80     6  kworker/u33:0-i915_flip
00:01:41     1000      9152    0,20    0,20    0,00    0,00    0,40     4  chrome
00:01:41     1000      9378    1,20    0,00    0,00    0,00    1,20     2  gnome-terminal-
00:01:41        0     14919    0,00    0,80    0,00    0,80    0,80     6  kworker/6:2-i915-unordered
00:01:41     1000     17064    0,40    0,40    0,00    0,00    0,80     1  pidstat
00:01:41     1000     17096    4,60    0,80    0,00    0,00    5,40     7  java
00:01:41        0     19011    0,20    0,00    0,00    0,00    0,20     0  kworker/0:2-events

00:01:36      UID       PID  minflt/s  majflt/s     VSZ     RSS   %MEM  Command
00:01:41      115       943      0,40      0,00 2610324  109892   0,68  prometheus
00:01:41        0      1668      7,20      0,00 2463668   70560   0,43  containerd
00:01:41        0      3068      5,00      0,00 1235608   14808   0,09  containerd-shim
00:01:41        0      3075      7,00      0,00 1235608   13796   0,08  containerd-shim
00:01:41        0      3076      6,00      0,00 1235608   14392   0,09  containerd-shim
00:01:41        0      3091      8,40      0,00 1235608   14988   0,09  containerd-shim
00:01:41        0      3120      6,80      0,00 1235608   14268   0,09  containerd-shim
00:01:41     1000      4211      3,00      0,00 5033232  315500   1,94  gnome-shell
00:01:41     1000      5898     38,60      0,00 1461714124  312772   1,93  antigravity
00:01:41     1000      5952     10,00      0,00 34379372  167768   1,03  antigravity
00:01:41     1000      5963      1,60      0,00 33906396   82640   0,51  antigravity
00:01:41     1000      6000    139,20      0,00 1461391020  430128   2,65  antigravity
00:01:41     1000      6006      8,00      0,00 1459645432  292924   1,80  antigravity
00:01:41     1000      6289      0,40      0,00 33951332   64440   0,40  antigravity
00:01:41     1000      6302      7,00      0,00 1461347888  121628   0,75  antigravity
00:01:41     1000      6303      1,80      0,00 1461367164  112552   0,69  antigravity
00:01:41     1000      6334     10,40      0,00 1461342992  258924   1,60  antigravity
00:01:41     1000      6366    265,40      0,00 1461351388  394492   2,43  antigravity
00:01:41     1000      6381     21,80      0,00 1461358904  155712   0,96  antigravity
00:01:41     1000      6409     25,40      0,00 1461383736  120868   0,74  antigravity
00:01:41     1000      9105      9,40      0,00 55447012  385556   2,38  chrome
00:01:41     1000      9152      3,60      0,00 55460652  193264   1,19  chrome
00:01:41     1000      9157      2,80      0,00 54984540  132348   0,82  chrome
00:01:41     1000      9168      0,20      0,00 55021684   62976   0,39  chrome
00:01:41     1000      9642      0,40      0,00 55012336   86856   0,54  chrome
00:01:41     1000     17096      1,60      0,00 6508828  665792   4,10  java

00:01:36      UID       PID   kB_rd/s   kB_wr/s kB_ccwr/s iodelay  Command
00:01:41     1000     17064      0,00      1,17      0,00       0  pidstat
00:01:41     1000     17096      0,00      4,64      0,00       0  java

00:01:41      UID       PID    %usr %system  %guest   %wait    %CPU   CPU  Command
00:01:46        0        57    0,00    1,00    0,00    0,00    1,00     6  ksoftirqd/6
00:01:46        0       113    0,00    0,20    0,00    0,00    0,20     0  kworker/0:1H-events_highpri
00:01:46        0       175    0,00    0,20    0,00    0,00    0,20     6  kworker/6:1H-events_highpri
00:01:46        0      1646    0,20    0,00    0,00    0,00    0,20     6  glances
00:01:46        0      1654    0,20    0,00    0,00    0,00    0,20     3  tailscaled
00:01:46        0      1668    0,40    0,00    0,00    0,00    0,40     3  containerd
00:01:46        0      2676    0,20    0,20    0,00    0,00    0,40     7  dockerd
00:01:46      117      2677    0,60    0,20    0,00    0,00    0,80     5  grafana
00:01:46        0      3027    1,40    0,40    0,00    0,00    1,80     2  mount.ntfs-3g
00:01:46        0      3075    0,00    0,20    0,00    0,00    0,20     3  containerd-shim
00:01:46        0      3076    0,20    0,00    0,00    0,00    0,20     7  containerd-shim
00:01:46        0      3091    0,00    0,20    0,00    0,00    0,20     3  containerd-shim
00:01:46        0      3120    0,20    0,20    0,00    0,00    0,40     4  containerd-shim
00:01:46      999      3241    0,40    0,00    0,00    0,00    0,40     4  redis-server
00:01:46     1000      4211   10,40    5,60    0,00    0,00   16,00     4  gnome-shell
00:01:46     1000      5898    3,80    1,60    0,00    0,00    5,40     0  antigravity
00:01:46     1000      5952    8,80    2,60    0,00    0,00   11,40     4  antigravity
00:01:46     1000      6000    6,00    0,60    0,00    0,00    6,60     3  antigravity
00:01:46     1000      6006    0,20    0,00    0,00    0,00    0,20     0  antigravity
00:01:46     1000      6248    1,80    1,60    0,00    0,00    3,40     2  language_server
00:01:46     1000      6334    0,40    0,00    0,00    0,00    0,40     4  antigravity
00:01:46     1000      6366    0,80    0,40    0,00    0,00    1,20     3  antigravity
00:01:46     1000      6381    0,40    0,20    0,00    5,20    0,60     3  antigravity
00:01:46     1000      6409    0,00    0,20    0,00    0,00    0,20     1  antigravity
00:01:46     1000      6708    1,80    0,60    0,00    0,00    2,40     5  language_server
00:01:46     1000      7203    1,40    1,40    0,00    0,00    2,80     3  language_server
00:01:46        0      8594    0,00    0,80    0,00    0,40    0,80     6  kworker/u33:0-i915_flip
00:01:46     1000      9105    0,60    0,00    0,00    0,00    0,60     7  chrome
00:01:46     1000      9152    0,20    0,00    0,00    0,00    0,20     4  chrome
00:01:46     1000      9157    0,20    0,00    0,00    0,00    0,20     7  chrome
00:01:46     1000      9210    0,20    0,00    0,00    0,00    0,20     0  chrome
00:01:46     1000      9335    0,20    0,00    0,00    0,00    0,20     4  chrome
00:01:46     1000      9378    0,80    0,00    0,00    0,00    0,80     2  gnome-terminal-
00:01:46     1000      9657    0,20    0,20    0,00    0,00    0,40     5  chrome
00:01:46        0     14919    0,00    0,60    0,00    0,60    0,60     6  kworker/6:2-i915-unordered
00:01:46     1000     17064    0,00    0,20    0,00    0,00    0,20     2  pidstat
00:01:46     1000     17096    5,20    0,40    0,00    0,00    5,60     7  java

00:01:41      UID       PID  minflt/s  majflt/s     VSZ     RSS   %MEM  Command
00:01:46        0      1668     13,40      0,00 2463668   70028   0,43  containerd
00:01:46      114      1776      4,00      0,00  218252   29316   0,18  postgres
00:01:46        0      3068     10,80      0,00 1235608   15064   0,09  containerd-shim
00:01:46        0      3075     11,80      0,00 1235608   13924   0,09  containerd-shim
00:01:46        0      3076     10,20      0,00 1235608   14520   0,09  containerd-shim
00:01:46        0      3091     10,60      0,00 1235608   15116   0,09  containerd-shim
00:01:46        0      3120     10,60      0,00 1235608   14396   0,09  containerd-shim
00:01:46     1000      4211      7,00      0,00 5033232  315500   1,94  gnome-shell
00:01:46     1000      5898     34,40      0,00 1461714124  312708   1,93  antigravity
00:01:46     1000      5952      6,40      0,00 34379372  167424   1,03  antigravity
00:01:46     1000      5963      0,80      0,00 33906396   82640   0,51  antigravity
00:01:46     1000      6000    100,40      0,00 1461391020  430740   2,65  antigravity
00:01:46     1000      6006     13,80      0,00 1459645432  293052   1,81  antigravity
00:01:46     1000      6289      0,20      0,00 33951332   64440   0,40  antigravity
00:01:46     1000      6302      3,60      0,00 1461347888  121628   0,75  antigravity
00:01:46     1000      6303      1,00      0,00 1461367164  112552   0,69  antigravity
00:01:46     1000      6334     13,80      0,00 1461342992  258924   1,60  antigravity
00:01:46     1000      6366    247,60      0,00 1461351388  394620   2,43  antigravity
00:01:46     1000      6381      2,80      0,00 1461358904  155576   0,96  antigravity
00:01:46     1000      6409      3,40      0,00 1461383736  120868   0,74  antigravity
00:01:46     1000      9105     87,00      0,00 55447012  385580   2,38  chrome
00:01:46     1000      9152      3,60      0,00 55460652  193264   1,19  chrome
00:01:46     1000      9157      4,40      0,00 54984540  132348   0,82  chrome
00:01:46     1000      9168      0,20      0,00 55021684   62976   0,39  chrome
00:01:46     1000      9642      0,20      0,00 55012336   86856   0,54  chrome
00:01:46     1000      9657     75,60      0,00 1520518576  334760   2,06  chrome
00:01:46     1000     17096      6,80      0,00 6508828  665456   4,10  java

00:01:41      UID       PID   kB_rd/s   kB_wr/s kB_ccwr/s iodelay  Command
00:01:46     1000      9105      0,00     28,00      0,00       0  chrome
00:01:46     1000      9157      0,00      0,80      0,80       0  chrome
00:01:46     1000     17064      0,00      1,06      0,00       0  pidstat
00:01:46     1000     17096      0,00      3,32      0,00       0  java

Rata-rata:    UID       PID    %usr %system  %guest   %wait    %CPU   CPU  Command
Rata-rata:      0         1    0,11    0,03    0,00    0,00    0,14     -  systemd
Rata-rata:      0        17    0,02    0,00    0,00    0,00    0,02     -  ksoftirqd/0
Rata-rata:      0        18    0,00    0,04    0,00    0,03    0,04     -  rcu_preempt
Rata-rata:      0        27    0,01    0,00    0,00    0,00    0,01     -  ksoftirqd/1
Rata-rata:      0        28    0,00    0,00    0,00    0,00    0,00     -  kworker/1:0-cgroup_release
Rata-rata:      0        33    0,01    0,00    0,00    0,00    0,01     -  ksoftirqd/2
Rata-rata:      0        39    0,02    0,00    0,00    0,01    0,02     -  ksoftirqd/3
Rata-rata:      0        45    0,01    0,00    0,00    0,00    0,01     -  ksoftirqd/4
Rata-rata:      0        51    0,00    0,00    0,00    0,00    0,00     -  ksoftirqd/5
Rata-rata:      0        57    0,00    1,15    0,00    0,04    1,15     -  ksoftirqd/6
Rata-rata:      0        63    0,01    0,00    0,00    0,00    0,01     -  ksoftirqd/7
Rata-rata:      0        65    0,00    0,03    0,00    0,01    0,03     -  kworker/7:0H-events_highpri
Rata-rata:      0        67    0,00    0,00    0,00    0,00    0,00     -  kworker/u32:1-flush-8:0
Rata-rata:      0        73    0,00    0,02    0,00    0,00    0,02     -  kworker/u32:7-ext4-rsv-conversion
Rata-rata:      0        80    0,00    0,00    0,00    0,00    0,00     -  kcompactd0
Rata-rata:      0        82    0,00    0,01    0,00    0,00    0,01     -  khugepaged
Rata-rata:      0        86    0,00    0,05    0,00    0,00    0,05     -  irq/9-acpi
Rata-rata:      0        95    0,00    0,01    0,00    0,00    0,01     -  kworker/4:1H-kblockd
Rata-rata:      0       106    0,00    0,01    0,00    0,01    0,01     -  kworker/5:1-events
Rata-rata:      0       113    0,00    0,02    0,00    0,00    0,02     -  kworker/0:1H-events_highpri
Rata-rata:      0       175    0,00    0,04    0,00    0,01    0,04     -  kworker/6:1H-events_highpri
Rata-rata:      0       213    0,00    0,00    0,00    0,00    0,00     -  kworker/2:1H-events_highpri
Rata-rata:      0       214    0,00    0,01    0,00    0,00    0,01     -  kworker/1:1H-events_highpri
Rata-rata:      0       224    0,00    0,01    0,00    0,00    0,01     -  kworker/3:1H-events_highpri
Rata-rata:      0       227    0,00    0,01    0,00    0,00    0,01     -  kworker/5:1H-events_highpri
Rata-rata:      0       319    0,00    0,01    0,00    0,00    0,01     -  jbd2/sda6-8
Rata-rata:      0       375    0,00    0,01    0,00    0,00    0,01     -  systemd-journal
Rata-rata:      0       435    0,01    0,02    0,00    0,01    0,02     -  systemd-udevd
Rata-rata:      0       647    0,00    0,03    0,00    0,00    0,03     -  irq/130-iwlwifi
Rata-rata:      0       684    0,00    0,01    0,00    0,00    0,01     -  kworker/u32:8-ext4-rsv-conversion
Rata-rata:    102       902    0,00    0,00    0,00    0,01    0,00     -  avahi-daemon
Rata-rata:    990       908    0,30    0,04    0,00    0,01    0,34     -  dbus-daemon
Rata-rata:    986       934    0,01    0,00    0,00    0,00    0,01     -  polkitd
Rata-rata:    115       942    0,45    0,18    0,00    0,00    0,63     -  prometheus-node
Rata-rata:    115       943    0,16    0,01    0,00    0,00    0,17     -  prometheus
Rata-rata:      0       954    0,00    0,00    0,00    0,00    0,00     -  systemd-logind
Rata-rata:      0       955    0,01    0,01    0,00    0,00    0,02     -  udisksd
Rata-rata:      0      1081    0,02    0,01    0,00    0,01    0,03     -  NetworkManager
Rata-rata:      0      1082    0,00    0,00    0,00    0,00    0,00     -  wpa_supplicant
Rata-rata:      0      1194    0,00    0,00    0,00    0,00    0,00     -  ModemManager
Rata-rata:      0      1646    0,14    0,01    0,00    0,00    0,15     -  glances
Rata-rata:      0      1654    0,10    0,10    0,00    0,00    0,20     -  tailscaled
Rata-rata:      0      1668    0,37    0,10    0,00    0,00    0,47     -  containerd
Rata-rata:      0      1673    0,01    0,02    0,00    0,00    0,02     -  anydesk
Rata-rata:    111      1761    0,01    0,00    0,00    0,00    0,01     -  mariadbd
Rata-rata:    114      1776    0,00    0,00    0,00    0,00    0,00     -  postgres
Rata-rata:      0      1783    0,00    0,00    0,00    0,00    0,00     -  apache2
Rata-rata:     33      1794    0,00    0,00    0,00    0,00    0,00     -  apache2
Rata-rata:    114      1801    0,00    0,00    0,00    0,00    0,00     -  postgres
Rata-rata:      0      2253    0,00    0,00    0,00    0,00    0,00     -  upowerd
Rata-rata:      0      2675    0,00    0,00    0,00    0,00    0,01     -  cups-browsed
Rata-rata:      0      2676    0,41    0,22    0,00    0,00    0,62     -  dockerd
Rata-rata:    117      2677    0,58    0,26    0,00    0,00    0,85     -  grafana
Rata-rata:      0      3027    0,45    0,34    0,00    0,00    0,79     -  mount.ntfs-3g
Rata-rata:      0      3068    0,07    0,05    0,00    0,00    0,12     -  containerd-shim
Rata-rata:      0      3075    0,07    0,06    0,00    0,00    0,13     -  containerd-shim
Rata-rata:      0      3076    0,06    0,06    0,00    0,00    0,12     -  containerd-shim
Rata-rata:      0      3091    0,07    0,05    0,00    0,00    0,13     -  containerd-shim
Rata-rata:      0      3120    0,07    0,05    0,00    0,00    0,12     -  containerd-shim
Rata-rata:    999      3241    0,41    0,05    0,00    0,00    0,46     -  redis-server
Rata-rata:    117      3639    0,00    0,00    0,00    0,00    0,00     -  gpx_grafana_ela
Rata-rata:   1000      3918    0,02    0,01    0,00    0,00    0,03     -  systemd
Rata-rata:   1000      4002    0,01    0,00    0,00    0,00    0,01     -  dbus-daemon
Rata-rata:   1000      4003    0,00    0,01    0,00    0,00    0,01     -  pipewire
Rata-rata:   1000      4006    0,01    0,00    0,00    0,00    0,01     -  wireplumber
Rata-rata:   1000      4009    0,00    0,00    0,00    0,00    0,00     -  pipewire-pulse
Rata-rata:   1000      4210    0,00    0,00    0,00    0,00    0,00     -  at-spi-bus-laun
Rata-rata:   1000      4211    9,24    6,72    0,00    0,06   15,96     -  gnome-shell
Rata-rata:   1000      4491    0,01    0,01    0,00    0,00    0,02     -  gsd-housekeepin
Rata-rata:   1000      4512    0,01    0,00    0,00    0,00    0,01     -  gnome-software
Rata-rata:   1000      4519    0,00    0,00    0,00    0,02    0,00     -  gsd-rfkill
Rata-rata:   1000      4525    0,01    0,01    0,00    0,00    0,02     -  gsd-sharing
Rata-rata:   1000      4536    0,00    0,00    0,00    0,00    0,00     -  gsd-disk-utilit
Rata-rata:   1000      4546    0,00    0,01    0,00    0,00    0,01     -  anydesk
Rata-rata:   1000      4757    0,01    0,01    0,00    0,00    0,02     -  gvfs-udisks2-vo
Rata-rata:   1000      4808    0,00    0,00    0,00    0,00    0,00     -  goa-daemon
Rata-rata:   1000      4829    0,00    0,00    0,00    0,00    0,00     -  gvfs-afc-volume
Rata-rata:   1000      4846    0,00    0,00    0,00    0,00    0,00     -  ibus-engine-sim
Rata-rata:      0      4928    0,00    0,02    0,00    0,01    0,02     -  kworker/u32:9-flush-8:0
Rata-rata:   1000      4941    0,01    0,00    0,00    0,00    0,01     -  xdg-desktop-por
Rata-rata:   1000      4944    0,00    0,00    0,00    0,00    0,00     -  gvfsd-trash
Rata-rata:   1000      4973    0,00    0,00    0,00    0,00    0,00     -  xdg-desktop-por
Rata-rata:      0      5233    0,01    0,00    0,00    0,00    0,01     -  fwupd
Rata-rata:   1000      5898    3,77    1,63    0,00    0,05    5,39     -  antigravity
Rata-rata:   1000      5952    9,03    2,17    0,00    0,05   11,21     -  antigravity
Rata-rata:   1000      5963    0,01    0,00    0,00    0,00    0,01     -  antigravity
Rata-rata:   1000      6000    7,43    0,74    0,00    0,04    8,17     -  antigravity
Rata-rata:   1000      6006    0,39    0,03    0,00    0,01    0,42     -  antigravity
Rata-rata:   1000      6077    0,00    0,00    0,00    0,00    0,00     -  antigravity
Rata-rata:   1000      6248    1,71    1,31    0,00    0,04    3,02     -  language_server
Rata-rata:   1000      6302    0,01    0,00    0,00    0,00    0,01     -  antigravity
Rata-rata:   1000      6303    0,02    0,02    0,00    0,00    0,04     -  antigravity
Rata-rata:   1000      6334    0,54    0,10    0,00    0,01    0,64     -  antigravity
Rata-rata:   1000      6366    1,45    0,23    0,00    0,01    1,67     -  antigravity
Rata-rata:   1000      6381    0,73    0,09    0,00    0,09    0,82     -  antigravity
Rata-rata:   1000      6409    0,21    0,15    0,00    0,01    0,35     -  antigravity
Rata-rata:   1000      6708    1,46    0,97    0,00    0,00    2,43     -  language_server
Rata-rata:   1000      7203    1,62    1,28    0,00    0,00    2,89     -  language_server
Rata-rata:   1000      7289    0,00    0,00    0,00    0,00    0,00     -  antigravity
Rata-rata:   1000      7325    0,00    0,00    0,00    0,00    0,00     -  antigravity
Rata-rata:      0      8594    0,00    0,67    0,00    0,39    0,67     -  kworker/u33:0-i915_flip
Rata-rata:   1000      9105    0,19    0,10    0,00    0,01    0,29     -  chrome
Rata-rata:   1000      9152    0,24    0,08    0,00    0,00    0,31     -  chrome
Rata-rata:   1000      9157    0,05    0,02    0,00    0,00    0,07     -  chrome
Rata-rata:   1000      9168    0,01    0,01    0,00    0,33    0,02     -  chrome
Rata-rata:   1000      9202    0,02    0,01    0,00    0,00    0,02     -  chrome
Rata-rata:   1000      9210    0,02    0,00    0,00    0,33    0,03     -  chrome
Rata-rata:   1000      9335    0,02    0,01    0,00    0,33    0,02     -  chrome
Rata-rata:   1000      9378    0,94    0,02    0,00    0,00    0,96     -  gnome-terminal-
Rata-rata:   1000      9642    0,01    0,00    0,00    0,00    0,01     -  chrome
Rata-rata:   1000      9657    0,15    0,02    0,00    0,33    0,17     -  chrome
Rata-rata:   1000      9668    0,01    0,01    0,00    0,97    0,02     -  chrome
Rata-rata:   1000      9773    0,02    0,01    0,00    0,00    0,03     -  ssh
Rata-rata:   1000     10899    0,05    0,01    0,00    0,00    0,05     -  antigravity
Rata-rata:      0     12404    0,00    0,00    0,00    0,00    0,00     -  kworker/3:1-events
Rata-rata:      0     12744    0,00    0,02    0,00    0,00    0,02     -  kworker/u32:0-events_unbound
Rata-rata:      0     13447    0,01    0,00    0,00    0,01    0,01     -  kworker/7:2-events
Rata-rata:      0     13650    0,00    0,02    0,00    0,02    0,02     -  kworker/0:1-events
Rata-rata:      0     14919    0,00    0,64    0,00    0,77    0,64     -  kworker/6:2-i915-unordered
Rata-rata:      0     15279    0,01    0,00    0,00    0,01    0,01     -  kworker/2:2-events
Rata-rata:      0     16100    0,01    0,00    0,00    0,01    0,01     -  kworker/1:2-events
Rata-rata:      0     16414    0,00    0,01    0,00    0,00    0,01     -  kworker/u32:2-flush-8:0
Rata-rata:      0     17005    0,01    0,00    0,00    0,01    0,01     -  kworker/4:2-mm_percpu_wq
Rata-rata:   1000     17064    0,19    0,34    0,00    0,00    0,52     -  pidstat
Rata-rata:   1000     17096   12,21    1,08    0,00    0,00   13,29     -  java
Rata-rata:      0     17860    0,01    0,00    0,00    0,01    0,01     -  kworker/3:0-events
Rata-rata:      0     19011    0,01    0,00    0,00    0,00    0,01     -  kworker/0:2-events
Rata-rata:      0     19034    0,00    0,00    0,00    0,00    0,00     -  kworker/2:0-events

Rata-rata:    UID       PID  minflt/s  majflt/s     VSZ     RSS   %MEM  Command
Rata-rata:      0         1      3,57      0,00   24704   14840   0,09  systemd
Rata-rata:      0       375      4,91      0,00  163644   83128   0,51  systemd-journal
Rata-rata:      0       435      7,16      0,00   37432   10756   0,07  systemd-udevd
Rata-rata:      0       906      0,03      0,00    6792    2720   0,02  cron
Rata-rata:    115       942     25,08      0,00 1614336   25392   0,16  prometheus-node
Rata-rata:    115       943      2,12      0,00 2610273  108259   0,67  prometheus
Rata-rata:      0       955      0,01      0,00  470492   14832   0,09  udisksd
Rata-rata:      0      1654      3,46      0,00 1421460  103014   0,63  tailscaled
Rata-rata:      0      1668      3,63      0,00 2463668   70400   0,43  containerd
Rata-rata:    114      1776      0,99      0,00  218252   29316   0,18  postgres
Rata-rata:      0      2676      0,32      0,00 3358484  107537   0,66  dockerd
Rata-rata:    117      2677      1,07      0,00 1765513  335930   2,07  grafana
Rata-rata:      0      3068      7,39      0,00 1235608   14932   0,09  containerd-shim
Rata-rata:      0      3075      7,43      0,00 1235608   14350   0,09  containerd-shim
Rata-rata:      0      3076      6,80      0,00 1235608   14776   0,09  containerd-shim
Rata-rata:      0      3091      7,74      0,00 1235608   15336   0,09  containerd-shim
Rata-rata:      0      3120      7,09      0,00 1235608   14736   0,09  containerd-shim
Rata-rata:     70      3230      0,37      0,00  174540   25788   0,16  postgres
Rata-rata:      0      3248      0,00      0,00  743412   78972   0,49  node
Rata-rata:   1000      4003      0,58      0,00  103904   13725   0,08  pipewire
Rata-rata:   1000      4006      0,00      0,00  718576   27192   0,17  wireplumber
Rata-rata:   1000      4009      0,62      0,00  171976   15265   0,09  pipewire-pulse
Rata-rata:   1000      4211      5,23      0,00 5032068  315561   1,94  gnome-shell
Rata-rata:   1000      4941      0,00      0,00  704604   20144   0,12  xdg-desktop-por
Rata-rata:   1000      4944      0,00      0,00  608192    8972   0,06  gvfsd-trash
Rata-rata:   1000      5898     43,19      0,00 1461714124  312821   1,93  antigravity
Rata-rata:   1000      5952     12,83      0,00 34371569  167715   1,03  antigravity
Rata-rata:   1000      5963      1,08      0,00 33906396   82640   0,51  antigravity
Rata-rata:   1000      6000    111,80      0,00 1461389613  428249   2,64  antigravity
Rata-rata:   1000      6006     23,05      0,00 1459645426  288884   1,78  antigravity
Rata-rata:   1000      6077      0,09      0,00 1459609232  168859   1,04  antigravity
Rata-rata:   1000      6248      1,13      0,00 5510764  513910   3,17  language_server
Rata-rata:   1000      6289      0,25      0,00 33951332   64440   0,40  antigravity
Rata-rata:   1000      6302      4,31      0,00 1461347888  121541   0,75  antigravity
Rata-rata:   1000      6303      1,29      0,00 1461367164  112612   0,69  antigravity
Rata-rata:   1000      6334     16,70      0,00 1461342992  259016   1,60  antigravity
Rata-rata:   1000      6366    177,30      0,00 1461351388  371526   2,29  antigravity
Rata-rata:   1000      6381     12,08      0,00 1461358904  155616   0,96  antigravity
Rata-rata:   1000      6409     50,03      0,00 1461383736  119986   0,74  antigravity
Rata-rata:   1000      6708      0,01      0,00 4256024  478736   2,95  language_server
Rata-rata:   1000      7203      0,02      0,00 5307340  505108   3,11  language_server
Rata-rata:   1000      7289      0,01      0,00 1459530528   93936   0,58  antigravity
Rata-rata:   1000      7325      0,01      0,00 1459530528   86716   0,53  antigravity
Rata-rata:   1000      9105     21,80      0,00 55447012  385400   2,37  chrome
Rata-rata:   1000      9152      4,49      0,00 55460652  193174   1,19  chrome
Rata-rata:   1000      9157     12,86      0,00 54984540  132499   0,82  chrome
Rata-rata:   1000      9168      0,34      0,00 55021684   62881   0,39  chrome
Rata-rata:   1000      9202      0,01      0,00 1518493880  150988   0,93  chrome
Rata-rata:   1000      9335      0,00      0,00 1518471656  109576   0,68  chrome
Rata-rata:   1000      9642      0,31      0,00 55012336   86856   0,54  chrome
Rata-rata:   1000      9657     42,60      0,00 1519598958  335920   2,07  chrome
Rata-rata:   1000      9668      0,03      0,00 1518496488  120816   0,74  chrome
Rata-rata:   1000      9773      0,00      0,00   14476    9136   0,06  ssh
Rata-rata:   1000     10937      0,23      0,00    7664    3776   0,02  run_all_tests.s
Rata-rata:   1000     17064      0,16      0,00    6297    5381   0,03  pidstat
Rata-rata:   1000     17065      0,06      0,00    2676    1856   0,01  jmeter
Rata-rata:   1000     17096    249,58      0,00 6507684  472779   2,91  java

Rata-rata:    UID       PID   kB_rd/s   kB_wr/s kB_ccwr/s iodelay  Command
Rata-rata:   1000      4006      0,00      0,01      0,00       0  wireplumber
Rata-rata:   1000      4211      0,00      1,17      0,00       0  gnome-shell
Rata-rata:   1000      5898      0,00      0,84      0,00       0  antigravity
Rata-rata:   1000      5963      0,00      0,05      0,00       0  antigravity
Rata-rata:   1000      6334      0,00      0,01      0,00       0  antigravity
Rata-rata:   1000      6366      0,00      0,05      0,00       0  antigravity
Rata-rata:   1000      9105      0,00      7,13      0,00       0  chrome
Rata-rata:   1000      9157      0,01     16,02      0,05       0  chrome
Rata-rata:   1000      9168      0,00      0,01      0,00       0  chrome
Rata-rata:   1000     10937      0,00      2,99      1,16       0  run_all_tests.s
Rata-rata:   1000     17064      0,00      1,20      0,00       0  pidstat
Rata-rata:   1000     17096      0,00      3,84      0,00       0  java
