Linux 6.12.96+deb13-amd64 (debian) 	29/07/26 	_x86_64_	(8 CPU)

23:49:50      UID       PID    %usr %system  %guest   %wait    %CPU   CPU  Command
23:49:55        0        57    0,00    1,19    0,00    0,20    1,19     6  ksoftirqd/6
23:49:55        0        58    0,00    0,60    0,00    1,79    0,60     6  kworker/6:0-i915-unordered
23:49:55        0        82    0,00    0,20    0,00    0,00    0,20     2  khugepaged
23:49:55        0        95    0,00    0,20    0,00    0,00    0,20     4  kworker/4:1H-kblockd
23:49:55        0       647    0,00    0,20    0,00    0,00    0,20     0  irq/130-iwlwifi
23:49:55      115       943    0,00    0,20    0,00    0,00    0,20     1  prometheus
23:49:55        0      1646    0,20    0,00    0,00    0,00    0,20     6  glances
23:49:55        0      1654    0,40    0,20    0,00    0,00    0,60     7  tailscaled
23:49:55        0      1668    0,40    0,00    0,00    0,00    0,40     3  containerd
23:49:55        0      2676    0,40    0,20    0,00    0,00    0,60     1  dockerd
23:49:55      117      2677    0,40    0,40    0,00    0,00    0,80     2  grafana
23:49:55        0      3027    0,00    0,20    0,00    0,00    0,20     3  mount.ntfs-3g
23:49:55        0      3068    0,00    0,20    0,00    0,00    0,20     0  containerd-shim
23:49:55        0      3075    0,00    0,20    0,00    0,00    0,20     3  containerd-shim
23:49:55        0      3076    0,00    0,20    0,00    0,00    0,20     7  containerd-shim
23:49:55        0      3091    0,20    0,00    0,00    0,00    0,20     3  containerd-shim
23:49:55        0      3120    0,20    0,20    0,00    0,00    0,40     4  containerd-shim
23:49:55      999      3241    0,40    0,00    0,00    0,00    0,40     3  redis-server
23:49:55     1000      4211   11,33    5,96    0,00    0,20   17,30     4  gnome-shell
23:49:55     1000      5898    4,97    2,39    0,00    0,60    7,36     3  antigravity
23:49:55     1000      5952   10,54    2,98    0,00    0,60   13,52     0  antigravity
23:49:55     1000      6000   29,42    0,99    0,00    0,60   30,42     2  antigravity
23:49:55     1000      6006    0,80    0,40    0,00    0,00    1,19     5  antigravity
23:49:55     1000      6248    1,79    1,79    0,00    0,40    3,58     0  language_server
23:49:55     1000      6303    0,20    0,00    0,00    0,00    0,20     5  antigravity
23:49:55     1000      6334    0,40    0,00    0,00    0,20    0,40     1  antigravity
23:49:55     1000      6366    1,19    0,00    0,00    0,99    1,19     3  antigravity
23:49:55     1000      6381    3,18    0,00    0,00    0,00    3,18     6  antigravity
23:49:55     1000      6409    0,40    0,40    0,00    0,20    0,80     2  antigravity
23:49:55     1000      6708    1,59    0,60    0,00    0,00    2,19     5  language_server
23:49:55     1000      7203    1,39    1,39    0,00    0,00    2,78     3  language_server
23:49:55        0      8594    0,00    0,80    0,00    0,20    0,80     7  kworker/u33:0-i915_flip
23:49:55     1000      9105    0,20    0,00    0,00    0,20    0,20     3  chrome
23:49:55     1000      9152    0,20    0,20    0,00    0,00    0,40     4  chrome
23:49:55     1000      9378    0,80    0,00    0,00    0,00    0,80     5  gnome-terminal-
23:49:55     1000      9657    0,40    0,20    0,00    0,00    0,60     7  chrome
23:49:55     1000     14532    0,00    0,40    0,00    0,00    0,40     5  pidstat
23:49:55     1000     14564  128,23    6,76    0,00    0,00  134,99     0  java

23:49:50      UID       PID  minflt/s  majflt/s     VSZ     RSS   %MEM  Command
23:49:55      115       943      0,40      0,00 2610260  111752   0,69  prometheus
23:49:55        0      1668     12,72      0,00 2463668   70740   0,44  containerd
23:49:55        0      3068      7,55      0,00 1235608   14824   0,09  containerd-shim
23:49:55        0      3075      8,15      0,00 1235608   14744   0,09  containerd-shim
23:49:55        0      3076      4,17      0,00 1235608   14860   0,09  containerd-shim
23:49:55        0      3091     10,54      0,00 1235608   15252   0,09  containerd-shim
23:49:55        0      3120     12,13      0,00 1235608   15268   0,09  containerd-shim
23:49:55     1000      4211      7,55      0,00 5033136  315544   1,94  gnome-shell
23:49:55     1000      5898    143,14      0,00 1461714124  313260   1,93  antigravity
23:49:55     1000      5952     54,27      0,00 34399980  167828   1,03  antigravity
23:49:55     1000      5963      0,80      0,00 33906396   82640   0,51  antigravity
23:49:55     1000      6000    714,71      0,00 1461388844  417680   2,57  antigravity
23:49:55     1000      6006    215,31      0,00 1459645368  273148   1,68  antigravity
23:49:55     1000      6077      5,57      0,00 1459609232  168696   1,04  antigravity
23:49:55     1000      6248     18,09      0,00 5510764  514096   3,17  language_server
23:49:55     1000      6289      0,20      0,00 33951332   64440   0,40  antigravity
23:49:55     1000      6302      9,34      0,00 1461347888  121504   0,75  antigravity
23:49:55     1000      6303      0,80      0,00 1461367164  112552   0,69  antigravity
23:49:55     1000      6334     13,92      0,00 1461342992  258968   1,60  antigravity
23:49:55     1000      6366     90,85      0,00 1461351388  353928   2,18  antigravity
23:49:55     1000      6381      8,15      0,00 1461358904  155236   0,96  antigravity
23:49:55     1000      6409    107,75      0,00 1461383736  115780   0,71  antigravity
23:49:55     1000      7325      0,40      0,00 1459530528   86076   0,53  antigravity
23:49:55     1000      9105     10,74      0,00 55447012  385520   2,37  chrome
23:49:55     1000      9152      3,38      0,00 55460652  193140   1,19  chrome
23:49:55     1000      9157      5,96      0,00 54984540  132296   0,82  chrome
23:49:55     1000      9168      0,20      0,00 55021684   62848   0,39  chrome
23:49:55     1000      9642      0,40      0,00 55012336   86856   0,54  chrome
23:49:55     1000      9657    149,70      0,00 1520518568  333604   2,06  chrome
23:49:55     1000     14532      1,39      0,00    6184    5280   0,03  pidstat
23:49:55     1000     14533      4,17      0,00    2676    1496   0,01  jmeter
23:49:55     1000     14564   7457,06      0,00 6095572  246656   1,52  java

23:49:50      UID       PID   kB_rd/s   kB_wr/s kB_ccwr/s iodelay  Command
23:49:55     1000      5898      0,00     18,29      0,00       0  antigravity
23:49:55     1000      9105      0,00     10,34      0,00       0  chrome
23:49:55     1000     14564      0,00      2,27      0,00       0  java

23:49:55      UID       PID    %usr %system  %guest   %wait    %CPU   CPU  Command
23:50:00        0        18    0,00    0,20    0,00    0,00    0,20     7  rcu_preempt
23:50:00        0        57    0,00    1,00    0,00    0,00    1,00     6  ksoftirqd/6
23:50:00        0        58    0,00    0,60    0,00    0,80    0,60     6  kworker/6:0-i915-unordered
23:50:00        0        65    0,00    0,20    0,00    0,00    0,20     7  kworker/7:0H-events_highpri
23:50:00        0       175    0,00    0,20    0,00    0,00    0,20     6  kworker/6:1H-events_highpri
23:50:00      115       943    0,20    0,00    0,00    0,00    0,20     1  prometheus
23:50:00        0      1654    0,20    0,20    0,00    0,00    0,40     2  tailscaled
23:50:00        0      1668    0,60    0,20    0,00    0,00    0,80     3  containerd
23:50:00        0      2676    0,40    0,00    0,00    0,00    0,40     1  dockerd
23:50:00      117      2677    0,60    0,00    0,00    0,00    0,60     5  grafana
23:50:00        0      3027    0,20    0,20    0,00    0,00    0,40     5  mount.ntfs-3g
23:50:00        0      3068    0,20    0,00    0,00    0,00    0,20     0  containerd-shim
23:50:00        0      3075    0,20    0,00    0,00    0,00    0,20     3  containerd-shim
23:50:00        0      3091    0,00    0,20    0,00    0,00    0,20     3  containerd-shim
23:50:00      999      3241    0,40    0,00    0,00    0,00    0,40     4  redis-server
23:50:00     1000      4211    6,60    8,60    0,00    0,20   15,20     2  gnome-shell
23:50:00        0      5289    0,00    0,20    0,00    0,00    0,20     7  kworker/u32:11-events_unbound
23:50:00     1000      5898    4,20    1,20    0,00    0,20    5,40     3  antigravity
23:50:00     1000      5952    8,60    2,40    0,00    0,00   11,00     1  antigravity
23:50:00     1000      6000    6,80    0,40    0,00    0,00    7,20     3  antigravity
23:50:00     1000      6006    0,20    0,00    0,00    0,00    0,20     0  antigravity
23:50:00     1000      6248    1,40    1,60    0,00    0,00    3,00     7  language_server
23:50:00     1000      6334    0,40    0,40    0,00    0,00    0,80     5  antigravity
23:50:00     1000      6366    0,60    0,20    0,00    0,00    0,80     5  antigravity
23:50:00     1000      6381    0,80    0,00    0,00    0,00    0,80     7  antigravity
23:50:00     1000      6409    0,00    0,20    0,00    0,00    0,20     3  antigravity
23:50:00     1000      6708    1,80    1,00    0,00    0,00    2,80     5  language_server
23:50:00     1000      7203    1,80    1,00    0,00    0,00    2,80     3  language_server
23:50:00        0      8594    0,00    0,60    0,00    0,20    0,60     1  kworker/u33:0-i915_flip
23:50:00     1000      9105    0,20    0,00    0,00    0,00    0,20     3  chrome
23:50:00     1000      9152    0,40    0,00    0,00    0,00    0,40     5  chrome
23:50:00     1000      9157    0,20    0,00    0,00    0,00    0,20     5  chrome
23:50:00     1000      9378    0,80    0,20    0,00    0,00    1,00     2  gnome-terminal-
23:50:00        0     14471    0,20    0,00    0,00    0,00    0,20     4  kworker/4:0-mm_percpu_wq
23:50:00     1000     14532    0,20    0,20    0,00    0,00    0,40     7  pidstat
23:50:00     1000     14564   11,00    0,20    0,00    0,00   11,20     0  java

23:49:55      UID       PID  minflt/s  majflt/s     VSZ     RSS   %MEM  Command
23:50:00        0      1668      3,60      0,00 2463668   70740   0,44  containerd
23:50:00        0      3068      0,40      0,00 1235608   14824   0,09  containerd-shim
23:50:00        0      3075      6,40      0,00 1235608   14744   0,09  containerd-shim
23:50:00        0      3076      0,40      0,00 1235608   14860   0,09  containerd-shim
23:50:00        0      3120      3,20      0,00 1235608   15268   0,09  containerd-shim
23:50:00     1000      4211      0,80      0,00 5033144  315544   1,94  gnome-shell
23:50:00     1000      5898     37,00      0,00 1461714124  312800   1,93  antigravity
23:50:00     1000      5952     10,40      0,00 34381692  167540   1,03  antigravity
23:50:00     1000      5963      3,40      0,00 33906396   82640   0,51  antigravity
23:50:00     1000      6000    108,20      0,00 1461391020  417272   2,57  antigravity
23:50:00     1000      6006     22,60      0,00 1459645368  273532   1,69  antigravity
23:50:00     1000      6289      0,20      0,00 33951332   64440   0,40  antigravity
23:50:00     1000      6302      3,60      0,00 1461347888  121504   0,75  antigravity
23:50:00     1000      6303      1,00      0,00 1461367164  112552   0,69  antigravity
23:50:00     1000      6334      9,00      0,00 1461342992  258968   1,60  antigravity
23:50:00     1000      6366     14,00      0,00 1461351388  353792   2,18  antigravity
23:50:00     1000      6381      4,20      0,00 1461358904  155236   0,96  antigravity
23:50:00     1000      6409    103,40      0,00 1461383736  115780   0,71  antigravity
23:50:00     1000      9105     16,60      0,00 55447012  385520   2,37  chrome
23:50:00     1000      9152      6,80      0,00 55460652  193140   1,19  chrome
23:50:00     1000      9157    107,80      0,00 54984540  132256   0,81  chrome
23:50:00     1000      9168      0,40      0,00 55021684   62848   0,39  chrome
23:50:00     1000      9642      0,20      0,00 55012336   86856   0,54  chrome
23:50:00     1000     14564     95,40      0,00 6095572  244092   1,50  java

23:49:55      UID       PID   kB_rd/s   kB_wr/s kB_ccwr/s iodelay  Command
23:50:00     1000      9105      0,00      5,60      0,00       0  chrome
23:50:00     1000      9157      0,00    221,60      0,00       0  chrome
23:50:00     1000     14532      0,00      1,27      0,00       0  pidstat
23:50:00     1000     14564      0,00      0,21      0,00       0  java

23:50:00      UID       PID    %usr %system  %guest   %wait    %CPU   CPU  Command
23:50:05        0         1    0,00    0,20    0,00    0,00    0,20     0  systemd
23:50:05        0        57    0,00    1,20    0,00    0,00    1,20     6  ksoftirqd/6
23:50:05        0        58    0,00    0,60    0,00    1,00    0,60     6  kworker/6:0-i915-unordered
23:50:05        0        86    0,00    0,20    0,00    0,00    0,20     1  irq/9-acpi
23:50:05      990       908    0,80    0,20    0,00    0,00    1,00     3  dbus-daemon
23:50:05      115       942    1,40    0,60    0,00    0,00    2,00     3  prometheus-node
23:50:05      115       943    0,20    0,00    0,00    0,00    0,20     1  prometheus
23:50:05        0      1646    0,20    0,20    0,00    0,00    0,40     6  glances
23:50:05        0      1654    0,20    0,00    0,00    0,00    0,20     2  tailscaled
23:50:05        0      1668    0,00    0,20    0,00    0,00    0,20     3  containerd
23:50:05        0      1673    0,20    0,00    0,00    0,00    0,20     3  anydesk
23:50:05        0      2676    0,40    0,20    0,00    0,00    0,60     1  dockerd
23:50:05      117      2677    0,60    0,20    0,00    0,00    0,80     7  grafana
23:50:05        0      3027    0,40    0,20    0,00    0,00    0,60     3  mount.ntfs-3g
23:50:05        0      3076    0,20    0,00    0,00    0,00    0,20     7  containerd-shim
23:50:05        0      3120    0,20    0,00    0,00    0,00    0,20     4  containerd-shim
23:50:05      999      3241    0,60    0,00    0,00    0,00    0,60     4  redis-server
23:50:05     1000      4211   11,80    4,40    0,00    0,00   16,20     1  gnome-shell
23:50:05     1000      4546    0,20    0,00    0,00    0,00    0,20     5  anydesk
23:50:05     1000      5898    4,00    1,20    0,00    0,00    5,20     7  antigravity
23:50:05     1000      5952    7,60    3,40    0,00    0,00   11,00     2  antigravity
23:50:05     1000      5963    0,20    0,00    0,00    0,00    0,20     5  antigravity
23:50:05     1000      6000    6,20    0,80    0,00    0,00    7,00     7  antigravity
23:50:05     1000      6006    0,20    0,00    0,00    0,00    0,20     7  antigravity
23:50:05     1000      6248    1,60    1,40    0,00    0,00    3,00     6  language_server
23:50:05     1000      6302    0,20    0,00    0,00    0,00    0,20     5  antigravity
23:50:05     1000      6334    0,60    0,20    0,00    0,00    0,80     3  antigravity
23:50:05     1000      6366    1,00    0,40    0,00    0,00    1,40     0  antigravity
23:50:05     1000      6381    0,80    0,20    0,00    0,00    1,00     4  antigravity
23:50:05     1000      6409    0,20    0,20    0,00    0,00    0,40     4  antigravity
23:50:05     1000      6708    4,00    0,60    0,00    0,00    4,60     5  language_server
23:50:05     1000      7203    4,80    0,20    0,00    0,00    5,00     3  language_server
23:50:05        0      8594    0,00    0,60    0,00    0,00    0,60     4  kworker/u33:0-i915_flip
23:50:05     1000      9105    0,20    0,00    0,00    0,00    0,20     0  chrome
23:50:05     1000      9152    0,20    0,20    0,00    0,00    0,40     5  chrome
23:50:05     1000      9168    0,20    0,00    0,00    0,00    0,20     6  chrome
23:50:05     1000      9378    1,20    0,00    0,00    0,00    1,20     2  gnome-terminal-
23:50:05     1000      9642    0,00    0,20    0,00    0,00    0,20     5  chrome
23:50:05     1000     10899    0,20    0,00    0,00    0,00    0,20     4  antigravity
23:50:05        0     13650    0,20    0,00    0,00    0,00    0,20     0  kworker/0:1-events
23:50:05        0     14495    0,20    0,00    0,00    0,00    0,20     3  kworker/3:2-mm_percpu_wq
23:50:05     1000     14532    0,20    0,40    0,00    0,00    0,60     3  pidstat
23:50:05     1000     14564   13,40    0,60    0,00    0,00   14,00     0  java

23:50:00      UID       PID  minflt/s  majflt/s     VSZ     RSS   %MEM  Command
23:50:05      115       942     48,20      0,00 1614080   25600   0,16  prometheus-node
23:50:05        0      1668      3,80      0,00 2463668   70740   0,44  containerd
23:50:05      114      1776      3,60      0,00  218252   29316   0,18  postgres
23:50:05        0      3068      4,60      0,00 1235608   14824   0,09  containerd-shim
23:50:05        0      3075      4,60      0,00 1235608   14740   0,09  containerd-shim
23:50:05        0      3076      1,00      0,00 1235608   14860   0,09  containerd-shim
23:50:05        0      3091      0,40      0,00 1235608   15252   0,09  containerd-shim
23:50:05        0      3120      2,40      0,00 1235608   15268   0,09  containerd-shim
23:50:05     1000      4211      9,40      0,00 5033128  315416   1,94  gnome-shell
23:50:05     1000      5898     40,20      0,00 1461714124  312756   1,93  antigravity
23:50:05     1000      5952     26,00      0,00 34369196  167448   1,03  antigravity
23:50:05     1000      5963      1,40      0,00 33906396   82640   0,51  antigravity
23:50:05     1000      6000     60,80      0,00 1461388844  421752   2,60  antigravity
23:50:05     1000      6006     17,60      0,00 1459645368  273788   1,69  antigravity
23:50:05     1000      6248     56,20      0,00 5510764  514736   3,17  language_server
23:50:05     1000      6289      0,40      0,00 33951332   64440   0,40  antigravity
23:50:05     1000      6302      6,00      0,00 1461347888  121504   0,75  antigravity
23:50:05     1000      6303      1,60      0,00 1461367164  112552   0,69  antigravity
23:50:05     1000      6334     19,40      0,00 1461342992  259096   1,60  antigravity
23:50:05     1000      6366     85,80      0,00 1461351388  354624   2,18  antigravity
23:50:05     1000      6381      4,80      0,00 1461358904  155236   0,96  antigravity
23:50:05     1000      6409    172,00      0,00 1461383736  115756   0,71  antigravity
23:50:05     1000      6708      0,20      0,00 4256016  478736   2,95  language_server
23:50:05     1000      9105     12,00      0,00 55447012  385520   2,37  chrome
23:50:05     1000      9152      3,40      0,00 55460652  193140   1,19  chrome
23:50:05     1000      9157      2,40      0,00 54984540  132256   0,81  chrome
23:50:05     1000      9168      0,20      0,00 55021684   62848   0,39  chrome
23:50:05     1000      9642      0,20      0,00 55012336   86856   0,54  chrome
23:50:05     1000     14532      0,40      0,00    6184    5280   0,03  pidstat
23:50:05     1000     14564     83,40      0,00 6096600  245500   1,51  java

23:50:00      UID       PID   kB_rd/s   kB_wr/s kB_ccwr/s iodelay  Command
23:50:05     1000      9105      0,00      2,40      0,00       0  chrome
23:50:05     1000     14532      0,00      1,13      0,00       0  pidstat
23:50:05     1000     14564      0,00      1,77      0,00       0  java

23:50:05      UID       PID    %usr %system  %guest   %wait    %CPU   CPU  Command
23:50:10        0        57    0,00    1,00    0,00    0,00    1,00     6  ksoftirqd/6
23:50:10        0        58    0,00    0,60    0,00    0,60    0,60     6  kworker/6:0-i915-unordered
23:50:10      115       943    0,20    0,00    0,00    0,00    0,20     1  prometheus
23:50:10        0      1646    0,20    0,00    0,00    0,00    0,20     6  glances
23:50:10        0      1668    0,40    0,00    0,00    0,00    0,40     3  containerd
23:50:10        0      2676    0,20    0,20    0,00    0,00    0,40     1  dockerd
23:50:10      117      2677    0,60    0,20    0,00    0,00    0,80     4  grafana
23:50:10        0      3027    0,40    0,20    0,00    0,00    0,60     3  mount.ntfs-3g
23:50:10        0      3076    0,00    0,20    0,00    0,00    0,20     7  containerd-shim
23:50:10        0      3091    0,20    0,20    0,00    0,00    0,40     3  containerd-shim
23:50:10        0      3120    0,00    0,20    0,00    0,00    0,20     4  containerd-shim
23:50:10      999      3241    0,40    0,00    0,00    0,00    0,40     7  redis-server
23:50:10     1000      4211    7,80    8,00    0,00    0,00   15,80     2  gnome-shell
23:50:10     1000      5898    3,60    1,80    0,00    0,00    5,40     7  antigravity
23:50:10     1000      5952    8,80    2,40    0,00    0,00   11,20     5  antigravity
23:50:10     1000      6000    6,20    0,60    0,00    0,00    6,80     2  antigravity
23:50:10     1000      6006    0,20    0,00    0,00    0,00    0,20     3  antigravity
23:50:10     1000      6248    1,60    1,20    0,00    0,00    2,80     0  language_server
23:50:10     1000      6334    0,40    0,00    0,00    0,00    0,40     5  antigravity
23:50:10     1000      6366   13,80    0,60    0,00    0,00   14,40     0  antigravity
23:50:10     1000      6381    0,60    0,00    0,00    0,00    0,60     3  antigravity
23:50:10     1000      6409    0,20    0,20    0,00    0,00    0,40     1  antigravity
23:50:10     1000      6708    1,60    0,80    0,00    0,00    2,40     5  language_server
23:50:10     1000      7203    1,60    1,40    0,00    0,00    3,00     3  language_server
23:50:10        0      8594    0,00    0,60    0,00    0,00    0,60     6  kworker/u33:0-i915_flip
23:50:10     1000      9105    0,20    0,20    0,00    0,00    0,40     0  chrome
23:50:10     1000      9152    0,20    0,00    0,00    0,00    0,20     4  chrome
23:50:10     1000      9157    0,00    0,20    0,00    0,00    0,20     5  chrome
23:50:10     1000      9378    0,80    0,00    0,00    0,00    0,80     1  gnome-terminal-
23:50:10     1000      9657    0,20    0,00    0,00    0,00    0,20     1  chrome
23:50:10     1000     14532    0,20    0,20    0,00    0,00    0,40     3  pidstat
23:50:10     1000     14564   18,60    0,80    0,00    0,00   19,40     0  java

23:50:05      UID       PID  minflt/s  majflt/s     VSZ     RSS   %MEM  Command
23:50:10        0      3068      8,60      0,00 1235608   14452   0,09  containerd-shim
23:50:10        0      3075     10,60      0,00 1235608   14184   0,09  containerd-shim
23:50:10        0      3076      5,20      0,00 1235608   14404   0,09  containerd-shim
23:50:10        0      3091      5,60      0,00 1235608   14872   0,09  containerd-shim
23:50:10        0      3120      3,20      0,00 1235608   14372   0,09  containerd-shim
23:50:10       70      3230      5,40      0,00  174540   25788   0,16  postgres
23:50:10     1000      4211      1,20      0,00 5033128  315416   1,94  gnome-shell
23:50:10     1000      5898     42,60      0,00 1461714124  312656   1,93  antigravity
23:50:10     1000      5952      4,00      0,00 34365164  167316   1,03  antigravity
23:50:10     1000      5963      0,80      0,00 33906396   82640   0,51  antigravity
23:50:10     1000      6000     44,60      0,00 1461388844  422520   2,60  antigravity
23:50:10     1000      6006     17,40      0,00 1459645368  274172   1,69  antigravity
23:50:10     1000      6289      0,20      0,00 33951332   64440   0,40  antigravity
23:50:10     1000      6302      3,00      0,00 1461347888  121504   0,75  antigravity
23:50:10     1000      6303      1,00      0,00 1461367164  112552   0,69  antigravity
23:50:10     1000      6334     14,00      0,00 1461342992  258960   1,60  antigravity
23:50:10     1000      6366   1994,80      0,00 1461351388  388256   2,39  antigravity
23:50:10     1000      6381      3,00      0,00 1461358904  155236   0,96  antigravity
23:50:10     1000      6409     10,80      0,00 1461383736  115752   0,71  antigravity
23:50:10     1000      9105      8,00      0,00 55447012  385520   2,37  chrome
23:50:10     1000      9152      3,40      0,00 55460652  193140   1,19  chrome
23:50:10     1000      9157      2,60      0,00 54984540  132256   0,81  chrome
23:50:10     1000      9168      0,20      0,00 55021684   62848   0,39  chrome
23:50:10     1000      9642      0,20      0,00 55012336   86856   0,54  chrome
23:50:10     1000      9657     35,60      0,00 1518552488  332960   2,05  chrome
23:50:10     1000     14564   1591,20      0,00 6096600  275108   1,69  java

23:50:05      UID       PID   kB_rd/s   kB_wr/s kB_ccwr/s iodelay  Command
23:50:10     1000      9105      0,00      3,20      0,00       0  chrome
23:50:10     1000      9157      0,00      4,80      0,00       0  chrome
23:50:10     1000     14532      0,00      1,32      0,00       0  pidstat
23:50:10     1000     14564      0,00      1,77      0,00       0  java

23:50:10      UID       PID    %usr %system  %guest   %wait    %CPU   CPU  Command
23:50:15        0         1    0,40    0,20    0,00    0,00    0,60     3  systemd
23:50:15        0        57    0,00    1,00    0,00    0,00    1,00     6  ksoftirqd/6
23:50:15        0        58    0,00    0,60    0,00    1,20    0,60     6  kworker/6:0-i915-unordered
23:50:15        0        63    0,20    0,00    0,00    0,00    0,20     7  ksoftirqd/7
23:50:15        0        67    0,00    0,20    0,00    0,00    0,20     0  kworker/u32:1-flush-8:0
23:50:15        0        82    0,00    0,20    0,00    0,00    0,20     2  khugepaged
23:50:15        0       227    0,00    0,20    0,00    0,20    0,20     5  kworker/5:1H-events_highpri
23:50:15        0       375    0,00    0,20    0,00    0,00    0,20     0  systemd-journal
23:50:15        0       435    0,20    0,20    0,00    0,20    0,40     6  systemd-udevd
23:50:15      990       908    0,60    0,00    0,00    0,00    0,60     1  dbus-daemon
23:50:15        0       955    0,00    0,20    0,00    0,00    0,20     7  udisksd
23:50:15        0      1081    0,00    0,40    0,00    0,20    0,40     4  NetworkManager
23:50:15        0      1646    0,20    0,00    0,00    0,00    0,20     6  glances
23:50:15        0      1654    0,20    0,20    0,00    0,00    0,40     3  tailscaled
23:50:15        0      1668    1,00    0,20    0,00    0,00    1,20     3  containerd
23:50:15        0      1673    0,00    0,20    0,00    0,00    0,20     0  anydesk
23:50:15        0      2676    1,40    0,60    0,00    0,00    2,00     2  dockerd
23:50:15      117      2677    2,00    0,20    0,00    0,00    2,20     5  grafana
23:50:15        0      3027    0,00    0,20    0,00    0,00    0,20     2  mount.ntfs-3g
23:50:15        0      3068    0,00    0,20    0,00    0,00    0,20     0  containerd-shim
23:50:15        0      3075    0,20    0,20    0,00    0,00    0,40     3  containerd-shim
23:50:15      999      3241    0,40    0,20    0,00    0,00    0,60     6  redis-server
23:50:15     1000      3918    0,40    0,00    0,00    0,00    0,40     6  systemd
23:50:15     1000      4211    9,20    8,00    0,00    0,00   17,20     4  gnome-shell
23:50:15     1000      4491    0,20    0,00    0,00    0,00    0,20     1  gsd-housekeepin
23:50:15     1000      4525    0,20    0,20    0,00    0,00    0,40     4  gsd-sharing
23:50:15        0      5233    0,20    0,00    0,00    0,00    0,20     0  fwupd
23:50:15     1000      5898    4,20    1,40    0,00    0,00    5,60     5  antigravity
23:50:15     1000      5952    8,80    2,60    0,00    0,00   11,40     4  antigravity
23:50:15     1000      6000    6,00    0,80    0,00    0,00    6,80     0  antigravity
23:50:15     1000      6006    0,20    0,00    0,00    0,00    0,20     6  antigravity
23:50:15     1000      6248    1,40    1,40    0,00    0,00    2,80     4  language_server
23:50:15     1000      6334    0,60    0,20    0,00    0,00    0,80     1  antigravity
23:50:15     1000      6366    0,60    0,40    0,00    0,00    1,00     4  antigravity
23:50:15     1000      6381    0,60    0,20    0,00    0,00    0,80     3  antigravity
23:50:15     1000      6409    0,20    0,00    0,00    0,00    0,20     3  antigravity
23:50:15     1000      6708    1,00    1,20    0,00    0,00    2,20     5  language_server
23:50:15     1000      7203    1,40    1,00    0,00    0,00    2,40     3  language_server
23:50:15        0      8594    0,00    0,60    0,00    0,00    0,60     5  kworker/u33:0-i915_flip
23:50:15     1000      9105    0,20    0,00    0,00    0,00    0,20     0  chrome
23:50:15     1000      9152    0,20    0,00    0,00    0,00    0,20     4  chrome
23:50:15     1000      9210    0,00    0,20    0,00    0,00    0,20     3  chrome
23:50:15     1000      9378    1,40    0,00    0,00    0,00    1,40     2  gnome-terminal-
23:50:15     1000     14532    0,20    0,40    0,00    0,00    0,60     6  pidstat
23:50:15     1000     14564   25,80    0,20    0,00    0,00   26,00     0  java
23:50:15        0     14821    0,00    0,20    0,00    0,00    0,20     6  (udev-worker)

23:50:10      UID       PID  minflt/s  majflt/s     VSZ     RSS   %MEM  Command
23:50:15        0       375     46,00      0,00  163644   81780   0,50  systemd-journal
23:50:15        0       435     87,20      0,00   37432   10756   0,07  systemd-udevd
23:50:15        0      1668      1,00      0,00 2463668   70740   0,44  containerd
23:50:15        0      2676      0,00      0,00 3358484  107796   0,66  dockerd
23:50:15      117      2677      2,40      0,00 1765440  336588   2,07  grafana
23:50:15        0      3068     10,60      0,00 1235608   14580   0,09  containerd-shim
23:50:15        0      3075     10,00      0,00 1235608   14568   0,09  containerd-shim
23:50:15        0      3076     11,40      0,00 1235608   14404   0,09  containerd-shim
23:50:15        0      3091     10,60      0,00 1235608   15000   0,09  containerd-shim
23:50:15        0      3120     12,00      0,00 1235608   14500   0,09  containerd-shim
23:50:15     1000      4211     10,60      0,00 5033128  315416   1,94  gnome-shell
23:50:15     1000      4757      0,20      0,00  538932   12024   0,07  gvfs-udisks2-vo
23:50:15     1000      5898     32,80      0,00 1461714124  312512   1,93  antigravity
23:50:15     1000      5952      4,20      0,00 34365164  167444   1,03  antigravity
23:50:15     1000      5963      0,80      0,00 33906396   82640   0,51  antigravity
23:50:15     1000      6000     80,60      0,00 1461388844  426068   2,62  antigravity
23:50:15     1000      6006     21,20      0,00 1459645368  274812   1,69  antigravity
23:50:15     1000      6289      0,20      0,00 33951332   64440   0,40  antigravity
23:50:15     1000      6302      4,00      0,00 1461347888  121504   0,75  antigravity
23:50:15     1000      6303      1,80      0,00 1461367164  112552   0,69  antigravity
23:50:15     1000      6334     10,40      0,00 1461342992  258960   1,60  antigravity
23:50:15     1000      6366     21,00      0,00 1461351388  387644   2,39  antigravity
23:50:15     1000      6381      5,20      0,00 1461358904  155236   0,96  antigravity
23:50:15     1000      6409     18,80      0,00 1461383736  115880   0,71  antigravity
23:50:15     1000      9105      9,40      0,00 55447012  385520   2,37  chrome
23:50:15     1000      9152      3,40      0,00 55460652  193140   1,19  chrome
23:50:15     1000      9157      3,40      0,00 54984540  132256   0,81  chrome
23:50:15     1000      9168      0,20      0,00 55021684   62848   0,39  chrome
23:50:15     1000      9202      0,20      0,00 1518493880  150988   0,93  chrome
23:50:15     1000      9642      0,40      0,00 55012336   86856   0,54  chrome
23:50:15     1000      9657      0,00      0,00 1518552488  330812   2,04  chrome
23:50:15     1000     14564    149,60      0,00 6096600  271404   1,67  java
23:50:15        0     14821     82,60      0,00   37436    7096   0,04  (udev-worker)
23:50:15        0     14830     27,80      0,00   37436    6776   0,04  (udev-worker)
23:50:15        0     14832     27,20      0,00   37436    6648   0,04  (udev-worker)
23:50:15        0     14833     27,40      0,00   37436    6776   0,04  (udev-worker)
23:50:15        0     14834     27,40      0,00   37436    6776   0,04  (udev-worker)
23:50:15        0     14835     26,60      0,00   37436    6648   0,04  (udev-worker)
23:50:15        0     14836     28,80      0,00   37436    6776   0,04  (udev-worker)
23:50:15        0     14838     38,20      0,00   37436    6776   0,04  (udev-worker)
23:50:15        0     14840     28,40      0,00   37436    6776   0,04  (udev-worker)
23:50:15        0     14841     28,20      0,00   37436    6776   0,04  (udev-worker)
23:50:15        0     14842     28,00      0,00   37436    6776   0,04  (udev-worker)
23:50:15        0     14843     28,40      0,00   37436    6776   0,04  (udev-worker)
23:50:15        0     14844     27,20      0,00   37436    6648   0,04  (udev-worker)
23:50:15        0     14845     28,20      0,00   37436    6776   0,04  (udev-worker)
23:50:15        0     14846     28,60      0,00   37436    6776   0,04  (udev-worker)
23:50:15        0     14848     27,20      0,00   37436    6648   0,04  (udev-worker)

23:50:10      UID       PID   kB_rd/s   kB_wr/s kB_ccwr/s iodelay  Command
23:50:15     1000      9105      0,00      4,00      0,00       0  chrome
23:50:15     1000     14532      0,00      1,08      0,00       0  pidstat
23:50:15     1000     14564      0,00      3,37      0,00       0  java

23:50:15      UID       PID    %usr %system  %guest   %wait    %CPU   CPU  Command
23:50:20        0         1    0,20    0,00    0,00    0,00    0,20     4  systemd
23:50:20        0        57    0,00    1,20    0,00    0,00    1,20     6  ksoftirqd/6
23:50:20        0        58    0,00    0,60    0,00    0,60    0,60     6  kworker/6:0-i915-unordered
23:50:20        0        86    0,00    0,20    0,00    0,00    0,20     1  irq/9-acpi
23:50:20      990       908    0,80    0,00    0,00    0,00    0,80     1  dbus-daemon
23:50:20      986       934    0,00    0,20    0,00    0,00    0,20     5  polkitd
23:50:20      115       942    1,60    0,40    0,00    0,00    2,00     3  prometheus-node
23:50:20      115       943    0,00    0,20    0,00    0,00    0,20     1  prometheus
23:50:20        0      1668    0,40    0,20    0,00    0,00    0,60     3  containerd
23:50:20        0      2676    0,40    0,00    0,00    0,00    0,40     2  dockerd
23:50:20      117      2677    0,60    0,20    0,00    0,00    0,80     5  grafana
23:50:20        0      3027    0,20    0,40    0,00    0,00    0,60     0  mount.ntfs-3g
23:50:20        0      3068    0,20    0,00    0,00    0,00    0,20     0  containerd-shim
23:50:20        0      3076    0,20    0,00    0,00    0,00    0,20     7  containerd-shim
23:50:20        0      3120    0,20    0,00    0,00    0,00    0,20     4  containerd-shim
23:50:20      999      3241    0,40    0,00    0,00    0,00    0,40     7  redis-server
23:50:20     1000      4002    0,20    0,00    0,00    0,00    0,20     7  dbus-daemon
23:50:20     1000      4211    9,20    6,20    0,00    0,00   15,40     5  gnome-shell
23:50:20     1000      5898    3,40    1,80    0,00    0,00    5,20     3  antigravity
23:50:20     1000      5952    8,60    2,40    0,00    0,20   11,00     6  antigravity
23:50:20     1000      6000    6,00    0,80    0,00    0,00    6,80     3  antigravity
23:50:20     1000      6006    0,20    0,00    0,00    0,00    0,20     6  antigravity
23:50:20     1000      6248    4,20    1,20    0,00    0,20    5,40     5  language_server
23:50:20     1000      6334    0,20    0,00    0,00    0,00    0,20     3  antigravity
23:50:20     1000      6366    0,80    0,00    0,00    0,00    0,80     0  antigravity
23:50:20     1000      6381    0,80    0,00    0,00    0,00    0,80     0  antigravity
23:50:20     1000      6409    0,20    0,00    0,00    0,00    0,20     3  antigravity
23:50:20     1000      6708    1,20    0,80    0,00    0,00    2,00     5  language_server
23:50:20     1000      7203    1,40    1,20    0,00    0,00    2,60     3  language_server
23:50:20        0      8594    0,00    0,80    0,00    0,00    0,80     2  kworker/u33:0-i915_flip
23:50:20     1000      9105    0,00    0,20    0,00    0,00    0,20     0  chrome
23:50:20     1000      9152    0,20    0,20    0,00    0,00    0,40     4  chrome
23:50:20     1000      9335    0,00    0,20    0,00    0,00    0,20     6  chrome
23:50:20     1000      9378    0,60    0,00    0,00    0,00    0,60     4  gnome-terminal-
23:50:20        0     14170    0,20    0,00    0,00    0,00    0,20     1  kworker/1:1-mm_percpu_wq
23:50:20     1000     14532    0,20    0,40    0,00    0,00    0,60     1  pidstat
23:50:20     1000     14564    9,20    1,00    0,00    0,00   10,20     0  java

23:50:15      UID       PID  minflt/s  majflt/s     VSZ     RSS   %MEM  Command
23:50:20        0       435      1,20      0,00   37432   10756   0,07  systemd-udevd
23:50:20      115       942    105,80      0,00 1614080   25532   0,16  prometheus-node
23:50:20        0      2676      0,40      0,00 3358484  107796   0,66  dockerd
23:50:20        0      3068     12,40      0,00 1235608   14836   0,09  containerd-shim
23:50:20        0      3075     15,40      0,00 1235608   14696   0,09  containerd-shim
23:50:20        0      3076     13,80      0,00 1235608   14788   0,09  containerd-shim
23:50:20        0      3091     12,20      0,00 1235608   15128   0,09  containerd-shim
23:50:20        0      3120     12,40      0,00 1235608   14628   0,09  containerd-shim
23:50:20     1000      4211      0,60      0,00 5033192  315416   1,94  gnome-shell
23:50:20     1000      5898     37,20      0,00 1461714124  312732   1,93  antigravity
23:50:20     1000      5952      4,40      0,00 34365164  167444   1,03  antigravity
23:50:20     1000      5963      2,40      0,00 33906396   82640   0,51  antigravity
23:50:20     1000      6000     55,20      0,00 1461388844  427476   2,63  antigravity
23:50:20     1000      6006     17,40      0,00 1459645368  275068   1,69  antigravity
23:50:20     1000      6248      0,00      0,00 5510764  513712   3,16  language_server
23:50:20     1000      6289      0,20      0,00 33951332   64440   0,40  antigravity
23:50:20     1000      6302      3,00      0,00 1461347888  121504   0,75  antigravity
23:50:20     1000      6303      0,80      0,00 1461367164  112552   0,69  antigravity
23:50:20     1000      6334     12,00      0,00 1461342992  259088   1,60  antigravity
23:50:20     1000      6366     18,60      0,00 1461351388  387644   2,39  antigravity
23:50:20     1000      6381      2,60      0,00 1461358904  155236   0,96  antigravity
23:50:20     1000      6409     21,40      0,00 1461383736  115992   0,71  antigravity
23:50:20     1000      9105     26,20      0,00 55447012  385516   2,37  chrome
23:50:20     1000      9152      6,80      0,00 55460652  193140   1,19  chrome
23:50:20     1000      9157      7,60      0,00 54984540  132256   0,81  chrome
23:50:20     1000      9168      0,60      0,00 55021684   62848   0,39  chrome
23:50:20     1000      9642      0,20      0,00 55012336   86856   0,54  chrome
23:50:20     1000     14532      8,00      0,00    6316    5280   0,03  pidstat
23:50:20     1000     14564     69,40      0,00 6096600  279012   1,72  java

23:50:15      UID       PID   kB_rd/s   kB_wr/s kB_ccwr/s iodelay  Command
23:50:20     1000      5963      0,00      3,20      0,00       0  antigravity
23:50:20     1000      9105      0,00      9,60      0,00       0  chrome
23:50:20     1000     14532      0,00      1,68      0,00       0  pidstat
23:50:20     1000     14564      0,00      1,77      0,00       0  java

23:50:20      UID       PID    %usr %system  %guest   %wait    %CPU   CPU  Command
23:50:25        0        18    0,00    0,20    0,00    0,00    0,20     1  rcu_preempt
23:50:25        0        27    0,20    0,00    0,00    0,00    0,20     1  ksoftirqd/1
23:50:25        0        39    0,20    0,00    0,00    0,00    0,20     3  ksoftirqd/3
23:50:25        0        57    0,00    1,20    0,00    0,00    1,20     6  ksoftirqd/6
23:50:25        0        58    0,00    0,80    0,00    1,00    0,80     6  kworker/6:0-i915-unordered
23:50:25        0        71    0,00    0,20    0,00    0,00    0,20     2  kworker/u32:5-flush-8:0
23:50:25      115       943    0,20    0,00    0,00    0,00    0,20     1  prometheus
23:50:25        0      1646    0,20    0,00    0,00    0,00    0,20     6  glances
23:50:25        0      1654    0,20    0,00    0,00    0,00    0,20     4  tailscaled
23:50:25        0      1668    0,20    0,00    0,00    0,00    0,20     3  containerd
23:50:25        0      2676    0,40    0,20    0,00    0,00    0,60     2  dockerd
23:50:25      117      2677    0,40    0,40    0,00    0,00    0,80     5  grafana
23:50:25        0      3027    0,40    0,20    0,00    0,00    0,60     1  mount.ntfs-3g
23:50:25        0      3068    0,00    0,20    0,00    0,00    0,20     0  containerd-shim
23:50:25        0      3091    0,20    0,00    0,00    0,00    0,20     3  containerd-shim
23:50:25      999      3241    0,40    0,00    0,00    0,00    0,40     7  redis-server
23:50:25     1000      4211    8,80    7,00    0,00    0,00   15,80     7  gnome-shell
23:50:25     1000      5898    3,60    1,80    0,00    0,00    5,40     4  antigravity
23:50:25     1000      5952    8,80    2,20    0,00    0,00   11,00     2  antigravity
23:50:25     1000      6000    5,80    0,80    0,00    0,20    6,60     7  antigravity
23:50:25     1000      6006    0,20    0,00    0,00    0,00    0,20     5  antigravity
23:50:25     1000      6248    1,40    1,60    0,00    0,00    3,00     1  language_server
23:50:25     1000      6303    0,20    0,00    0,00    0,00    0,20     7  antigravity
23:50:25     1000      6334    0,40    0,20    0,00    0,00    0,60     0  antigravity
23:50:25     1000      6366    0,80    0,20    0,00    0,00    1,00     3  antigravity
23:50:25     1000      6381    0,60    0,00    0,00    0,00    0,60     7  antigravity
23:50:25     1000      6409    0,20    0,20    0,00    0,00    0,40     3  antigravity
23:50:25     1000      6708    1,40    1,20    0,00    0,00    2,60     5  language_server
23:50:25     1000      7203    1,60    1,20    0,00    0,00    2,80     3  language_server
23:50:25        0      8594    0,00    0,60    0,00    0,00    0,60     6  kworker/u33:0-i915_flip
23:50:25        0      8778    0,00    0,20    0,00    0,00    0,20     7  kworker/7:0-mm_percpu_wq
23:50:25     1000      9105    0,20    0,00    0,00    0,00    0,20     5  chrome
23:50:25     1000      9152    0,20    0,00    0,00    0,00    0,20     2  chrome
23:50:25     1000      9378    0,60    0,00    0,00    0,00    0,60     4  gnome-terminal-
23:50:25     1000     10899    0,20    0,00    0,00    0,00    0,20     5  antigravity
23:50:25     1000     14532    0,20    0,20    0,00    0,00    0,40     5  pidstat
23:50:25     1000     14564   10,40    0,20    0,00    0,00   10,60     0  java

23:50:20      UID       PID  minflt/s  majflt/s     VSZ     RSS   %MEM  Command
23:50:25      114      1776      3,60      0,00  218252   29316   0,18  postgres
23:50:25        0      3068     14,20      0,00 1235608   14964   0,09  containerd-shim
23:50:25        0      3075      6,80      0,00 1235608   14952   0,09  containerd-shim
23:50:25        0      3076      1,40      0,00 1235608   14788   0,09  containerd-shim
23:50:25        0      3091     10,60      0,00 1235608   15384   0,09  containerd-shim
23:50:25        0      3120      9,20      0,00 1235608   14756   0,09  containerd-shim
23:50:25     1000      4211      7,60      0,00 5033192  315544   1,94  gnome-shell
23:50:25     1000      5898     37,20      0,00 1461714124  312504   1,93  antigravity
23:50:25     1000      5952      8,60      0,00 34365292  167316   1,03  antigravity
23:50:25     1000      5963      1,40      0,00 33906396   82640   0,51  antigravity
23:50:25     1000      6000     77,60      0,00 1461388908  428244   2,64  antigravity
23:50:25     1000      6006     17,80      0,00 1459645432  275452   1,70  antigravity
23:50:25     1000      6289      0,40      0,00 33951332   64440   0,40  antigravity
23:50:25     1000      6302      6,00      0,00 1461347888  121504   0,75  antigravity
23:50:25     1000      6303      1,80      0,00 1461367164  112552   0,69  antigravity
23:50:25     1000      6334     10,20      0,00 1461342992  259088   1,60  antigravity
23:50:25     1000      6366     36,60      0,00 1461351388  388156   2,39  antigravity
23:50:25     1000      6381      2,60      0,00 1461358904  155364   0,96  antigravity
23:50:25     1000      6409      5,00      0,00 1461383736  115992   0,71  antigravity
23:50:25     1000      7325      0,20      0,00 1459530528   86076   0,53  antigravity
23:50:25     1000      9105      8,80      0,00 55447012  385516   2,37  chrome
23:50:25     1000      9152      3,40      0,00 55460652  193140   1,19  chrome
23:50:25     1000      9157      2,60      0,00 54984540  132256   0,81  chrome
23:50:25     1000      9168      0,20      0,00 55021684   62848   0,39  chrome
23:50:25     1000      9642      0,20      0,00 55012336   86856   0,54  chrome
23:50:25     1000     14564     60,00      0,00 6096600  280164   1,73  java

23:50:20      UID       PID   kB_rd/s   kB_wr/s kB_ccwr/s iodelay  Command
23:50:25     1000      9105      0,00      4,80      0,00       0  chrome
23:50:25     1000     14532      0,00      1,22      0,00       0  pidstat
23:50:25     1000     14564      0,00      3,37      0,00       0  java

23:50:25      UID       PID    %usr %system  %guest   %wait    %CPU   CPU  Command
23:50:30        0        57    0,00    1,20    0,00    0,20    1,20     6  ksoftirqd/6
23:50:30        0        58    0,00    0,60    0,00    1,00    0,60     6  kworker/6:0-i915-unordered
23:50:30        0       647    0,00    0,20    0,00    0,00    0,20     0  irq/130-iwlwifi
23:50:30        0      1646    0,20    0,00    0,00    0,00    0,20     6  glances
23:50:30        0      1668    0,20    0,20    0,00    0,00    0,40     3  containerd
23:50:30        0      2676    0,40    0,00    0,00    0,00    0,40     2  dockerd
23:50:30      117      2677    0,20    0,60    0,00    0,00    0,80     5  grafana
23:50:30        0      3027    0,20    0,20    0,00    0,00    0,40     7  mount.ntfs-3g
23:50:30        0      3075    0,00    0,20    0,00    0,00    0,20     3  containerd-shim
23:50:30        0      3076    0,20    0,00    0,00    0,00    0,20     7  containerd-shim
23:50:30        0      3091    0,00    0,20    0,00    0,00    0,20     3  containerd-shim
23:50:30      999      3241    0,40    0,00    0,00    0,00    0,40     1  redis-server
23:50:30     1000      4211   10,00    6,00    0,00    0,00   16,00     4  gnome-shell
23:50:30     1000      5898    3,40    1,80    0,00    0,00    5,20     0  antigravity
23:50:30     1000      5952    9,40    2,00    0,00    0,00   11,40     2  antigravity
23:50:30     1000      6000    7,00    0,60    0,00    0,00    7,60     0  antigravity
23:50:30     1000      6006    0,20    0,00    0,00    0,00    0,20     5  antigravity
23:50:30     1000      6248    1,40    1,60    0,00    0,00    3,00     4  language_server
23:50:30     1000      6334    0,40    0,20    0,00    0,00    0,60     3  antigravity
23:50:30     1000      6366    1,00    0,00    0,00    0,00    1,00     2  antigravity
23:50:30     1000      6381    0,80    0,00    0,00    0,00    0,80     0  antigravity
23:50:30     1000      6409    0,00    0,20    0,00    0,00    0,20     0  antigravity
23:50:30     1000      6708    1,40    0,80    0,00    0,00    2,20     5  language_server
23:50:30     1000      7203    1,60    1,20    0,00    0,00    2,80     3  language_server
23:50:30        0      8594    0,00    0,60    0,00    0,20    0,60     7  kworker/u33:0-i915_flip
23:50:30     1000      9105    0,20    0,00    0,00    0,00    0,20     5  chrome
23:50:30     1000      9152    0,40    0,00    0,00    0,00    0,40     2  chrome
23:50:30     1000      9202    0,20    0,00    0,00    0,00    0,20     7  chrome
23:50:30     1000      9210    0,20    0,00    0,00    0,00    0,20     3  chrome
23:50:30     1000      9378    1,40    0,00    0,00    0,00    1,40     3  gnome-terminal-
23:50:30     1000      9773    0,20    0,00    0,00    0,00    0,20     3  ssh
23:50:30        0     12697    0,20    0,00    0,00    0,00    0,20     2  kworker/2:1-mm_percpu_wq
23:50:30     1000     14532    0,20    0,40    0,00    0,00    0,60     6  pidstat
23:50:30     1000     14564   12,40    0,40    0,00    0,00   12,80     0  java

23:50:25      UID       PID  minflt/s  majflt/s     VSZ     RSS   %MEM  Command
23:50:30        0      3068      7,80      0,00 1235608   15220   0,09  containerd-shim
23:50:30        0      3075      4,40      0,00 1235608   14952   0,09  containerd-shim
23:50:30        0      3076      1,80      0,00 1235608   14788   0,09  containerd-shim
23:50:30        0      3120      0,80      0,00 1235608   14756   0,09  containerd-shim
23:50:30     1000      4211      2,80      0,00 5033128  315544   1,94  gnome-shell
23:50:30     1000      5898     66,80      0,00 1461714124  313032   1,93  antigravity
23:50:30     1000      5952      9,80      0,00 34379708  167316   1,03  antigravity
23:50:30     1000      5963      0,80      0,00 33906396   82640   0,51  antigravity
23:50:30     1000      6000    144,40      0,00 1461391020  430136   2,65  antigravity
23:50:30     1000      6006     18,40      0,00 1459645432  275836   1,70  antigravity
23:50:30     1000      6289      0,20      0,00 33951332   64440   0,40  antigravity
23:50:30     1000      6302      3,20      0,00 1461347888  121504   0,75  antigravity
23:50:30     1000      6303      0,80      0,00 1461367164  112552   0,69  antigravity
23:50:30     1000      6334     14,80      0,00 1461342992  259088   1,60  antigravity
23:50:30     1000      6366      9,60      0,00 1461351388  387836   2,39  antigravity
23:50:30     1000      6381      2,80      0,00 1461358904  155364   0,96  antigravity
23:50:30     1000      6409     11,40      0,00 1461383736  115992   0,71  antigravity
23:50:30     1000      9105      7,60      0,00 55447012  385516   2,37  chrome
23:50:30     1000      9152      3,40      0,00 55460652  193140   1,19  chrome
23:50:30     1000      9157     16,40      0,00 54984540  132512   0,82  chrome
23:50:30     1000      9168      0,20      0,00 55021684   62848   0,39  chrome
23:50:30     1000      9642      0,20      0,00 55012336   86856   0,54  chrome
23:50:30     1000     14564     64,60      0,00 6096600  281316   1,73  java

23:50:25      UID       PID   kB_rd/s   kB_wr/s kB_ccwr/s iodelay  Command
23:50:30     1000      9157      0,00     22,40      0,00       0  chrome
23:50:30     1000     14532      0,00      1,16      0,00       0  pidstat
23:50:30     1000     14564      0,00      5,04      0,00       0  java

23:50:30      UID       PID    %usr %system  %guest   %wait    %CPU   CPU  Command
23:50:35        0         1    0,00    0,20    0,00    0,00    0,20     1  systemd
23:50:35        0        57    0,00    1,20    0,00    0,00    1,20     6  ksoftirqd/6
23:50:35        0        58    0,00    0,60    0,00    0,80    0,60     6  kworker/6:0-i915-unordered
23:50:35        0        65    0,00    0,20    0,00    0,00    0,20     7  kworker/7:0H-events_highpri
23:50:35        0       113    0,00    0,20    0,00    0,00    0,20     0  kworker/0:1H-events_highpri
23:50:35      990       908    0,80    0,20    0,00    0,00    1,00     2  dbus-daemon
23:50:35      115       942    1,60    0,60    0,00    0,00    2,20     4  prometheus-node
23:50:35      115       943    0,20    0,00    0,00    0,00    0,20     1  prometheus
23:50:35        0      1654    0,00    0,20    0,00    0,00    0,20     4  tailscaled
23:50:35        0      1668    0,60    0,00    0,00    0,00    0,60     3  containerd
23:50:35        0      2676    0,20    0,20    0,00    0,00    0,40     2  dockerd
23:50:35      117      2677    0,40    0,40    0,00    0,00    0,80     5  grafana
23:50:35        0      3027    0,20    0,20    0,00    0,00    0,40     7  mount.ntfs-3g
23:50:35        0      3068    0,00    0,20    0,00    0,00    0,20     0  containerd-shim
23:50:35        0      3075    0,20    0,00    0,00    0,00    0,20     3  containerd-shim
23:50:35        0      3076    0,00    0,20    0,00    0,00    0,20     7  containerd-shim
23:50:35        0      3120    0,20    0,20    0,00    0,00    0,40     4  containerd-shim
23:50:35      999      3241    0,40    0,00    0,00    0,00    0,40     4  redis-server
23:50:35     1000      4211    8,80    7,00    0,00    0,00   15,80     5  gnome-shell
23:50:35     1000      5898    3,80    1,60    0,00    0,00    5,40     1  antigravity
23:50:35     1000      5952    8,20    3,00    0,00    0,00   11,20     2  antigravity
23:50:35     1000      6000    6,80    0,40    0,00    0,00    7,20     1  antigravity
23:50:35     1000      6248    1,40    1,40    0,00    0,00    2,80     3  language_server
23:50:35     1000      6334    0,20    0,40    0,00    0,00    0,60     7  antigravity
23:50:35     1000      6366    0,80    0,00    0,00    0,00    0,80     3  antigravity
23:50:35     1000      6381    0,80    0,20    0,00    0,00    1,00     7  antigravity
23:50:35     1000      6409    0,40    0,00    0,00    0,00    0,40     5  antigravity
23:50:35     1000      6708    1,20    1,00    0,00    0,00    2,20     5  language_server
23:50:35     1000      7203    0,60    2,00    0,00    0,00    2,60     3  language_server
23:50:35        0      8594    0,00    0,80    0,00    0,00    0,80     2  kworker/u33:0-i915_flip
23:50:35     1000      9105    0,20    0,00    0,00    0,00    0,20     5  chrome
23:50:35     1000      9152    0,20    0,20    0,00    0,00    0,40     2  chrome
23:50:35     1000      9378    0,80    0,00    0,00    0,00    0,80     3  gnome-terminal-
23:50:35     1000      9657    0,20    0,00    0,00    0,00    0,20     7  chrome
23:50:35     1000     14532    0,40    0,20    0,00    0,00    0,60     6  pidstat
23:50:35     1000     14564   16,80    0,80    0,00    0,00   17,60     0  java

23:50:30      UID       PID  minflt/s  majflt/s     VSZ     RSS   %MEM  Command
23:50:35      115       942     91,20      0,00 1614080   25532   0,16  prometheus-node
23:50:35        0      1668      4,80      0,00 2463668   70320   0,43  containerd
23:50:35        0      3068      3,00      0,00 1235608   15180   0,09  containerd-shim
23:50:35        0      3075     10,40      0,00 1235608   15080   0,09  containerd-shim
23:50:35        0      3076      6,20      0,00 1235608   14788   0,09  containerd-shim
23:50:35        0      3120      0,40      0,00 1235608   14756   0,09  containerd-shim
23:50:35     1000      4211      9,20      0,00 5033128  315544   1,94  gnome-shell
23:50:35     1000      5898     32,60      0,00 1461714124  312548   1,93  antigravity
23:50:35     1000      5952     22,40      0,00 34369068  167252   1,03  antigravity
23:50:35     1000      5963      0,80      0,00 33906396   82640   0,51  antigravity
23:50:35     1000      6000     56,00      0,00 1461388844  431032   2,66  antigravity
23:50:35     1000      6006     17,40      0,00 1459645432  276092   1,70  antigravity
23:50:35     1000      6289      0,20      0,00 33951332   64440   0,40  antigravity
23:50:35     1000      6302      3,40      0,00 1461347888  121504   0,75  antigravity
23:50:35     1000      6303      1,00      0,00 1461367164  112552   0,69  antigravity
23:50:35     1000      6334     11,80      0,00 1461342992  259216   1,60  antigravity
23:50:35     1000      6366     48,00      0,00 1461351388  387900   2,39  antigravity
23:50:35     1000      6381     13,20      0,00 1461358904  155088   0,96  antigravity
23:50:35     1000      6409    101,40      0,00 1461383736  115992   0,71  antigravity
23:50:35     1000      9105     11,20      0,00 55447012  385516   2,37  chrome
23:50:35     1000      9152      3,40      0,00 55460652  193140   1,19  chrome
23:50:35     1000      9157      2,60      0,00 54984540  132236   0,81  chrome
23:50:35     1000      9168      0,20      0,00 55021684   62848   0,39  chrome
23:50:35     1000      9642      0,40      0,00 55012336   86856   0,54  chrome
23:50:35     1000      9657      0,00      0,00 1518552488  328756   2,03  chrome
23:50:35     1000     14564     61,40      0,00 6096600  284668   1,75  java

23:50:30      UID       PID   kB_rd/s   kB_wr/s kB_ccwr/s iodelay  Command
23:50:35     1000     14532      0,00      1,05      0,00       0  pidstat
23:50:35     1000     14564      0,00      3,37      0,00       0  java

23:50:35      UID       PID    %usr %system  %guest   %wait    %CPU   CPU  Command
23:50:40        0        57    0,00    0,80    0,00    0,00    0,80     6  ksoftirqd/6
23:50:40        0        58    0,00    0,60    0,00    0,60    0,60     6  kworker/6:0-i915-unordered
23:50:40        0       106    0,00    0,20    0,00    0,00    0,20     5  kworker/5:1-mm_percpu_wq
23:50:40        0       175    0,00    0,20    0,00    0,00    0,20     6  kworker/6:1H-events_highpri
23:50:40        0       214    0,00    0,20    0,00    0,00    0,20     1  kworker/1:1H-events_highpri
23:50:40      115       943    0,20    0,00    0,00    0,00    0,20     1  prometheus
23:50:40        0      1646    0,20    0,00    0,00    0,00    0,20     6  glances
23:50:40        0      1654    0,00    0,20    0,00    0,00    0,20     1  tailscaled
23:50:40        0      1668    0,40    0,00    0,00    0,00    0,40     3  containerd
23:50:40        0      2676    0,40    0,20    0,00    0,00    0,60     2  dockerd
23:50:40      117      2677    0,20    0,40    0,00    0,00    0,60     5  grafana
23:50:40        0      3027    0,20    0,40    0,00    0,00    0,60     1  mount.ntfs-3g
23:50:40        0      3075    0,20    0,00    0,00    0,00    0,20     3  containerd-shim
23:50:40        0      3091    0,00    0,20    0,00    0,00    0,20     3  containerd-shim
23:50:40      999      3241    0,40    0,20    0,00    0,00    0,60     6  redis-server
23:50:40     1000      4211    5,00   11,40    0,00    0,20   16,40     4  gnome-shell
23:50:40     1000      5898    3,40    1,80    0,00    0,20    5,20     6  antigravity
23:50:40     1000      5952    9,00    2,40    0,00    0,00   11,40     3  antigravity
23:50:40     1000      6000    6,20    0,60    0,00    0,00    6,80     2  antigravity
23:50:40     1000      6006    0,20    0,00    0,00    0,00    0,20     5  antigravity
23:50:40     1000      6248    1,40    1,60    0,00    0,00    3,00     1  language_server
23:50:40     1000      6334    0,60    0,00    0,00    0,00    0,60     2  antigravity
23:50:40     1000      6366    0,80    0,40    0,00    0,00    1,20     0  antigravity
23:50:40     1000      6381    0,60    0,00    0,00    0,00    0,60     0  antigravity
23:50:40     1000      6409    0,20    0,40    0,00    0,00    0,60     3  antigravity
23:50:40     1000      6708    0,80    1,60    0,00    0,00    2,40     5  language_server
23:50:40     1000      7203    1,80    1,20    0,00    0,00    3,00     3  language_server
23:50:40        0      8594    0,00    0,60    0,00    0,00    0,60     6  kworker/u33:0-i915_flip
23:50:40     1000      9105    0,20    0,00    0,00    0,00    0,20     0  chrome
23:50:40     1000      9152    0,20    0,00    0,00    0,00    0,20     4  chrome
23:50:40     1000      9378    1,40    0,00    0,00    0,00    1,40     4  gnome-terminal-
23:50:40        0     13650    0,20    0,00    0,00    0,00    0,20     0  kworker/0:1-mm_percpu_wq
23:50:40     1000     14532    0,20    0,20    0,00    0,00    0,40     5  pidstat
23:50:40     1000     14564   13,20    0,20    0,00    0,00   13,40     0  java

23:50:35      UID       PID  minflt/s  majflt/s     VSZ     RSS   %MEM  Command
23:50:40        0      3068      6,40      0,00 1235608   14520   0,09  containerd-shim
23:50:40        0      3075      6,20      0,00 1235608   14424   0,09  containerd-shim
23:50:40        0      3076      7,20      0,00 1235608   14532   0,09  containerd-shim
23:50:40        0      3091      9,00      0,00 1235608   14724   0,09  containerd-shim
23:50:40        0      3120      2,60      0,00 1235608   14528   0,09  containerd-shim
23:50:40     1000      4211      1,40      0,00 5033192  315544   1,94  gnome-shell
23:50:40     1000      5898     52,80      0,00 1461714124  312532   1,93  antigravity
23:50:40     1000      5952      9,80      0,00 34379708  167252   1,03  antigravity
23:50:40     1000      5963      0,80      0,00 33906396   82640   0,51  antigravity
23:50:40     1000      6000     91,00      0,00 1461391020  432804   2,67  antigravity
23:50:40     1000      6006     18,40      0,00 1459645432  276476   1,70  antigravity
23:50:40     1000      6289      0,20      0,00 33951332   64440   0,40  antigravity
23:50:40     1000      6302      3,00      0,00 1461347888  121504   0,75  antigravity
23:50:40     1000      6303      1,00      0,00 1461367164  112552   0,69  antigravity
23:50:40     1000      6334     47,80      0,00 1461342992  259592   1,60  antigravity
23:50:40     1000      6366     21,80      0,00 1461351388  386800   2,38  antigravity
23:50:40     1000      6381     16,40      0,00 1461358904  154960   0,95  antigravity
23:50:40     1000      6409    168,40      0,00 1461383736  116248   0,72  antigravity
23:50:40     1000      9105     16,00      0,00 55447012  385516   2,37  chrome
23:50:40     1000      9152      6,80      0,00 55460652  193140   1,19  chrome
23:50:40     1000      9157      5,60      0,00 54984540  132236   0,81  chrome
23:50:40     1000      9168      0,40      0,00 55021684   62848   0,39  chrome
23:50:40     1000      9642      0,20      0,00 55012336   86856   0,54  chrome
23:50:40     1000     10937      6,20      0,00    7664    3776   0,02  run_all_tests.s
23:50:40     1000     14564     33,40      0,00 6096600  285308   1,76  java
23:50:40     1000     14994     23,60      0,00    5660    2200   0,01  sleep

23:50:35      UID       PID   kB_rd/s   kB_wr/s kB_ccwr/s iodelay  Command
23:50:40     1000      9105      0,00      4,80      0,00       0  chrome
23:50:40     1000     14532      0,00      1,13      0,00       0  pidstat
23:50:40     1000     14564      0,00      3,37      0,00       0  java

23:50:40      UID       PID    %usr %system  %guest   %wait    %CPU   CPU  Command
23:50:45        0        57    0,00    1,20    0,00    0,00    1,20     6  ksoftirqd/6
23:50:45        0        58    0,00    0,60    0,00    0,80    0,60     6  kworker/6:0-i915-unordered
23:50:45      115       943    0,20    0,00    0,00    0,00    0,20     1  prometheus
23:50:45        0      1646    0,20    0,00    0,00    0,00    0,20     6  glances
23:50:45        0      1654    0,20    0,00    0,00    0,00    0,20     4  tailscaled
23:50:45        0      1668    0,20    0,00    0,00    0,00    0,20     3  containerd
23:50:45      111      1761    0,00    0,20    0,00    0,00    0,20     6  mariadbd
23:50:45        0      2676    0,40    0,00    0,00    0,00    0,40     2  dockerd
23:50:45      117      2677    0,60    0,20    0,00    0,00    0,80     5  grafana
23:50:45        0      3027    1,00    1,00    0,00    0,00    2,00     4  mount.ntfs-3g
23:50:45        0      3068    0,20    0,00    0,00    0,00    0,20     0  containerd-shim
23:50:45        0      3076    0,20    0,00    0,00    0,00    0,20     7  containerd-shim
23:50:45        0      3120    0,20    0,00    0,00    0,00    0,20     4  containerd-shim
23:50:45      999      3241    0,40    0,00    0,00    0,00    0,40     1  redis-server
23:50:45     1000      4211    8,60    7,40    0,00    0,00   16,00     5  gnome-shell
23:50:45     1000      5898    3,40    2,00    0,00    0,00    5,40     7  antigravity
23:50:45     1000      5952    9,40    1,80    0,00    0,00   11,20     7  antigravity
23:50:45     1000      6000   16,80    1,00    0,00    0,00   17,80     4  antigravity
23:50:45     1000      6006    0,20    0,00    0,00    0,00    0,20     6  antigravity
23:50:45     1000      6248    1,40    1,40    0,00    0,20    2,80     1  language_server
23:50:45     1000      6303    0,00    0,20    0,00    0,00    0,20     1  antigravity
23:50:45     1000      6334    0,40    0,00    0,00    0,00    0,40     0  antigravity
23:50:45     1000      6366    1,20    0,20    0,00    0,00    1,40     3  antigravity
23:50:45     1000      6381    0,60    0,20    0,00    0,00    0,80     5  antigravity
23:50:45     1000      6409    0,20    0,20    0,00    0,00    0,40     0  antigravity
23:50:45     1000      6708    1,40    0,80    0,00    0,00    2,20     5  language_server
23:50:45     1000      7203    1,60    1,20    0,00    0,00    2,80     3  language_server
23:50:45        0      8594    0,00    0,60    0,00    0,00    0,60     6  kworker/u33:0+i915_flip
23:50:45     1000      9105    0,20    0,20    0,00    0,00    0,40     0  chrome
23:50:45     1000      9152    0,20    0,00    0,00    0,00    0,20     4  chrome
23:50:45     1000      9157    0,20    0,00    0,00    0,00    0,20     7  chrome
23:50:45     1000      9378    0,40    0,20    0,00    0,00    0,60     4  gnome-terminal-
23:50:45     1000     14532    0,20    0,20    0,00    0,00    0,40     2  pidstat
23:50:45     1000     14564   10,00    0,80    0,00    0,00   10,80     0  java

23:50:40      UID       PID  minflt/s  majflt/s     VSZ     RSS   %MEM  Command
23:50:45      115       943      0,40      0,00 2610260  111752   0,69  prometheus
23:50:45        0      1668      0,40      0,00 2463668   70320   0,43  containerd
23:50:45      114      1776      4,00      0,00  218252   29316   0,18  postgres
23:50:45        0      3068      8,40      0,00 1235608   14776   0,09  containerd-shim
23:50:45        0      3075      8,00      0,00 1235608   14552   0,09  containerd-shim
23:50:45        0      3076     11,00      0,00 1235608   14660   0,09  containerd-shim
23:50:45        0      3091      9,00      0,00 1235608   14980   0,09  containerd-shim
23:50:45        0      3120      8,40      0,00 1235608   14784   0,09  containerd-shim
23:50:45     1000      4211      7,40      0,00 5033192  315672   1,94  gnome-shell
23:50:45     1000      5898     35,00      0,00 1461714124  312740   1,93  antigravity
23:50:45     1000      5952     32,80      0,00 34377508  167396   1,03  antigravity
23:50:45     1000      5963      1,60      0,00 33906396   82640   0,51  antigravity
23:50:45     1000      6000    382,20      0,00 1461388844  424564   2,62  antigravity
23:50:45     1000      6006     17,60      0,00 1459645432  276860   1,71  antigravity
23:50:45     1000      6289      0,40      0,00 33951332   64440   0,40  antigravity
23:50:45     1000      6302      6,20      0,00 1461347888  121504   0,75  antigravity
23:50:45     1000      6303      1,60      0,00 1461367164  112552   0,69  antigravity
23:50:45     1000      6334     10,00      0,00 1461342992  259720   1,60  antigravity
23:50:45     1000      6366    306,60      0,00 1461351388  386896   2,38  antigravity
23:50:45     1000      6381     21,00      0,00 1461358904  155268   0,96  antigravity
23:50:45     1000      6409     92,40      0,00 1461383736  116208   0,72  antigravity
23:50:45     1000      9105      0,60      0,00 55447012  385516   2,37  chrome
23:50:45     1000      9152      3,40      0,00 55460652  193140   1,19  chrome
23:50:45     1000      9157      3,80      0,00 54984540  132236   0,81  chrome
23:50:45     1000      9168      0,20      0,00 55021684   62848   0,39  chrome
23:50:45     1000      9642      0,20      0,00 55012336   86856   0,54  chrome
23:50:45     1000     14564     36,00      0,00 6096600  285948   1,76  java

23:50:40      UID       PID   kB_rd/s   kB_wr/s kB_ccwr/s iodelay  Command
23:50:45     1000      6366      0,00      0,80      0,00       0  antigravity
23:50:45     1000      9105      0,00      0,80      0,00       0  chrome
23:50:45     1000     14532      0,00      1,11      0,00       0  pidstat
23:50:45     1000     14564      0,00      4,71      0,00       0  java

23:50:45      UID       PID    %usr %system  %guest   %wait    %CPU   CPU  Command
23:50:50        0         1    0,20    0,20    0,00    0,00    0,40     3  systemd
23:50:50        0        33    0,20    0,00    0,00    0,00    0,20     2  ksoftirqd/2
23:50:50        0        57    0,00    1,00    0,00    0,00    1,00     6  ksoftirqd/6
23:50:50        0        58    0,00    0,60    0,00    0,80    0,60     6  kworker/6:0-i915-unordered
23:50:50        0        82    0,00    0,20    0,00    0,00    0,20     5  khugepaged
23:50:50        0        86    0,00    0,20    0,00    0,00    0,20     1  irq/9-acpi
23:50:50      990       908    0,80    0,00    0,00    0,00    0,80     0  dbus-daemon
23:50:50      115       942    1,00    0,60    0,00    0,00    1,60     5  prometheus-node
23:50:50      115       943    0,20    0,00    0,00    0,00    0,20     1  prometheus
23:50:50        0      1654    0,20    0,00    0,00    0,00    0,20     3  tailscaled
23:50:50        0      1668    0,20    0,20    0,00    0,00    0,40     3  containerd
23:50:50        0      2676    0,20    0,40    0,00    0,00    0,60     2  dockerd
23:50:50      117      2677    0,60    0,40    0,00    0,00    1,00     5  grafana
23:50:50        0      3027    1,00    1,00    0,00    0,20    2,00     1  mount.ntfs-3g
23:50:50        0      3068    0,20    0,00    0,00    0,00    0,20     0  containerd-shim
23:50:50        0      3076    0,00    0,20    0,00    0,00    0,20     7  containerd-shim
23:50:50      999      3241    0,20    0,20    0,00    0,00    0,40     1  redis-server
23:50:50     1000      4211    7,40    8,40    0,00    0,00   15,80     5  gnome-shell
23:50:50        0      5289    0,00    0,20    0,00    0,00    0,20     1  kworker/u32:11-i915
23:50:50     1000      5898    3,00    2,40    0,00    0,00    5,40     7  antigravity
23:50:50     1000      5952    8,80    2,60    0,00    0,00   11,40     3  antigravity
23:50:50     1000      6000    6,60    0,60    0,00    0,00    7,20     0  antigravity
23:50:50     1000      6006    0,00    0,20    0,00    0,00    0,20     2  antigravity
23:50:50     1000      6248    1,20    1,80    0,00    0,00    3,00     5  language_server
23:50:50     1000      6334    0,20    0,40    0,00    0,00    0,60     3  antigravity
23:50:50     1000      6366    0,80    0,40    0,00    0,00    1,20     0  antigravity
23:50:50     1000      6381    0,60    0,00    0,00    0,00    0,60     4  antigravity
23:50:50     1000      6409    0,40    0,20    0,00    0,00    0,60     0  antigravity
23:50:50     1000      6708    1,60    0,80    0,00    0,00    2,40     5  language_server
23:50:50     1000      7203    1,00    1,60    0,00    0,00    2,60     3  language_server
23:50:50        0      8594    0,00    0,80    0,00    0,20    0,80     6  kworker/u33:0-i915_flip
23:50:50     1000      9105    0,20    0,00    0,00    0,00    0,20     6  chrome
23:50:50     1000      9152    0,40    0,20    0,00    0,00    0,60     4  chrome
23:50:50     1000      9378    0,80    0,00    0,00    0,00    0,80     5  gnome-terminal-
23:50:50     1000     10899    0,20    0,00    0,00    0,00    0,20     4  antigravity
23:50:50     1000     14532    0,20    0,60    0,00    0,00    0,80     4  pidstat
23:50:50     1000     14564    8,60    1,20    0,00    0,00    9,80     0  java

23:50:45      UID       PID  minflt/s  majflt/s     VSZ     RSS   %MEM  Command
23:50:50      115       942     67,80      0,00 1614080   25300   0,16  prometheus-node
23:50:50      115       943      0,00      0,00 2610260  109556   0,67  prometheus
23:50:50        0      3068     14,40      0,00 1235608   14904   0,09  containerd-shim
23:50:50        0      3075     12,00      0,00 1235608   14680   0,09  containerd-shim
23:50:50        0      3076     11,80      0,00 1235608   14916   0,09  containerd-shim
23:50:50        0      3091     14,60      0,00 1235608   15108   0,09  containerd-shim
23:50:50        0      3120     12,20      0,00 1235608   15040   0,09  containerd-shim
23:50:50     1000      4211      3,00      0,00 5025000  315672   1,94  gnome-shell
23:50:50     1000      5898     32,80      0,00 1461714124  312960   1,93  antigravity
23:50:50     1000      5952     24,20      0,00 34377508  167780   1,03  antigravity
23:50:50     1000      5963      0,80      0,00 33906396   82640   0,51  antigravity
23:50:50     1000      6000     79,20      0,00 1461388844  424664   2,62  antigravity
23:50:50     1000      6006     17,40      0,00 1459645432  277244   1,71  antigravity
23:50:50     1000      6289      0,20      0,00 33951332   64440   0,40  antigravity
23:50:50     1000      6302      3,40      0,00 1461347888  121504   0,75  antigravity
23:50:50     1000      6303      1,00      0,00 1461367164  112552   0,69  antigravity
23:50:50     1000      6334     12,20      0,00 1461342992  259160   1,60  antigravity
23:50:50     1000      6366    318,40      0,00 1461351388  387152   2,39  antigravity
23:50:50     1000      6381     32,00      0,00 1461358904  155504   0,96  antigravity
23:50:50     1000      6409     99,80      0,00 1461383736  116336   0,72  antigravity
23:50:50     1000      9105     13,00      0,00 55447012  385516   2,37  chrome
23:50:50     1000      9152      3,40      0,00 55460652  193140   1,19  chrome
23:50:50     1000      9157      2,60      0,00 54984540  132236   0,81  chrome
23:50:50     1000      9168      0,20      0,00 55021684   62848   0,39  chrome
23:50:50     1000      9642      0,20      0,00 55012336   86856   0,54  chrome
23:50:50     1000     14564     39,00      0,00 6096600  298940   1,84  java

23:50:45      UID       PID   kB_rd/s   kB_wr/s kB_ccwr/s iodelay  Command
23:50:50     1000      6366      0,00      0,80      0,00       0  antigravity
23:50:50     1000      9105      0,00      6,40      0,00       0  chrome
23:50:50     1000     14532      0,00      1,13      0,00       0  pidstat
23:50:50     1000     14564      0,00      4,51      0,00       0  java

23:50:50      UID       PID    %usr %system  %guest   %wait    %CPU   CPU  Command
23:50:55        0        18    0,00    0,20    0,00    0,00    0,20     6  rcu_preempt
23:50:55        0        57    0,00    1,00    0,00    0,00    1,00     6  ksoftirqd/6
23:50:55        0        58    0,00    0,80    0,00    0,40    0,80     6  kworker/6:0-i915-unordered
23:50:55      115       943    0,20    0,00    0,00    0,00    0,20     1  prometheus
23:50:55        0      1646    0,20    0,00    0,00    0,00    0,20     6  glances
23:50:55        0      1668    0,40    0,00    0,00    0,00    0,40     3  containerd
23:50:55        0      2676    0,60    0,20    0,00    0,00    0,80     2  dockerd
23:50:55      117      2677    0,40    0,20    0,00    0,00    0,60     5  grafana
23:50:55        0      3027    1,00    0,80    0,00    0,00    1,80     2  mount.ntfs-3g
23:50:55        0      3075    0,00    0,20    0,00    0,00    0,20     3  containerd-shim
23:50:55        0      3091    0,20    0,00    0,00    0,00    0,20     3  containerd-shim
23:50:55        0      3120    0,20    0,00    0,00    0,00    0,20     4  containerd-shim
23:50:55      999      3241    0,40    0,20    0,00    0,00    0,60     3  redis-server
23:50:55     1000      4211   10,20    5,80    0,00    0,00   16,00     6  gnome-shell
23:50:55     1000      4941    0,00    0,20    0,00    0,20    0,20     5  xdg-desktop-por
23:50:55     1000      5898    3,00    2,60    0,00    0,00    5,60     2  antigravity
23:50:55     1000      5952    8,60    2,40    0,00    0,00   11,00     6  antigravity
23:50:55     1000      6000    6,40    0,60    0,00    0,00    7,00     2  antigravity
23:50:55     1000      6006    0,40    0,00    0,00    0,00    0,40     5  antigravity
23:50:55     1000      6248    1,60    1,60    0,00    0,00    3,20     6  language_server
23:50:55     1000      6334    0,40    0,00    0,00    0,00    0,40     7  antigravity
23:50:55     1000      6366    0,80    0,40    0,00    0,00    1,20     4  antigravity
23:50:55     1000      6381    0,60    0,20    0,00    0,00    0,80     7  antigravity
23:50:55     1000      6409    0,20    0,20    0,00    0,00    0,40     0  antigravity
23:50:55     1000      6708    1,20    1,20    0,00    0,00    2,40     5  language_server
23:50:55     1000      7203    1,60    1,20    0,00    0,00    2,80     3  language_server
23:50:55        0      8594    0,00    0,60    0,00    0,00    0,60     6  kworker/u33:0-i915_flip
23:50:55     1000      9105    0,00    0,20    0,00    0,00    0,20     6  chrome
23:50:55     1000      9152    0,00    0,20    0,00    0,00    0,20     4  chrome
23:50:55     1000      9157    0,00    0,20    0,00    0,00    0,20     0  chrome
23:50:55     1000      9378    1,20    0,00    0,00    0,00    1,20     6  gnome-terminal-
23:50:55     1000      9657    0,20    0,00    0,00    0,00    0,20     5  chrome
23:50:55     1000     14532    0,20    0,20    0,00    0,00    0,40     0  pidstat
23:50:55     1000     14564    5,00    0,20    0,00    0,00    5,20     0  java
23:50:55     1000     15075    0,60    0,00    0,00    0,00    0,60     7  gnome-screensho

23:50:50      UID       PID  minflt/s  majflt/s     VSZ     RSS   %MEM  Command
23:50:55        0      3068      2,00      0,00 1235608   15032   0,09  containerd-shim
23:50:55        0      3075      4,20      0,00 1235608   14680   0,09  containerd-shim
23:50:55        0      3076      5,60      0,00 1235608   15172   0,09  containerd-shim
23:50:55        0      3091     11,80      0,00 1235608   15236   0,09  containerd-shim
23:50:55        0      3120     12,20      0,00 1235608   15168   0,09  containerd-shim
23:50:55     1000      4211      8,60      0,00 5033192  315672   1,94  gnome-shell
23:50:55     1000      5898     43,80      0,00 1461714124  312960   1,93  antigravity
23:50:55     1000      5952     25,00      0,00 34377636  167888   1,03  antigravity
23:50:55     1000      5963      0,80      0,00 33906396   82640   0,51  antigravity
23:50:55     1000      6000    134,80      0,00 1461388844  425580   2,62  antigravity
23:50:55     1000      6006     44,60      0,00 1459645432  276804   1,71  antigravity
23:50:55     1000      6077      0,80      0,00 1459609232  168696   1,04  antigravity
23:50:55     1000      6289      0,20      0,00 33951332   64440   0,40  antigravity
23:50:55     1000      6302      5,40      0,00 1461347888  121504   0,75  antigravity
23:50:55     1000      6303      1,00      0,00 1461367164  112552   0,69  antigravity
23:50:55     1000      6334     15,40      0,00 1461342992  259288   1,60  antigravity
23:50:55     1000      6366    301,60      0,00 1461351388  386736   2,38  antigravity
23:50:55     1000      6381     21,20      0,00 1461358904  155464   0,96  antigravity
23:50:55     1000      6409      9,40      0,00 1461383736  116148   0,72  antigravity
23:50:55     1000      9105      8,80      0,00 55447012  385516   2,37  chrome
23:50:55     1000      9152      3,40      0,00 55460652  193140   1,19  chrome
23:50:55     1000      9157      3,20      0,00 54984540  132236   0,81  chrome
23:50:55     1000      9168      0,20      0,00 55021684   62848   0,39  chrome
23:50:55     1000      9642      0,40      0,00 55012336   86856   0,54  chrome
23:50:55     1000      9657    169,60      0,00 1518552488  332212   2,05  chrome
23:50:55     1000     10937      6,00      0,00    7664    3776   0,02  run_all_tests.s
23:50:55     1000     14564     18,00      0,00 6096600  299324   1,84  java
23:50:55     1000     15075    246,20      0,00  407716   18380   0,11  gnome-screensho

23:50:50      UID       PID   kB_rd/s   kB_wr/s kB_ccwr/s iodelay  Command
23:50:55     1000      5898      0,00      9,60      0,00       0  antigravity
23:50:55     1000      6366      0,00      0,80      0,00       0  antigravity
23:50:55     1000      9105      0,00      4,00      0,00       0  chrome
23:50:55     1000     14532      0,00      1,17      0,00       0  pidstat
23:50:55     1000     14564      0,00      4,51      0,00       0  java

23:50:55      UID       PID    %usr %system  %guest   %wait    %CPU   CPU  Command
23:51:00        0        57    0,00    1,20    0,00    0,00    1,20     6  ksoftirqd/6
23:51:00        0        58    0,00    0,60    0,00    1,00    0,60     6  kworker/6:0-i915-unordered
23:51:00        0        67    0,00    0,20    0,00    0,00    0,20     4  kworker/u32:1-kvfree_rcu_reclaim
23:51:00      115       943    0,20    0,00    0,00    0,00    0,20     1  prometheus
23:51:00        0      1654    0,20    0,20    0,00    0,00    0,40     7  tailscaled
23:51:00        0      1668    0,20    0,20    0,00    0,00    0,40     3  containerd
23:51:00        0      2676    0,20    0,20    0,00    0,00    0,40     2  dockerd
23:51:00      117      2677    0,40    0,20    0,00    0,00    0,60     5  grafana
23:51:00        0      3027    1,20    1,20    0,00    0,00    2,40     0  mount.ntfs-3g
23:51:00        0      3068    0,00    0,20    0,00    0,00    0,20     0  containerd-shim
23:51:00        0      3075    0,20    0,00    0,00    0,00    0,20     3  containerd-shim
23:51:00      999      3241    0,60    0,00    0,00    0,00    0,60     4  redis-server
23:51:00     1000      4003    0,20    0,20    0,00    0,00    0,40     3  pipewire
23:51:00     1000      4006    0,40    0,00    0,00    0,00    0,40     1  wireplumber
23:51:00     1000      4211   13,20    6,60    0,00    0,00   19,80     2  gnome-shell
23:51:00        0      5233    0,00    0,20    0,00    0,00    0,20     0  fwupd
23:51:00     1000      5898    3,60    1,60    0,00    0,00    5,20     4  antigravity
23:51:00     1000      5952    8,80    3,00    0,00    0,00   11,80     2  antigravity
23:51:00     1000      6000    8,20    0,60    0,00    0,00    8,80     1  antigravity
23:51:00     1000      6006    0,20    0,00    0,00    0,00    0,20     2  antigravity
23:51:00     1000      6248    2,00    1,00    0,00    0,00    3,00     4  language_server
23:51:00     1000      6334    0,40    0,20    0,00    0,00    0,60     5  antigravity
23:51:00     1000      6366    1,00    0,60    0,00    0,00    1,60     1  antigravity
23:51:00     1000      6381    1,00    0,20    0,00    0,00    1,20     1  antigravity
23:51:00     1000      6409    0,60    0,00    0,00    0,00    0,60     4  antigravity
23:51:00     1000      6708    1,20    1,40    0,00    0,00    2,60     5  language_server
23:51:00     1000      7203    1,40    1,20    0,00    0,00    2,60     3  language_server
23:51:00        0      8594    0,00    0,60    0,00    0,00    0,60     6  kworker/u33:0-i915_flip
23:51:00     1000      9105    0,20    0,00    0,00    0,00    0,20     6  chrome
23:51:00     1000      9152    0,40    0,00    0,00    0,00    0,40     2  chrome
23:51:00     1000      9335    0,00    0,20    0,00    0,00    0,20     2  chrome
23:51:00     1000      9378    0,80    0,00    0,00    0,00    0,80     5  gnome-terminal-
23:51:00     1000      9642    0,20    0,00    0,00    0,00    0,20     7  chrome
23:51:00     1000     10899    0,00    0,20    0,00    0,00    0,20     7  antigravity
23:51:00     1000     14532    0,00    0,40    0,00    0,00    0,40     3  pidstat
23:51:00     1000     14564   11,40    0,40    0,00    0,00   11,80     0  java

23:50:55      UID       PID  minflt/s  majflt/s     VSZ     RSS   %MEM  Command
23:51:00        0      3068      1,60      0,00 1235608   15032   0,09  containerd-shim
23:51:00        0      3075      5,40      0,00 1235608   14808   0,09  containerd-shim
23:51:00        0      3076     10,00      0,00 1235608   15300   0,09  containerd-shim
23:51:00        0      3091      2,00      0,00 1235608   15236   0,09  containerd-shim
23:51:00        0      3120      2,80      0,00 1235608   15168   0,09  containerd-shim
23:51:00     1000      4003     36,20      0,00  104896   13792   0,08  pipewire
23:51:00     1000      4009     38,20      0,00  171976   15280   0,09  pipewire-pulse
23:51:00     1000      4211      9,80      0,00 5033128  315672   1,94  gnome-shell
23:51:00     1000      4941      0,20      0,00  704604   20144   0,12  xdg-desktop-por
23:51:00     1000      4961      0,20      0,00  614696    7092   0,04  xdg-document-po
23:51:00     1000      5898     38,00      0,00 1461714124  312696   1,93  antigravity
23:51:00     1000      5952     14,00      0,00 34379564  168016   1,04  antigravity
23:51:00     1000      5963      0,80      0,00 33906396   82640   0,51  antigravity
23:51:00     1000      6000    223,80      0,00 1461391020  427584   2,63  antigravity
23:51:00     1000      6006     22,40      0,00 1459645432  276796   1,71  antigravity
23:51:00     1000      6289      0,20      0,00 33951332   64440   0,40  antigravity
23:51:00     1000      6302      3,00      0,00 1461347888  121504   0,75  antigravity
23:51:00     1000      6303      0,80      0,00 1461367164  112552   0,69  antigravity
23:51:00     1000      6334      9,00      0,00 1461342992  259288   1,60  antigravity
23:51:00     1000      6366    269,00      0,00 1461351388  386736   2,38  antigravity
23:51:00     1000      6381     25,80      0,00 1461358904  155576   0,96  antigravity
23:51:00     1000      6409    147,80      0,00 1461383736  116532   0,72  antigravity
23:51:00     1000      9105     15,60      0,00 55447012  385516   2,37  chrome
23:51:00     1000      9152      6,80      0,00 55460652  193140   1,19  chrome
23:51:00     1000      9157      6,20      0,00 54984540  132236   0,81  chrome
23:51:00     1000      9168      0,40      0,00 55021684   62848   0,39  chrome
23:51:00     1000      9642      0,20      0,00 55012336   86856   0,54  chrome
23:51:00     1000     10937      1,60      0,00    7664    3776   0,02  run_all_tests.s
23:51:00     1000     14564     28,20      0,00 6096600  299836   1,85  java

23:50:55      UID       PID   kB_rd/s   kB_wr/s kB_ccwr/s iodelay  Command
23:51:00     1000      4006      0,00      0,80      0,00       0  wireplumber
23:51:00     1000      4211      0,00     72,00      0,00       0  gnome-shell
23:51:00     1000     10937      0,00    185,91     72,00       0  run_all_tests.s
23:51:00     1000     14532      0,00      1,19      0,00       0  pidstat
23:51:00     1000     14564      0,00      4,63      0,00       0  java

23:51:00      UID       PID    %usr %system  %guest   %wait    %CPU   CPU  Command
23:51:05        0        57    0,00    0,80    0,00    0,20    0,80     6  ksoftirqd/6
23:51:05        0        58    0,00    0,60    0,00    0,60    0,60     6  kworker/6:0-i915-unordered
23:51:05        0        65    0,00    0,20    0,00    0,00    0,20     7  kworker/7:0H-events_highpri
23:51:05        0        71    0,00    0,20    0,00    0,00    0,20     4  kworker/u32:5-flush-8:0
23:51:05        0        86    0,00    0,20    0,00    0,00    0,20     1  irq/9-acpi
23:51:05        0       175    0,00    0,20    0,00    0,00    0,20     6  kworker/6:1H-events_highpri
23:51:05      990       908    0,80    0,00    0,00    0,00    0,80     3  dbus-daemon
23:51:05      986       934    0,20    0,00    0,00    0,00    0,20     0  polkitd
23:51:05      115       942    1,20    0,60    0,00    0,00    1,80     4  prometheus-node
23:51:05      115       943    0,20    0,00    0,00    0,00    0,20     1  prometheus
23:51:05        0      1646    0,20    0,00    0,00    0,00    0,20     6  glances
23:51:05        0      1654    0,20    0,00    0,00    0,00    0,20     4  tailscaled
23:51:05        0      1668    0,40    0,00    0,00    0,00    0,40     3  containerd
23:51:05        0      2676    0,40    0,20    0,00    0,00    0,60     2  dockerd
23:51:05      117      2677    0,40    0,40    0,00    0,00    0,80     5  grafana
23:51:05        0      3027    1,80    0,20    0,00    0,00    2,00     2  mount.ntfs-3g
23:51:05        0      3068    0,20    0,00    0,00    0,00    0,20     0  containerd-shim
23:51:05        0      3076    0,00    0,20    0,00    0,00    0,20     7  containerd-shim
23:51:05        0      3091    0,20    0,20    0,00    0,00    0,40     3  containerd-shim
23:51:05        0      3120    0,00    0,20    0,00    0,00    0,20     4  containerd-shim
23:51:05      999      3241    0,20    0,00    0,00    0,00    0,20     4  redis-server
23:51:05     1000      4003    0,20    0,00    0,00    0,00    0,20     3  pipewire
23:51:05     1000      4009    0,00    0,20    0,00    0,00    0,20     5  pipewire-pulse
23:51:05     1000      4211    9,00    7,20    0,00    0,00   16,20     5  gnome-shell
23:51:05     1000      5898    3,60    1,80    0,00    0,00    5,40     0  antigravity
23:51:05     1000      5952    9,20    2,40    0,00    0,00   11,60     2  antigravity
23:51:05     1000      6000    6,80    0,60    0,00    0,00    7,40     5  antigravity
23:51:05     1000      6248    1,40    1,40    0,00    0,00    2,80     2  language_server
23:51:05     1000      6334    0,60    0,20    0,00    0,00    0,80     2  antigravity
23:51:05     1000      6366    0,80    0,40    0,00    0,00    1,20     5  antigravity
23:51:05     1000      6381    0,60    0,00    0,00    0,00    0,60     6  antigravity
23:51:05     1000      6409    0,20    0,20    0,00    0,00    0,40     4  antigravity
23:51:05     1000      6708    1,00    1,40    0,00    0,00    2,40     5  language_server
23:51:05     1000      7203    1,60    1,00    0,00    0,00    2,60     3  language_server
23:51:05        0      8594    0,00    0,60    0,00    0,00    0,60     7  kworker/u33:0-i915_flip
23:51:05     1000      9152    0,20    0,00    0,00    0,00    0,20     2  chrome
23:51:05     1000      9168    0,20    0,00    0,00    0,00    0,20     7  chrome
23:51:05     1000      9378    1,20    0,00    0,00    0,00    1,20     5  gnome-terminal-
23:51:05     1000      9668    0,20    0,20    0,00    0,00    0,40     5  chrome
23:51:05        0     12697    0,20    0,00    0,00    0,00    0,20     2  kworker/2:1-mm_percpu_wq
23:51:05     1000     14532    0,20    0,40    0,00    0,00    0,60     3  pidstat
23:51:05     1000     14564    4,20    0,40    0,00    0,00    4,60     0  java

23:51:00      UID       PID  minflt/s  majflt/s     VSZ     RSS   %MEM  Command
23:51:05      115       942     49,60      0,00 1614080   25628   0,16  prometheus-node
23:51:05      114      1776      3,60      0,00  218252   29316   0,18  postgres
23:51:05        0      3068     10,60      0,00 1235608   15160   0,09  containerd-shim
23:51:05        0      3075      4,20      0,00 1235608   14808   0,09  containerd-shim
23:51:05        0      3091      9,60      0,00 1235608   15492   0,10  containerd-shim
23:51:05        0      3120      7,40      0,00 1235608   15296   0,09  containerd-shim
23:51:05     1000      4003      0,00      0,00  103888   13792   0,08  pipewire
23:51:05     1000      4006      0,20      0,00  718576   27192   0,17  wireplumber
23:51:05     1000      4211      9,20      0,00 5033192  315544   1,94  gnome-shell
23:51:05     1000      5898     55,60      0,00 1461714124  312628   1,93  antigravity
23:51:05     1000      5952     11,40      0,00 34380588  167748   1,03  antigravity
23:51:05     1000      5963      1,60      0,00 33906396   82640   0,51  antigravity
23:51:05     1000      6000    146,00      0,00 1461391980  428232   2,64  antigravity
23:51:05     1000      6006      7,60      0,00 1459645432  276796   1,71  antigravity
23:51:05     1000      6289      0,40      0,00 33951332   64440   0,40  antigravity
23:51:05     1000      6302      6,60      0,00 1461347888  121504   0,75  antigravity
23:51:05     1000      6303      1,80      0,00 1461367164  112552   0,69  antigravity
23:51:05     1000      6334     23,40      0,00 1461342992  259288   1,60  antigravity
23:51:05     1000      6366    344,60      0,00 1461351388  386588   2,38  antigravity
23:51:05     1000      6381     28,20      0,00 1461358904  155504   0,96  antigravity
23:51:05     1000      6409     97,00      0,00 1461383736  116788   0,72  antigravity
23:51:05     1000      9105     11,60      0,00 55447012  385644   2,38  chrome
23:51:05     1000      9152      3,40      0,00 55460652  193140   1,19  chrome
23:51:05     1000      9157      2,80      0,00 54984540  132236   0,81  chrome
23:51:05     1000      9168      0,20      0,00 55021684   62848   0,39  chrome
23:51:05     1000      9642      0,20      0,00 55012336   86856   0,54  chrome
23:51:05     1000     14564     10,80      0,00 6096600  299964   1,85  java

23:51:00      UID       PID   kB_rd/s   kB_wr/s kB_ccwr/s iodelay  Command
23:51:05     1000      6366      0,00      0,80      0,00       0  antigravity
23:51:05     1000      9105      0,00      0,80      0,00       0  chrome
23:51:05     1000     14532      0,00      1,22      0,00       0  pidstat
23:51:05     1000     14564      0,00      4,54      0,00       0  java

23:51:05      UID       PID    %usr %system  %guest   %wait    %CPU   CPU  Command
23:51:10        0        57    0,00    1,00    0,00    0,00    1,00     6  ksoftirqd/6
23:51:10        0        58    0,00    0,60    0,00    0,40    0,60     6  kworker/6:0-i915-unordered
23:51:10        0      1646    0,20    0,00    0,00    0,00    0,20     6  glances
23:51:10        0      1654    0,20    0,00    0,00    0,00    0,20     1  tailscaled
23:51:10        0      1668    0,40    0,00    0,00    0,00    0,40     3  containerd
23:51:10        0      2676    0,40    0,20    0,00    0,00    0,60     2  dockerd
23:51:10      117      2677    0,40    0,40    0,00    0,00    0,80     5  grafana
23:51:10        0      3027    1,60    0,40    0,00    0,00    2,00     6  mount.ntfs-3g
23:51:10        0      3075    0,20    0,00    0,00    0,00    0,20     3  containerd-shim
23:51:10        0      3091    0,20    0,00    0,00    0,00    0,20     3  containerd-shim
23:51:10        0      3120    0,00    0,20    0,00    0,00    0,20     4  containerd-shim
23:51:10      999      3241    0,40    0,20    0,00    0,00    0,60     6  redis-server
23:51:10      117      3639    0,20    0,00    0,00    0,00    0,20     5  gpx_grafana_ela
23:51:10     1000      4211    6,40    9,40    0,00    0,00   15,80     5  gnome-shell
23:51:10     1000      5898    3,80    1,60    0,00    0,00    5,40     1  antigravity
23:51:10     1000      5952    9,00    2,20    0,00    0,00   11,20     6  antigravity
23:51:10     1000      6000    6,40    0,60    0,00    0,00    7,00     0  antigravity
23:51:10     1000      6006    0,20    0,00    0,00    0,00    0,20     5  antigravity
23:51:10     1000      6248    2,00    1,20    0,00    0,00    3,20     0  language_server
23:51:10     1000      6334    0,40    0,20    0,00    0,00    0,60     4  antigravity
23:51:10     1000      6366    1,40    0,40    0,00    0,00    1,80     5  antigravity
23:51:10     1000      6381    0,80    0,00    0,00    0,20    0,80     2  antigravity
23:51:10     1000      6409    0,40    0,00    0,00    0,00    0,40     2  antigravity
23:51:10     1000      6708    1,20    1,00    0,00    0,00    2,20     5  language_server
23:51:10     1000      7203    1,40    1,40    0,00    0,00    2,80     3  language_server
23:51:10        0      8594    0,00    0,60    0,00    0,00    0,60     0  kworker/u33:0-i915_flip
23:51:10     1000      9105    0,20    0,00    0,00    0,00    0,20     6  chrome
23:51:10     1000      9152    0,00    0,20    0,00    0,00    0,20     2  chrome
23:51:10     1000      9378    0,60    0,00    0,00    0,00    0,60     2  gnome-terminal-
23:51:10     1000      9773    0,00    0,20    0,00    0,00    0,20     3  ssh
23:51:10     1000     14532    0,20    0,20    0,00    0,00    0,40     2  pidstat
23:51:10     1000     14564    5,20    0,60    0,00    0,00    5,80     0  java

23:51:05      UID       PID  minflt/s  majflt/s     VSZ     RSS   %MEM  Command
23:51:10        0      1668     11,20      0,00 2463668   70320   0,43  containerd
23:51:10        0      3068      6,60      0,00 1235608   14652   0,09  containerd-shim
23:51:10        0      3075      0,00      0,00 1235608   14368   0,09  containerd-shim
23:51:10        0      3076      3,40      0,00 1235608   14968   0,09  containerd-shim
23:51:10        0      3091      3,80      0,00 1235608   14884   0,09  containerd-shim
23:51:10        0      3120      3,20      0,00 1235608   14624   0,09  containerd-shim
23:51:10       70      3230      4,40      0,00  174540   25788   0,16  postgres
23:51:10     1000      4211      1,00      0,00 5033128  315544   1,94  gnome-shell
23:51:10     1000      5898     43,20      0,00 1461714124  312692   1,93  antigravity
23:51:10     1000      5952      4,60      0,00 34379556  167620   1,03  antigravity
23:51:10     1000      5963      0,80      0,00 33906396   82640   0,51  antigravity
23:51:10     1000      6000    118,00      0,00 1461391020  429428   2,65  antigravity
23:51:10     1000      6006      7,40      0,00 1459645432  277052   1,71  antigravity
23:51:10     1000      6289      0,20      0,00 33951332   64440   0,40  antigravity
23:51:10     1000      6302      3,00      0,00 1461347888  121504   0,75  antigravity
23:51:10     1000      6303      0,80      0,00 1461367164  112552   0,69  antigravity
23:51:10     1000      6334     13,20      0,00 1461342992  259020   1,60  antigravity
23:51:10     1000      6366    389,40      0,00 1461351388  386612   2,38  antigravity
23:51:10     1000      6381     21,40      0,00 1461358904  155488   0,96  antigravity
23:51:10     1000      6409     16,20      0,00 1461383736  116652   0,72  antigravity
23:51:10     1000      9105      7,80      0,00 55447012  385644   2,38  chrome
23:51:10     1000      9152      3,40      0,00 55460652  193140   1,19  chrome
23:51:10     1000      9157      2,80      0,00 54984540  132236   0,81  chrome
23:51:10     1000      9168      0,20      0,00 55021684   62848   0,39  chrome
23:51:10     1000      9642      0,20      0,00 55012336   86856   0,54  chrome
23:51:10     1000     14564     21,00      0,00 6096600  306744   1,89  java

23:51:05      UID       PID   kB_rd/s   kB_wr/s kB_ccwr/s iodelay  Command
23:51:10     1000      6366      0,00      0,80      0,00       0  antigravity
23:51:10     1000     14532      0,00      1,28      0,00       0  pidstat
23:51:10     1000     14564      0,00      4,54      0,00       0  java

23:51:10      UID       PID    %usr %system  %guest   %wait    %CPU   CPU  Command
23:51:15        0         1    0,40    0,00    0,00    0,00    0,40     3  systemd
23:51:15        0        18    0,00    0,20    0,00    0,20    0,20     7  rcu_preempt
23:51:15        0        57    0,00    1,00    0,00    0,00    1,00     6  ksoftirqd/6
23:51:15        0        58    0,00    0,60    0,00    0,80    0,60     6  kworker/6:0-i915-unordered
23:51:15        0        67    0,00    0,20    0,00    0,00    0,20     7  kworker/u32:1-events_unbound
23:51:15        0       435    0,20    0,00    0,00    0,00    0,20     6  systemd-udevd
23:51:15      990       908    0,40    0,00    0,00    0,00    0,40     6  dbus-daemon
23:51:15      115       943    0,20    0,00    0,00    0,00    0,20     1  prometheus
23:51:15        0      1646    0,00    0,20    0,00    0,00    0,20     6  glances
23:51:15        0      1654    0,00    0,20    0,00    0,20    0,20     2  tailscaled
23:51:15        0      1668    0,60    0,20    0,00    0,00    0,80     3  containerd
23:51:15        0      1673    0,20    0,00    0,00    0,00    0,20     3  anydesk
23:51:15        0      2676    0,40    0,60    0,00    0,00    1,00     2  dockerd
23:51:15      117      2677    1,00    0,20    0,00    0,00    1,20     0  grafana
23:51:15        0      3027    1,20    0,80    0,00    0,00    2,00     7  mount.ntfs-3g
23:51:15        0      3068    0,20    0,00    0,00    0,00    0,20     0  containerd-shim
23:51:15        0      3075    0,00    0,20    0,00    0,00    0,20     3  containerd-shim
23:51:15        0      3076    0,00    0,20    0,00    0,00    0,20     7  containerd-shim
23:51:15      999      3241    0,40    0,00    0,00    0,00    0,40     4  redis-server
23:51:15     1000      3918    0,20    0,00    0,00    0,00    0,20     6  systemd
23:51:15     1000      4211    7,80    9,00    0,00    0,20   16,80     4  gnome-shell
23:51:15     1000      4491    0,00    0,20    0,00    0,20    0,20     5  gsd-housekeepin
23:51:15     1000      4757    0,00    0,20    0,00    0,00    0,20     0  gvfs-udisks2-vo
23:51:15     1000      4932    0,20    0,20    0,00    0,00    0,40     1  localsearch-3
23:51:15     1000      5898    3,60    1,60    0,00    0,00    5,20     2  antigravity
23:51:15     1000      5952    9,80    1,60    0,00    0,20   11,40     5  antigravity
23:51:15     1000      6000    6,40    0,60    0,00    0,00    7,00     4  antigravity
23:51:15     1000      6006    0,20    0,00    0,00    0,00    0,20     7  antigravity
23:51:15     1000      6248    1,80    1,20    0,00    0,00    3,00     2  language_server
23:51:15     1000      6302    0,20    0,00    0,00    0,00    0,20     5  antigravity
23:51:15     1000      6303    0,20    0,00    0,00    0,00    0,20     7  antigravity
23:51:15     1000      6334    0,60    0,00    0,00    0,00    0,60     1  antigravity
23:51:15     1000      6366    0,80    0,40    0,00    0,00    1,20     1  antigravity
23:51:15     1000      6381    0,60    0,20    0,00    0,00    0,80     7  antigravity
23:51:15     1000      6409    0,00    0,20    0,00    0,00    0,20     0  antigravity
23:51:15     1000      6708    1,60    1,00    0,00    0,00    2,60     5  language_server
23:51:15     1000      7203    1,20    1,40    0,00    0,00    2,60     3  language_server
23:51:15        0      8594    0,00    0,80    0,00    0,00    0,80     6  kworker/u33:0+i915_flip
23:51:15     1000      9105    0,00    0,20    0,00    0,20    0,20     6  chrome
23:51:15     1000      9152    0,20    0,20    0,00    0,00    0,40     2  chrome
23:51:15     1000      9378    1,40    0,00    0,00    0,00    1,40     6  gnome-terminal-
23:51:15     1000     10899    0,20    0,00    0,00    0,00    0,20     0  antigravity
23:51:15        0     13650    0,00    0,20    0,00    0,00    0,20     0  kworker/0:1-events
23:51:15     1000     14532    0,40    0,40    0,00    0,00    0,80     3  pidstat
23:51:15     1000     14564   13,80    0,80    0,00    0,00   14,60     0  java
23:51:15        0     15199    5,40    1,60    0,00    0,00    7,00     1  node

23:51:10      UID       PID  minflt/s  majflt/s     VSZ     RSS   %MEM  Command
23:51:15        0         1      0,20      0,00   24704   14840   0,09  systemd
23:51:15        0       375     26,40      0,00  163644   81780   0,50  systemd-journal
23:51:15        0       435     89,00      0,00   37432   10756   0,07  systemd-udevd
23:51:15        0      1654     14,80      0,00 1421460   99016   0,61  tailscaled
23:51:15        0      1668      8,80      0,00 2463668   70448   0,43  containerd
23:51:15        0      2676      0,00      0,00 3358484  107924   0,66  dockerd
23:51:15      117      2677      2,40      0,00 1765440  336588   2,07  grafana
23:51:15        0      3068      6,80      0,00 1235608   14652   0,09  containerd-shim
23:51:15        0      3075      1,80      0,00 1235608   14368   0,09  containerd-shim
23:51:15        0      3076      9,80      0,00 1235608   14968   0,09  containerd-shim
23:51:15        0      3091     10,60      0,00 1235608   15012   0,09  containerd-shim
23:51:15        0      3120     12,00      0,00 1235608   14624   0,09  containerd-shim
23:51:15     1000      4211     10,00      0,00 5033200  315544   1,94  gnome-shell
23:51:15     1000      5898     34,40      0,00 1461714124  312360   1,92  antigravity
23:51:15     1000      5952     12,40      0,00 34379492  167456   1,03  antigravity
23:51:15     1000      5963      0,80      0,00 33906396   82640   0,51  antigravity
23:51:15     1000      6000    139,20      0,00 1461391020  430676   2,65  antigravity
23:51:15     1000      6006      8,00      0,00 1459645432  277180   1,71  antigravity
23:51:15     1000      6289      0,20      0,00 33951332   64440   0,40  antigravity
23:51:15     1000      6302      3,40      0,00 1461347888  121504   0,75  antigravity
23:51:15     1000      6303      1,80      0,00 1461367164  112552   0,69  antigravity
23:51:15     1000      6334     10,00      0,00 1461342992  259020   1,60  antigravity
23:51:15     1000      6366    279,40      0,00 1461351388  386484   2,38  antigravity
23:51:15     1000      6381     23,00      0,00 1461358904  155336   0,96  antigravity
23:51:15     1000      6409     17,00      0,00 1461383736  116652   0,72  antigravity
23:51:15     1000      9105      8,80      0,00 55447012  385644   2,38  chrome
23:51:15     1000      9113      0,40      0,00 54552036    4336   0,03  chrome_crashpad
23:51:15     1000      9152      3,40      0,00 55460652  193140   1,19  chrome
23:51:15     1000      9157      3,20      0,00 54984540  132236   0,81  chrome
23:51:15     1000      9168      0,20      0,00 55021684   62848   0,39  chrome
23:51:15     1000      9642      0,40      0,00 55012336   86856   0,54  chrome
23:51:15     1000      9657      0,00      0,00 1518552488  330484   2,04  chrome
23:51:15     1000     14564     15,40      0,00 6096600  321412   1,98  java
23:51:15        0     15174    139,80      0,00 1235352   12336   0,08  containerd-shim
23:51:15        0     15199   3029,20      0,00  722328   79904   0,49  node
23:51:15        0     15207     53,00      0,00   37436    7096   0,04  (udev-worker)
23:51:15        0     15214     26,80      0,00   37436    6776   0,04  (udev-worker)
23:51:15        0     15216     27,20      0,00   37436    6608   0,04  (udev-worker)
23:51:15        0     15218     27,40      0,00   37436    6648   0,04  (udev-worker)
23:51:15        0     15219     27,60      0,00   37436    6648   0,04  (udev-worker)
23:51:15        0     15220     27,60      0,00   37436    6648   0,04  (udev-worker)
23:51:15        0     15221     26,40      0,00   37436    6648   0,04  (udev-worker)
23:51:15        0     15223     27,20      0,00   37436    6648   0,04  (udev-worker)
23:51:15        0     15224     26,40      0,00   37436    6648   0,04  (udev-worker)
23:51:15        0     15225     27,20      0,00   37436    6776   0,04  (udev-worker)
23:51:15        0     15226     27,40      0,00   37436    6776   0,04  (udev-worker)
23:51:15        0     15227     27,60      0,00   37436    6648   0,04  (udev-worker)
23:51:15        0     15229     27,00      0,00   37436    6648   0,04  (udev-worker)
23:51:15        0     15230     27,80      0,00   37436    6648   0,04  (udev-worker)
23:51:15        0     15231     26,20      0,00   37436    6648   0,04  (udev-worker)
23:51:15        0     15232     26,20      0,00   37436    6648   0,04  (udev-worker)
23:51:15        0     15246     56,20      0,00 1599260    6372   0,04  docker-proxy
23:51:15        0     15252     61,40      0,00 1820712    8480   0,05  docker-proxy

23:51:10      UID       PID   kB_rd/s   kB_wr/s kB_ccwr/s iodelay  Command
23:51:15     1000      6366      0,00      1,60      0,00       0  antigravity
23:51:15     1000      9105      0,00      1,60      0,00       0  chrome
23:51:15     1000     14532      0,00      1,07      0,00       0  pidstat
23:51:15     1000     14564      0,00      4,54      0,00       0  java

23:51:15      UID       PID    %usr %system  %guest   %wait    %CPU   CPU  Command
23:51:20        0         1    0,20    0,20    0,00    0,00    0,40     1  systemd
23:51:20        0        57    0,00    1,20    0,00    0,00    1,20     6  ksoftirqd/6
23:51:20        0        58    0,00    0,60    0,00    1,00    0,60     6  kworker/6:0-i915-unordered
23:51:20        0       113    0,00    0,20    0,00    0,00    0,20     0  kworker/0:1H-events_highpri
23:51:20        0       213    0,00    0,20    0,00    0,00    0,20     2  kworker/2:1H-kblockd
23:51:20        0       647    0,00    0,20    0,00    0,00    0,20     0  irq/130-iwlwifi
23:51:20        0       684    0,00    0,20    0,00    0,00    0,20     0  kworker/u32:8-flush-8:0
23:51:20      990       908    0,80    0,20    0,00    0,00    1,00     0  dbus-daemon
23:51:20      115       942    1,20    0,80    0,00    0,00    2,00     6  prometheus-node
23:51:20      115       943    0,20    0,00    0,00    0,00    0,20     1  prometheus
23:51:20        0      1081    0,20    0,20    0,00    0,00    0,40     5  NetworkManager
23:51:20        0      1646    0,20    0,00    0,00    0,00    0,20     6  glances
23:51:20        0      1654    0,40    0,00    0,00    0,00    0,40     2  tailscaled
23:51:20        0      1668    0,80    0,20    0,00    0,00    1,00     3  containerd
23:51:20        0      2675    0,20    0,00    0,00    0,00    0,20     5  cups-browsed
23:51:20        0      2676    0,60    0,40    0,00    0,00    1,00     2  dockerd
23:51:20      117      2677    0,40    0,40    0,00    0,00    0,80     0  grafana
23:51:20        0      3027    1,20    1,00    0,00    0,00    2,20     6  mount.ntfs-3g
23:51:20        0      3076    0,20    0,00    0,00    0,00    0,20     7  containerd-shim
23:51:20      999      3241    0,40    0,00    0,00    0,00    0,40     3  redis-server
23:51:20     1000      4211   12,20    4,00    0,00    0,00   16,20     0  gnome-shell
23:51:20     1000      4491    0,20    0,00    0,00    0,00    0,20     5  gsd-housekeepin
23:51:20     1000      4512    0,20    0,00    0,00    0,00    0,20     1  gnome-software
23:51:20     1000      4519    0,00    0,20    0,00    0,00    0,20     4  gsd-rfkill
23:51:20     1000      4525    0,20    0,00    0,00    0,00    0,20     7  gsd-sharing
23:51:20     1000      4757    0,20    0,00    0,00    0,00    0,20     0  gvfs-udisks2-vo
23:51:20     1000      5898    3,40    1,80    0,00    0,20    5,20     4  antigravity
23:51:20     1000      5952    9,00    2,20    0,00    0,00   11,20     5  antigravity
23:51:20     1000      6000    6,00    1,20    0,00    0,00    7,20     4  antigravity
23:51:20     1000      6006    0,20    0,00    0,00    0,00    0,20     7  antigravity
23:51:20     1000      6248    1,60    1,40    0,00    0,20    3,00     1  language_server
23:51:20     1000      6334    0,40    0,00    0,00    0,00    0,40     1  antigravity
23:51:20     1000      6366    1,00    0,20    0,00    0,00    1,20     0  antigravity
23:51:20     1000      6381    1,00    0,20    0,00    0,00    1,20     6  antigravity
23:51:20     1000      6409    0,20    0,20    0,00    0,00    0,40     3  antigravity
23:51:20     1000      6708    1,00    1,00    0,00    0,00    2,00     5  language_server
23:51:20     1000      7203    1,60    0,80    0,00    0,00    2,40     3  language_server
23:51:20        0      8594    0,00    0,60    0,00    0,00    0,60     6  kworker/u33:0-i915_flip
23:51:20     1000      9105    0,20    0,20    0,00    0,00    0,40     0  chrome
23:51:20     1000      9152    0,40    0,00    0,00    0,00    0,40     4  chrome
23:51:20     1000      9378    0,80    0,00    0,00    0,20    0,80     4  gnome-terminal-
23:51:20        0     14471    0,00    0,20    0,00    0,20    0,20     4  kworker/4:0-mm_percpu_wq
23:51:20        0     14495    0,20    0,00    0,00    0,00    0,20     3  kworker/3:2-mm_percpu_wq
23:51:20     1000     14532    0,20    0,40    0,00    0,00    0,60     3  pidstat
23:51:20     1000     14564   14,80    1,60    0,00    0,00   16,40     0  java

23:51:15      UID       PID  minflt/s  majflt/s     VSZ     RSS   %MEM  Command
23:51:20        0       375     20,80      0,00  163644   81780   0,50  systemd-journal
23:51:20        0       435      2,00      0,00   37432   10756   0,07  systemd-udevd
23:51:20      115       942     94,20      0,00 1614080   25792   0,16  prometheus-node
23:51:20        0      1654     18,80      0,00 1421460   99272   0,61  tailscaled
23:51:20        0      1668      5,40      0,00 2463668   70448   0,43  containerd
23:51:20        0      2676      0,40      0,00 3358484  107924   0,66  dockerd
23:51:20        0      3068     11,80      0,00 1235608   14780   0,09  containerd-shim
23:51:20        0      3075     11,80      0,00 1235608   14624   0,09  containerd-shim
23:51:20        0      3076     13,80      0,00 1235608   15096   0,09  containerd-shim
23:51:20        0      3091     12,20      0,00 1235608   15140   0,09  containerd-shim
23:51:20        0      3120     12,60      0,00 1235608   14752   0,09  containerd-shim
23:51:20     1000      4211      0,80      0,00 5033128  315544   1,94  gnome-shell
23:51:20     1000      5898     41,40      0,00 1461714124  312632   1,93  antigravity
23:51:20     1000      5952     18,40      0,00 34379556  167360   1,03  antigravity
23:51:20     1000      5963      0,80      0,00 33906396   82640   0,51  antigravity
23:51:20     1000      6000    126,00      0,00 1461391020  431420   2,66  antigravity
23:51:20     1000      6006      7,40      0,00 1459645432  277308   1,71  antigravity
23:51:20     1000      6289      0,20      0,00 33951332   64440   0,40  antigravity
23:51:20     1000      6302      3,60      0,00 1461347888  121504   0,75  antigravity
23:51:20     1000      6303      1,00      0,00 1461367164  112552   0,69  antigravity
23:51:20     1000      6334     10,60      0,00 1461342992  259020   1,60  antigravity
23:51:20     1000      6366    240,80      0,00 1461351388  386612   2,38  antigravity
23:51:20     1000      6381     22,60      0,00 1461358904  155452   0,96  antigravity
23:51:20     1000      6409      7,20      0,00 1461383736  116780   0,72  antigravity
23:51:20     1000      9105     23,00      0,00 55447012  385504   2,37  chrome
23:51:20     1000      9152      6,80      0,00 55460652  193140   1,19  chrome
23:51:20     1000      9157      5,60      0,00 54984540  132236   0,81  chrome
23:51:20     1000      9168      0,40      0,00 55021684   62848   0,39  chrome
23:51:20     1000      9642      0,20      0,00 55012336   86856   0,54  chrome
23:51:20     1000     14532      0,80      0,00    6316    5280   0,03  pidstat
23:51:20     1000     14564    267,40      0,00 6096600  338672   2,09  java

23:51:15      UID       PID   kB_rd/s   kB_wr/s kB_ccwr/s iodelay  Command
23:51:20     1000      6366      0,00      0,80      0,00       0  antigravity
23:51:20     1000      9105      0,00      8,00      0,00       0  chrome
23:51:20     1000     14532      0,00      1,77      0,00       0  pidstat
23:51:20     1000     14564      0,00      4,54      0,00       0  java

23:51:20      UID       PID    %usr %system  %guest   %wait    %CPU   CPU  Command
23:51:25        0        17    0,20    0,00    0,00    0,20    0,20     0  ksoftirqd/0
23:51:25        0        57    0,00    1,20    0,00    0,00    1,20     6  ksoftirqd/6
23:51:25        0        58    0,00    0,60    0,00    0,60    0,60     6  kworker/6:0-i915-unordered
23:51:25        0        65    0,00    0,20    0,00    0,00    0,20     7  kworker/7:0H-events_highpri
23:51:25        0        71    0,00    0,20    0,00    0,00    0,20     2  kworker/u32:5-events_unbound
23:51:25      115       943    0,00    0,20    0,00    0,00    0,20     1  prometheus
23:51:25        0      1668    0,00    0,20    0,00    0,00    0,20     3  containerd
23:51:25        0      2676    0,20    0,20    0,00    0,00    0,40     2  dockerd
23:51:25      117      2677    0,40    0,20    0,00    0,00    0,60     0  grafana
23:51:25        0      3027    1,40    0,60    0,00    0,00    2,00     4  mount.ntfs-3g
23:51:25        0      3091    0,20    0,00    0,00    0,00    0,20     3  containerd-shim
23:51:25        0      3120    0,20    0,00    0,00    0,00    0,20     4  containerd-shim
23:51:25      999      3241    0,40    0,20    0,00    0,00    0,60     3  redis-server
23:51:25     1000      4211    7,20    8,60    0,00    0,00   15,80     5  gnome-shell
23:51:25     1000      5898    3,80    1,40    0,00    0,00    5,20     0  antigravity
23:51:25     1000      5952    8,80    2,60    0,00    0,00   11,40     5  antigravity
23:51:25     1000      6000    6,40    0,60    0,00    0,00    7,00     4  antigravity
23:51:25     1000      6248    2,00    0,80    0,00    0,00    2,80     4  language_server
23:51:25     1000      6289    0,00    0,20    0,00    0,00    0,20     6  antigravity
23:51:25     1000      6334    0,80    0,00    0,00    0,00    0,80     2  antigravity
23:51:25     1000      6366    0,60    0,40    0,00    0,00    1,00     0  antigravity
23:51:25     1000      6381    0,80    0,00    0,00    0,00    0,80     3  antigravity
23:51:25     1000      6409    0,20    0,00    0,00    0,00    0,20     5  antigravity
23:51:25     1000      6708    1,40    1,00    0,00    0,00    2,40     5  language_server
23:51:25     1000      7203    1,80    1,00    0,00    0,00    2,80     3  language_server
23:51:25        0      8594    0,00    0,60    0,00    0,00    0,60     6  kworker/u33:0-i915_flip
23:51:25     1000      9105    0,20    0,00    0,00    0,00    0,20     0  chrome
23:51:25     1000      9152    0,20    0,00    0,00    0,00    0,20     2  chrome
23:51:25     1000      9378    1,00    0,00    0,00    0,00    1,00     5  gnome-terminal-
23:51:25     1000      9657    0,20    0,00    0,00    0,00    0,20     5  chrome
23:51:25     1000     14532    0,20    0,40    0,00    0,00    0,60     3  pidstat
23:51:25     1000     14564   18,80    0,20    0,00    0,00   19,00     0  java

23:51:20      UID       PID  minflt/s  majflt/s     VSZ     RSS   %MEM  Command
23:51:25        0      1654      3,00      0,00 1421460   99272   0,61  tailscaled
23:51:25      114      1776      3,60      0,00  218252   29316   0,18  postgres
23:51:25        0      3068      3,60      0,00 1235608   14908   0,09  containerd-shim
23:51:25        0      3075      9,80      0,00 1235608   14880   0,09  containerd-shim
23:51:25        0      3076      5,60      0,00 1235608   15352   0,09  containerd-shim
23:51:25        0      3091     10,60      0,00 1235608   15268   0,09  containerd-shim
23:51:25        0      3120     11,60      0,00 1235608   14880   0,09  containerd-shim
23:51:25     1000      4211      6,60      0,00 5033128  315544   1,94  gnome-shell
23:51:25     1000      5898     61,60      0,00 1461714124  312780   1,93  antigravity
23:51:25     1000      5952     27,20      0,00 34379556  167872   1,03  antigravity
23:51:25     1000      5963      1,60      0,00 33906396   82640   0,51  antigravity
23:51:25     1000      6000    143,00      0,00 1461391020  432796   2,67  antigravity
23:51:25     1000      6006     17,60      0,00 1459645432  277436   1,71  antigravity
23:51:25     1000      6289      0,40      0,00 33951332   64440   0,40  antigravity
23:51:25     1000      6302      6,00      0,00 1461347888  121504   0,75  antigravity
23:51:25     1000      6303      1,60      0,00 1461367164  112552   0,69  antigravity
23:51:25     1000      6334    113,60      0,00 1461342992  259828   1,60  antigravity
23:51:25     1000      6366    270,40      0,00 1461351388  386708   2,38  antigravity
23:51:25     1000      6381     22,60      0,00 1461358904  155580   0,96  antigravity
23:51:25     1000      6409      5,00      0,00 1461383736  116780   0,72  antigravity
23:51:25     1000      7325      0,20      0,00 1459530528   86076   0,53  antigravity
23:51:25     1000      9105      8,40      0,00 55447012  385504   2,37  chrome
23:51:25     1000      9152      3,40      0,00 55460652  193140   1,19  chrome
23:51:25     1000      9157      2,80      0,00 54984540  132236   0,81  chrome
23:51:25     1000      9168      0,20      0,00 55021684   62848   0,39  chrome
23:51:25     1000      9335      0,20      0,00 1518471656  109448   0,67  chrome
23:51:25     1000      9642      0,20      0,00 55012336   86856   0,54  chrome
23:51:25     1000     14532      0,40      0,00    6316    5280   0,03  pidstat
23:51:25     1000     14564    223,00      0,00 6096600  340764   2,10  java

23:51:20      UID       PID   kB_rd/s   kB_wr/s kB_ccwr/s iodelay  Command
23:51:25     1000      6366      0,00      0,80      0,00       0  antigravity
23:51:25     1000      9105      0,00      2,40      0,00       0  chrome
23:51:25     1000     14532      0,00      1,40      0,00       0  pidstat
23:51:25     1000     14564      0,00      3,02      0,00       0  java

23:51:25      UID       PID    %usr %system  %guest   %wait    %CPU   CPU  Command
23:51:30        0        39    0,20    0,00    0,00    0,00    0,20     3  ksoftirqd/3
23:51:30        0        57    0,00    1,00    0,00    0,00    1,00     6  ksoftirqd/6
23:51:30        0        58    0,00    0,80    0,00    0,60    0,80     6  kworker/6:0-i915-unordered
23:51:30      115       943    0,20    0,00    0,00    0,00    0,20     1  prometheus
23:51:30        0      1646    0,20    0,00    0,00    0,00    0,20     6  glances
23:51:30        0      1668    0,40    0,00    0,00    0,00    0,40     3  containerd
23:51:30        0      1783    0,00    0,20    0,00    0,00    0,20     7  apache2
23:51:30        0      2676    0,20    0,40    0,00    0,00    0,60     2  dockerd
23:51:30      117      2677    0,20    0,60    0,00    0,00    0,80     0  grafana
23:51:30        0      3027    0,60    1,20    0,00    0,00    1,80     0  mount.ntfs-3g
23:51:30        0      3068    0,20    0,20    0,00    0,00    0,40     0  containerd-shim
23:51:30        0      3075    0,00    0,20    0,00    0,00    0,20     3  containerd-shim
23:51:30        0      3076    0,20    0,00    0,00    0,00    0,20     7  containerd-shim
23:51:30        0      3120    0,00    0,20    0,00    0,00    0,20     4  containerd-shim
23:51:30      999      3241    0,60    0,00    0,00    0,20    0,60     5  redis-server
23:51:30     1000      4211    8,80    7,20    0,00    0,20   16,00     5  gnome-shell
23:51:30     1000      5898    3,80    1,40    0,00    0,00    5,20     1  antigravity
23:51:30     1000      5952    8,40    2,80    0,00    0,20   11,20     5  antigravity
23:51:30     1000      6000   17,40    1,00    0,00    0,00   18,40     3  antigravity
23:51:30     1000      6006    0,20    0,20    0,00    0,00    0,40     4  antigravity
23:51:30     1000      6248    1,20    1,80    0,00    0,00    3,00     5  language_server
23:51:30     1000      6334    0,20    0,40    0,00    0,00    0,60     7  antigravity
23:51:30     1000      6366    1,20    0,40    0,00    0,00    1,60     4  antigravity
23:51:30     1000      6381    0,60    0,00    0,00    0,00    0,60     6  antigravity
23:51:30     1000      6409    0,20    0,20    0,00    0,00    0,40     0  antigravity
23:51:30     1000      6708    1,00    1,20    0,00    0,00    2,20     5  language_server
23:51:30     1000      7203    1,60    1,20    0,00    0,00    2,80     3  language_server
23:51:30        0      8594    0,00    0,60    0,00    0,20    0,60     7  kworker/u33:0-i915_flip
23:51:30        0      8778    0,00    0,20    0,00    0,00    0,20     7  kworker/7:0-events
23:51:30     1000      9105    0,20    0,00    0,00    0,00    0,20     6  chrome
23:51:30     1000      9152    0,40    0,00    0,00    0,00    0,40     2  chrome
23:51:30     1000      9210    0,00    0,20    0,00    0,00    0,20     1  chrome
23:51:30     1000      9378    1,00    0,20    0,00    0,00    1,20     7  gnome-terminal-
23:51:30     1000      9773    0,20    0,00    0,00    0,00    0,20     1  ssh
23:51:30        0     14170    0,20    0,00    0,00    0,00    0,20     1  kworker/1:1-mm_percpu_wq
23:51:30     1000     14532    0,20    0,20    0,00    0,00    0,40     2  pidstat
23:51:30     1000     14564    5,20    0,20    0,00    0,00    5,40     0  java

23:51:25      UID       PID  minflt/s  majflt/s     VSZ     RSS   %MEM  Command
23:51:30        0      1654      3,20      0,00 1421460   99400   0,61  tailscaled
23:51:30        0      3068      1,40      0,00 1235608   14908   0,09  containerd-shim
23:51:30        0      3075      0,40      0,00 1235608   14880   0,09  containerd-shim
23:51:30        0      3076     10,80      0,00 1235608   15480   0,10  containerd-shim
23:51:30        0      3091      0,60      0,00 1235608   15268   0,09  containerd-shim
23:51:30        0      3120     10,40      0,00 1235608   15136   0,09  containerd-shim
23:51:30     1000      4211      3,20      0,00 5033128  315544   1,94  gnome-shell
23:51:30     1000      5898     33,60      0,00 1461714124  312644   1,93  antigravity
23:51:30     1000      5952     10,00      0,00 34379572  167492   1,03  antigravity
23:51:30     1000      5963      0,80      0,00 33906396   82640   0,51  antigravity
23:51:30     1000      6000    445,00      0,00 1461391020  424928   2,62  antigravity
23:51:30     1000      6006     18,40      0,00 1459645432  277820   1,71  antigravity
23:51:30     1000      6289      0,20      0,00 33951332   64440   0,40  antigravity
23:51:30     1000      6302      3,00      0,00 1461347888  121504   0,75  antigravity
23:51:30     1000      6303      1,00      0,00 1461367164  112552   0,69  antigravity
23:51:30     1000      6334     13,00      0,00 1461342992  259148   1,60  antigravity
23:51:30     1000      6366    275,80      0,00 1461351388  386836   2,38  antigravity
23:51:30     1000      6381     20,60      0,00 1461358904  155528   0,96  antigravity
23:51:30     1000      6409     11,20      0,00 1461383736  116908   0,72  antigravity
23:51:30     1000      9105     38,40      0,00 55447012  385336   2,37  chrome
23:51:30     1000      9152      3,40      0,00 55460652  193140   1,19  chrome
23:51:30     1000      9157      3,20      0,00 54984540  132236   0,81  chrome
23:51:30     1000      9168      0,20      0,00 55021684   62848   0,39  chrome
23:51:30     1000      9642      0,40      0,00 55012336   86856   0,54  chrome
23:51:30     1000     14564     26,40      0,00 6096600  335380   2,07  java

23:51:25      UID       PID   kB_rd/s   kB_wr/s kB_ccwr/s iodelay  Command
23:51:30     1000      6366      0,00      0,80      0,00       0  antigravity
23:51:30     1000      9105      0,00     36,80      0,00       0  chrome
23:51:30     1000     14532      0,00      1,14      0,00       0  pidstat
23:51:30     1000     14564      0,00      4,60      0,00       0  java

23:51:30      UID       PID    %usr %system  %guest   %wait    %CPU   CPU  Command
23:51:35        0         1    0,20    0,00    0,00    0,00    0,20     4  systemd
23:51:35        0        57    0,00    1,20    0,00    0,00    1,20     6  ksoftirqd/6
23:51:35        0        58    0,00    0,60    0,00    0,80    0,60     6  kworker/6:0-i915-unordered
23:51:35        0        86    0,00    0,20    0,00    0,00    0,20     1  irq/9-acpi
23:51:35      990       908    0,80    0,20    0,00    0,00    1,00     2  dbus-daemon
23:51:35      115       942    1,60    0,60    0,00    0,00    2,20     6  prometheus-node
23:51:35      115       943    0,20    0,00    0,00    0,00    0,20     1  prometheus
23:51:35        0      1646    0,20    0,00    0,00    0,00    0,20     6  glances
23:51:35        0      1654    0,40    0,20    0,00    0,00    0,60     5  tailscaled
23:51:35        0      1668    0,40    0,20    0,00    0,00    0,60     3  containerd
23:51:35      111      1761    0,20    0,00    0,00    0,00    0,20     6  mariadbd
23:51:35        0      2676    0,60    0,20    0,00    0,00    0,80     2  dockerd
23:51:35      117      2677    0,20    0,60    0,00    0,00    0,80     0  grafana
23:51:35        0      3027    1,20    1,00    0,00    0,00    2,20     2  mount.ntfs-3g
23:51:35        0      3075    0,20    0,00    0,00    0,00    0,20     3  containerd-shim
23:51:35        0      3091    0,20    0,00    0,00    0,00    0,20     3  containerd-shim
23:51:35        0      3120    0,20    0,00    0,00    0,00    0,20     4  containerd-shim
23:51:35      999      3241    0,20    0,00    0,00    0,00    0,20     5  redis-server
23:51:35     1000      4211    6,00   10,40    0,00    0,00   16,40     0  gnome-shell
23:51:35     1000      5164    0,20    0,00    0,00    0,00    0,20     0  xdg-desktop-por
23:51:35     1000      5898    3,80    1,60    0,00    0,00    5,40     4  antigravity
23:51:35     1000      5952    9,20    2,20    0,00    0,00   11,40     3  antigravity
23:51:35     1000      6000    7,00    0,40    0,00    0,00    7,40     2  antigravity
23:51:35     1000      6248    1,80    1,20    0,00    0,00    3,00     5  language_server
23:51:35     1000      6334    0,40    0,20    0,00    0,00    0,60     7  antigravity
23:51:35     1000      6366    1,00    0,20    0,00    0,00    1,20     3  antigravity
23:51:35     1000      6381    0,60    0,20    0,00    0,00    0,80     4  antigravity
23:51:35     1000      6409    0,20    0,20    0,00    0,00    0,40     4  antigravity
23:51:35     1000      6708    1,40    1,00    0,00    0,00    2,40     5  language_server
23:51:35     1000      7203    1,40    1,20    0,00    0,00    2,60     3  language_server
23:51:35        0      8594    0,00    0,80    0,00    0,00    0,80     6  kworker/u33:0-i915_flip
23:51:35     1000      9105    0,20    0,00    0,00    0,00    0,20     0  chrome
23:51:35     1000      9152    0,20    0,20    0,00    0,00    0,40     2  chrome
23:51:35     1000      9202    0,20    0,00    0,00    0,00    0,20     3  chrome
23:51:35     1000      9335    0,20    0,00    0,00    0,00    0,20     1  chrome
23:51:35     1000      9378    1,00    0,00    0,00    0,00    1,00     4  gnome-terminal-
23:51:35     1000     14532    0,20    0,40    0,00    0,00    0,60     7  pidstat
23:51:35     1000     14564    7,00    0,60    0,00    0,00    7,60     0  java

23:51:30      UID       PID  minflt/s  majflt/s     VSZ     RSS   %MEM  Command
23:51:35      115       942     71,60      0,00 1614080   25700   0,16  prometheus-node
23:51:35        0      1654     19,20      0,00 1421460   99784   0,61  tailscaled
23:51:35        0      3068      7,60      0,00 1235608   15036   0,09  containerd-shim
23:51:35        0      3075      2,00      0,00 1235608   15008   0,09  containerd-shim
23:51:35        0      3076      3,80      0,00 1235608   15048   0,09  containerd-shim
23:51:35        0      3091      0,20      0,00 1235608   15268   0,09  containerd-shim
23:51:35        0      3120      4,00      0,00 1235608   14968   0,09  containerd-shim
23:51:35     1000      4211      8,80      0,00 5033128  315544   1,94  gnome-shell
23:51:35     1000      5898     33,20      0,00 1461714124  312664   1,93  antigravity
23:51:35     1000      5952     26,60      0,00 34380524  167748   1,03  antigravity
23:51:35     1000      5963      0,80      0,00 33906396   82640   0,51  antigravity
23:51:35     1000      6000    138,40      0,00 1461391980  425444   2,62  antigravity
23:51:35     1000      6006     17,40      0,00 1459645432  278204   1,71  antigravity
23:51:35     1000      6289      0,20      0,00 33951332   64440   0,40  antigravity
23:51:35     1000      6302      3,20      0,00 1461347888  121504   0,75  antigravity
23:51:35     1000      6303      1,00      0,00 1461367164  112552   0,69  antigravity
23:51:35     1000      6334     68,80      0,00 1461342992  259352   1,60  antigravity
23:51:35     1000      6366    307,00      0,00 1461351388  386508   2,38  antigravity
23:51:35     1000      6381     25,40      0,00 1461358904  155608   0,96  antigravity
23:51:35     1000      6409    150,00      0,00 1461383736  117164   0,72  antigravity
23:51:35     1000      9105     11,80      0,00 55447012  385464   2,37  chrome
23:51:35     1000      9152      3,40      0,00 55460652  193140   1,19  chrome
23:51:35     1000      9157      3,40      0,00 54984540  132236   0,81  chrome
23:51:35     1000      9168      0,20      0,00 55021684   62848   0,39  chrome
23:51:35     1000      9642      0,40      0,00 55012336   86856   0,54  chrome
23:51:35     1000      9657      0,00      0,00 1518552488  329180   2,03  chrome
23:51:35     1000     14564      7,20      0,00 6096600  335380   2,07  java

23:51:30      UID       PID   kB_rd/s   kB_wr/s kB_ccwr/s iodelay  Command
23:51:35     1000      6366      0,00      0,80      0,00       0  antigravity
23:51:35     1000      9105      0,00      1,60      0,00       0  chrome
23:51:35     1000     14532      0,00      1,15      0,00       0  pidstat
23:51:35     1000     14564      0,00      6,05      0,00       0  java

23:51:35      UID       PID    %usr %system  %guest   %wait    %CPU   CPU  Command
23:51:40        0        18    0,00    0,20    0,00    0,00    0,20     3  rcu_preempt
23:51:40        0        27    0,20    0,00    0,00    0,00    0,20     1  ksoftirqd/1
23:51:40        0        57    0,00    1,00    0,00    0,20    1,00     6  ksoftirqd/6
23:51:40        0        58    0,00    0,60    0,00    0,40    0,60     6  kworker/6:0-i915-unordered
23:51:40        0       175    0,00    0,20    0,00    0,00    0,20     6  kworker/6:1H-events_highpri
23:51:40        0      1646    0,20    0,00    0,00    0,00    0,20     6  glances
23:51:40        0      1654    0,20    0,00    0,00    0,00    0,20     3  tailscaled
23:51:40        0      1668    0,20    0,20    0,00    0,00    0,40     3  containerd
23:51:40        0      2676    0,20    0,20    0,00    0,00    0,40     2  dockerd
23:51:40      117      2677    0,40    0,40    0,00    0,00    0,80     5  grafana
23:51:40        0      3027    1,40    0,80    0,00    0,00    2,20     6  mount.ntfs-3g
23:51:40        0      3068    0,00    0,20    0,00    0,00    0,20     0  containerd-shim
23:51:40        0      3075    0,00    0,20    0,00    0,00    0,20     3  containerd-shim
23:51:40        0      3076    0,20    0,20    0,00    0,00    0,40     7  containerd-shim
23:51:40        0      3091    0,00    0,20    0,00    0,00    0,20     3  containerd-shim
23:51:40        0      3120    0,20    0,00    0,00    0,00    0,20     4  containerd-shim
23:51:40      999      3241    0,40    0,20    0,00    0,00    0,60     5  redis-server
23:51:40     1000      4211    7,00    8,60    0,00    0,00   15,60     0  gnome-shell
23:51:40     1000      5898    3,60    1,60    0,00    0,20    5,20     2  antigravity
23:51:40     1000      5952    8,20    2,80    0,00    0,00   11,00     7  antigravity
23:51:40     1000      6000    6,40    0,80    0,00    0,00    7,20     3  antigravity
23:51:40     1000      6006    0,20    0,00    0,00    0,00    0,20     4  antigravity
23:51:40     1000      6248    1,60    1,20    0,00    0,00    2,80     5  language_server
23:51:40     1000      6334    0,20    0,20    0,00    0,00    0,40     3  antigravity
23:51:40     1000      6366    1,20    0,20    0,00    0,00    1,40     2  antigravity
23:51:40     1000      6381    0,80    0,00    0,00    0,00    0,80     2  antigravity
23:51:40     1000      6409    0,00    0,20    0,00    0,00    0,20     3  antigravity
23:51:40     1000      6708    1,20    1,00    0,00    0,00    2,20     5  language_server
23:51:40     1000      7203    1,40    1,20    0,00    0,00    2,60     3  language_server
23:51:40        0      8594    0,00    0,60    0,00    0,00    0,60     2  kworker/u33:0-i915_flip
23:51:40     1000      9105    0,20    0,40    0,00    0,00    0,60     2  chrome
23:51:40     1000      9152    0,20    0,00    0,00    0,00    0,20     2  chrome
23:51:40     1000      9157    0,20    0,00    0,00    0,00    0,20     7  chrome
23:51:40     1000      9378    1,20    0,00    0,00    0,00    1,20     1  gnome-terminal-
23:51:40     1000      9657    0,20    0,00    0,00    0,00    0,20     3  chrome
23:51:40     1000     10899    0,20    0,00    0,00    0,00    0,20     3  antigravity
23:51:40     1000     14532    0,00    0,60    0,00    0,00    0,60     1  pidstat
23:51:40     1000     14564    3,80    0,40    0,00    0,00    4,20     0  java

23:51:35      UID       PID  minflt/s  majflt/s     VSZ     RSS   %MEM  Command
23:51:40        0      3068      4,00      0,00 1235608   14700   0,09  containerd-shim
23:51:40        0      3075      5,00      0,00 1235608   14468   0,09  containerd-shim
23:51:40        0      3076      5,20      0,00 1235608   15048   0,09  containerd-shim
23:51:40        0      3091      4,40      0,00 1235608   14924   0,09  containerd-shim
23:51:40        0      3120      4,80      0,00 1235608   14464   0,09  containerd-shim
23:51:40     1000      4211      1,80      0,00 5033200  315544   1,94  gnome-shell
23:51:40     1000      5898     40,80      0,00 1461714124  312616   1,93  antigravity
23:51:40     1000      5952      5,60      0,00 34379564  167748   1,03  antigravity
23:51:40     1000      5963      0,80      0,00 33906396   82640   0,51  antigravity
23:51:40     1000      6000    153,60      0,00 1461391020  426580   2,63  antigravity
23:51:40     1000      6006     17,60      0,00 1459645432  278460   1,72  antigravity
23:51:40     1000      6289      0,20      0,00 33951332   64440   0,40  antigravity
23:51:40     1000      6302      3,40      0,00 1461347888  121504   0,75  antigravity
23:51:40     1000      6303      0,80      0,00 1461367164  112552   0,69  antigravity
23:51:40     1000      6334     11,20      0,00 1461342992  259352   1,60  antigravity
23:51:40     1000      6366    374,00      0,00 1461351388  386928   2,38  antigravity
23:51:40     1000      6381     20,80      0,00 1461358904  155796   0,96  antigravity
23:51:40     1000      6409     93,40      0,00 1461383736  117164   0,72  antigravity
23:51:40     1000      9105     89,40      0,00 55447012  385304   2,37  chrome
23:51:40     1000      9152      6,80      0,00 55460652  193140   1,19  chrome
23:51:40     1000      9157      7,20      0,00 54984540  132236   0,81  chrome
23:51:40     1000      9168      0,40      0,00 55021684   62848   0,39  chrome
23:51:40     1000      9642      0,80      0,00 55012336   86856   0,54  chrome
23:51:40     1000      9657     78,60      0,00 1520518568  330460   2,04  chrome
23:51:40     1000     10899      0,80      0,00 1459576016  117132   0,72  antigravity
23:51:40     1000     14564      8,40      0,00 6096600  335356   2,07  java

23:51:35      UID       PID   kB_rd/s   kB_wr/s kB_ccwr/s iodelay  Command
23:51:40     1000      6366      0,00      0,80      0,00       0  antigravity
23:51:40     1000      9105      0,00     23,20      0,00       0  chrome
23:51:40     1000      9157      0,80      0,80      0,80       0  chrome
23:51:40     1000     14532      0,00      1,20      0,00       0  pidstat
23:51:40     1000     14564      0,00      3,22      0,00       0  java

Rata-rata:    UID       PID    %usr %system  %guest   %wait    %CPU   CPU  Command
Rata-rata:      0         1    0,07    0,05    0,00    0,00    0,12     -  systemd
Rata-rata:      0        17    0,01    0,00    0,00    0,01    0,01     -  ksoftirqd/0
Rata-rata:      0        18    0,00    0,05    0,00    0,02    0,05     -  rcu_preempt
Rata-rata:      0        27    0,02    0,00    0,00    0,00    0,02     -  ksoftirqd/1
Rata-rata:      0        33    0,01    0,00    0,00    0,01    0,01     -  ksoftirqd/2
Rata-rata:      0        39    0,02    0,00    0,00    0,01    0,02     -  ksoftirqd/3
Rata-rata:      0        57    0,00    1,08    0,00    0,04    1,08     -  ksoftirqd/6
Rata-rata:      0        58    0,00    0,63    0,00    0,80    0,63     -  kworker/6:0-i915-unordered
Rata-rata:      0        63    0,01    0,00    0,00    0,00    0,01     -  ksoftirqd/7
Rata-rata:      0        65    0,00    0,04    0,00    0,01    0,04     -  kworker/7:0H-events_highpri
Rata-rata:      0        67    0,00    0,03    0,00    0,00    0,03     -  kworker/u32:1-flush-8:0
Rata-rata:      0        71    0,00    0,03    0,00    0,00    0,03     -  kworker/u32:5-events_unbound
Rata-rata:      0        82    0,00    0,03    0,00    0,00    0,03     -  khugepaged
Rata-rata:      0        86    0,00    0,05    0,00    0,00    0,05     -  irq/9-acpi
Rata-rata:      0        95    0,00    0,01    0,00    0,00    0,01     -  kworker/4:1H-kblockd
Rata-rata:      0       106    0,00    0,01    0,00    0,01    0,01     -  kworker/5:1-mm_percpu_wq
Rata-rata:      0       113    0,00    0,02    0,00    0,01    0,02     -  kworker/0:1H-events_highpri
Rata-rata:      0       175    0,00    0,04    0,00    0,01    0,04     -  kworker/6:1H-events_highpri
Rata-rata:      0       213    0,00    0,01    0,00    0,01    0,01     -  kworker/2:1H-events_highpri
Rata-rata:      0       214    0,00    0,01    0,00    0,00    0,01     -  kworker/1:1H-events_highpri
Rata-rata:      0       227    0,00    0,01    0,00    0,01    0,01     -  kworker/5:1H-events_highpri
Rata-rata:      0       375    0,00    0,01    0,00    0,01    0,01     -  systemd-journal
Rata-rata:      0       435    0,02    0,01    0,00    0,02    0,03     -  systemd-udevd
Rata-rata:      0       647    0,00    0,03    0,00    0,00    0,03     -  irq/130-iwlwifi
Rata-rata:      0       684    0,00    0,01    0,00    0,00    0,01     -  kworker/u32:8-flush-8:0
Rata-rata:    990       908    0,30    0,04    0,00    0,00    0,34     -  dbus-daemon
Rata-rata:    986       934    0,01    0,01    0,00    0,00    0,02     -  polkitd
Rata-rata:    115       942    0,44    0,19    0,00    0,00    0,63     -  prometheus-node
Rata-rata:    115       943    0,14    0,03    0,00    0,00    0,16     -  prometheus
Rata-rata:      0       955    0,00    0,01    0,00    0,00    0,01     -  udisksd
Rata-rata:      0      1081    0,01    0,03    0,00    0,01    0,04     -  NetworkManager
Rata-rata:      0      1646    0,14    0,02    0,00    0,00    0,15     -  glances
Rata-rata:      0      1654    0,15    0,07    0,00    0,01    0,22     -  tailscaled
Rata-rata:      0      1668    0,38    0,11    0,00    0,00    0,49     -  containerd
Rata-rata:      0      1673    0,02    0,01    0,00    0,00    0,03     -  anydesk
Rata-rata:    111      1761    0,01    0,01    0,00    0,00    0,02     -  mariadbd
Rata-rata:      0      1783    0,00    0,01    0,00    0,00    0,01     -  apache2
Rata-rata:      0      2675    0,01    0,00    0,00    0,00    0,01     -  cups-browsed
Rata-rata:      0      2676    0,41    0,23    0,00    0,00    0,64     -  dockerd
Rata-rata:    117      2677    0,52    0,33    0,00    0,00    0,85     -  grafana
Rata-rata:      0      3027    0,76    0,56    0,00    0,01    1,33     -  mount.ntfs-3g
Rata-rata:      0      3068    0,06    0,06    0,00    0,00    0,13     -  containerd-shim
Rata-rata:      0      3075    0,06    0,06    0,00    0,00    0,13     -  containerd-shim
Rata-rata:      0      3076    0,06    0,06    0,00    0,00    0,13     -  containerd-shim
Rata-rata:      0      3091    0,07    0,05    0,00    0,00    0,13     -  containerd-shim
Rata-rata:      0      3120    0,08    0,05    0,00    0,00    0,14     -  containerd-shim
Rata-rata:    999      3241    0,40    0,06    0,00    0,01    0,46     -  redis-server
Rata-rata:    117      3639    0,01    0,00    0,00    0,00    0,01     -  gpx_grafana_ela
Rata-rata:   1000      3918    0,03    0,00    0,00    0,00    0,03     -  systemd
Rata-rata:   1000      4002    0,01    0,00    0,00    0,00    0,01     -  dbus-daemon
Rata-rata:   1000      4003    0,02    0,01    0,00    0,00    0,03     -  pipewire
Rata-rata:   1000      4006    0,02    0,00    0,00    0,00    0,02     -  wireplumber
Rata-rata:   1000      4009    0,00    0,01    0,00    0,00    0,01     -  pipewire-pulse
Rata-rata:   1000      4211    8,74    7,51    0,00    0,05   16,25     -  gnome-shell
Rata-rata:   1000      4491    0,02    0,01    0,00    0,01    0,03     -  gsd-housekeepin
Rata-rata:   1000      4512    0,01    0,00    0,00    0,00    0,01     -  gnome-software
Rata-rata:   1000      4519    0,00    0,01    0,00    0,00    0,01     -  gsd-rfkill
Rata-rata:   1000      4525    0,02    0,01    0,00    0,00    0,03     -  gsd-sharing
Rata-rata:   1000      4546    0,01    0,00    0,00    0,00    0,01     -  anydesk
Rata-rata:   1000      4757    0,01    0,01    0,00    0,00    0,02     -  gvfs-udisks2-vo
Rata-rata:   1000      4932    0,01    0,01    0,00    0,00    0,02     -  localsearch-3
Rata-rata:   1000      4941    0,00    0,01    0,00    0,01    0,01     -  xdg-desktop-por
Rata-rata:   1000      5164    0,01    0,00    0,00    0,00    0,01     -  xdg-desktop-por
Rata-rata:      0      5233    0,01    0,01    0,00    0,00    0,02     -  fwupd
Rata-rata:      0      5289    0,00    0,02    0,00    0,01    0,02     -  kworker/u32:11-kvfree_rcu_reclaim
Rata-rata:   1000      5898    3,68    1,74    0,00    0,06    5,42     -  antigravity
Rata-rata:   1000      5952    8,89    2,47    0,00    0,05   11,36     -  antigravity
Rata-rata:   1000      5963    0,01    0,00    0,00    0,00    0,01     -  antigravity
Rata-rata:   1000      6000    8,52    0,70    0,00    0,04    9,22     -  antigravity
Rata-rata:   1000      6006    0,19    0,04    0,00    0,00    0,23     -  antigravity
Rata-rata:   1000      6248    1,69    1,40    0,00    0,05    3,09     -  language_server
Rata-rata:   1000      6289    0,00    0,01    0,00    0,00    0,01     -  antigravity
Rata-rata:   1000      6302    0,02    0,00    0,00    0,00    0,02     -  antigravity
Rata-rata:   1000      6303    0,03    0,01    0,00    0,00    0,04     -  antigravity
Rata-rata:   1000      6334    0,42    0,15    0,00    0,01    0,57     -  antigravity
Rata-rata:   1000      6366    1,51    0,29    0,00    0,05    1,80     -  antigravity
Rata-rata:   1000      6381    0,83    0,08    0,00    0,01    0,91     -  antigravity
Rata-rata:   1000      6409    0,22    0,16    0,00    0,01    0,38     -  antigravity
Rata-rata:   1000      6708    1,42    1,02    0,00    0,00    2,44     -  language_server
Rata-rata:   1000      7203    1,62    1,19    0,00    0,00    2,81     -  language_server
Rata-rata:      0      8594    0,00    0,65    0,00    0,05    0,65     -  kworker/u33:0-i915_flip
Rata-rata:      0      8778    0,00    0,02    0,00    0,00    0,02     -  kworker/7:0-mm_percpu_wq
Rata-rata:   1000      9105    0,16    0,07    0,00    0,02    0,24     -  chrome
Rata-rata:   1000      9152    0,24    0,08    0,00    0,00    0,32     -  chrome
Rata-rata:   1000      9157    0,03    0,02    0,00    0,00    0,05     -  chrome
Rata-rata:   1000      9168    0,02    0,00    0,00    0,01    0,02     -  chrome
Rata-rata:   1000      9202    0,02    0,00    0,00    0,01    0,02     -  chrome
Rata-rata:   1000      9210    0,01    0,02    0,00    0,01    0,03     -  chrome
Rata-rata:   1000      9335    0,01    0,02    0,00    0,00    0,03     -  chrome
Rata-rata:   1000      9378    0,96    0,03    0,00    0,01    0,99     -  gnome-terminal-
Rata-rata:   1000      9642    0,01    0,01    0,00    0,00    0,02     -  chrome
Rata-rata:   1000      9657    0,06    0,01    0,00    0,01    0,07     -  chrome
Rata-rata:   1000      9668    0,01    0,01    0,00    0,00    0,02     -  chrome
Rata-rata:   1000      9773    0,02    0,01    0,00    0,00    0,03     -  ssh
Rata-rata:   1000     10899    0,05    0,01    0,00    0,00    0,05     -  antigravity
Rata-rata:      0     12697    0,02    0,00    0,00    0,00    0,02     -  kworker/2:1-events
Rata-rata:      0     13650    0,02    0,01    0,00    0,02    0,03     -  kworker/0:1-mm_percpu_wq
Rata-rata:      0     14170    0,02    0,00    0,00    0,02    0,02     -  kworker/1:1-events
Rata-rata:      0     14471    0,01    0,01    0,00    0,02    0,02     -  kworker/4:0-events
Rata-rata:      0     14495    0,02    0,00    0,00    0,02    0,02     -  kworker/3:2-mm_percpu_wq
Rata-rata:   1000     14532    0,19    0,34    0,00    0,00    0,53     -  pidstat
Rata-rata:   1000     14564   16,70    0,85    0,00    0,00   17,55     -  java

Rata-rata:    UID       PID  minflt/s  majflt/s     VSZ     RSS   %MEM  Command
Rata-rata:      0         1      0,01      0,00   24704   14840   0,09  systemd
Rata-rata:      0       375      4,24      0,00  163644   81757   0,50  systemd-journal
Rata-rata:      0       435      8,15      0,00   37432   10756   0,07  systemd-udevd
Rata-rata:    115       942     24,01      0,00 1614080   25568   0,16  prometheus-node
Rata-rata:    115       943      0,04      0,00 2610260  110654   0,68  prometheus
Rata-rata:      0      1654      2,68      0,00 1421460   99033   0,61  tailscaled
Rata-rata:      0      1668      2,35      0,00 2463668   70508   0,43  containerd
Rata-rata:    114      1776      0,84      0,00  218252   29316   0,18  postgres
Rata-rata:      0      2676      0,04      0,00 3358484  107883   0,66  dockerd
Rata-rata:    117      2677      0,22      0,00 1765451  336588   2,07  grafana
Rata-rata:      0      3068      7,02      0,00 1235608   14853   0,09  containerd-shim
Rata-rata:      0      3075      6,71      0,00 1235608   14691   0,09  containerd-shim
Rata-rata:      0      3076      6,52      0,00 1235608   14926   0,09  containerd-shim
Rata-rata:      0      3091      6,74      0,00 1235608   15157   0,09  containerd-shim
Rata-rata:      0      3120      7,27      0,00 1235608   14864   0,09  containerd-shim
Rata-rata:     70      3230      0,45      0,00  174540   25788   0,16  postgres
Rata-rata:   1000      4003      1,65      0,00  103934   13660   0,08  pipewire
Rata-rata:   1000      4006      0,01      0,00  718576   27111   0,17  wireplumber
Rata-rata:   1000      4009      1,74      0,00  171976   15341   0,09  pipewire-pulse
Rata-rata:   1000      4211      5,52      0,00 5032784  315544   1,94  gnome-shell
Rata-rata:   1000      4757      0,01      0,00  538932   12024   0,07  gvfs-udisks2-vo
Rata-rata:   1000      4941      0,01      0,00  704604   20144   0,12  xdg-desktop-por
Rata-rata:   1000      4961      0,01      0,00  614696    7092   0,04  xdg-document-po
Rata-rata:   1000      5898     46,20      0,00 1461714124  312714   1,93  antigravity
Rata-rata:   1000      5952     16,65      0,00 34376853  167558   1,03  antigravity
Rata-rata:   1000      5963      1,15      0,00 33906396   82640   0,51  antigravity
Rata-rata:   1000      6000    166,62      0,00 1461390121  426676   2,63  antigravity
Rata-rata:   1000      6006     26,73      0,00 1459645415  276197   1,70  antigravity
Rata-rata:   1000      6077      0,29      0,00 1459609232  168696   1,04  antigravity
Rata-rata:   1000      6248      3,38      0,00 5510764  513887   3,17  language_server
Rata-rata:   1000      6289      0,25      0,00 33951332   64440   0,40  antigravity
Rata-rata:   1000      6302      4,31      0,00 1461347888  121504   0,75  antigravity
Rata-rata:   1000      6303      1,17      0,00 1461367164  112552   0,69  antigravity
Rata-rata:   1000      6334     21,53      0,00 1461342992  259205   1,60  antigravity
Rata-rata:   1000      6366    273,50      0,00 1461351388  382608   2,36  antigravity
Rata-rata:   1000      6381     15,80      0,00 1461358904  155377   0,96  antigravity
Rata-rata:   1000      6409     66,68      0,00 1461383736  116331   0,72  antigravity
Rata-rata:   1000      6708      0,01      0,00 4256016  478736   2,95  language_server
Rata-rata:   1000      7325      0,04      0,00 1459530528   86076   0,53  antigravity
Rata-rata:   1000      9105     16,53      0,00 55447012  385513   2,37  chrome
Rata-rata:   1000      9113      0,02      0,00 54552036    4336   0,03  chrome_crashpad
Rata-rata:   1000      9152      4,33      0,00 55460652  193140   1,19  chrome
Rata-rata:   1000      9157      9,26      0,00 54984540  132257   0,81  chrome
Rata-rata:   1000      9168      0,26      0,00 55021684   62848   0,39  chrome
Rata-rata:   1000      9202      0,01      0,00 1518493880  150988   0,93  chrome
Rata-rata:   1000      9335      0,01      0,00 1518471656  109448   0,67  chrome
Rata-rata:   1000      9642      0,29      0,00 55012336   86856   0,54  chrome
Rata-rata:   1000      9657     19,74      0,00 1518909957  331021   2,04  chrome
Rata-rata:   1000     10899      0,04      0,00 1459576016  117132   0,72  antigravity
Rata-rata:   1000     10937      0,63      0,00    7664    3776   0,02  run_all_tests.s
Rata-rata:   1000     14532      0,50      0,00    6286    5280   0,03  pidstat
Rata-rata:   1000     14533      0,19      0,00    2676    1496   0,01  jmeter
Rata-rata:   1000     14564    473,10      0,00 6096507  295043   1,82  java

Rata-rata:    UID       PID   kB_rd/s   kB_wr/s kB_ccwr/s iodelay  Command
Rata-rata:   1000      4006      0,00      0,04      0,00       0  wireplumber
Rata-rata:   1000      4211      0,00      3,27      0,00       0  gnome-shell
Rata-rata:   1000      5898      0,00      1,27      0,00       0  antigravity
Rata-rata:   1000      5963      0,00      0,15      0,00       0  antigravity
Rata-rata:   1000      6366      0,00      0,44      0,00       0  antigravity
Rata-rata:   1000      9105      0,00      5,93      0,00       0  chrome
Rata-rata:   1000      9157      0,04     11,34      0,04       0  chrome
Rata-rata:   1000     10937      0,00      8,45      3,27       0  run_all_tests.s
Rata-rata:   1000     14532      0,00      1,18      0,00       0  pidstat
Rata-rata:   1000     14564      0,00      3,62      0,00       0  java
