Linux 6.12.96+deb13-amd64 (debian) 	29/07/26 	_x86_64_	(8 CPU)

23:47:21      UID       PID    %usr %system  %guest   %wait    %CPU   CPU  Command
23:47:26        0        18    0,00    0,20    0,00    0,40    0,20     0  rcu_preempt
23:47:26        0        57    0,00    0,99    0,00    0,20    0,99     6  ksoftirqd/6
23:47:26        0        58    0,00    0,80    0,00    1,99    0,80     6  kworker/6:0-i915-unordered
23:47:26        0       375    0,00    0,20    0,00    0,00    0,20     7  systemd-journal
23:47:26      115       943    0,20    0,00    0,00    0,00    0,20     1  prometheus
23:47:26        0      1646    0,20    0,00    0,00    0,00    0,20     6  glances
23:47:26        0      1654    0,20    0,00    0,00    0,00    0,20     4  tailscaled
23:47:26        0      1668    0,40    0,20    0,00    0,00    0,60     3  containerd
23:47:26        0      2676    0,40    0,20    0,00    0,00    0,60     1  dockerd
23:47:26      117      2677    0,40    0,20    0,00    0,00    0,60     2  grafana
23:47:26        0      3027    0,20    0,20    0,00    0,20    0,40     3  mount.ntfs-3g
23:47:26        0      3076    0,20    0,00    0,00    0,00    0,20     7  containerd-shim
23:47:26      999      3241    0,40    0,00    0,00    0,00    0,40     4  redis-server
23:47:26     1000      4211   10,93   10,74    0,00    0,60   21,67     1  gnome-shell
23:47:26     1000      4481    0,20    0,00    0,00    0,00    0,20     3  ibus-daemon
23:47:26     1000      5898    3,98    1,79    0,00    0,60    5,77     2  antigravity
23:47:26     1000      5952   10,74    2,78    0,00    0,40   13,52     6  antigravity
23:47:26     1000      6000   28,43    0,99    0,00    0,80   29,42     0  antigravity
23:47:26     1000      6006    0,20    0,00    0,00    0,00    0,20     2  antigravity
23:47:26     1000      6248    1,39    1,39    0,00    0,00    2,78     4  language_server
23:47:26     1000      6303    0,20    0,00    0,00    0,00    0,20     6  antigravity
23:47:26     1000      6334    0,40    0,00    0,00    0,00    0,40     3  antigravity
23:47:26     1000      6366    1,39    0,20    0,00    0,00    1,59     1  antigravity
23:47:26     1000      6381    3,38    0,20    0,00    0,00    3,58     0  antigravity
23:47:26     1000      6409    0,40    0,40    0,00    0,00    0,80     1  antigravity
23:47:26     1000      6708    1,39    0,80    0,00    0,00    2,19     5  language_server
23:47:26     1000      7203    1,59    1,19    0,00    0,00    2,78     3  language_server
23:47:26        0      8594    0,00    0,60    0,00    0,20    0,60     6  kworker/u33:0-i915_flip
23:47:26     1000      9105    0,20    0,00    0,00    0,00    0,20     5  chrome
23:47:26     1000      9152    0,20    0,00    0,00    0,00    0,20     1  chrome
23:47:26     1000      9210    1,79    0,00    0,00    0,80    1,79     3  chrome
23:47:26     1000      9378    1,19    0,00    0,00    0,00    1,19     3  gnome-terminal-
23:47:26     1000      9773    0,20    0,00    0,00    0,00    0,20     5  ssh
23:47:26     1000     10899    0,20    0,00    0,00    0,00    0,20     0  antigravity
23:47:26     1000     13707    0,00    0,40    0,00    0,00    0,40     7  pidstat
23:47:26     1000     13739  113,92    4,17    0,00    0,00  118,09     2  java

23:47:21      UID       PID  minflt/s  majflt/s     VSZ     RSS   %MEM  Command
23:47:26        0       375     30,42      0,20  163644   80624   0,50  systemd-journal
23:47:26        0      1668     18,69      0,00 2463668   69716   0,43  containerd
23:47:26        0      3068     12,13      0,00 1235608   15032   0,09  containerd-shim
23:47:26        0      3075     10,34      0,00 1235608   14804   0,09  containerd-shim
23:47:26        0      3076      3,38      0,00 1235608   14908   0,09  containerd-shim
23:47:26        0      3091     11,53      0,00 1235608   15804   0,10  containerd-shim
23:47:26        0      3120      5,57      0,00 1235608   14752   0,09  containerd-shim
23:47:26     1000      4211     36,78      0,00 5051316  316152   1,95  gnome-shell
23:47:26     1000      5898     39,36      0,00 1461714124  312824   1,93  antigravity
23:47:26     1000      5952     45,73      0,00 34385900  167724   1,03  antigravity
23:47:26     1000      5963      0,80      0,00 33906396   82640   0,51  antigravity
23:47:26     1000      6000    555,07      0,00 1461388716  407796   2,51  antigravity
23:47:26     1000      6006     15,71      0,00 1459645432  273460   1,68  antigravity
23:47:26     1000      6289      0,20      0,00 33951332   64440   0,40  antigravity
23:47:26     1000      6302      6,36      0,00 1461347888  121376   0,75  antigravity
23:47:26     1000      6303      1,39      0,00 1461367164  112552   0,69  antigravity
23:47:26     1000      6334     15,11      0,00 1461342992  260452   1,60  antigravity
23:47:26     1000      6366    139,76      0,00 1461351388  307856   1,90  antigravity
23:47:26     1000      6381     13,32      0,00 1461358904  155048   0,96  antigravity
23:47:26     1000      6409    150,30      0,00 1461383736  123652   0,76  antigravity
23:47:26     1000      7325      0,40      0,00 1459530528   86076   0,53  antigravity
23:47:26     1000      9105      5,57      0,00 55447012  385312   2,37  chrome
23:47:26     1000      9152      3,38      0,00 55460652  193140   1,19  chrome
23:47:26     1000      9157      2,78      0,00 54984540  132092   0,81  chrome
23:47:26     1000      9168      0,20      0,00 55021684   62848   0,39  chrome
23:47:26     1000      9210    141,75      0,00 1520503372  187940   1,16  chrome
23:47:26     1000      9642      0,20      0,00 55012336   86728   0,53  chrome
23:47:26     1000      9657      0,00      0,00 1520518568  331164   2,04  chrome
23:47:26     1000     13707      1,59      0,00    6184    5148   0,03  pidstat
23:47:26     1000     13708      4,17      0,00    2676    1640   0,01  jmeter
23:47:26     1000     13739   5827,04      0,00 6044172  227188   1,40  java

23:47:21      UID       PID   kB_rd/s   kB_wr/s kB_ccwr/s iodelay  Command
23:47:26     1000      9105      0,00      1,59      0,00       0  chrome
23:47:26     1000     13739      0,00      2,27      0,00       0  java

23:47:26      UID       PID    %usr %system  %guest   %wait    %CPU   CPU  Command
23:47:31        0        57    0,00    0,40    0,00    0,00    0,40     6  ksoftirqd/6
23:47:31        0        58    0,00    0,60    0,00    0,60    0,60     6  kworker/6:0-i915-unordered
23:47:31        0      1646    0,20    0,00    0,00    0,00    0,20     6  glances
23:47:31        0      1654    0,20    0,20    0,00    0,00    0,40     4  tailscaled
23:47:31        0      1668    0,20    0,20    0,00    0,00    0,40     3  containerd
23:47:31        0      2676    0,40    0,20    0,00    0,00    0,60     1  dockerd
23:47:31      117      2677    0,40    0,40    0,00    0,00    0,80     2  grafana
23:47:31        0      3027    0,40    0,00    0,00    0,00    0,40     0  mount.ntfs-3g
23:47:31        0      3068    0,20    0,00    0,00    0,00    0,20     0  containerd-shim
23:47:31        0      3075    0,00    0,20    0,00    0,00    0,20     3  containerd-shim
23:47:31        0      3091    0,20    0,20    0,00    0,00    0,40     3  containerd-shim
23:47:31      999      3241    0,40    0,20    0,00    0,00    0,60     5  redis-server
23:47:31     1000      4211   17,80    9,20    0,00    0,00   27,00     0  gnome-shell
23:47:31     1000      5898    4,80    1,60    0,00    0,00    6,40     7  antigravity
23:47:31     1000      5952   11,80    2,80    0,00    0,00   14,60     7  antigravity
23:47:31     1000      6000    9,20    0,60    0,00    0,00    9,80     6  antigravity
23:47:31     1000      6248    2,20    1,20    0,00    0,00    3,40     4  language_server
23:47:31     1000      6334    0,40    0,20    0,00    0,00    0,60     1  antigravity
23:47:31     1000      6366    1,00    0,00    0,00    0,00    1,00     7  antigravity
23:47:31     1000      6381    0,60    0,00    0,00    0,00    0,60     1  antigravity
23:47:31     1000      6409    0,40    0,20    0,00    0,00    0,60     3  antigravity
23:47:31     1000      6708    1,60    1,00    0,00    0,00    2,60     5  language_server
23:47:31     1000      7203    2,00    1,00    0,00    0,00    3,00     3  language_server
23:47:31        0      8594    0,00    0,80    0,00    0,00    0,80     5  kworker/u33:0-i915_flip
23:47:31        0      8778    0,00    0,20    0,00    0,00    0,20     7  kworker/7:0-events
23:47:31     1000      9105    0,20    0,20    0,00    0,00    0,40     7  chrome
23:47:31     1000      9152    0,20    0,20    0,00    0,00    0,40     1  chrome
23:47:31     1000      9378    1,00    0,00    0,00    0,00    1,00     3  gnome-terminal-
23:47:31     1000     13707    0,20    0,40    0,00    0,00    0,60     4  pidstat
23:47:31     1000     13739   15,20    0,40    0,00    0,00   15,60     2  java

23:47:26      UID       PID  minflt/s  majflt/s     VSZ     RSS   %MEM  Command
23:47:31        0      1668      1,60      0,00 2463668   69716   0,43  containerd
23:47:31        0      2676      0,40      0,00 3358484  108084   0,67  dockerd
23:47:31        0      3068      9,00      0,00 1235608   15288   0,09  containerd-shim
23:47:31        0      3075      3,20      0,00 1235608   14932   0,09  containerd-shim
23:47:31        0      3076      1,00      0,00 1235608   14908   0,09  containerd-shim
23:47:31        0      3091     10,20      0,00 1235608   15932   0,10  containerd-shim
23:47:31        0      3120      0,60      0,00 1235608   14752   0,09  containerd-shim
23:47:31     1000      4211      9,40      0,00 5038392  316152   1,95  gnome-shell
23:47:31     1000      5898     33,60      0,00 1461714124  312676   1,93  antigravity
23:47:31     1000      5952     11,20      0,00 34381692  167680   1,03  antigravity
23:47:31     1000      5963      0,80      0,00 33906396   82640   0,51  antigravity
23:47:31     1000      6000    250,40      0,00 1461390892  408064   2,51  antigravity
23:47:31     1000      6006     18,40      0,00 1459645432  273716   1,69  antigravity
23:47:31     1000      6289      0,20      0,00 33951332   64440   0,40  antigravity
23:47:31     1000      6302      3,40      0,00 1461347888  121376   0,75  antigravity
23:47:31     1000      6303      0,60      0,00 1461367164  112552   0,69  antigravity
23:47:31     1000      6334     27,20      0,00 1461342992  260552   1,61  antigravity
23:47:31     1000      6366     85,60      0,00 1461351388  307416   1,89  antigravity
23:47:31     1000      6381      8,60      0,00 1461358904  155048   0,96  antigravity
23:47:31     1000      6409    129,20      0,00 1461383736  123592   0,76  antigravity
23:47:31     1000      9105     13,00      0,00 55447012  385312   2,37  chrome
23:47:31     1000      9152      3,40      0,00 55460652  193140   1,19  chrome
23:47:31     1000      9157      2,60      0,00 54984540  132092   0,81  chrome
23:47:31     1000      9168      0,20      0,00 55021684   62848   0,39  chrome
23:47:31     1000      9642      0,40      0,00 55012336   86728   0,53  chrome
23:47:31     1000      9657     33,20      0,00 1518552488  330096   2,03  chrome
23:47:31     1000     13739    335,00      0,00 6044172  226964   1,40  java

23:47:26      UID       PID   kB_rd/s   kB_wr/s kB_ccwr/s iodelay  Command
23:47:31     1000      9105      0,00      4,80      0,00       0  chrome
23:47:31     1000     13707      0,00      1,20      0,00       0  pidstat
23:47:31     1000     13739      0,00      0,21      0,00       0  java

23:47:31      UID       PID    %usr %system  %guest   %wait    %CPU   CPU  Command
23:47:36        0         1    0,20    0,00    0,00    0,00    0,20     2  systemd
23:47:36        0        18    0,00    0,20    0,00    0,20    0,20     6  rcu_preempt
23:47:36        0        57    0,00    1,00    0,00    0,00    1,00     6  ksoftirqd/6
23:47:36        0        58    0,00    0,60    0,00    1,60    0,60     6  kworker/6:0-i915-unordered
23:47:36        0        71    0,00    0,20    0,00    0,00    0,20     4  kworker/u32:5-flush-8:0
23:47:36        0        73    0,00    0,20    0,00    0,00    0,20     2  kworker/u32:7-flush-8:0
23:47:36        0        86    0,00    0,20    0,00    0,00    0,20     1  irq/9-acpi
23:47:36        0       375    0,20    0,00    0,00    0,00    0,20     6  systemd-journal
23:47:36        0       647    0,00    0,20    0,00    0,00    0,20     0  irq/130-iwlwifi
23:47:36      990       908    0,80    0,20    0,00    0,00    1,00     2  dbus-daemon
23:47:36      115       942    1,40    0,60    0,00    0,00    2,00     3  prometheus-node
23:47:36      115       943    0,40    0,00    0,00    0,00    0,40     1  prometheus
23:47:36        0      1654    0,20    0,00    0,00    0,00    0,20     0  tailscaled
23:47:36        0      1668    0,40    0,00    0,00    0,00    0,40     3  containerd
23:47:36      111      1761    0,00    0,20    0,00    0,00    0,20     6  mariadbd
23:47:36        0      2253    0,20    0,00    0,00    0,00    0,20     3  upowerd
23:47:36        0      2676    0,40    0,00    0,00    0,00    0,40     1  dockerd
23:47:36      117      2677    0,60    0,20    0,00    0,00    0,80     2  grafana
23:47:36        0      3027    0,20    0,20    0,00    0,00    0,40     6  mount.ntfs-3g
23:47:36        0      3075    0,20    0,00    0,00    0,00    0,20     3  containerd-shim
23:47:36        0      3076    0,00    0,20    0,00    0,00    0,20     7  containerd-shim
23:47:36      999      3241    0,40    0,20    0,00    0,00    0,60     6  redis-server
23:47:36     1000      4211   17,20    6,60    0,00    0,60   23,80     0  gnome-shell
23:47:36     1000      5898    7,00    2,60    0,00    0,60    9,60     1  antigravity
23:47:36     1000      5952   13,00    2,40    0,00    0,20   15,40     2  antigravity
23:47:36     1000      6000   45,00    1,80    0,00    0,20   46,80     5  antigravity
23:47:36     1000      6006    0,20    0,00    0,00    0,00    0,20     0  antigravity
23:47:36     1000      6248    1,00    1,60    0,00    0,00    2,60     4  language_server
23:47:36     1000      6302    0,20    0,00    0,00    0,00    0,20     5  antigravity
23:47:36     1000      6334    0,40    0,20    0,00    0,00    0,60     1  antigravity
23:47:36     1000      6366    1,00    0,20    0,00    0,00    1,20     0  antigravity
23:47:36     1000      6381    0,60    0,20    0,00    0,20    0,80     0  antigravity
23:47:36     1000      6409    0,20    0,20    0,00    0,20    0,40     5  antigravity
23:47:36     1000      6708    1,20    1,00    0,00    0,00    2,20     5  language_server
23:47:36     1000      7203    2,20    0,60    0,00    0,00    2,80     3  language_server
23:47:36     1000      7325    0,20    0,00    0,00    0,00    0,20     3  antigravity
23:47:36        0      8594    0,00    0,80    0,00    0,20    0,80     6  kworker/u33:0-i915_flip
23:47:36     1000      9105    0,00    0,40    0,00    0,00    0,40     4  chrome
23:47:36     1000      9152    0,20    0,20    0,00    0,00    0,40     2  chrome
23:47:36     1000      9157    0,20    0,00    0,00    0,00    0,20     0  chrome
23:47:36     1000      9168    0,20    0,00    0,00    0,00    0,20     6  chrome
23:47:36     1000      9378    3,20    0,00    0,00    0,00    3,20     5  gnome-terminal-
23:47:36     1000      9657    0,40    0,00    0,00    0,00    0,40     5  chrome
23:47:36     1000     10899    1,80    0,40    0,00    0,00    2,20     2  antigravity
23:47:36        0     12404    0,00    0,20    0,00    0,00    0,20     3  kworker/3:1-events
23:47:36        0     12744    0,00    0,20    0,00    0,00    0,20     3  kworker/u32:0-flush-8:0
23:47:36     1000     13707    0,40    0,20    0,00    0,00    0,60     3  pidstat
23:47:36     1000     13739   21,20    0,60    0,00    0,00   21,80     2  java

23:47:31      UID       PID  minflt/s  majflt/s     VSZ     RSS   %MEM  Command
23:47:36        0       375     23,80      0,20  163644   80624   0,50  systemd-journal
23:47:36      115       942     58,60      0,00 1614080   25252   0,16  prometheus-node
23:47:36        0      3068      0,40      0,00 1235608   15288   0,09  containerd-shim
23:47:36        0      3075      1,60      0,00 1235608   14896   0,09  containerd-shim
23:47:36        0      3076      3,00      0,00 1235608   15036   0,09  containerd-shim
23:47:36        0      3091      3,60      0,00 1235608   15932   0,10  containerd-shim
23:47:36        0      3120      2,80      0,00 1235608   14880   0,09  containerd-shim
23:47:36     1000      4211     34,20      0,00 5037348  315892   1,95  gnome-shell
23:47:36     1000      5898     48,40      0,00 1461714124  312048   1,92  antigravity
23:47:36     1000      5952     94,40      0,00 34398144  167940   1,03  antigravity
23:47:36     1000      5963      0,80      0,00 33906396   82640   0,51  antigravity
23:47:36     1000      6000   1013,00      0,00 1461391020  407028   2,51  antigravity
23:47:36     1000      6006     18,40      0,00 1459645432  274100   1,69  antigravity
23:47:36     1000      6289      0,20      0,00 33951332   64440   0,40  antigravity
23:47:36     1000      6302      5,60      0,00 1461347888  121376   0,75  antigravity
23:47:36     1000      6303      1,00      0,00 1461367164  112552   0,69  antigravity
23:47:36     1000      6334     20,00      0,00 1461342992  260552   1,61  antigravity
23:47:36     1000      6366     35,20      0,00 1461351388  307544   1,89  antigravity
23:47:36     1000      6381      2,60      0,00 1461358904  155048   0,96  antigravity
23:47:36     1000      6409    107,20      0,00 1461383736  123720   0,76  antigravity
23:47:36     1000      9105     89,20      0,00 55447012  385212   2,37  chrome
23:47:36     1000      9152      6,80      0,00 55460652  193140   1,19  chrome
23:47:36     1000      9157      6,60      0,00 54984540  132092   0,81  chrome
23:47:36     1000      9168      0,40      0,00 55021684   62848   0,39  chrome
23:47:36     1000      9210      0,00      0,00 1520503372  187648   1,16  chrome
23:47:36     1000      9642      0,40      0,00 55012336   86728   0,53  chrome
23:47:36     1000      9657     60,20      0,00 1520518568  329364   2,03  chrome
23:47:36     1000     10899     37,40      0,00 1459576016  116620   0,72  antigravity
23:47:36     1000     13739   1669,20      0,00 6044172  253444   1,56  java

23:47:31      UID       PID   kB_rd/s   kB_wr/s kB_ccwr/s iodelay  Command
23:47:36     1000      9105      0,00     16,00      0,00       0  chrome
23:47:36     1000      9157      0,00      0,80      0,80       0  chrome
23:47:36     1000     13707      0,00      1,05      0,00       0  pidstat
23:47:36     1000     13739      0,00      1,77      0,00       0  java

23:47:36      UID       PID    %usr %system  %guest   %wait    %CPU   CPU  Command
23:47:41        0        57    0,00    1,00    0,00    0,00    1,00     6  ksoftirqd/6
23:47:41        0        58    0,00    0,80    0,00    1,00    0,80     6  kworker/6:0-i915-unordered
23:47:41        0       375    0,00    0,20    0,00    0,00    0,20     6  systemd-journal
23:47:41        0      1646    0,20    0,00    0,00    0,00    0,20     6  glances
23:47:41        0      1668    0,20    0,20    0,00    0,00    0,40     3  containerd
23:47:41        0      2676    0,40    0,20    0,00    0,00    0,60     1  dockerd
23:47:41      117      2677    0,40    0,40    0,00    0,00    0,80     2  grafana
23:47:41        0      3027    0,40    0,20    0,00    0,00    0,60     6  mount.ntfs-3g
23:47:41        0      3068    0,20    0,00    0,00    0,00    0,20     0  containerd-shim
23:47:41        0      3076    0,20    0,00    0,00    0,00    0,20     7  containerd-shim
23:47:41        0      3091    0,00    0,20    0,00    0,00    0,20     3  containerd-shim
23:47:41        0      3120    0,20    0,00    0,00    0,00    0,20     4  containerd-shim
23:47:41      999      3241    0,60    0,00    0,00    0,00    0,60     5  redis-server
23:47:41     1000      4211   16,40    7,20    0,00    0,00   23,60     5  gnome-shell
23:47:41     1000      4481    0,20    0,00    0,00    0,00    0,20     4  ibus-daemon
23:47:41     1000      5898    4,60    1,80    0,00    0,20    6,40     1  antigravity
23:47:41     1000      5952   10,20    3,20    0,00    0,00   13,40     5  antigravity
23:47:41     1000      6000   12,00    1,20    0,00    0,00   13,20     7  antigravity
23:47:41     1000      6006    0,20    0,00    0,00    0,00    0,20     0  antigravity
23:47:41     1000      6248    1,20    1,80    0,00    0,00    3,00     4  language_server
23:47:41     1000      6334    0,60    0,00    0,00    0,00    0,60     2  antigravity
23:47:41     1000      6366    1,00    0,00    0,00    0,00    1,00     7  antigravity
23:47:41     1000      6381    0,60    0,20    0,00    0,00    0,80     0  antigravity
23:47:41     1000      6409    0,20    0,00    0,00    0,00    0,20     2  antigravity
23:47:41     1000      6708    1,20    1,20    0,00    0,00    2,40     5  language_server
23:47:41     1000      7203    1,80    1,00    0,00    0,00    2,80     3  language_server
23:47:41        0      8594    0,00    0,60    0,00    0,00    0,60     6  kworker/u33:0-i915_flip
23:47:41     1000      9105    0,20    0,00    0,00    0,00    0,20     6  chrome
23:47:41     1000      9152    0,20    0,00    0,00    0,00    0,20     2  chrome
23:47:41     1000      9210    0,20    0,00    0,00    0,00    0,20     0  chrome
23:47:41     1000      9378    1,00    0,00    0,00   17,60    1,00     7  gnome-terminal-
23:47:41     1000     10899    0,00    0,20    0,00    0,00    0,20     5  antigravity
23:47:41        0     12697    0,20    0,00    0,00    0,00    0,20     2  kworker/2:1-events_freezable
23:47:41     1000     13707    0,20    0,40    0,00    0,00    0,60     2  pidstat
23:47:41     1000     13739   14,80    0,40    0,00    0,00   15,20     2  java

23:47:36      UID       PID  minflt/s  majflt/s     VSZ     RSS   %MEM  Command
23:47:41        0       375     19,20      0,40  163644   80760   0,50  systemd-journal
23:47:41      115       943      0,20      0,00 2610260  111752   0,69  prometheus
23:47:41        0      1668      3,60      0,00 2463668   69716   0,43  containerd
23:47:41      114      1776      4,00      0,00  218252   29316   0,18  postgres
23:47:41        0      3068      5,80      0,00 1235608   14624   0,09  containerd-shim
23:47:41        0      3075      5,20      0,00 1235608   14192   0,09  containerd-shim
23:47:41        0      3076      5,20      0,00 1235608   14540   0,09  containerd-shim
23:47:41        0      3091      5,00      0,00 1235608   14964   0,09  containerd-shim
23:47:41        0      3120      9,80      0,00 1235608   14288   0,09  containerd-shim
23:47:41     1000      4211     24,80      0,00 5034816  316148   1,95  gnome-shell
23:47:41     1000      5898     37,40      0,00 1461715212  312432   1,92  antigravity
23:47:41     1000      5952     32,60      0,00 34388972  167612   1,03  antigravity
23:47:41     1000      5963      1,60      0,00 33906396   82640   0,51  antigravity
23:47:41     1000      6000    194,60      0,00 1461388844  407188   2,51  antigravity
23:47:41     1000      6006     18,20      0,00 1459645432  274484   1,69  antigravity
23:47:41     1000      6289      0,40      0,00 33951332   64440   0,40  antigravity
23:47:41     1000      6302      3,20      0,00 1461347888  121376   0,75  antigravity
23:47:41     1000      6303      0,80      0,00 1461367164  112552   0,69  antigravity
23:47:41     1000      6334     16,40      0,00 1461342992  260660   1,61  antigravity
23:47:41     1000      6366     34,20      0,00 1461351388  307544   1,89  antigravity
23:47:41     1000      6381      2,80      0,00 1461358904  155176   0,96  antigravity
23:47:41     1000      6409      2,40      0,00 1461383736  123720   0,76  antigravity
23:47:41     1000      9105      9,40      0,00 55447012  385212   2,37  chrome
23:47:41     1000      9152      3,40      0,00 55460652  193140   1,19  chrome
23:47:41     1000      9157      2,40      0,00 54984540  132092   0,81  chrome
23:47:41     1000      9168      0,20      0,00 55021684   62848   0,39  chrome
23:47:41     1000      9642      0,20      0,00 55012336   86728   0,53  chrome
23:47:41     1000     10899      3,80      0,00 1459576016  116748   0,72  antigravity
23:47:41     1000     13739     73,20      0,00 6044172  250356   1,54  java

23:47:36      UID       PID   kB_rd/s   kB_wr/s kB_ccwr/s iodelay  Command
23:47:41     1000      9105      0,00      4,00      0,00       0  chrome
23:47:41     1000     13707      0,00      1,41      0,00       0  pidstat
23:47:41     1000     13739      0,00      1,77      0,00       0  java

23:47:41      UID       PID    %usr %system  %guest   %wait    %CPU   CPU  Command
23:47:46        0        57    0,00    0,80    0,00    0,00    0,80     6  ksoftirqd/6
23:47:46        0        58    0,00    0,60    0,00    1,00    0,60     6  kworker/6:0-i915-unordered
23:47:46        0        65    0,00    0,20    0,00    0,00    0,20     7  kworker/7:0H-events_highpri
23:47:46        0       175    0,00    0,20    0,00    0,00    0,20     6  kworker/6:1H-events_highpri
23:47:46        0       375    0,60    0,20    0,00    0,00    0,80     2  systemd-journal
23:47:46      115       943    0,20    0,00    0,00    0,00    0,20     1  prometheus
23:47:46        0      1646    0,20    0,20    0,00    0,00    0,40     6  glances
23:47:46        0      1668    0,40    0,00    0,00    0,00    0,40     3  containerd
23:47:46        0      1673    0,00    0,20    0,00    0,00    0,20     0  anydesk
23:47:46        0      2676    0,40    0,20    0,00    0,00    0,60     1  dockerd
23:47:46      117      2677    0,40    0,60    0,00    0,00    1,00     2  grafana
23:47:46        0      3027    0,40    0,20    0,00    0,00    0,60     4  mount.ntfs-3g
23:47:46        0      3075    0,00    0,20    0,00    0,00    0,20     3  containerd-shim
23:47:46        0      3120    0,20    0,00    0,00    0,00    0,20     4  containerd-shim
23:47:46      999      3241    0,40    0,00    0,00    0,00    0,40     5  redis-server
23:47:46     1000      4211   19,80    8,40    0,00    0,40   28,20     1  gnome-shell
23:47:46     1000      4481    0,20    0,00    0,00    0,00    0,20     0  ibus-daemon
23:47:46     1000      4504    0,20    0,00    0,00    0,00    0,20     4  gsd-media-keys
23:47:46     1000      5898    7,00    1,20    0,00    0,20    8,20     7  antigravity
23:47:46     1000      5952   12,20    2,40    0,00    0,40   14,60     5  antigravity
23:47:46     1000      5963    0,00    0,20    0,00    0,00    0,20     5  antigravity
23:47:46     1000      6000   27,20    0,80    0,00    0,40   28,00     4  antigravity
23:47:46     1000      6006    0,20    0,00    0,00    0,00    0,20     6  antigravity
23:47:46     1000      6248    1,40    1,60    0,00    0,00    3,00     4  language_server
23:47:46     1000      6334    0,60    0,00    0,00    0,00    0,60     7  antigravity
23:47:46     1000      6366    1,00    0,00    0,00    0,20    1,00     2  antigravity
23:47:46     1000      6381    0,80    0,00    0,00    0,00    0,80     7  antigravity
23:47:46     1000      6409    1,00    0,20    0,00    0,00    1,20     0  antigravity
23:47:46     1000      6708    1,40    1,00    0,00    0,00    2,40     5  language_server
23:47:46     1000      7203    1,40    1,40    0,00    0,00    2,80     3  language_server
23:47:46        0      8594    0,00    0,80    0,00    0,00    0,80     7  kworker/u33:0-i915_flip
23:47:46     1000      9105    0,20    0,20    0,00    0,00    0,40     4  chrome
23:47:46     1000      9152    0,20    0,00    0,00    0,00    0,20     1  chrome
23:47:46     1000      9378    1,00    0,00    0,00    0,00    1,00     7  gnome-terminal-
23:47:46     1000     10899    1,60    0,40    0,00    0,20    2,00     3  antigravity
23:47:46        0     12728    0,20    0,00    0,00    0,20    0,20     5  kworker/5:2-events
23:47:46        0     12744    0,00    0,20    0,00    0,00    0,20     7  kworker/u32:0-i915
23:47:46     1000     13707    0,20    0,20    0,00    0,00    0,40     2  pidstat
23:47:46     1000     13739   20,00    0,40    0,00    0,00   20,40     2  java

23:47:41      UID       PID  minflt/s  majflt/s     VSZ     RSS   %MEM  Command
23:47:46        0       375     61,60      0,80  163644   81524   0,50  systemd-journal
23:47:46        0      1668      0,80      0,00 2463668   69716   0,43  containerd
23:47:46        0      3068     10,80      0,00 1235608   14752   0,09  containerd-shim
23:47:46        0      3075     10,40      0,00 1235608   14192   0,09  containerd-shim
23:47:46        0      3076     10,20      0,00 1235608   14540   0,09  containerd-shim
23:47:46        0      3091     11,00      0,00 1235608   15220   0,09  containerd-shim
23:47:46        0      3120     13,20      0,00 1235608   14416   0,09  containerd-shim
23:47:46     1000      4211     82,60      0,00 5046496  316056   1,95  gnome-shell
23:47:46     1000      5898     48,00      0,00 1461714124  312452   1,92  antigravity
23:47:46     1000      5952     67,00      0,00 34391808  167796   1,03  antigravity
23:47:46     1000      5963      0,80      0,00 33906396   82640   0,51  antigravity
23:47:46     1000      6000    600,60      0,00 1461391020  406968   2,51  antigravity
23:47:46     1000      6006     20,00      0,00 1459645432  274740   1,69  antigravity
23:47:46     1000      6289      0,20      0,00 33951332   64440   0,40  antigravity
23:47:46     1000      6302      8,20      0,00 1461347888  121376   0,75  antigravity
23:47:46     1000      6303      1,40      0,00 1461367164  112552   0,69  antigravity
23:47:46     1000      6334     31,20      0,00 1461342992  260524   1,60  antigravity
23:47:46     1000      6366     27,60      0,00 1461351388  307672   1,90  antigravity
23:47:46     1000      6381      2,60      0,00 1461358904  155176   0,96  antigravity
23:47:46     1000      6409    342,00      0,00 1461383736  115756   0,71  antigravity
23:47:46     1000      9105     12,20      0,00 55447012  385212   2,37  chrome
23:47:46     1000      9152      3,40      0,00 55460652  193140   1,19  chrome
23:47:46     1000      9157      3,00      0,00 54984540  132092   0,81  chrome
23:47:46     1000      9168      0,20      0,00 55021684   62848   0,39  chrome
23:47:46     1000      9642      0,20      0,00 55012336   86728   0,53  chrome
23:47:46     1000     10899     27,20      0,00 1459576016  117132   0,72  antigravity
23:47:46     1000     10937      6,60      0,00    7664    3776   0,02  run_all_tests.s
23:47:46     1000     13739     97,00      0,00 6044172  252276   1,55  java
23:47:46     1000     13902     23,20      0,00    5660    1992   0,01  sleep

23:47:41      UID       PID   kB_rd/s   kB_wr/s kB_ccwr/s iodelay  Command
23:47:46     1000      9105      0,00      1,60      0,00       0  chrome
23:47:46     1000     13707      0,00      1,17      0,00       0  pidstat
23:47:46     1000     13739      0,00      3,37      0,00       0  java

23:47:46      UID       PID    %usr %system  %guest   %wait    %CPU   CPU  Command
23:47:51        0         1    0,20    0,00    0,00    0,00    0,20     5  systemd
23:47:51        0        18    0,00    0,20    0,00    0,00    0,20     2  rcu_preempt
23:47:51        0        51    0,20    0,00    0,00    0,00    0,20     5  ksoftirqd/5
23:47:51        0        57    0,00    1,20    0,00    0,00    1,20     6  ksoftirqd/6
23:47:51        0        58    0,00    0,60    0,00    1,00    0,60     6  kworker/6:0-i915-unordered
23:47:51        0        80    0,20    0,00    0,00    0,00    0,20     1  kcompactd0
23:47:51        0        86    0,00    0,20    0,00    0,00    0,20     1  irq/9-acpi
23:47:51        0        95    0,00    0,20    0,00    0,00    0,20     4  kworker/4:1H-events_highpri
23:47:51      990       908    0,80    0,00    0,00    0,00    0,80     4  dbus-daemon
23:47:51      115       942    1,00    0,80    0,00    0,00    1,80     3  prometheus-node
23:47:51      115       943    0,20    0,00    0,00    0,00    0,20     1  prometheus
23:47:51        0      1654    0,20    0,00    0,00    0,00    0,20     1  tailscaled
23:47:51        0      1668    0,20    0,20    0,00    0,00    0,40     3  containerd
23:47:51        0      2676    0,00    0,40    0,00    0,00    0,40     1  dockerd
23:47:51      117      2677    0,60    0,00    0,00    0,00    0,60     2  grafana
23:47:51        0      3027    1,60    0,60    0,00    0,00    2,20     1  mount.ntfs-3g
23:47:51        0      3068    0,20    0,20    0,00    0,00    0,40     0  containerd-shim
23:47:51        0      3076    0,00    0,20    0,00    0,00    0,20     7  containerd-shim
23:47:51        0      3091    0,20    0,00    0,00    0,00    0,20     3  containerd-shim
23:47:51        0      3120    0,00    0,20    0,00    0,00    0,20     4  containerd-shim
23:47:51      999      3241    0,40    0,00    0,00    0,00    0,40     0  redis-server
23:47:51     1000      4211    9,60    6,40    0,00    0,00   16,00     3  gnome-shell
23:47:51     1000      5898    4,20    1,20    0,00    0,20    5,40     7  antigravity
23:47:51     1000      5952    9,40    2,00    0,00    0,00   11,40     4  antigravity
23:47:51     1000      6000    7,00    0,80    0,00    0,00    7,80     6  antigravity
23:47:51     1000      6006    0,20    0,00    0,00    0,00    0,20     2  antigravity
23:47:51     1000      6248    1,00    1,80    0,00    0,00    2,80     4  language_server
23:47:51     1000      6334    0,40    0,20    0,00    0,00    0,60     6  antigravity
23:47:51     1000      6366    0,80    0,40    0,00    0,00    1,20     4  antigravity
23:47:51     1000      6381    0,80    0,20    0,00    0,00    1,00     7  antigravity
23:47:51     1000      6409    0,20    0,20    0,00    0,00    0,40     0  antigravity
23:47:51     1000      6708    1,40    1,00    0,00    0,00    2,40     5  language_server
23:47:51     1000      7203    1,60    1,40    0,00    0,00    3,00     3  language_server
23:47:51        0      8594    0,00    0,60    0,00    0,20    0,60     6  kworker/u33:0-i915_flip
23:47:51     1000      9105    0,20    0,00    0,00    0,00    0,20     5  chrome
23:47:51     1000      9152    0,40    0,00    0,00    0,00    0,40     1  chrome
23:47:51     1000      9202    0,00    0,20    0,00    0,00    0,20     7  chrome
23:47:51     1000      9335    0,20    0,00    0,00    0,00    0,20     1  chrome
23:47:51     1000      9378    1,40    0,00    0,00    0,00    1,40     2  gnome-terminal-
23:47:51     1000      9657    0,20    0,00    0,00    0,00    0,20     7  chrome
23:47:51     1000     13707    0,20    0,40    0,00    0,00    0,60     0  pidstat
23:47:51     1000     13739   11,80    0,40    0,00    0,00   12,20     2  java

23:47:46      UID       PID  minflt/s  majflt/s     VSZ     RSS   %MEM  Command
23:47:51      115       942     59,00      0,00 1614080   25104   0,15  prometheus-node
23:47:51        0      1654      0,00      0,00 1421460  105736   0,65  tailscaled
23:47:51        0      1668      0,20      0,00 2463668   69716   0,43  containerd
23:47:51        0      3068     15,20      0,00 1235608   14880   0,09  containerd-shim
23:47:51        0      3075     12,60      0,00 1235608   14576   0,09  containerd-shim
23:47:51        0      3076     12,20      0,00 1235608   14668   0,09  containerd-shim
23:47:51        0      3091     12,20      0,00 1235608   15348   0,09  containerd-shim
23:47:51        0      3120     14,20      0,00 1235608   14800   0,09  containerd-shim
23:47:51     1000      4211      2,20      0,00 5037232  316056   1,95  gnome-shell
23:47:51     1000      5898     41,40      0,00 1461714124  312496   1,93  antigravity
23:47:51     1000      5952     27,60      0,00 34381676  168152   1,04  antigravity
23:47:51     1000      5963      0,80      0,00 33906396   82640   0,51  antigravity
23:47:51     1000      6000    148,40      0,00 1461388844  407132   2,51  antigravity
23:47:51     1000      6006     10,60      0,00 1459645432  275124   1,69  antigravity
23:47:51     1000      6289      0,20      0,00 33951332   64440   0,40  antigravity
23:47:51     1000      6302      3,80      0,00 1461347888  121376   0,75  antigravity
23:47:51     1000      6303      1,00      0,00 1461367164  112552   0,69  antigravity
23:47:51     1000      6334     10,60      0,00 1461342992  260524   1,60  antigravity
23:47:51     1000      6366    294,00      0,00 1461351388  307800   1,90  antigravity
23:47:51     1000      6381     23,00      0,00 1461358904  155400   0,96  antigravity
23:47:51     1000      6409    118,40      0,00 1461383736  115884   0,71  antigravity
23:47:51     1000      9105      9,80      0,00 55447012  385212   2,37  chrome
23:47:51     1000      9152      3,40      0,00 55460652  193140   1,19  chrome
23:47:51     1000      9157      2,80      0,00 54984540  132092   0,81  chrome
23:47:51     1000      9168      0,20      0,00 55021684   62848   0,39  chrome
23:47:51     1000      9642      0,20      0,00 55012336   86728   0,53  chrome
23:47:51     1000      9657     89,40      0,00 1520518568  331028   2,04  chrome
23:47:51     1000     13707      0,40      0,00    6184    5148   0,03  pidstat
23:47:51     1000     13739     49,20      0,00 6044172  253172   1,56  java

23:47:46      UID       PID   kB_rd/s   kB_wr/s kB_ccwr/s iodelay  Command
23:47:51     1000      6366      0,00      0,80      0,00       0  antigravity
23:47:51     1000      9105      0,00      6,40      0,00       0  chrome
23:47:51     1000     13707      0,00      1,25      0,00       0  pidstat
23:47:51     1000     13739      0,00      3,25      0,00       0  java

23:47:51      UID       PID    %usr %system  %guest   %wait    %CPU   CPU  Command
23:47:56        0        28    0,00    0,20    0,00    0,00    0,20     1  kworker/1:0-i915-unordered
23:47:56        0        57    0,00    1,20    0,00    0,00    1,20     6  ksoftirqd/6
23:47:56        0        58    0,00    0,60    0,00    0,80    0,60     6  kworker/6:0-i915-unordered
23:47:56        0        73    0,00    0,20    0,00    0,00    0,20     5  kworker/u32:7-flush-8:0
23:47:56      115       943    0,20    0,00    0,00    0,00    0,20     1  prometheus
23:47:56        0      1646    0,20    0,00    0,00    0,00    0,20     6  glances
23:47:56        0      1654    0,00    0,20    0,00    0,00    0,20     4  tailscaled
23:47:56        0      1668    0,40    0,00    0,00    0,00    0,40     3  containerd
23:47:56        0      2676    0,00    0,40    0,00    0,00    0,40     1  dockerd
23:47:56      117      2677    0,40    0,40    0,00    0,00    0,80     2  grafana
23:47:56        0      3027    1,00    1,20    0,00    0,00    2,20     1  mount.ntfs-3g
23:47:56        0      3075    0,00    0,20    0,00    0,00    0,20     3  containerd-shim
23:47:56        0      3076    0,20    0,00    0,00    0,00    0,20     7  containerd-shim
23:47:56      999      3241    0,60    0,00    0,00    0,00    0,60     1  redis-server
23:47:56     1000      4211    9,80    6,20    0,00    0,00   16,00     3  gnome-shell
23:47:56     1000      4546    0,00    0,20    0,00    0,00    0,20     5  anydesk
23:47:56     1000      5898    3,60    1,60    0,00    0,00    5,20     3  antigravity
23:47:56     1000      5952    9,00    2,20    0,00    0,00   11,20     3  antigravity
23:47:56     1000      6000    6,80    0,40    0,00    0,00    7,20     1  antigravity
23:47:56     1000      6006    0,20    0,00    0,00    0,00    0,20     3  antigravity
23:47:56     1000      6248    1,60    1,60    0,00    0,00    3,20     4  language_server
23:47:56     1000      6334    0,20    0,20    0,00    0,00    0,40     4  antigravity
23:47:56     1000      6366    0,80    0,60    0,00    0,00    1,40     2  antigravity
23:47:56     1000      6381    0,60    0,00    0,00    0,00    0,60     5  antigravity
23:47:56     1000      6409    0,20    0,00    0,00    0,00    0,20     3  antigravity
23:47:56     1000      6708    1,60    0,60    0,00    0,00    2,20     5  language_server
23:47:56     1000      7203    1,80    0,80    0,00    0,00    2,60     3  language_server
23:47:56        0      8594    0,00    0,60    0,00    0,00    0,60     6  kworker/u33:0-i915_flip
23:47:56     1000      9105    0,20    0,00    0,00    0,00    0,20     6  chrome
23:47:56     1000      9152    0,20    0,20    0,00    0,00    0,40     1  chrome
23:47:56     1000      9157    0,20    0,00    0,00    0,00    0,20     6  chrome
23:47:56     1000      9378    1,00    0,00    0,00    0,00    1,00     2  gnome-terminal-
23:47:56     1000      9657    0,20    0,00    0,00    0,00    0,20     1  chrome
23:47:56     1000     13707    0,40    0,20    0,00    0,00    0,60     0  pidstat
23:47:56     1000     13739    6,20    0,60    0,00    0,00    6,80     2  java

23:47:51      UID       PID  minflt/s  majflt/s     VSZ     RSS   %MEM  Command
23:47:56        0      1668      0,40      0,00 2463668   69716   0,43  containerd
23:47:56        0      3068      5,00      0,00 1235608   15008   0,09  containerd-shim
23:47:56        0      3075      9,60      0,00 1235608   14704   0,09  containerd-shim
23:47:56        0      3076      7,40      0,00 1235608   14924   0,09  containerd-shim
23:47:56        0      3091     10,20      0,00 1235608   15604   0,10  containerd-shim
23:47:56        0      3120      4,40      0,00 1235608   14928   0,09  containerd-shim
23:47:56     1000      4211      6,00      0,00 5029032  315472   1,94  gnome-shell
23:47:56     1000      5898     40,40      0,00 1461714124  312220   1,92  antigravity
23:47:56     1000      5952     24,60      0,00 34377260  168120   1,04  antigravity
23:47:56     1000      5963      0,80      0,00 33906396   82640   0,51  antigravity
23:47:56     1000      6000    132,80      0,00 1461388844  408332   2,52  antigravity
23:47:56     1000      6006     41,80      0,00 1459645432  274464   1,69  antigravity
23:47:56     1000      6077      0,80      0,00 1459609232  168568   1,04  antigravity
23:47:56     1000      6289      0,20      0,00 33951332   64440   0,40  antigravity
23:47:56     1000      6302      5,40      0,00 1461347888  121376   0,75  antigravity
23:47:56     1000      6303      0,60      0,00 1461367164  112552   0,69  antigravity
23:47:56     1000      6334      9,80      0,00 1461342992  260524   1,60  antigravity
23:47:56     1000      6366    304,40      0,00 1461351388  307800   1,90  antigravity
23:47:56     1000      6381     20,40      0,00 1461358904  155280   0,96  antigravity
23:47:56     1000      6409     14,80      0,00 1461383736  115748   0,71  antigravity
23:47:56     1000      7289      7,40      0,00 1459530528   93552   0,58  antigravity
23:47:56     1000      9105     18,20      0,00 55447012  385340   2,37  chrome
23:47:56     1000      9152      6,80      0,00 55460652  193140   1,19  chrome
23:47:56     1000      9157    110,40      0,00 54984540  132028   0,81  chrome
23:47:56     1000      9168      0,40      0,00 55021684   62848   0,39  chrome
23:47:56     1000      9642      0,40      0,00 55012336   86728   0,53  chrome
23:47:56     1000      9657    125,40      0,00 1520518568  333460   2,05  chrome
23:47:56     1000     13739     43,60      0,00 6044172  260512   1,60  java

23:47:51      UID       PID   kB_rd/s   kB_wr/s kB_ccwr/s iodelay  Command
23:47:56     1000      5898      0,00      9,60      0,00       0  antigravity
23:47:56     1000      9105      0,00      4,80      0,00       0  chrome
23:47:56     1000      9157      0,00    204,00      0,00       0  chrome
23:47:56     1000     13707      0,00      1,30      0,00       0  pidstat
23:47:56     1000     13739      0,00      3,20      0,00       0  java

23:47:56      UID       PID    %usr %system  %guest   %wait    %CPU   CPU  Command
23:48:01        0        57    0,00    1,00    0,00    0,20    1,00     6  ksoftirqd/6
23:48:01        0        58    0,00    0,60    0,00    0,80    0,60     6  kworker/6:0-i915-unordered
23:48:01        0      1646    0,20    0,00    0,00    0,00    0,20     6  glances
23:48:01        0      1654    0,20    0,20    0,00    0,00    0,40     7  tailscaled
23:48:01        0      1668    0,20    0,20    0,00    0,00    0,40     3  containerd
23:48:01        0      1673    0,20    0,00    0,00    0,00    0,20     0  anydesk
23:48:01        0      2676    0,80    0,00    0,00    0,00    0,80     1  dockerd
23:48:01      117      2677    0,60    0,00    0,00    0,00    0,60     2  grafana
23:48:01        0      3027    1,40    0,60    0,00    0,00    2,00     2  mount.ntfs-3g
23:48:01        0      3091    0,00    0,20    0,00    0,00    0,20     3  containerd-shim
23:48:01        0      3120    0,00    0,20    0,00    0,00    0,20     4  containerd-shim
23:48:01      999      3241    0,20    0,00    0,00    0,00    0,20     1  redis-server
23:48:01     1000      4211   10,00    6,00    0,00    0,00   16,00     2  gnome-shell
23:48:01     1000      4941    0,20    0,00    0,00    0,00    0,20     2  xdg-desktop-por
23:48:01     1000      5898    4,00    1,60    0,00    0,00    5,60     1  antigravity
23:48:01     1000      5952    8,80    2,40    0,00    0,00   11,20     2  antigravity
23:48:01     1000      6000    7,20    0,60    0,00    0,00    7,80     1  antigravity
23:48:01     1000      6006    0,20    0,20    0,00    0,00    0,40     6  antigravity
23:48:01     1000      6248    1,40    1,60    0,00    0,00    3,00     4  language_server
23:48:01     1000      6334    0,40    0,20    0,00    0,00    0,60     5  antigravity
23:48:01     1000      6366    0,80    0,40    0,00    0,40    1,20     4  antigravity
23:48:01     1000      6381    0,60    0,00    0,00    0,00    0,60     7  antigravity
23:48:01     1000      6409    0,20    0,20    0,00    0,00    0,40     0  antigravity
23:48:01     1000      6708    4,00    1,20    0,00    0,00    5,20     5  language_server
23:48:01     1000      7203    1,60    1,40    0,00    0,00    3,00     3  language_server
23:48:01     1000      7289    0,00    0,20    0,00    0,00    0,20     2  antigravity
23:48:01        0      8594    0,00    0,60    0,00    0,00    0,60     6  kworker/u33:0+i915_flip
23:48:01     1000      9105    0,20    0,20    0,00    0,00    0,40     4  chrome
23:48:01     1000      9152    0,20    0,00    0,00    0,00    0,20     1  chrome
23:48:01     1000      9378    1,20    0,20    0,00    0,00    1,40     5  gnome-terminal-
23:48:01     1000      9773    0,00    0,20    0,00    0,00    0,20     4  ssh
23:48:01     1000     10899    0,00    0,20    0,00    0,00    0,20     3  antigravity
23:48:01        0     13650    0,20    0,00    0,00    0,00    0,20     0  kworker/0:1-events
23:48:01     1000     13707    0,00    0,40    0,00    0,00    0,40     7  pidstat
23:48:01     1000     13739    6,60    0,00    0,00    0,00    6,60     2  java
23:48:01     1000     13969    0,60    0,00    0,00    0,00    0,60     3  gnome-screensho

23:47:56      UID       PID  minflt/s  majflt/s     VSZ     RSS   %MEM  Command
23:48:01        0      1654      0,20      0,00 1421460  105736   0,65  tailscaled
23:48:01      114      1776      3,60      0,00  218252   29316   0,18  postgres
23:48:01        0      2676      2,80      0,00 3358484  108084   0,67  dockerd
23:48:01        0      3068      7,20      0,00 1235608   15008   0,09  containerd-shim
23:48:01        0      3091      6,60      0,00 1235608   15576   0,10  containerd-shim
23:48:01        0      3120      0,20      0,00 1235608   14928   0,09  containerd-shim
23:48:01     1000      4002      0,40      0,00    9560    5816   0,04  dbus-daemon
23:48:01     1000      4211      4,00      0,00 5037864  315600   1,94  gnome-shell
23:48:01     1000      5898     40,60      0,00 1461714124  312732   1,93  antigravity
23:48:01     1000      5952     15,80      0,00 34379444  167524   1,03  antigravity
23:48:01     1000      5963      1,60      0,00 33906396   82640   0,51  antigravity
23:48:01     1000      6000    165,40      0,00 1461391020  409112   2,52  antigravity
23:48:01     1000      6006     20,20      0,00 1459645432  274848   1,69  antigravity
23:48:01     1000      6289      0,40      0,00 33951332   64440   0,40  antigravity
23:48:01     1000      6302      3,00      0,00 1461347888  121376   0,75  antigravity
23:48:01     1000      6303      1,00      0,00 1461367164  112552   0,69  antigravity
23:48:01     1000      6334     12,40      0,00 1461342992  260524   1,60  antigravity
23:48:01     1000      6366    352,20      0,00 1461351388  308056   1,90  antigravity
23:48:01     1000      6381     20,40      0,00 1461358904  155536   0,96  antigravity
23:48:01     1000      6409    106,00      0,00 1461383736  116004   0,71  antigravity
23:48:01     1000      6708      0,20      0,00 4256016  478736   2,95  language_server
23:48:01     1000      7289      0,20      0,00 1459530528   93552   0,58  antigravity
23:48:01     1000      9105     12,80      0,00 55447012  385340   2,37  chrome
23:48:01     1000      9152      3,40      0,00 55460652  193140   1,19  chrome
23:48:01     1000      9157      3,00      0,00 54984540  132028   0,81  chrome
23:48:01     1000      9168      0,20      0,00 55021684   62848   0,39  chrome
23:48:01     1000      9642      0,20      0,00 55012336   86728   0,53  chrome
23:48:01     1000     10937      6,40      0,00    7664    3776   0,02  run_all_tests.s
23:48:01     1000     13739     57,80      0,00 6044172  261536   1,61  java
23:48:01     1000     13958     27,60      0,00    2672    1684   0,01  sh
23:48:01     1000     13959     72,20      0,00    7012    3284   0,02  cpuUsage.sh
23:48:01     1000     13967     23,40      0,00    5656    1992   0,01  sleep
23:48:01     1000     13969    252,60      0,00  407848   18588   0,11  gnome-screensho

23:47:56      UID       PID   kB_rd/s   kB_wr/s kB_ccwr/s iodelay  Command
23:48:01     1000      9105      0,00      6,40      0,00       0  chrome
23:48:01     1000     13707      0,00      1,19      0,00       0  pidstat
23:48:01     1000     13739      0,00      3,26      0,00       0  java

23:48:01      UID       PID    %usr %system  %guest   %wait    %CPU   CPU  Command
23:48:06        0         1    0,20    0,20    0,00    0,00    0,40     6  systemd
23:48:06        0        57    0,00    1,20    0,00    0,00    1,20     6  ksoftirqd/6
23:48:06        0        58    0,00    0,80    0,00    1,00    0,80     6  kworker/6:0-i915-unordered
23:48:06      990       908    0,60    0,20    0,00    0,00    0,80     4  dbus-daemon
23:48:06      115       942    1,40    0,60    0,00    0,00    2,00     3  prometheus-node
23:48:06      115       943    0,20    0,00    0,00    0,00    0,20     1  prometheus
23:48:06        0      1654    0,00    0,20    0,00    0,00    0,20     1  tailscaled
23:48:06        0      1668    0,60    0,00    0,00    0,00    0,60     3  containerd
23:48:06        0      2676    0,40    0,00    0,00    0,00    0,40     1  dockerd
23:48:06      117      2677    0,40    0,40    0,00    0,00    0,80     2  grafana
23:48:06        0      3027    1,20    1,20    0,00    0,00    2,40     7  mount.ntfs-3g
23:48:06        0      3068    0,20    0,00    0,00    0,00    0,20     0  containerd-shim
23:48:06        0      3075    0,20    0,00    0,00    0,00    0,20     3  containerd-shim
23:48:06        0      3091    0,20    0,00    0,00    0,00    0,20     3  containerd-shim
23:48:06      999      3241    0,60    0,00    0,00    0,00    0,60     1  redis-server
23:48:06     1000      4002    0,20    0,20    0,00    0,00    0,40     6  dbus-daemon
23:48:06     1000      4003    0,00    0,20    0,00    0,00    0,20     6  pipewire
23:48:06     1000      4006    0,40    0,00    0,00    0,20    0,40     0  wireplumber
23:48:06     1000      4009    0,40    0,00    0,00    0,00    0,40     2  pipewire-pulse
23:48:06     1000      4211   14,20    5,80    0,00    0,20   20,00     2  gnome-shell
23:48:06     1000      4668    0,20    0,00    0,00    0,00    0,20     3  ibus-extension-
23:48:06     1000      5898    3,60    2,00    0,00    0,00    5,60     0  antigravity
23:48:06     1000      5952   10,40    1,80    0,00    0,00   12,20     2  antigravity
23:48:06     1000      6000   10,60    0,80    0,00    0,00   11,40     1  antigravity
23:48:06     1000      6248    1,60    1,40    0,00    0,00    3,00     4  language_server
23:48:06     1000      6303    0,20    0,20    0,00    0,00    0,40     1  antigravity
23:48:06     1000      6334    7,60    0,20    0,00    0,00    7,80     6  antigravity
23:48:06     1000      6366    1,00    0,60    0,00    0,00    1,60     4  antigravity
23:48:06     1000      6381    1,20    0,00    0,00    0,00    1,20     5  antigravity
23:48:06     1000      6409    0,40    0,20    0,00    0,00    0,60     2  antigravity
23:48:06     1000      6708    1,40    0,80    0,00    0,00    2,20     5  language_server
23:48:06     1000      7203    4,40    0,60    0,00    0,00    5,00     3  language_server
23:48:06        0      8594    0,00    0,80    0,00    0,00    0,80     5  kworker/u33:0-i915_flip
23:48:06        0      8778    0,00    0,20    0,00    0,00    0,20     7  kworker/7:0-i915-unordered
23:48:06     1000      9152    0,20    0,20    0,00    0,00    0,40     1  chrome
23:48:06     1000      9378    0,60    0,20    0,00    0,00    0,80     6  gnome-terminal-
23:48:06     1000      9668    0,20    0,00    0,00    0,00    0,20     4  chrome
23:48:06        0     12744    0,00    0,20    0,00    0,00    0,20     6  kworker/u32:0-kvfree_rcu_reclaim
23:48:06     1000     13707    0,00    0,60    0,00    0,00    0,60     3  pidstat
23:48:06     1000     13739    5,00    0,40    0,00    0,00    5,40     2  java

23:48:01      UID       PID  minflt/s  majflt/s     VSZ     RSS   %MEM  Command
23:48:06      115       942     47,60      0,00 1614080   25344   0,16  prometheus-node
23:48:06      115       943      0,20      0,00 2610260  111752   0,69  prometheus
23:48:06        0      1668      0,20      0,00 2463668   69716   0,43  containerd
23:48:06        0      2676      0,60      0,00 3358484  108084   0,67  dockerd
23:48:06        0      3068      0,40      0,00 1235608   15008   0,09  containerd-shim
23:48:06        0      3075      0,40      0,00 1235608   14704   0,09  containerd-shim
23:48:06        0      3076      1,40      0,00 1235608   14924   0,09  containerd-shim
23:48:06        0      3091      4,60      0,00 1235608   15576   0,10  containerd-shim
23:48:06        0      3120      6,00      0,00 1235608   15056   0,09  containerd-shim
23:48:06     1000      4002      0,20      0,00    9560    5816   0,04  dbus-daemon
23:48:06     1000      4003     36,20      0,00  104896   13568   0,08  pipewire
23:48:06     1000      4009     38,40      0,00  171976   15384   0,09  pipewire-pulse
23:48:06     1000      4162      0,20      0,00  312988    8088   0,05  gvfsd
23:48:06     1000      4211    281,00      0,00 5033128  315600   1,94  gnome-shell
23:48:06     1000      4226      0,40      0,00    8340    4280   0,03  dbus-daemon
23:48:06     1000      4941      0,20      0,00  704604   20144   0,12  xdg-desktop-por
23:48:06     1000      5898     35,80      0,00 1461714124  312412   1,92  antigravity
23:48:06     1000      5952     49,80      0,00 34387108  167880   1,03  antigravity
23:48:06     1000      5963      0,80      0,00 33906396   82640   0,51  antigravity
23:48:06     1000      6000    266,40      0,00 1461391980  411024   2,53  antigravity
23:48:06     1000      6006     18,80      0,00 1459645432  275360   1,70  antigravity
23:48:06     1000      6289      0,20      0,00 33951332   64440   0,40  antigravity
23:48:06     1000      6302      7,00      0,00 1461347888  121376   0,75  antigravity
23:48:06     1000      6303      1,60      0,00 1461367164  112552   0,69  antigravity
23:48:06     1000      6334    308,00      0,00 1461342992  259064   1,60  antigravity
23:48:06     1000      6366    301,40      0,00 1461351388  308420   1,90  antigravity
23:48:06     1000      6381     21,00      0,00 1461358904  155612   0,96  antigravity
23:48:06     1000      6409    173,20      0,00 1461383736  115992   0,71  antigravity
23:48:06     1000      7203      0,40      0,00 5307340  505108   3,11  language_server
23:48:06     1000      7325      0,20      0,00 1459530528   86076   0,53  antigravity
23:48:06     1000      9105      9,00      0,00 55447012  385184   2,37  chrome
23:48:06     1000      9152      3,40      0,00 55460652  193140   1,19  chrome
23:48:06     1000      9157      3,00      0,00 54984540  132028   0,81  chrome
23:48:06     1000      9168      0,20      0,00 55021684   62848   0,39  chrome
23:48:06     1000      9642      0,20      0,00 55012336   86728   0,53  chrome
23:48:06     1000      9657     35,80      0,00 1518552488  332828   2,05  chrome
23:48:06     1000     10937      1,00      0,00    7664    3776   0,02  run_all_tests.s
23:48:06     1000     13707      1,20      0,00    6184    5148   0,03  pidstat
23:48:06     1000     13739     32,00      0,00 6045200  261920   1,61  java
23:48:06     1000     14003     27,80      0,00    2672    1668   0,01  sh
23:48:06     1000     14004     66,00      0,00    7012    3344   0,02  cpuUsage.sh
23:48:06     1000     14011     23,80      0,00    5656    1992   0,01  sleep

23:48:01      UID       PID   kB_rd/s   kB_wr/s kB_ccwr/s iodelay  Command
23:48:06     1000      4006      0,00      0,80      0,00       0  wireplumber
23:48:06     1000      4211      0,00     72,80      0,00       0  gnome-shell
23:48:06     1000      6366      0,00      0,80      0,00       0  antigravity
23:48:06     1000      9105      0,00      3,20      0,00       0  chrome
23:48:06     1000      9157      0,00      4,80      0,00       0  chrome
23:48:06     1000     10937      0,00    186,42     72,80       0  run_all_tests.s
23:48:06     1000     13707      0,00      1,25      0,00       0  pidstat
23:48:06     1000     13739      0,00      3,20      0,00       0  java

23:48:06      UID       PID    %usr %system  %guest   %wait    %CPU   CPU  Command
23:48:11        0        57    0,00    1,20    0,00    0,00    1,20     6  ksoftirqd/6
23:48:11        0        58    0,00    0,60    0,00    0,80    0,60     6  kworker/6:0-i915-unordered
23:48:11      115       943    0,20    0,00    0,00    0,00    0,20     1  prometheus
23:48:11        0      1646    0,20    0,00    0,00    0,00    0,20     6  glances
23:48:11        0      1668    0,20    0,00    0,00    0,00    0,20     3  containerd
23:48:11        0      2676    0,40    0,20    0,00    0,00    0,60     1  dockerd
23:48:11      117      2677    0,80    0,40    0,00    0,00    1,20     7  grafana
23:48:11        0      3027    1,20    0,60    0,00    0,00    1,80     7  mount.ntfs-3g
23:48:11        0      3068    0,00    0,20    0,00    0,00    0,20     0  containerd-shim
23:48:11        0      3075    0,20    0,00    0,00    0,00    0,20     3  containerd-shim
23:48:11        0      3076    0,20    0,00    0,00    0,00    0,20     7  containerd-shim
23:48:11        0      3091    0,00    0,20    0,00    0,00    0,20     3  containerd-shim
23:48:11        0      3120    0,20    0,20    0,00    0,00    0,40     4  containerd-shim
23:48:11      999      3241    0,40    0,00    0,00    0,00    0,40     5  redis-server
23:48:11     1000      4211    9,60    6,20    0,00    0,00   15,80     3  gnome-shell
23:48:11     1000      5898    3,00    2,60    0,00    0,00    5,60     0  antigravity
23:48:11     1000      5952    8,80    2,60    0,00    0,00   11,40     2  antigravity
23:48:11     1000      6000    6,40    0,20    0,00    0,00    6,60     3  antigravity
23:48:11     1000      6006    0,20    0,00    0,00    0,00    0,20     2  antigravity
23:48:11     1000      6248    1,20    1,60    0,00    0,00    2,80     4  language_server
23:48:11     1000      6334    0,40    0,40    0,00    0,00    0,80     1  antigravity
23:48:11     1000      6366    1,20    0,20    0,00    0,00    1,40     3  antigravity
23:48:11     1000      6381    0,80    0,00    0,00    0,00    0,80     5  antigravity
23:48:11     1000      6409    0,00    0,20    0,00    0,00    0,20     7  antigravity
23:48:11     1000      6708    1,20    1,20    0,00    0,00    2,40     5  language_server
23:48:11     1000      7203    1,40    1,20    0,00    0,00    2,60     3  language_server
23:48:11        0      8594    0,00    0,60    0,00    0,20    0,60     2  kworker/u33:0-i915_flip
23:48:11     1000      9105    0,20    0,00    0,00    0,00    0,20     5  chrome
23:48:11     1000      9152    0,40    0,00    0,00    0,00    0,40     2  chrome
23:48:11     1000      9378    1,20    0,00    0,00    0,00    1,20     2  gnome-terminal-
23:48:11     1000      9657    0,20    0,00    0,00    0,00    0,20     1  chrome
23:48:11     1000     10899    0,20    0,00    0,00    0,00    0,20     1  antigravity
23:48:11     1000     13707    0,40    0,20    0,00    0,00    0,60     1  pidstat
23:48:11     1000     13739   12,40    0,40    0,00    0,00   12,80     2  java

23:48:06      UID       PID  minflt/s  majflt/s     VSZ     RSS   %MEM  Command
23:48:11        0      2676      2,60      0,00 3358484  108084   0,67  dockerd
23:48:11      117      2677      5,20      0,00 1765380  336744   2,07  grafana
23:48:11        0      3068      1,60      0,00 1235608   14532   0,09  containerd-shim
23:48:11        0      3075      4,80      0,00 1235608   14208   0,09  containerd-shim
23:48:11        0      3076      4,80      0,00 1235608   14316   0,09  containerd-shim
23:48:11        0      3091     10,80      0,00 1235608   15192   0,09  containerd-shim
23:48:11        0      3120      9,60      0,00 1235608   14480   0,09  containerd-shim
23:48:11       70      3230      4,40      0,00  174540   25788   0,16  postgres
23:48:11        0      3248      0,20      0,00  743412   78972   0,49  node
23:48:11     1000      4003      0,00      0,00  103888   13568   0,08  pipewire
23:48:11     1000      4006      0,20      0,00  718576   27064   0,17  wireplumber
23:48:11     1000      4211      3,20      0,00 5033128  315600   1,94  gnome-shell
23:48:11     1000      5898     40,40      0,00 1461714124  312632   1,93  antigravity
23:48:11     1000      5952     25,80      0,00 34379684  167740   1,03  antigravity
23:48:11     1000      5963      0,80      0,00 33906396   82640   0,51  antigravity
23:48:11     1000      6000    126,00      0,00 1461391020  411656   2,54  antigravity
23:48:11     1000      6006     17,60      0,00 1459645432  275744   1,70  antigravity
23:48:11     1000      6289      0,20      0,00 33951332   64440   0,40  antigravity
23:48:11     1000      6302      3,20      0,00 1461347888  121376   0,75  antigravity
23:48:11     1000      6303      0,60      0,00 1461367164  112552   0,69  antigravity
23:48:11     1000      6334     21,40      0,00 1461342992  259044   1,60  antigravity
23:48:11     1000      6366    317,40      0,00 1461351388  308520   1,90  antigravity
23:48:11     1000      6381     20,60      0,00 1461358904  155308   0,96  antigravity
23:48:11     1000      6409     35,60      0,00 1461383736  115988   0,71  antigravity
23:48:11     1000      9105      8,20      0,00 55447012  385184   2,37  chrome
23:48:11     1000      9152      3,40      0,00 55460652  193140   1,19  chrome
23:48:11     1000      9157      3,20      0,00 54984540  132028   0,81  chrome
23:48:11     1000      9168      0,20      0,00 55021684   62848   0,39  chrome
23:48:11     1000      9642      0,20      0,00 55012336   86728   0,53  chrome
23:48:11     1000      9657      0,20      0,00 1518552488  329396   2,03  chrome
23:48:11     1000     13707      1,00      0,00    6184    5148   0,03  pidstat
23:48:11     1000     13739     28,80      0,00 6046228  262560   1,62  java

23:48:06      UID       PID   kB_rd/s   kB_wr/s kB_ccwr/s iodelay  Command
23:48:11     1000     13707      0,00      1,55      0,00       0  pidstat
23:48:11     1000     13739      0,00      3,20      0,00       0  java

23:48:11      UID       PID    %usr %system  %guest   %wait    %CPU   CPU  Command
23:48:16        0         1    0,40    0,20    0,00    0,00    0,60     6  systemd
23:48:16        0        18    0,00    0,20    0,00    0,00    0,20     2  rcu_preempt
23:48:16        0        33    0,20    0,00    0,00    0,00    0,20     2  ksoftirqd/2
23:48:16        0        39    0,20    0,00    0,00    0,00    0,20     3  ksoftirqd/3
23:48:16        0        57    0,00    1,00    0,00    0,00    1,00     6  ksoftirqd/6
23:48:16        0        58    0,00    0,60    0,00    1,00    0,60     6  kworker/6:0-i915-unordered
23:48:16        0        65    0,00    0,20    0,00    0,00    0,20     7  kworker/7:0H-events_highpri
23:48:16        0        73    0,00    0,20    0,00    0,00    0,20     7  kworker/u32:7-ext4-rsv-conversion
23:48:16        0       175    0,00    0,20    0,00    0,00    0,20     6  kworker/6:1H-events_highpri
23:48:16        0       214    0,00    0,20    0,00    0,00    0,20     1  kworker/1:1H-kblockd
23:48:16        0       435    0,00    0,20    0,00    0,00    0,20     7  systemd-udevd
23:48:16      990       908    0,80    0,00    0,00    0,20    0,80     5  dbus-daemon
23:48:16        0       954    0,00    0,20    0,00    0,00    0,20     0  systemd-logind
23:48:16        0      1081    0,20    0,20    0,00    0,00    0,40     6  NetworkManager
23:48:16        0      1646    0,00    0,20    0,00    0,00    0,20     6  glances
23:48:16        0      1654    0,60    0,00    0,00    0,00    0,60     1  tailscaled
23:48:16        0      1668    1,20    0,20    0,00    0,00    1,40     3  containerd
23:48:16      111      1761    0,20    0,00    0,00    0,00    0,20     6  mariadbd
23:48:16        0      2676    0,80    0,80    0,00    0,00    1,60     1  dockerd
23:48:16      117      2677    1,80    0,00    0,00    0,00    1,80     1  grafana
23:48:16        0      3027    1,20    1,00    0,00    0,00    2,20     2  mount.ntfs-3g
23:48:16        0      3068    0,20    0,00    0,00    0,00    0,20     0  containerd-shim
23:48:16        0      3076    0,20    0,00    0,00    0,00    0,20     7  containerd-shim
23:48:16      999      3241    0,60    0,00    0,00    0,00    0,60     1  redis-server
23:48:16     1000      3918    0,20    0,00    0,00    0,00    0,20     2  systemd
23:48:16     1000      4211    9,80    7,00    0,00    0,00   16,80     4  gnome-shell
23:48:16     1000      4491    0,20    0,00    0,00    0,00    0,20     3  gsd-housekeepin
23:48:16     1000      4525    0,20    0,00    0,00    0,00    0,20     0  gsd-sharing
23:48:16     1000      4546    0,20    0,00    0,00    0,00    0,20     5  anydesk
23:48:16     1000      4757    0,20    0,00    0,00    0,00    0,20     3  gvfs-udisks2-vo
23:48:16     1000      4808    0,20    0,00    0,00    0,60    0,20     1  goa-daemon
23:48:16     1000      4944    0,20    0,00    0,00    0,00    0,20     0  gvfsd-trash
23:48:16        0      5233    0,20    0,00    0,00    0,00    0,20     7  fwupd
23:48:16        0      5289    0,00    0,20    0,00    0,00    0,20     2  kworker/u32:11-kvfree_rcu_reclaim
23:48:16     1000      5898    3,80    1,60    0,00    0,00    5,40     7  antigravity
23:48:16     1000      5952   10,00    1,40    0,00    0,00   11,40     3  antigravity
23:48:16     1000      6000    6,80    0,60    0,00    0,00    7,40     1  antigravity
23:48:16     1000      6006    0,20    0,00    0,00    0,00    0,20     0  antigravity
23:48:16     1000      6248    1,80    1,20    0,00    0,00    3,00     4  language_server
23:48:16     1000      6334    0,40    0,20    0,00    0,00    0,60     4  antigravity
23:48:16     1000      6366    0,60    0,80    0,00    0,00    1,40     2  antigravity
23:48:16     1000      6381    0,80    0,20    0,00    0,00    1,00     3  antigravity
23:48:16     1000      6409    0,20    0,20    0,00    0,00    0,40     4  antigravity
23:48:16     1000      6708    1,60    0,60    0,00    0,00    2,20     5  language_server
23:48:16     1000      7203    1,80    0,80    0,00    0,00    2,60     3  language_server
23:48:16        0      8594    0,00    0,60    0,00    0,80    0,60     6  kworker/u33:0-i915_flip
23:48:16     1000      9105    0,00    0,40    0,00    0,00    0,40     7  chrome
23:48:16     1000      9152    0,20    0,00    0,00    0,00    0,20     2  chrome
23:48:16     1000      9157    0,20    0,00    0,00    0,00    0,20     2  chrome
23:48:16     1000      9378    0,80    0,00    0,00    0,00    0,80     7  gnome-terminal-
23:48:16        0     12404    0,00    0,20    0,00    0,00    0,20     3  kworker/3:1-events
23:48:16        0     12697    0,20    0,00    0,00    0,00    0,20     2  kworker/2:1-events
23:48:16     1000     13707    0,00    0,40    0,00    0,00    0,40     5  pidstat
23:48:16     1000     13739    7,20    0,40    0,00    0,00    7,60     2  java

23:48:11      UID       PID  minflt/s  majflt/s     VSZ     RSS   %MEM  Command
23:48:16        0       375     49,60      0,00  163644   81524   0,50  systemd-journal
23:48:16        0       435     84,40      0,00   37432   10756   0,07  systemd-udevd
23:48:16        0      1668     13,60      0,00 2463668   69844   0,43  containerd
23:48:16        0      3068     10,40      0,00 1235608   14788   0,09  containerd-shim
23:48:16        0      3075     10,80      0,00 1235608   14336   0,09  containerd-shim
23:48:16        0      3076     10,20      0,00 1235608   14572   0,09  containerd-shim
23:48:16        0      3091     11,00      0,00 1235608   15192   0,09  containerd-shim
23:48:16        0      3120     12,40      0,00 1235608   14736   0,09  containerd-shim
23:48:16     1000      4211     10,60      0,00 5033192  315460   1,94  gnome-shell
23:48:16     1000      4519      0,20      0,00  455796    7040   0,04  gsd-rfkill
23:48:16     1000      5898     38,20      0,00 1461714124  312040   1,92  antigravity
23:48:16     1000      5952     12,40      0,00 34379684  167620   1,03  antigravity
23:48:16     1000      5963      0,80      0,00 33906396   82640   0,51  antigravity
23:48:16     1000      6000    128,80      0,00 1461391020  412804   2,54  antigravity
23:48:16     1000      6006     17,40      0,00 1459645432  276000   1,70  antigravity
23:48:16     1000      6289      0,20      0,00 33951332   64440   0,40  antigravity
23:48:16     1000      6302      4,40      0,00 1461347888  121376   0,75  antigravity
23:48:16     1000      6303      2,40      0,00 1461367164  112552   0,69  antigravity
23:48:16     1000      6334     46,00      0,00 1461342992  259144   1,60  antigravity
23:48:16     1000      6366    386,40      0,00 1461351388  309240   1,91  antigravity
23:48:16     1000      6381     31,00      0,00 1461358904  155564   0,96  antigravity
23:48:16     1000      6409     11,80      0,00 1461383736  115988   0,71  antigravity
23:48:16     1000      9105     30,20      0,00 55447012  385312   2,37  chrome
23:48:16     1000      9152      6,80      0,00 55460652  193140   1,19  chrome
23:48:16     1000      9157     11,80      0,00 54984540  132028   0,81  chrome
23:48:16     1000      9168      0,40      0,00 55021684   62848   0,39  chrome
23:48:16     1000      9642      0,40      0,00 55012336   86728   0,53  chrome
23:48:16     1000      9657      0,00      0,00 1518552488  328708   2,03  chrome
23:48:16     1000     13739     25,80      0,00 6046228  263072   1,62  java
23:48:16        0     14074     51,80      0,00   37436    6968   0,04  (udev-worker)
23:48:16        0     14084     26,80      0,00   37436    6648   0,04  (udev-worker)
23:48:16        0     14085     28,00      0,00   37436    6776   0,04  (udev-worker)
23:48:16        0     14086     27,40      0,00   37436    6648   0,04  (udev-worker)
23:48:16        0     14087     26,40      0,00   37436    6648   0,04  (udev-worker)
23:48:16        0     14089     27,40      0,00   37436    6648   0,04  (udev-worker)
23:48:16        0     14090     27,00      0,00   37436    6776   0,04  (udev-worker)
23:48:16        0     14091     27,40      0,00   37436    6648   0,04  (udev-worker)
23:48:16        0     14092     58,80      0,00   37436    7032   0,04  (udev-worker)
23:48:16        0     14093     27,00      0,00   37436    6648   0,04  (udev-worker)
23:48:16        0     14095     27,40      0,00   37436    6648   0,04  (udev-worker)
23:48:16        0     14096     27,20      0,00   37436    6648   0,04  (udev-worker)
23:48:16        0     14097     35,80      0,00   37436    6648   0,04  (udev-worker)
23:48:16        0     14098     27,20      0,00   37436    6776   0,04  (udev-worker)
23:48:16        0     14100     26,20      0,00   37436    6648   0,04  (udev-worker)
23:48:16        0     14101     26,40      0,00   37436    6648   0,04  (udev-worker)

23:48:11      UID       PID   kB_rd/s   kB_wr/s kB_ccwr/s iodelay  Command
23:48:16     1000      6366      0,00      0,80      0,00       0  antigravity
23:48:16     1000      9105      0,00     14,40      0,00       0  chrome
23:48:16     1000     13707      0,00      1,18      0,00       0  pidstat
23:48:16     1000     13739      0,00      3,20      0,00       0  java

23:48:16      UID       PID    %usr %system  %guest   %wait    %CPU   CPU  Command
23:48:21        0        57    0,00    1,20    0,00    0,00    1,20     6  ksoftirqd/6
23:48:21        0        58    0,00    0,80    0,00    0,60    0,80     6  kworker/6:0-i915-unordered
23:48:21        0        86    0,00    0,20    0,00    0,00    0,20     1  irq/9-acpi
23:48:21        0        90    0,00    0,20    0,00    0,00    0,20     4  kworker/4:1-events
23:48:21        0       113    0,00    0,20    0,00    0,00    0,20     0  kworker/0:1H-events_highpri
23:48:21      990       908    0,60    0,00    0,00    0,00    0,60     6  dbus-daemon
23:48:21      115       942    1,40    0,60    0,00    0,00    2,00     3  prometheus-node
23:48:21      115       943    0,20    0,00    0,00    0,00    0,20     1  prometheus
23:48:21        0      1646    0,20    0,00    0,00    0,00    0,20     6  glances
23:48:21        0      1668    0,20    0,00    0,00    0,00    0,20     3  containerd
23:48:21        0      2676    0,40    0,20    0,00    0,00    0,60     1  dockerd
23:48:21      117      2677    0,60    0,20    0,00    0,00    0,80     1  grafana
23:48:21        0      3027    1,40    0,80    0,00    0,00    2,20     3  mount.ntfs-3g
23:48:21        0      3075    0,00    0,20    0,00    0,00    0,20     3  containerd-shim
23:48:21        0      3091    0,20    0,00    0,00    0,00    0,20     3  containerd-shim
23:48:21      999      3241    0,40    0,00    0,00    0,00    0,40     2  redis-server
23:48:21     1000      4211    7,20    8,60    0,00    0,00   15,80     5  gnome-shell
23:48:21     1000      5898    4,00    1,40    0,00    0,20    5,40     7  antigravity
23:48:21     1000      5952    8,20    3,00    0,00    0,00   11,20     1  antigravity
23:48:21     1000      6000    6,00    0,80    0,00    0,00    6,80     2  antigravity
23:48:21     1000      6006    0,20    0,00    0,00    0,00    0,20     6  antigravity
23:48:21     1000      6248    4,40    0,60    0,00    0,00    5,00     2  language_server
23:48:21     1000      6334    0,40    0,20    0,00    0,00    0,60     7  antigravity
23:48:21     1000      6366    1,00    0,40    0,00    0,00    1,40     0  antigravity
23:48:21     1000      6381    0,60    0,20    0,00    0,00    0,80     6  antigravity
23:48:21     1000      6409    0,20    0,20    0,00    0,00    0,40     5  antigravity
23:48:21     1000      6708    1,20    1,20    0,00    0,00    2,40     5  language_server
23:48:21     1000      7203    1,60    1,20    0,00    0,00    2,80     3  language_server
23:48:21        0      8594    0,00    0,80    0,00    0,00    0,80     4  kworker/u33:0-i915_flip
23:48:21     1000      9105    0,20    0,00    0,00    0,00    0,20     4  chrome
23:48:21     1000      9152    0,20    0,00    0,00    0,00    0,20     2  chrome
23:48:21     1000      9378    0,80    0,00    0,00    0,00    0,80     7  gnome-terminal-
23:48:21     1000     13707    0,20    0,40    0,00    0,00    0,60     3  pidstat
23:48:21     1000     13739    7,40    0,20    0,00    0,00    7,60     2  java

23:48:16      UID       PID  minflt/s  majflt/s     VSZ     RSS   %MEM  Command
23:48:21        0       435      1,60      0,00   37432   10756   0,07  systemd-udevd
23:48:21      115       942     90,20      0,00 1614080   25636   0,16  prometheus-node
23:48:21      114      1776      3,60      0,00  218252   29316   0,18  postgres
23:48:21        0      3068     12,20      0,00 1235608   15044   0,09  containerd-shim
23:48:21        0      3075     13,60      0,00 1235608   14592   0,09  containerd-shim
23:48:21        0      3076     12,20      0,00 1235608   14828   0,09  containerd-shim
23:48:21        0      3091      7,00      0,00 1235608   15576   0,10  containerd-shim
23:48:21        0      3120     13,60      0,00 1235608   14992   0,09  containerd-shim
23:48:21     1000      4211      1,00      0,00 5024944  315460   1,94  gnome-shell
23:48:21     1000      5898     64,40      0,00 1461714124  312760   1,93  antigravity
23:48:21     1000      5952     21,60      0,00 34379748  167876   1,03  antigravity
23:48:21     1000      5963      1,60      0,00 33906396   82640   0,51  antigravity
23:48:21     1000      6000    126,80      0,00 1461391020  413944   2,55  antigravity
23:48:21     1000      6006     17,60      0,00 1459645432  276384   1,70  antigravity
23:48:21     1000      6248      0,00      0,00 5510764  513840   3,17  language_server
23:48:21     1000      6289      0,40      0,00 33951332   64440   0,40  antigravity
23:48:21     1000      6302      3,20      0,00 1461347888  121376   0,75  antigravity
23:48:21     1000      6303      0,80      0,00 1461367164  112552   0,69  antigravity
23:48:21     1000      6334     63,80      0,00 1461342992  259504   1,60  antigravity
23:48:21     1000      6366    295,60      0,00 1461351388  309056   1,90  antigravity
23:48:21     1000      6381     22,40      0,00 1461358904  155660   0,96  antigravity
23:48:21     1000      6409      5,00      0,00 1461383736  115988   0,71  antigravity
23:48:21     1000      9105      8,20      0,00 55447012  385180   2,37  chrome
23:48:21     1000      9152      3,40      0,00 55460652  193140   1,19  chrome
23:48:21     1000      9157      3,00      0,00 54984540  132028   0,81  chrome
23:48:21     1000      9168      0,20      0,00 55021684   62848   0,39  chrome
23:48:21     1000      9642      0,20      0,00 55012336   86728   0,53  chrome
23:48:21     1000     13707      3,80      0,00    6316    5148   0,03  pidstat
23:48:21     1000     13739     16,60      0,00 6046228  265724   1,64  java

23:48:16      UID       PID   kB_rd/s   kB_wr/s kB_ccwr/s iodelay  Command
23:48:21     1000      6366      0,00      0,80      0,00       0  antigravity
23:48:21     1000      9105      0,00      5,60      0,00       0  chrome
23:48:21     1000     13707      0,00      1,79      0,00       0  pidstat
23:48:21     1000     13739      0,00      3,20      0,00       0  java

23:48:21      UID       PID    %usr %system  %guest   %wait    %CPU   CPU  Command
23:48:26        0        57    0,00    1,00    0,00    0,20    1,00     6  ksoftirqd/6
23:48:26        0        58    0,00    0,60    0,00    0,80    0,60     6  kworker/6:0-i915-unordered
23:48:26        0       647    0,00    0,20    0,00    0,00    0,20     0  irq/130-iwlwifi
23:48:26      115       943    0,20    0,20    0,00    0,00    0,40     1  prometheus
23:48:26        0      1668    0,40    0,20    0,00    0,00    0,60     3  containerd
23:48:26        0      2676    0,40    0,00    0,00    0,00    0,40     1  dockerd
23:48:26      117      2677    0,20    0,40    0,00    0,00    0,60     7  grafana
23:48:26        0      3027    1,60    0,60    0,00    0,00    2,20     5  mount.ntfs-3g
23:48:26        0      3075    0,00    0,20    0,00    0,00    0,20     3  containerd-shim
23:48:26        0      3076    0,20    0,00    0,00    0,00    0,20     7  containerd-shim
23:48:26        0      3120    0,00    0,20    0,00    0,00    0,20     4  containerd-shim
23:48:26      999      3241    0,40    0,20    0,00    0,00    0,60     2  redis-server
23:48:26     1000      4211    9,80    5,80    0,00    0,00   15,60     4  gnome-shell
23:48:26     1000      5898    3,40    2,00    0,00    0,00    5,40     5  antigravity
23:48:26     1000      5952    8,00    3,20    0,00    0,20   11,20     4  antigravity
23:48:26     1000      6000   16,60    1,00    0,00    0,00   17,60     3  antigravity
23:48:26     1000      6006    0,20    0,00    0,00    0,00    0,20     6  antigravity
23:48:26     1000      6248    1,40    1,40    0,00    0,00    2,80     6  language_server
23:48:26     1000      6334    0,40    0,20    0,00    0,20    0,60     7  antigravity
23:48:26     1000      6366    1,00    0,20    0,00    0,00    1,20     0  antigravity
23:48:26     1000      6381    0,80    0,20    0,00    0,00    1,00     3  antigravity
23:48:26     1000      6708    1,40    1,00    0,00    0,00    2,40     5  language_server
23:48:26     1000      7203    1,80    0,80    0,00    0,00    2,60     3  language_server
23:48:26     1000      7325    0,00    0,20    0,00    0,00    0,20     4  antigravity
23:48:26        0      8594    0,00    0,80    0,00    0,20    0,80     5  kworker/u33:0-i915_flip
23:48:26     1000      9105    0,20    0,20    0,00    0,00    0,40     1  chrome
23:48:26     1000      9152    0,40    0,20    0,00    0,00    0,60     2  chrome
23:48:26     1000      9378    1,20    0,00    0,00    0,00    1,20     7  gnome-terminal-
23:48:26     1000     13707    0,20    0,20    0,00    0,00    0,40     2  pidstat
23:48:26     1000     13739    9,60    0,40    0,00    0,00   10,00     2  java

23:48:21      UID       PID  minflt/s  majflt/s     VSZ     RSS   %MEM  Command
23:48:26      115       943      0,40      0,00 2610260  111752   0,69  prometheus
23:48:26        0      3068      8,60      0,00 1235608   15172   0,09  containerd-shim
23:48:26        0      3075      1,00      0,00 1235608   14720   0,09  containerd-shim
23:48:26        0      3076      7,00      0,00 1235608   15084   0,09  containerd-shim
23:48:26        0      3091      8,60      0,00 1235608   15704   0,10  containerd-shim
23:48:26        0      3120      9,60      0,00 1235608   15120   0,09  containerd-shim
23:48:26     1000      4211      7,20      0,00 5033128  315460   1,94  gnome-shell
23:48:26     1000      5898     44,20      0,00 1461714124  312728   1,93  antigravity
23:48:26     1000      5952      6,20      0,00 34379748  168004   1,03  antigravity
23:48:26     1000      5963      0,80      0,00 33906396   82640   0,51  antigravity
23:48:26     1000      6000    270,20      0,00 1461391020  407008   2,51  antigravity
23:48:26     1000      6006     16,60      0,00 1459645432  276640   1,70  antigravity
23:48:26     1000      6289      0,20      0,00 33951332   64440   0,40  antigravity
23:48:26     1000      6302      7,00      0,00 1461347888  121376   0,75  antigravity
23:48:26     1000      6303      1,40      0,00 1461367164  112552   0,69  antigravity
23:48:26     1000      6334     12,20      0,00 1461342992  258928   1,60  antigravity
23:48:26     1000      6366    288,20      0,00 1461351388  309160   1,90  antigravity
23:48:26     1000      6381     20,20      0,00 1461358904  155536   0,96  antigravity
23:48:26     1000      6409      5,60      0,00 1461383736  115988   0,71  antigravity
23:48:26     1000      9105      8,60      0,00 55447012  385180   2,37  chrome
23:48:26     1000      9152      3,40      0,00 55460652  193140   1,19  chrome
23:48:26     1000      9157     16,80      0,00 54984540  132284   0,81  chrome
23:48:26     1000      9168      0,20      0,00 55021684   62848   0,39  chrome
23:48:26     1000      9642      0,20      0,00 55012336   86728   0,53  chrome
23:48:26     1000     13739     22,20      0,00 6046228  266236   1,64  java

23:48:21      UID       PID   kB_rd/s   kB_wr/s kB_ccwr/s iodelay  Command
23:48:26     1000      6366      0,00      0,80      0,00       0  antigravity
23:48:26     1000      9105      0,00      1,60      0,00       0  chrome
23:48:26     1000      9157      0,00     28,80      0,00       0  chrome
23:48:26     1000     13707      0,00      1,17      0,00       0  pidstat
23:48:26     1000     13739      0,00      3,20      0,00       0  java

23:48:26      UID       PID    %usr %system  %guest   %wait    %CPU   CPU  Command
23:48:31        0        27    0,20    0,00    0,00    0,00    0,20     1  ksoftirqd/1
23:48:31        0        57    0,00    1,20    0,00    0,00    1,20     6  ksoftirqd/6
23:48:31        0        58    0,00    0,60    0,00    0,60    0,60     6  kworker/6:0-i915-unordered
23:48:31        0        67    0,00    0,20    0,00    0,00    0,20     2  kworker/u32:1-kvfree_rcu_reclaim
23:48:31        0      1646    0,20    0,00    0,00    0,00    0,20     6  glances
23:48:31        0      1654    0,20    0,00    0,00    0,00    0,20     1  tailscaled
23:48:31        0      1668    0,00    0,20    0,00    0,00    0,20     3  containerd
23:48:31        0      2676    0,40    0,20    0,00    0,00    0,60     1  dockerd
23:48:31      117      2677    0,60    0,20    0,00    0,00    0,80     4  grafana
23:48:31        0      3027    1,20    0,60    0,00    0,00    1,80     7  mount.ntfs-3g
23:48:31        0      3068    0,20    0,00    0,00    0,00    0,20     0  containerd-shim
23:48:31        0      3076    0,00    0,20    0,00    0,00    0,20     7  containerd-shim
23:48:31        0      3091    0,20    0,00    0,00    0,00    0,20     3  containerd-shim
23:48:31        0      3120    0,20    0,00    0,00    0,00    0,20     4  containerd-shim
23:48:31      999      3241    0,40    0,00    0,00    0,00    0,40     5  redis-server
23:48:31     1000      4211    8,40    7,00    0,00    0,00   15,40     4  gnome-shell
23:48:31     1000      5898    4,00    1,40    0,00    0,00    5,40     5  antigravity
23:48:31     1000      5952    8,80    2,60    0,00    0,00   11,40     2  antigravity
23:48:31     1000      6000    7,20    0,60    0,00    0,00    7,80     3  antigravity
23:48:31     1000      6248    1,80    1,20    0,00    0,00    3,00     4  language_server
23:48:31     1000      6334    0,40    0,00    0,00    0,00    0,40     3  antigravity
23:48:31     1000      6366    1,00    0,40    0,00    0,00    1,40     6  antigravity
23:48:31     1000      6381    0,60    0,00    0,00    0,00    0,60     0  antigravity
23:48:31     1000      6409    0,40    0,20    0,00    0,00    0,60     6  antigravity
23:48:31     1000      6708    1,20    1,20    0,00    0,00    2,40     5  language_server
23:48:31     1000      7203    1,80    0,80    0,00    0,00    2,60     3  language_server
23:48:31        0      8594    0,00    0,60    0,00    0,00    0,60     7  kworker/u33:0-i915_flip
23:48:31     1000      9105    0,20    0,00    0,00    0,20    0,20     0  chrome
23:48:31     1000      9152    0,20    0,00    0,00    0,00    0,20     3  chrome
23:48:31     1000      9210    0,00    0,20    0,00    0,00    0,20     2  chrome
23:48:31     1000      9378    0,80    0,00    0,00    0,00    0,80     5  gnome-terminal-
23:48:31     1000     10899    0,20    0,00    0,00    0,00    0,20     4  antigravity
23:48:31     1000     13707    0,20    0,40    0,00    0,00    0,60     1  pidstat
23:48:31     1000     13739    5,80    0,40    0,00    0,00    6,20     2  java

23:48:26      UID       PID  minflt/s  majflt/s     VSZ     RSS   %MEM  Command
23:48:31      115       943      0,40      0,00 2610260  111752   0,69  prometheus
23:48:31        0      3068      0,80      0,00 1235608   15172   0,09  containerd-shim
23:48:31        0      3075      1,20      0,00 1235608   14720   0,09  containerd-shim
23:48:31        0      3091     11,20      0,00 1235608   15832   0,10  containerd-shim
23:48:31        0      3120      3,80      0,00 1235608   15120   0,09  containerd-shim
23:48:31     1000      4211      3,40      0,00 5033128  315588   1,94  gnome-shell
23:48:31     1000      5898     37,40      0,00 1461714124  312492   1,93  antigravity
23:48:31     1000      5952     12,40      0,00 34379764  167640   1,03  antigravity
23:48:31     1000      5963      0,80      0,00 33906396   82640   0,51  antigravity
23:48:31     1000      6000    150,00      0,00 1461391020  406584   2,50  antigravity
23:48:31     1000      6006      8,00      0,00 1459645432  276768   1,71  antigravity
23:48:31     1000      6289      0,20      0,00 33951332   64440   0,40  antigravity
23:48:31     1000      6302      3,20      0,00 1461347888  121376   0,75  antigravity
23:48:31     1000      6303      1,00      0,00 1461367164  112552   0,69  antigravity
23:48:31     1000      6334     10,40      0,00 1461342992  258928   1,60  antigravity
23:48:31     1000      6366    308,20      0,00 1461351388  308892   1,90  antigravity
23:48:31     1000      6381     23,00      0,00 1461358904  155188   0,96  antigravity
23:48:31     1000      6409    109,60      0,00 1461383736  116244   0,72  antigravity
23:48:31     1000      9105      4,40      0,00 55447012  385308   2,37  chrome
23:48:31     1000      9152      3,40      0,00 55460652  193140   1,19  chrome
23:48:31     1000      9157      3,40      0,00 54984540  132136   0,81  chrome
23:48:31     1000      9168      0,20      0,00 55021684   62848   0,39  chrome
23:48:31     1000      9642      0,20      0,00 55012336   86728   0,53  chrome
23:48:31     1000      9657      0,00      0,00 1518552488  327492   2,02  chrome
23:48:31     1000     13739     10,40      0,00 6046228  266364   1,64  java
23:48:31     1000     14226     27,60      0,00    2672    1584   0,01  sh
23:48:31     1000     14227     66,60      0,00    7012    3348   0,02  cpuUsage.sh
23:48:31     1000     14234     23,00      0,00    5656    2000   0,01  sleep

23:48:26      UID       PID   kB_rd/s   kB_wr/s kB_ccwr/s iodelay  Command
23:48:31     1000      6366      0,00      0,80      0,00       0  antigravity
23:48:31     1000      9105      0,00      1,60      0,00       0  chrome
23:48:31     1000     13707      0,00      1,05      0,00       0  pidstat
23:48:31     1000     13739      0,00      3,26      0,00       0  java

23:48:31      UID       PID    %usr %system  %guest   %wait    %CPU   CPU  Command
23:48:36        0         1    0,20    0,00    0,00    0,00    0,20     2  systemd
23:48:36        0        57    0,00    1,20    0,00    0,00    1,20     6  ksoftirqd/6
23:48:36        0        58    0,00    0,60    0,00    0,60    0,60     6  kworker/6:0-i915-unordered
23:48:36        0        86    0,00    0,20    0,00    0,00    0,20     1  irq/9-acpi
23:48:36      990       908    0,80    0,20    0,00    0,00    1,00     3  dbus-daemon
23:48:36      986       934    0,20    0,00    0,00    0,00    0,20     4  polkitd
23:48:36      115       942    1,40    0,80    0,00    0,00    2,20     3  prometheus-node
23:48:36      115       943    0,20    0,00    0,00    0,00    0,20     1  prometheus
23:48:36        0      1646    0,20    0,00    0,00    0,00    0,20     6  glances
23:48:36        0      1654    0,20    0,20    0,00    0,00    0,40     1  tailscaled
23:48:36        0      1668    0,60    0,20    0,00    0,00    0,80     3  containerd
23:48:36        0      2676    0,20    0,20    0,00    0,00    0,40     1  dockerd
23:48:36      117      2677    0,40    0,60    0,00    0,00    1,00     3  grafana
23:48:36        0      3027    1,20    0,80    0,00    0,00    2,00     0  mount.ntfs-3g
23:48:36        0      3068    0,00    0,20    0,00    0,00    0,20     0  containerd-shim
23:48:36      999      3241    0,40    0,00    0,00    0,00    0,40     3  redis-server
23:48:36       70      3672    0,20    0,00    0,00    0,00    0,20     3  postgres
23:48:36     1000      4211    7,80    8,20    0,00    0,00   16,00     5  gnome-shell
23:48:36     1000      5898    3,80    1,40    0,00    0,00    5,20     0  antigravity
23:48:36     1000      5952    9,40    1,60    0,00    0,00   11,00     6  antigravity
23:48:36     1000      6000    6,20    1,00    0,00    0,00    7,20     7  antigravity
23:48:36     1000      6006    0,20    0,00    0,00    0,00    0,20     3  antigravity
23:48:36     1000      6248    1,80    1,00    0,00    0,00    2,80     7  language_server
23:48:36     1000      6334    0,40    0,00    0,00    0,00    0,40     5  antigravity
23:48:36     1000      6366    0,80    0,40    0,00    0,00    1,20     5  antigravity
23:48:36     1000      6381    0,40    0,20    0,00    0,00    0,60     5  antigravity
23:48:36     1000      6409    0,40    0,20    0,00    0,00    0,60     6  antigravity
23:48:36     1000      6708    1,20    1,00    0,00    0,00    2,20     5  language_server
23:48:36     1000      7203    1,80    0,80    0,00    0,00    2,60     3  language_server
23:48:36        0      8594    0,00    0,80    0,00    0,00    0,80     1  kworker/u33:0-i915_flip
23:48:36     1000      9152    0,20    0,00    0,00    0,00    0,20     3  chrome
23:48:36     1000      9157    0,20    0,00    0,00    0,00    0,20     0  chrome
23:48:36     1000      9378    1,20    0,00    0,00    0,00    1,20     0  gnome-terminal-
23:48:36     1000      9773    0,20    0,00    0,00    0,00    0,20     3  ssh
23:48:36        0     12744    0,00    0,20    0,00    0,00    0,20     0  kworker/u32:0-kvfree_rcu_reclaim
23:48:36     1000     13707    0,40    0,20    0,00    0,00    0,60     2  pidstat
23:48:36     1000     13739    6,20    0,40    0,00    0,00    6,60     2  java

23:48:31      UID       PID  minflt/s  majflt/s     VSZ     RSS   %MEM  Command
23:48:36      115       942     85,00      0,00 1614080   25536   0,16  prometheus-node
23:48:36        0      1668      2,80      0,00 2463668   69844   0,43  containerd
23:48:36        0      3075      6,60      0,00 1235608   15104   0,09  containerd-shim
23:48:36        0      3076      0,40      0,00 1235608   15084   0,09  containerd-shim
23:48:36        0      3091      0,60      0,00 1235608   15568   0,10  containerd-shim
23:48:36        0      3120      0,40      0,00 1235608   15120   0,09  containerd-shim
23:48:36     1000      4211      9,80      0,00 5033136  315460   1,94  gnome-shell
23:48:36     1000      5898     36,80      0,00 1461714124  312000   1,92  antigravity
23:48:36     1000      5952     28,40      0,00 34380716  167580   1,03  antigravity
23:48:36     1000      5963      0,80      0,00 33906396   82640   0,51  antigravity
23:48:36     1000      6000     93,00      0,00 1461391980  407088   2,51  antigravity
23:48:36     1000      6006      7,60      0,00 1459645432  276896   1,71  antigravity
23:48:36     1000      6289      0,20      0,00 33951332   64440   0,40  antigravity
23:48:36     1000      6302      3,20      0,00 1461347888  121376   0,75  antigravity
23:48:36     1000      6303      0,60      0,00 1461367164  112552   0,69  antigravity
23:48:36     1000      6334      8,80      0,00 1461342992  258928   1,60  antigravity
23:48:36     1000      6366    265,00      0,00 1461351388  309124   1,90  antigravity
23:48:36     1000      6381     20,80      0,00 1461358904  155444   0,96  antigravity
23:48:36     1000      6409    149,00      0,00 1461383736  116452   0,72  antigravity
23:48:36     1000      9105     17,20      0,00 55447012  385308   2,37  chrome
23:48:36     1000      9152      6,80      0,00 55460652  193140   1,19  chrome
23:48:36     1000      9157      6,20      0,00 54984540  132136   0,81  chrome
23:48:36     1000      9168      0,40      0,00 55021684   62848   0,39  chrome
23:48:36     1000      9642      0,40      0,00 55012336   86728   0,53  chrome
23:48:36     1000     13739     16,20      0,00 6046228  266492   1,64  java
23:48:36     1000     14258     27,80      0,00    2672    1604   0,01  sh
23:48:36     1000     14259     66,00      0,00    7012    3248   0,02  cpuUsage.sh
23:48:36     1000     14266     23,40      0,00    5656    2108   0,01  sleep

23:48:31      UID       PID   kB_rd/s   kB_wr/s kB_ccwr/s iodelay  Command
23:48:36     1000      6366      0,00      0,80      0,00       0  antigravity
23:48:36     1000      9105      0,00      5,60      0,00       0  chrome
23:48:36     1000     13707      0,00      1,15      0,00       0  pidstat
23:48:36     1000     13739      0,00      3,20      0,00       0  java

23:48:36      UID       PID    %usr %system  %guest   %wait    %CPU   CPU  Command
23:48:41        0        17    0,20    0,00    0,00    0,00    0,20     0  ksoftirqd/0
23:48:41        0        18    0,00    0,20    0,00    0,00    0,20     7  rcu_preempt
23:48:41        0        57    0,00    1,00    0,00    0,00    1,00     6  ksoftirqd/6
23:48:41        0        58    0,00    0,80    0,00    1,00    0,80     6  kworker/6:0-i915-unordered
23:48:41        0      1646    0,20    0,00    0,00    0,00    0,20     6  glances
23:48:41        0      1654    0,00    0,20    0,00    0,00    0,20     1  tailscaled
23:48:41        0      1668    0,20    0,00    0,00    0,00    0,20     3  containerd
23:48:41        0      1783    0,20    0,00    0,00    0,00    0,20     7  apache2
23:48:41        0      2676    0,60    0,20    0,00    0,00    0,80     1  dockerd
23:48:41      117      2677    0,60    0,20    0,00    0,00    0,80     5  grafana
23:48:41        0      3027    1,60    0,60    0,00    0,00    2,20     7  mount.ntfs-3g
23:48:41        0      3075    0,20    0,00    0,00    0,00    0,20     3  containerd-shim
23:48:41        0      3076    0,00    0,20    0,00    0,00    0,20     7  containerd-shim
23:48:41        0      3091    0,20    0,00    0,00    0,00    0,20     3  containerd-shim
23:48:41        0      3120    0,20    0,00    0,00    0,00    0,20     4  containerd-shim
23:48:41      999      3241    0,60    0,00    0,00    0,00    0,60     5  redis-server
23:48:41     1000      4211    9,00    6,80    0,00    0,20   15,80     3  gnome-shell
23:48:41     1000      5898    2,80    2,20    0,00    0,20    5,00     2  antigravity
23:48:41     1000      5952    9,20    2,20    0,00    0,00   11,40     1  antigravity
23:48:41     1000      6000    6,60    0,40    0,00    0,00    7,00     3  antigravity
23:48:41     1000      6006    0,20    0,00    0,00    0,00    0,20     6  antigravity
23:48:41     1000      6248    1,40    1,60    0,00    0,00    3,00     1  language_server
23:48:41     1000      6334    0,60    0,20    0,00    0,00    0,80     2  antigravity
23:48:41     1000      6366    0,80    0,40    0,00    0,00    1,20     5  antigravity
23:48:41     1000      6381    1,20    0,00    0,00    0,00    1,20     2  antigravity
23:48:41     1000      6409    0,20    0,20    0,00    0,00    0,40     4  antigravity
23:48:41     1000      6708    1,20    1,20    0,00    0,00    2,40     5  language_server
23:48:41     1000      7203    0,80    1,80    0,00    0,00    2,60     3  language_server
23:48:41        0      8594    0,00    0,60    0,00    0,00    0,60     7  kworker/u33:0-i915_flip
23:48:41     1000      9105    0,20    0,20    0,00    0,00    0,40     0  chrome
23:48:41     1000      9152    0,40    0,00    0,00    0,00    0,40     5  chrome
23:48:41     1000      9168    0,00    0,20    0,00    0,00    0,20     7  chrome
23:48:41     1000      9378    0,80    0,00    0,00    0,00    0,80     5  gnome-terminal-
23:48:41     1000      9657    0,20    0,00    0,00    0,00    0,20     2  chrome
23:48:41     1000     13707    0,20    0,20    0,00    0,00    0,40     4  pidstat
23:48:41     1000     13739   14,20    0,40    0,00    0,00   14,60     2  java

23:48:36      UID       PID  minflt/s  majflt/s     VSZ     RSS   %MEM  Command
23:48:41      114      1776      4,00      0,00  218252   29316   0,18  postgres
23:48:41      117      2677      0,40      0,00 1765380  336744   2,07  grafana
23:48:41        0      3068      6,40      0,00 1235608   14692   0,09  containerd-shim
23:48:41        0      3075      8,60      0,00 1235608   14456   0,09  containerd-shim
23:48:41        0      3076      8,20      0,00 1235608   14604   0,09  containerd-shim
23:48:41        0      3091      5,00      0,00 1235608   15092   0,09  containerd-shim
23:48:41        0      3120      6,40      0,00 1235608   14556   0,09  containerd-shim
23:48:41     1000      4211      1,20      0,00 5033128  315460   1,94  gnome-shell
23:48:41     1000      5898     34,60      0,00 1461714124  312512   1,93  antigravity
23:48:41     1000      5952     25,80      0,00 34379692  167964   1,03  antigravity
23:48:41     1000      5963      1,60      0,00 33906396   82640   0,51  antigravity
23:48:41     1000      6000     81,00      0,00 1461391020  408240   2,51  antigravity
23:48:41     1000      6006      7,40      0,00 1459645432  277152   1,71  antigravity
23:48:41     1000      6289      0,40      0,00 33951332   64440   0,40  antigravity
23:48:41     1000      6302      3,80      0,00 1461347888  121376   0,75  antigravity
23:48:41     1000      6303      1,00      0,00 1461367164  112552   0,69  antigravity
23:48:41     1000      6334    102,00      0,00 1461342992  259620   1,60  antigravity
23:48:41     1000      6366    270,60      0,00 1461351388  309252   1,91  antigravity
23:48:41     1000      6381     31,00      0,00 1461358904  155448   0,96  antigravity
23:48:41     1000      6409     18,00      0,00 1461383736  116308   0,72  antigravity
23:48:41     1000      7203      0,40      0,00 5307340  505108   3,11  language_server
23:48:41     1000      9105      8,40      0,00 55447012  385308   2,37  chrome
23:48:41     1000      9152      3,40      0,00 55460652  193140   1,19  chrome
23:48:41     1000      9157      3,20      0,00 54984540  132136   0,81  chrome
23:48:41     1000      9168      0,20      0,00 55021684   62848   0,39  chrome
23:48:41     1000      9642      0,20      0,00 55012336   86728   0,53  chrome
23:48:41     1000     13739     14,00      0,00 6046228  266748   1,64  java

23:48:36      UID       PID   kB_rd/s   kB_wr/s kB_ccwr/s iodelay  Command
23:48:41     1000      6366      0,00      0,80      0,00       0  antigravity
23:48:41     1000     13707      0,00      1,20      0,00       0  pidstat
23:48:41     1000     13739      0,00      3,20      0,00       0  java

23:48:41      UID       PID    %usr %system  %guest   %wait    %CPU   CPU  Command
23:48:46        0        57    0,00    1,20    0,00    0,00    1,20     6  ksoftirqd/6
23:48:46        0        58    0,00    0,60    0,00    0,60    0,60     6  kworker/6:0-i915-unordered
23:48:46        0        65    0,00    0,20    0,00    0,00    0,20     7  kworker/7:0H-kblockd
23:48:46        0       175    0,00    0,20    0,00    0,00    0,20     6  kworker/6:1H-events_highpri
23:48:46      115       943    0,40    0,00    0,00    0,00    0,40     1  prometheus
23:48:46        0      1668    0,20    0,20    0,00    0,00    0,40     3  containerd
23:48:46        0      2676    0,20    0,40    0,00    0,00    0,60     1  dockerd
23:48:46      117      2677    0,60    0,20    0,00    0,00    0,80     0  grafana
23:48:46        0      3027    1,40    0,80    0,00    0,00    2,20     0  mount.ntfs-3g
23:48:46        0      3068    0,00    0,20    0,00    0,00    0,20     0  containerd-shim
23:48:46        0      3075    0,00    0,20    0,00    0,00    0,20     3  containerd-shim
23:48:46      999      3241    0,40    0,00    0,00    0,00    0,40     1  redis-server
23:48:46     1000      4211    7,20    8,40    0,00    0,00   15,60     5  gnome-shell
23:48:46     1000      5898    4,20    1,40    0,00    0,00    5,60     3  antigravity
23:48:46     1000      5952    9,40    1,60    0,00    0,00   11,00     1  antigravity
23:48:46     1000      6000    6,20    1,00    0,00    0,00    7,20     2  antigravity
23:48:46     1000      6006    0,20    0,00    0,00    0,00    0,20     4  antigravity
23:48:46     1000      6248    1,40    1,60    0,00    0,00    3,00     5  language_server
23:48:46     1000      6334    0,40    0,20    0,00    0,00    0,60     3  antigravity
23:48:46     1000      6366    0,80    0,40    0,00    0,00    1,20     2  antigravity
23:48:46     1000      6381    0,80    0,20    0,00    0,00    1,00     3  antigravity
23:48:46     1000      6409    0,20    0,20    0,00    0,00    0,40     2  antigravity
23:48:46     1000      6708    1,20    1,20    0,00    0,00    2,40     5  language_server
23:48:46     1000      7203    1,60    1,20    0,00    0,00    2,80     3  language_server
23:48:46        0      8594    0,00    0,60    0,00    0,00    0,60     0  kworker/u33:0+i915_flip
23:48:46     1000      9105    0,20    0,00    0,00    0,00    0,20     7  chrome
23:48:46     1000      9152    0,20    0,20    0,00    0,00    0,40     5  chrome
23:48:46     1000      9335    0,20    0,00    0,00    0,00    0,20     7  chrome
23:48:46     1000      9378    0,80    0,00    0,00    0,00    0,80     2  gnome-terminal-
23:48:46        0     13650    0,20    0,00    0,00    0,00    0,20     0  kworker/0:1-events
23:48:46     1000     13707    0,00    0,40    0,00    0,00    0,40     7  pidstat
23:48:46     1000     13739    5,40    0,40    0,00    0,00    5,80     2  java

23:48:41      UID       PID  minflt/s  majflt/s     VSZ     RSS   %MEM  Command
23:48:46      115       943      0,20      0,00 2610260  111752   0,69  prometheus
23:48:46        0      2676      0,40      0,00 3358484  108084   0,67  dockerd
23:48:46        0      3068     12,00      0,00 1235608   14820   0,09  containerd-shim
23:48:46        0      3075     12,40      0,00 1235608   14584   0,09  containerd-shim
23:48:46        0      3076     10,20      0,00 1235608   14732   0,09  containerd-shim
23:48:46        0      3091      9,40      0,00 1235608   15092   0,09  containerd-shim
23:48:46        0      3120     12,60      0,00 1235608   14684   0,09  containerd-shim
23:48:46     1000      4211      7,20      0,00 5025008  315588   1,94  gnome-shell
23:48:46     1000      5898     38,40      0,00 1461714124  312500   1,93  antigravity
23:48:46     1000      5952      4,80      0,00 34379692  167964   1,03  antigravity
23:48:46     1000      5963      0,80      0,00 33906396   82640   0,51  antigravity
23:48:46     1000      6000    147,20      0,00 1461391020  409376   2,52  antigravity
23:48:46     1000      6006     16,80      0,00 1459645432  277408   1,71  antigravity
23:48:46     1000      6289      0,20      0,00 33951332   64440   0,40  antigravity
23:48:46     1000      6302      6,40      0,00 1461347888  121376   0,75  antigravity
23:48:46     1000      6303      1,40      0,00 1461367164  112552   0,69  antigravity
23:48:46     1000      6334     13,80      0,00 1461342992  259052   1,60  antigravity
23:48:46     1000      6366    283,40      0,00 1461351388  309376   1,91  antigravity
23:48:46     1000      6381     46,80      0,00 1461358904  155388   0,96  antigravity
23:48:46     1000      6409      5,00      0,00 1461383736  116308   0,72  antigravity
23:48:46     1000      9105     12,00      0,00 55447012  385308   2,37  chrome
23:48:46     1000      9152      3,40      0,00 55460652  193140   1,19  chrome
23:48:46     1000      9157      3,80      0,00 54984540  132136   0,81  chrome
23:48:46     1000      9168      0,20      0,00 55021684   62848   0,39  chrome
23:48:46     1000      9642      0,20      0,00 55012336   86728   0,53  chrome
23:48:46     1000     13739     20,40      0,00 6046228  273204   1,68  java

23:48:41      UID       PID   kB_rd/s   kB_wr/s kB_ccwr/s iodelay  Command
23:48:46     1000      6366      0,00      1,60      0,00       0  antigravity
23:48:46     1000     13707      0,00      1,15      0,00       0  pidstat
23:48:46     1000     13739      0,00      3,29      0,00       0  java

Rata-rata:    UID       PID    %usr %system  %guest   %wait    %CPU   CPU  Command
Rata-rata:      0         1    0,07    0,02    0,00    0,00    0,09     -  systemd
Rata-rata:      0        17    0,01    0,00    0,00    0,00    0,01     -  ksoftirqd/0
Rata-rata:      0        18    0,00    0,06    0,00    0,04    0,06     -  rcu_preempt
Rata-rata:      0        27    0,01    0,00    0,00    0,00    0,01     -  ksoftirqd/1
Rata-rata:      0        28    0,00    0,01    0,00    0,00    0,01     -  kworker/1:0-events
Rata-rata:      0        33    0,01    0,00    0,00    0,00    0,01     -  ksoftirqd/2
Rata-rata:      0        39    0,01    0,00    0,00    0,01    0,01     -  ksoftirqd/3
Rata-rata:      0        51    0,01    0,00    0,00    0,00    0,01     -  ksoftirqd/5
Rata-rata:      0        57    0,00    1,05    0,00    0,04    1,05     -  ksoftirqd/6
Rata-rata:      0        58    0,00    0,66    0,00    0,93    0,66     -  kworker/6:0-i915-unordered
Rata-rata:      0        65    0,00    0,04    0,00    0,00    0,04     -  kworker/7:0H-kblockd
Rata-rata:      0        67    0,00    0,01    0,00    0,00    0,01     -  kworker/u32:1-flush-8:0
Rata-rata:      0        71    0,00    0,01    0,00    0,00    0,01     -  kworker/u32:5-flush-8:0
Rata-rata:      0        73    0,00    0,04    0,00    0,00    0,04     -  kworker/u32:7-ext4-rsv-conversion
Rata-rata:      0        80    0,01    0,00    0,00    0,00    0,01     -  kcompactd0
Rata-rata:      0        86    0,00    0,05    0,00    0,00    0,05     -  irq/9-acpi
Rata-rata:      0        90    0,00    0,01    0,00    0,01    0,01     -  kworker/4:1-events
Rata-rata:      0        95    0,00    0,01    0,00    0,01    0,01     -  kworker/4:1H-events_highpri
Rata-rata:      0       113    0,00    0,01    0,00    0,00    0,01     -  kworker/0:1H-events_highpri
Rata-rata:      0       175    0,00    0,04    0,00    0,01    0,04     -  kworker/6:1H-events_highpri
Rata-rata:      0       214    0,00    0,01    0,00    0,00    0,01     -  kworker/1:1H-events_highpri
Rata-rata:      0       375    0,05    0,04    0,00    0,00    0,08     -  systemd-journal
Rata-rata:      0       435    0,00    0,01    0,00    0,00    0,01     -  systemd-udevd
Rata-rata:      0       647    0,00    0,02    0,00    0,00    0,02     -  irq/130-iwlwifi
Rata-rata:    990       908    0,26    0,04    0,00    0,01    0,29     -  dbus-daemon
Rata-rata:    986       934    0,01    0,00    0,00    0,00    0,01     -  polkitd
Rata-rata:    115       942    0,39    0,20    0,00    0,00    0,59     -  prometheus-node
Rata-rata:    115       943    0,15    0,01    0,00    0,00    0,16     -  prometheus
Rata-rata:      0       954    0,00    0,01    0,00    0,00    0,01     -  systemd-logind
Rata-rata:      0      1081    0,01    0,01    0,00    0,00    0,02     -  NetworkManager
Rata-rata:      0      1646    0,13    0,02    0,00    0,00    0,15     -  glances
Rata-rata:      0      1654    0,12    0,07    0,00    0,00    0,19     -  tailscaled
Rata-rata:      0      1668    0,35    0,12    0,00    0,00    0,47     -  containerd
Rata-rata:      0      1673    0,01    0,01    0,00    0,00    0,02     -  anydesk
Rata-rata:    111      1761    0,01    0,01    0,00    0,00    0,02     -  mariadbd
Rata-rata:      0      1783    0,01    0,00    0,00    0,00    0,01     -  apache2
Rata-rata:      0      2253    0,01    0,00    0,00    0,00    0,01     -  upowerd
Rata-rata:      0      2676    0,39    0,22    0,00    0,00    0,61     -  dockerd
Rata-rata:    117      2677    0,58    0,28    0,00    0,00    0,86     -  grafana
Rata-rata:      0      3027    1,03    0,60    0,00    0,01    1,63     -  mount.ntfs-3g
Rata-rata:      0      3068    0,07    0,05    0,00    0,00    0,12     -  containerd-shim
Rata-rata:      0      3075    0,05    0,07    0,00    0,00    0,12     -  containerd-shim
Rata-rata:      0      3076    0,07    0,05    0,00    0,00    0,12     -  containerd-shim
Rata-rata:      0      3091    0,07    0,05    0,00    0,00    0,12     -  containerd-shim
Rata-rata:      0      3120    0,06    0,05    0,00    0,00    0,11     -  containerd-shim
Rata-rata:    999      3241    0,45    0,04    0,00    0,00    0,48     -  redis-server
Rata-rata:     70      3672    0,01    0,00    0,00    0,00    0,01     -  postgres
Rata-rata:   1000      3918    0,01    0,00    0,00    0,00    0,01     -  systemd
Rata-rata:   1000      4002    0,01    0,01    0,00    0,00    0,02     -  dbus-daemon
Rata-rata:   1000      4003    0,00    0,01    0,00    0,00    0,01     -  pipewire
Rata-rata:   1000      4006    0,02    0,00    0,00    0,01    0,02     -  wireplumber
Rata-rata:   1000      4009    0,02    0,00    0,00    0,00    0,02     -  pipewire-pulse
Rata-rata:   1000      4211   11,44    7,33    0,00    0,12   18,77     -  gnome-shell
Rata-rata:   1000      4481    0,04    0,00    0,00    0,00    0,04     -  ibus-daemon
Rata-rata:   1000      4491    0,01    0,00    0,00    0,00    0,01     -  gsd-housekeepin
Rata-rata:   1000      4504    0,01    0,00    0,00    0,00    0,01     -  gsd-media-keys
Rata-rata:   1000      4525    0,01    0,00    0,00    0,00    0,01     -  gsd-sharing
Rata-rata:   1000      4546    0,01    0,01    0,00    0,00    0,02     -  anydesk
Rata-rata:   1000      4668    0,01    0,00    0,00    0,01    0,01     -  ibus-extension-
Rata-rata:   1000      4757    0,01    0,00    0,00    0,00    0,01     -  gvfs-udisks2-vo
Rata-rata:   1000      4808    0,01    0,00    0,00    0,04    0,01     -  goa-daemon
Rata-rata:   1000      4941    0,01    0,00    0,00    0,00    0,01     -  xdg-desktop-por
Rata-rata:   1000      4944    0,01    0,00    0,00    0,00    0,01     -  gvfsd-trash
Rata-rata:      0      5233    0,01    0,00    0,00    0,00    0,01     -  fwupd
Rata-rata:      0      5289    0,00    0,01    0,00    0,00    0,01     -  kworker/u32:11-flush-8:0
Rata-rata:   1000      5898    4,22    1,73    0,00    0,13    5,95     -  antigravity
Rata-rata:   1000      5952    9,84    2,36    0,00    0,07   12,21     -  antigravity
Rata-rata:   1000      5963    0,00    0,01    0,00    0,00    0,01     -  antigravity
Rata-rata:   1000      6000   12,68    0,80    0,00    0,08   13,48     -  antigravity
Rata-rata:   1000      6006    0,16    0,01    0,00    0,00    0,18     -  antigravity
Rata-rata:   1000      6248    1,65    1,42    0,00    0,00    3,07     -  language_server
Rata-rata:   1000      6302    0,01    0,00    0,00    0,00    0,01     -  antigravity
Rata-rata:   1000      6303    0,02    0,01    0,00    0,00    0,04     -  antigravity
Rata-rata:   1000      6334    0,85    0,15    0,00    0,01    1,00     -  antigravity
Rata-rata:   1000      6366    0,94    0,33    0,00    0,04    1,27     -  antigravity
Rata-rata:   1000      6381    0,89    0,11    0,00    0,01    1,00     -  antigravity
Rata-rata:   1000      6409    0,28    0,18    0,00    0,01    0,46     -  antigravity
Rata-rata:   1000      6708    1,49    1,01    0,00    0,00    2,50     -  language_server
Rata-rata:   1000      7203    1,82    1,06    0,00    0,00    2,88     -  language_server
Rata-rata:   1000      7289    0,00    0,01    0,00    0,00    0,01     -  antigravity
Rata-rata:   1000      7325    0,01    0,01    0,00    0,00    0,02     -  antigravity
Rata-rata:      0      8594    0,00    0,68    0,00    0,11    0,68     -  kworker/u33:0+i915_flip
Rata-rata:      0      8778    0,00    0,02    0,00    0,02    0,02     -  kworker/7:0-events
Rata-rata:   1000      9105    0,15    0,11    0,00    0,01    0,26     -  chrome
Rata-rata:   1000      9152    0,25    0,07    0,00    0,00    0,32     -  chrome
Rata-rata:   1000      9157    0,05    0,00    0,00    0,00    0,05     -  chrome
Rata-rata:   1000      9168    0,01    0,01    0,00    0,00    0,02     -  chrome
Rata-rata:   1000      9202    0,00    0,01    0,00    0,00    0,01     -  chrome
Rata-rata:   1000      9210    0,12    0,01    0,00    0,05    0,13     -  chrome
Rata-rata:   1000      9335    0,02    0,00    0,00    0,00    0,02     -  chrome
Rata-rata:   1000      9378    1,13    0,02    0,00    1,03    1,15     -  gnome-terminal-
Rata-rata:   1000      9657    0,07    0,00    0,00    0,01    0,07     -  chrome
Rata-rata:   1000      9668    0,01    0,00    0,00    0,00    0,01     -  chrome
Rata-rata:   1000      9773    0,02    0,01    0,00    0,00    0,04     -  ssh
Rata-rata:   1000     10899    0,24    0,07    0,00    0,01    0,31     -  antigravity
Rata-rata:      0     12404    0,00    0,02    0,00    0,02    0,02     -  kworker/3:1-events
Rata-rata:      0     12697    0,02    0,00    0,00    0,01    0,02     -  kworker/2:1-events
Rata-rata:      0     12728    0,01    0,00    0,00    0,04    0,01     -  kworker/5:2-events
Rata-rata:      0     12744    0,00    0,05    0,00    0,00    0,05     -  kworker/u32:0-flush-8:0
Rata-rata:      0     13650    0,02    0,00    0,00    0,02    0,02     -  kworker/0:1-events
Rata-rata:   1000     13707    0,19    0,33    0,00    0,00    0,52     -  pidstat
Rata-rata:   1000     13739   16,68    0,61    0,00    0,00   17,29     -  java

Rata-rata:    UID       PID  minflt/s  majflt/s     VSZ     RSS   %MEM  Command
Rata-rata:      0       375     10,87      0,09  163644   81320   0,50  systemd-journal
Rata-rata:      0       435      5,06      0,00   37432   10756   0,07  systemd-udevd
Rata-rata:    115       942     20,02      0,00 1614080   25367   0,16  prometheus-node
Rata-rata:    115       943      0,08      0,00 2610260  111752   0,69  prometheus
Rata-rata:      0      1654      0,01      0,00 1421460  106132   0,65  tailscaled
Rata-rata:      0      1668      2,47      0,00 2463668   69769   0,43  containerd
Rata-rata:    114      1776      0,89      0,00  218252   29316   0,18  postgres
Rata-rata:      0      2676      0,40      0,00 3358484  108084   0,67  dockerd
Rata-rata:    117      2677      0,33      0,00 1765380  336744   2,07  grafana
Rata-rata:      0      3068      6,94      0,00 1235608   14958   0,09  containerd-shim
Rata-rata:      0      3075      6,61      0,00 1235608   14613   0,09  containerd-shim
Rata-rata:      0      3076      5,69      0,00 1235608   14804   0,09  containerd-shim
Rata-rata:      0      3091      8,15      0,00 1235608   15483   0,10  containerd-shim
Rata-rata:      0      3120      7,36      0,00 1235608   14800   0,09  containerd-shim
Rata-rata:     70      3230      0,26      0,00  174540   25788   0,16  postgres
Rata-rata:      0      3248      0,01      0,00  743412   78972   0,49  node
Rata-rata:   1000      4002      0,04      0,00    9560    5816   0,04  dbus-daemon
Rata-rata:   1000      4003      2,13      0,00  103947   13594   0,08  pipewire
Rata-rata:   1000      4006      0,01      0,00  718576   27064   0,17  wireplumber
Rata-rata:   1000      4009      2,26      0,00  171976   15126   0,09  pipewire-pulse
Rata-rata:   1000      4162      0,01      0,00  312988    8088   0,05  gvfsd
Rata-rata:   1000      4211     30,86      0,00 5034966  315718   1,94  gnome-shell
Rata-rata:   1000      4226      0,02      0,00    8340    4280   0,03  dbus-daemon
Rata-rata:   1000      4519      0,01      0,00  455796    7040   0,04  gsd-rfkill
Rata-rata:   1000      4941      0,01      0,00  704604   20144   0,12  xdg-desktop-por
Rata-rata:   1000      5898     41,14      0,00 1461714188  312468   1,92  antigravity
Rata-rata:   1000      5952     29,78      0,00 34382984  167813   1,03  antigravity
Rata-rata:   1000      5963      0,99      0,00 33906396   82640   0,51  antigravity
Rata-rata:   1000      6000    261,85      0,00 1461390606  408785   2,52  antigravity
Rata-rata:   1000      6006     17,12      0,00 1459645432  275488   1,70  antigravity
Rata-rata:   1000      6077      0,05      0,00 1459609232  168568   1,04  antigravity
Rata-rata:   1000      6248      0,00      0,00 5510764  515295   3,17  language_server
Rata-rata:   1000      6289      0,25      0,00 33951332   64440   0,40  antigravity
Rata-rata:   1000      6302      4,73      0,00 1461347888  121376   0,75  antigravity
Rata-rata:   1000      6303      1,09      0,00 1461367164  112552   0,69  antigravity
Rata-rata:   1000      6334     42,88      0,00 1461342992  259796   1,60  antigravity
Rata-rata:   1000      6366    234,62      0,00 1461351388  308396   1,90  antigravity
Rata-rata:   1000      6381     19,44      0,00 1461358904  155345   0,96  antigravity
Rata-rata:   1000      6409     87,26      0,00 1461383736  117843   0,73  antigravity
Rata-rata:   1000      6708      0,01      0,00 4256016  478736   2,95  language_server
Rata-rata:   1000      7203      0,05      0,00 5307340  505108   3,11  language_server
Rata-rata:   1000      7289      0,45      0,00 1459530528   93507   0,58  antigravity
Rata-rata:   1000      7325      0,04      0,00 1459530528   86076   0,53  antigravity
Rata-rata:   1000      9105     16,25      0,00 55447012  385260   2,37  chrome
Rata-rata:   1000      9152      4,20      0,00 55460652  193140   1,19  chrome
Rata-rata:   1000      9157     11,05      0,00 54984540  132091   0,81  chrome
Rata-rata:   1000      9168      0,25      0,00 55021684   62848   0,39  chrome
Rata-rata:   1000      9210      8,39      0,00 1520503372  187682   1,16  chrome
Rata-rata:   1000      9642      0,26      0,00 55012336   86728   0,53  chrome
Rata-rata:   1000      9657     20,24      0,00 1519362050  329742   2,03  chrome
Rata-rata:   1000     10899      4,02      0,00 1459576016  117078   0,72  antigravity
Rata-rata:   1000     10937      0,82      0,00    7664    3776   0,02  run_all_tests.s
Rata-rata:   1000     13707      0,47      0,00    6231    5148   0,03  pidstat
Rata-rata:   1000     13708      0,25      0,00    2676    1640   0,01  jmeter
Rata-rata:   1000     13739    492,38      0,00 6045200  257516   1,59  java

Rata-rata:    UID       PID   kB_rd/s   kB_wr/s kB_ccwr/s iodelay  Command
Rata-rata:   1000      4006      0,00      0,05      0,00       0  wireplumber
Rata-rata:   1000      4211      0,00      4,28      0,00       0  gnome-shell
Rata-rata:   1000      5898      0,00      0,56      0,00       0  antigravity
Rata-rata:   1000      6366      0,00      0,47      0,00       0  antigravity
Rata-rata:   1000      9105      0,00      4,56      0,00       0  chrome
Rata-rata:   1000      9157      0,00     14,02      0,05       0  chrome
Rata-rata:   1000     10937      0,00     10,96      4,28       0  run_all_tests.s
Rata-rata:   1000     13707      0,00      1,18      0,00       0  pidstat
Rata-rata:   1000     13739      0,00      2,83      0,00       0  java
