Linux 6.12.96+deb13-amd64 (debian) 	29/07/26 	_x86_64_	(8 CPU)

23:52:47      UID       PID    %usr %system  %guest   %wait    %CPU   CPU  Command
23:52:52        0         1    0,20    0,00    0,00    0,00    0,20     1  systemd
23:52:52        0        57    0,00    1,00    0,00    0,00    1,00     6  ksoftirqd/6
23:52:52        0        58    0,00    0,80    0,00    2,39    0,80     6  kworker/6:0-i915-unordered
23:52:52        0        71    0,00    0,20    0,00    0,20    0,20     4  kworker/u32:5-flush-8:0
23:52:52        0       175    0,00    0,20    0,00    0,00    0,20     6  kworker/6:1H-events_highpri
23:52:52      990       908    0,60    0,20    0,00    0,00    0,80     3  dbus-daemon
23:52:52      115       942    1,59    0,40    0,00    0,00    1,99     1  prometheus-node
23:52:52      115       943    0,80    0,00    0,00    0,00    0,80     1  prometheus
23:52:52        0      1646    0,20    0,00    0,00    0,00    0,20     6  glances
23:52:52        0      1654    0,20    0,00    0,00    0,00    0,20     5  tailscaled
23:52:52        0      1668    0,40    0,00    0,00    0,00    0,40     3  containerd
23:52:52        0      2676    0,40    0,20    0,00    0,00    0,60     1  dockerd
23:52:52      117      2677    0,60    0,40    0,00    0,00    1,00     2  grafana
23:52:52        0      3027    0,00    0,20    0,00    0,00    0,20     7  mount.ntfs-3g
23:52:52        0      3075    0,20    0,00    0,00    0,00    0,20     3  containerd-shim
23:52:52        0      3091    0,20    0,00    0,00    0,00    0,20     3  containerd-shim
23:52:52        0      3120    0,00    0,20    0,00    0,00    0,20     4  containerd-shim
23:52:52      999      3241    0,40    0,00    0,00    0,00    0,40     6  redis-server
23:52:52     1000      4211    9,96    6,97    0,00    0,40   16,93     1  gnome-shell
23:52:52     1000      4546    0,20    0,00    0,00    0,00    0,20     0  anydesk
23:52:52     1000      5898    4,58    1,20    0,00    0,40    5,78     2  antigravity
23:52:52     1000      5952   11,16    2,59    0,00    0,60   13,75     5  antigravity
23:52:52     1000      6000   26,49    0,80    0,00    0,40   27,29     7  antigravity
23:52:52     1000      6006    0,20    0,00    0,00    0,00    0,20     4  antigravity
23:52:52     1000      6248    1,99    0,80    0,00    0,00    2,79     7  language_server
23:52:52     1000      6334    0,60    0,20    0,00    0,00    0,80     1  antigravity
23:52:52     1000      6366    1,39    0,20    0,00    0,20    1,59     6  antigravity
23:52:52     1000      6381    3,59    0,20    0,00    0,00    3,78     6  antigravity
23:52:52     1000      6409    0,40    0,20    0,00    0,00    0,60     7  antigravity
23:52:52     1000      6708    1,59    0,40    0,00    0,00    1,99     5  language_server
23:52:52     1000      7203    1,59    1,00    0,00    0,00    2,59     3  language_server
23:52:52        0      8594    0,00    0,60    0,00    0,20    0,60     7  kworker/u33:0-i915_flip
23:52:52     1000      9105    0,20    0,20    0,00    0,20    0,40     7  chrome
23:52:52     1000      9152    0,40    0,00    0,00    0,00    0,40     2  chrome
23:52:52     1000      9157    0,20    0,00    0,00    0,00    0,20     4  chrome
23:52:52     1000      9378    1,00    0,00    0,00    0,00    1,00     6  gnome-terminal-
23:52:52     1000      9657    0,00    0,20    0,00    0,00    0,20     1  chrome
23:52:52     1000      9668    0,20    0,00    0,00    0,00    0,20     7  chrome
23:52:52     1000     10899    0,20    0,00    0,00    0,00    0,20     6  antigravity
23:52:52        0     15279    0,20    0,00    0,00    0,00    0,20     2  kworker/2:2-events
23:52:52     1000     15641    0,20    0,20    0,00    0,00    0,40     0  pidstat
23:52:52     1000     15673  129,88    6,37    0,00    0,00  136,25     7  java

23:52:47      UID       PID  minflt/s  majflt/s     VSZ     RSS   %MEM  Command
23:52:52      115       942     46,41      0,00 1614336   25492   0,16  prometheus-node
23:52:52      115       943      0,20      0,00 2610260  109556   0,67  prometheus
23:52:52        0      3068     12,15      0,00 1235608   14968   0,09  containerd-shim
23:52:52        0      3075      7,57      0,00 1235608   14676   0,09  containerd-shim
23:52:52        0      3076     12,35      0,00 1235608   15116   0,09  containerd-shim
23:52:52        0      3091     14,94      0,00 1235608   15336   0,09  containerd-shim
23:52:52        0      3120     13,15      0,00 1235608   14844   0,09  containerd-shim
23:52:52     1000      4211      1,59      0,00 5033128  315928   1,95  gnome-shell
23:52:52     1000      5898     37,45      0,00 1461714124  312880   1,93  antigravity
23:52:52     1000      5952     45,42      0,00 34386156  167600   1,03  antigravity
23:52:52     1000      5963      0,80      0,00 33906396   82640   0,51  antigravity
23:52:52     1000      6000    533,67      0,00 1461388844  426092   2,62  antigravity
23:52:52     1000      6006     23,71      0,00 1459645432  275204   1,70  antigravity
23:52:52     1000      6077      2,39      0,00 1459609232  168824   1,04  antigravity
23:52:52     1000      6248      0,20      0,00 5510764  513712   3,16  language_server
23:52:52     1000      6289      0,20      0,00 33951332   64440   0,40  antigravity
23:52:52     1000      6302      2,99      0,00 1461347888  121632   0,75  antigravity
23:52:52     1000      6303      1,20      0,00 1461367164  112552   0,69  antigravity
23:52:52     1000      6334     14,94      0,00 1461342992  259284   1,60  antigravity
23:52:52     1000      6366    154,98      0,00 1461351388  365040   2,25  antigravity
23:52:52     1000      6381     46,81      0,00 1461358904  155444   0,96  antigravity
23:52:52     1000      6409     98,61      0,00 1461383736  117368   0,72  antigravity
23:52:52     1000      9105     18,33      0,00 55447012  385300   2,37  chrome
23:52:52     1000      9152      3,39      0,00 55460652  193140   1,19  chrome
23:52:52     1000      9157      9,16      0,00 54984540  132176   0,81  chrome
23:52:52     1000      9168      0,40      0,00 55021684   62848   0,39  chrome
23:52:52     1000      9642      0,40      0,00 55012336   86856   0,54  chrome
23:52:52     1000      9657    215,74      0,00 1518552488  329940   2,03  chrome
23:52:52     1000     15641      1,59      0,00    6184    5148   0,03  pidstat
23:52:52     1000     15642      4,18      0,00    2676    1768   0,01  jmeter
23:52:52     1000     15673   7204,78      0,00 6198372  249044   1,53  java

23:52:47      UID       PID   kB_rd/s   kB_wr/s kB_ccwr/s iodelay  Command
23:52:52     1000      9105      0,00      2,39      0,00       0  chrome
23:52:52     1000     15673      0,00      2,27      0,00       0  java

23:52:52      UID       PID    %usr %system  %guest   %wait    %CPU   CPU  Command
23:52:57        0        57    0,00    1,40    0,00    0,00    1,40     6  ksoftirqd/6
23:52:57        0        58    0,00    0,60    0,00    1,00    0,60     6  kworker/6:0-i915-unordered
23:52:57        0      1654    0,20    0,20    0,00    0,00    0,40     5  tailscaled
23:52:57        0      1668    0,20    0,00    0,00    0,00    0,20     3  containerd
23:52:57        0      2676    0,20    0,20    0,00    0,00    0,40     1  dockerd
23:52:57      117      2677    0,40    0,20    0,00    0,00    0,60     4  grafana
23:52:57        0      3027    0,40    0,00    0,00    0,00    0,40     2  mount.ntfs-3g
23:52:57        0      3068    0,20    0,00    0,00    0,00    0,20     0  containerd-shim
23:52:57      999      3241    0,60    0,00    0,00    0,00    0,60     5  redis-server
23:52:57     1000      4211    9,40    5,80    0,00    0,00   15,20     5  gnome-shell
23:52:57     1000      5898    3,80    1,40    0,00    0,00    5,20     7  antigravity
23:52:57     1000      5952    8,60    2,20    0,00    0,00   10,80     5  antigravity
23:52:57     1000      6000    5,60    0,80    0,00    0,00    6,40     4  antigravity
23:52:57     1000      6006    0,20    0,20    0,00    0,00    0,40     4  antigravity
23:52:57     1000      6248    1,60    1,40    0,00    0,00    3,00     7  language_server
23:52:57     1000      6334    0,20    0,20    0,00    0,00    0,40     6  antigravity
23:52:57     1000      6366    1,20    0,00    0,00    0,00    1,20     6  antigravity
23:52:57     1000      6381    0,60    0,00    0,00    0,00    0,60     7  antigravity
23:52:57     1000      6409    0,20    0,20    0,00    0,00    0,40     5  antigravity
23:52:57     1000      6708    0,80    1,40    0,00    0,00    2,20     5  language_server
23:52:57     1000      7203    1,60    1,00    0,00    0,00    2,60     3  language_server
23:52:57        0      8594    0,00    0,60    0,00    0,40    0,60     6  kworker/u33:0+i915_flip
23:52:57     1000      9105    0,40    0,00    0,00    0,00    0,40     7  chrome
23:52:57     1000      9152    0,20    0,00    0,00    0,00    0,20     4  chrome
23:52:57     1000      9157    0,00    0,20    0,00    0,00    0,20     5  chrome
23:52:57     1000      9378    1,20    0,00    0,00   36,80    1,20     5  gnome-terminal-
23:52:57     1000      9657    0,40    0,00    0,00    0,00    0,40     0  chrome
23:52:57     1000     15641    0,40    0,20    0,00    0,00    0,60     2  pidstat
23:52:57     1000     15673    9,60    0,40    0,00    0,00   10,00     7  java

23:52:52      UID       PID  minflt/s  majflt/s     VSZ     RSS   %MEM  Command
23:52:57        0      1654      0,40      0,00 1421460   99912   0,62  tailscaled
23:52:57        0      1668      0,20      0,00 2463668   70324   0,43  containerd
23:52:57        0      3068     12,60      0,00 1235608   15096   0,09  containerd-shim
23:52:57        0      3075      7,80      0,00 1235608   14676   0,09  containerd-shim
23:52:57        0      3076     10,00      0,00 1235608   15500   0,10  containerd-shim
23:52:57        0      3091      0,40      0,00 1235608   15336   0,09  containerd-shim
23:52:57        0      3120      6,80      0,00 1235608   14972   0,09  containerd-shim
23:52:57     1000      4211      6,80      0,00 5033128  315928   1,95  gnome-shell
23:52:57     1000      5898     42,40      0,00 1461714124  312292   1,92  antigravity
23:52:57     1000      5952      5,00      0,00 34367212  167216   1,03  antigravity
23:52:57     1000      5963      0,80      0,00 33906396   82640   0,51  antigravity
23:52:57     1000      6000     61,40      0,00 1461388844  425112   2,62  antigravity
23:52:57     1000      6006     37,60      0,00 1459645432  274488   1,69  antigravity
23:52:57     1000      6289      0,20      0,00 33951332   64440   0,40  antigravity
23:52:57     1000      6302      5,40      0,00 1461347888  121632   0,75  antigravity
23:52:57     1000      6303      1,00      0,00 1461367164  112552   0,69  antigravity
23:52:57     1000      6334      9,20      0,00 1461342992  259284   1,60  antigravity
23:52:57     1000      6366    209,40      0,00 1461351388  365536   2,25  antigravity
23:52:57     1000      6381      8,20      0,00 1461358904  155316   0,96  antigravity
23:52:57     1000      6409    114,40      0,00 1461383736  117624   0,72  antigravity
23:52:57     1000      9105     85,00      0,00 55447012  385076   2,37  chrome
23:52:57     1000      9152      6,80      0,00 55460652  193140   1,19  chrome
23:52:57     1000      9157      9,20      0,00 54984540  132304   0,82  chrome
23:52:57     1000      9168      0,20      0,00 55021684   62848   0,39  chrome
23:52:57     1000      9642      0,20      0,00 55012336   86856   0,54  chrome
23:52:57     1000      9657     91,80      0,00 1520518568  331472   2,04  chrome
23:52:57     1000     15673     91,80      0,00 6198372  250964   1,55  java

23:52:52      UID       PID   kB_rd/s   kB_wr/s kB_ccwr/s iodelay  Command
23:52:57     1000      5898      0,00      9,60      0,00       0  antigravity
23:52:57     1000      9105      0,00     23,20      0,00       0  chrome
23:52:57     1000      9157      0,00      0,80      0,80       0  chrome
23:52:57     1000     15641      0,00      1,31      0,00       0  pidstat
23:52:57     1000     15673      0,00      0,17      0,00       0  java

23:52:57      UID       PID    %usr %system  %guest   %wait    %CPU   CPU  Command
23:53:02        0        18    0,00    0,20    0,00    0,00    0,20     0  rcu_preempt
23:53:02        0        57    0,00    1,20    0,00    0,00    1,20     6  ksoftirqd/6
23:53:02        0        58    0,00    0,60    0,00    1,00    0,60     6  kworker/6:0-i915-unordered
23:53:02        0       214    0,00    0,20    0,00    0,00    0,20     1  kworker/1:1H-events_highpri
23:53:02        0       647    0,00    0,20    0,00    0,00    0,20     0  irq/130-iwlwifi
23:53:02      115       943    0,20    0,00    0,00    0,00    0,20     1  prometheus
23:53:02        0      1646    0,00    0,20    0,00    0,00    0,20     6  glances
23:53:02        0      1654    0,20    0,00    0,00    0,00    0,20     4  tailscaled
23:53:02        0      1668    0,40    0,40    0,00    0,00    0,80     3  containerd
23:53:02      114      1776    0,00    0,20    0,00    0,00    0,20     0  postgres
23:53:02        0      2676    0,20    0,40    0,00    0,00    0,60     1  dockerd
23:53:02      117      2677    0,60    0,00    0,00    0,00    0,60     0  grafana
23:53:02        0      3027    0,40    0,20    0,00    0,00    0,60     2  mount.ntfs-3g
23:53:02        0      3075    0,00    0,20    0,00    0,00    0,20     3  containerd-shim
23:53:02        0      3076    0,00    0,20    0,00    0,00    0,20     7  containerd-shim
23:53:02        0      3091    0,20    0,00    0,00    0,00    0,20     3  containerd-shim
23:53:02        0      3120    0,00    0,20    0,00    0,00    0,20     4  containerd-shim
23:53:02      999      3241    0,40    0,20    0,00    0,00    0,60     5  redis-server
23:53:02     1000      4211    9,40    6,40    0,00    0,00   15,80     1  gnome-shell
23:53:02     1000      5898    4,20    1,00    0,00    0,00    5,20     0  antigravity
23:53:02     1000      5952    9,40    2,00    0,00    0,00   11,40     6  antigravity
23:53:02     1000      6000    6,60    1,00    0,00    0,00    7,60     7  antigravity
23:53:02     1000      6248    1,40    1,60    0,00    0,00    3,00     7  language_server
23:53:02     1000      6334    0,60    0,00    0,00    0,00    0,60     5  antigravity
23:53:02     1000      6366    1,20    0,00    0,00    0,00    1,20     4  antigravity
23:53:02     1000      6381    0,40    0,20    0,00    0,00    0,60     3  antigravity
23:53:02     1000      6409    0,40    0,20    0,00    0,00    0,60     4  antigravity
23:53:02     1000      6708    1,00    1,60    0,00    0,00    2,60     5  language_server
23:53:02     1000      7203    1,60    1,40    0,00    0,00    3,00     3  language_server
23:53:02        0      8594    0,00    0,60    0,00    0,00    0,60     3  kworker/u33:0-i915_flip
23:53:02     1000      9105    0,20    0,00    0,00    0,00    0,20     7  chrome
23:53:02     1000      9152    0,20    0,00    0,00    0,00    0,20     4  chrome
23:53:02     1000      9378    0,60    0,00    0,00    0,00    0,60     0  gnome-terminal-
23:53:02     1000     15641    0,00    0,40    0,00    0,00    0,40     4  pidstat
23:53:02     1000     15673   21,40    0,80    0,00    0,00   22,20     7  java

23:52:57      UID       PID  minflt/s  majflt/s     VSZ     RSS   %MEM  Command
23:53:02        0      1654      3,20      0,00 1421460  100040   0,62  tailscaled
23:53:02        0      1668      0,80      0,00 2463668   70324   0,43  containerd
23:53:02      114      1776      3,60      0,00  218252   29316   0,18  postgres
23:53:02        0      3068      4,40      0,00 1235608   15224   0,09  containerd-shim
23:53:02        0      3075     13,00      0,00 1235608   14932   0,09  containerd-shim
23:53:02        0      3076     10,20      0,00 1235608   15628   0,10  containerd-shim
23:53:02        0      3091      7,20      0,00 1235608   15464   0,10  containerd-shim
23:53:02        0      3120     10,80      0,00 1235608   15100   0,09  containerd-shim
23:53:02     1000      4211      2,80      0,00 5033128  315928   1,95  gnome-shell
23:53:02     1000      5898     38,00      0,00 1461714124  312676   1,93  antigravity
23:53:02     1000      5952     14,60      0,00 34379884  167216   1,03  antigravity
23:53:02     1000      5963      1,60      0,00 33906396   82640   0,51  antigravity
23:53:02     1000      6000    139,40      0,00 1461391020  426496   2,63  antigravity
23:53:02     1000      6006      9,00      0,00 1459645432  274616   1,69  antigravity
23:53:02     1000      6289      0,40      0,00 33951332   64440   0,40  antigravity
23:53:02     1000      6302      6,60      0,00 1461347888  121632   0,75  antigravity
23:53:02     1000      6303      1,80      0,00 1461367164  112552   0,69  antigravity
23:53:02     1000      6334     25,20      0,00 1461342992  259272   1,60  antigravity
23:53:02     1000      6366     48,00      0,00 1461351388  365472   2,25  antigravity
23:53:02     1000      6381      2,80      0,00 1461358904  155316   0,96  antigravity
23:53:02     1000      6409    177,00      0,00 1461383736  118136   0,73  antigravity
23:53:02     1000      9105      7,20      0,00 55447012  385204   2,37  chrome
23:53:02     1000      9152      3,40      0,00 55460652  193140   1,19  chrome
23:53:02     1000      9157      5,00      0,00 54984540  132304   0,82  chrome
23:53:02     1000      9168      0,20      0,00 55021684   62848   0,39  chrome
23:53:02     1000      9210      0,80      0,00 1520503628  187692   1,16  chrome
23:53:02     1000      9642      0,20      0,00 55012336   86856   0,54  chrome
23:53:02     1000     15673   1505,40      0,00 6198372  278924   1,72  java
23:53:02     1000     15962     28,40      0,00    2672    1644   0,01  sh
23:53:02     1000     15963     72,20      0,00    7012    3304   0,02  cpuUsage.sh
23:53:02     1000     15971     24,00      0,00    5656    2092   0,01  sleep

23:52:57      UID       PID   kB_rd/s   kB_wr/s kB_ccwr/s iodelay  Command
23:53:02     1000      6334      0,00      0,80      0,00       0  antigravity
23:53:02     1000      6366      0,00      1,60      0,00       0  antigravity
23:53:02     1000      9105      0,00     12,00      0,00       0  chrome
23:53:02     1000     15641      0,00      1,06      0,00       0  pidstat
23:53:02     1000     15673      0,00      1,81      0,00       0  java

23:53:02      UID       PID    %usr %system  %guest   %wait    %CPU   CPU  Command
23:53:07        0         1    0,20    0,00    0,00    0,00    0,20     6  systemd
23:53:07        0        57    0,00    1,00    0,00    0,00    1,00     6  ksoftirqd/6
23:53:07        0        58    0,00    0,60    0,00    0,60    0,60     6  kworker/6:0-i915-unordered
23:53:07        0        86    0,00    0,20    0,00    0,00    0,20     1  irq/9-acpi
23:53:07        0       106    0,00    0,20    0,00    0,00    0,20     5  kworker/5:1-events
23:53:07      990       908    1,00    0,00    0,00    0,00    1,00     3  dbus-daemon
23:53:07      986       934    0,20    0,00    0,00    0,00    0,20     0  polkitd
23:53:07      115       942    1,20    0,60    0,00    0,00    1,80     1  prometheus-node
23:53:07      115       943    0,20    0,00    0,00    0,00    0,20     1  prometheus
23:53:07        0      1646    0,20    0,00    0,00    0,00    0,20     6  glances
23:53:07        0      1654    0,20    0,20    0,00    0,00    0,40     1  tailscaled
23:53:07        0      1668    0,40    0,00    0,00    0,00    0,40     3  containerd
23:53:07        0      2676    0,40    0,00    0,00    0,00    0,40     1  dockerd
23:53:07      117      2677    0,40    0,20    0,00    0,00    0,60     1  grafana
23:53:07        0      3027    0,20    0,20    0,00    0,00    0,40     7  mount.ntfs-3g
23:53:07        0      3068    0,20    0,00    0,00    0,00    0,20     0  containerd-shim
23:53:07        0      3075    0,00    0,20    0,00    0,00    0,20     3  containerd-shim
23:53:07        0      3091    0,00    0,20    0,00    0,00    0,20     3  containerd-shim
23:53:07      999      3241    0,40    0,00    0,00    0,00    0,40     7  redis-server
23:53:07     1000      4211   11,00    5,00    0,00    0,00   16,00     3  gnome-shell
23:53:07     1000      4829    0,00    0,20    0,00    0,00    0,20     3  gvfs-afc-volume
23:53:07        0      5289    0,00    0,20    0,00    0,00    0,20     4  kworker/u32:11-flush-8:0
23:53:07     1000      5898    3,40    1,80    0,00    0,00    5,20     7  antigravity
23:53:07     1000      5952    8,20    2,80    0,00    0,00   11,00     7  antigravity
23:53:07     1000      6000    5,00    1,80    0,00    0,00    6,80     0  antigravity
23:53:07     1000      6006    0,20    0,20    0,00    0,00    0,40     1  antigravity
23:53:07     1000      6248    1,80    1,20    0,00    0,20    3,00     5  language_server
23:53:07     1000      6334    1,40    0,20    0,00    0,00    1,60     4  antigravity
23:53:07     1000      6366    1,20    0,20    0,00    0,00    1,40     1  antigravity
23:53:07     1000      6381    0,40    0,20    0,00    0,00    0,60     7  antigravity
23:53:07     1000      6409    0,20    0,20    0,00    0,00    0,40     6  antigravity
23:53:07     1000      6708    2,00    0,80    0,00    0,00    2,80     5  language_server
23:53:07     1000      7203    1,20    1,40    0,00    0,00    2,60     3  language_server
23:53:07        0      8594    0,00    0,60    0,00    0,00    0,60     7  kworker/u33:0-i915_flip
23:53:07     1000      9105    0,20    0,20    0,00    0,00    0,40     6  chrome
23:53:07     1000      9152    0,20    0,20    0,00    0,00    0,40     4  chrome
23:53:07     1000      9378    0,80    0,00    0,00    0,00    0,80     0  gnome-terminal-
23:53:07     1000     15641    0,40    0,20    0,00    0,00    0,60     1  pidstat
23:53:07     1000     15673   13,80    1,00    0,00    0,00   14,80     7  java

23:53:02      UID       PID  minflt/s  majflt/s     VSZ     RSS   %MEM  Command
23:53:07      115       942     91,00      0,00 1614336   25792   0,16  prometheus-node
23:53:07        0      3068      0,00      0,00 1235608   15080   0,09  containerd-shim
23:53:07        0      3075      1,20      0,00 1235608   14932   0,09  containerd-shim
23:53:07        0      3076      1,80      0,00 1235608   15136   0,09  containerd-shim
23:53:07        0      3091      7,60      0,00 1235608   15592   0,10  containerd-shim
23:53:07        0      3120      3,00      0,00 1235608   14920   0,09  containerd-shim
23:53:07     1000      4211      8,80      0,00 5024936  316056   1,95  gnome-shell
23:53:07     1000      5898     39,00      0,00 1461714124  312772   1,93  antigravity
23:53:07     1000      5952     22,80      0,00 34365228  167188   1,03  antigravity
23:53:07     1000      5963      0,80      0,00 33906396   82640   0,51  antigravity
23:53:07     1000      6000     44,40      0,00 1461388844  427392   2,63  antigravity
23:53:07     1000      6006      7,80      0,00 1459645432  274744   1,69  antigravity
23:53:07     1000      6289      0,20      0,00 33951332   64440   0,40  antigravity
23:53:07     1000      6302      3,00      0,00 1461347888  121632   0,75  antigravity
23:53:07     1000      6303      1,20      0,00 1461367164  112552   0,69  antigravity
23:53:07     1000      6334    202,80      0,00 1461342992  261088   1,61  antigravity
23:53:07     1000      6366     86,80      0,00 1461351388  365088   2,25  antigravity
23:53:07     1000      6381      2,40      0,00 1461358904  155316   0,96  antigravity
23:53:07     1000      6409     33,40      0,00 1461383736  117844   0,73  antigravity
23:53:07     1000      9105      8,80      0,00 55447012  385204   2,37  chrome
23:53:07     1000      9152      3,40      0,00 55460652  193140   1,19  chrome
23:53:07     1000      9157      8,40      0,00 54984540  132304   0,82  chrome
23:53:07     1000      9168      0,20      0,00 55021684   62848   0,39  chrome
23:53:07     1000      9642      0,20      0,00 55012336   86856   0,54  chrome
23:53:07     1000     15641      1,20      0,00    6184    5148   0,03  pidstat
23:53:07     1000     15673     66,20      0,00 6198372  277448   1,71  java

23:53:02      UID       PID   kB_rd/s   kB_wr/s kB_ccwr/s iodelay  Command
23:53:07     1000      9105      0,00      0,80      0,00       0  chrome
23:53:07     1000     15641      0,00      1,23      0,00       0  pidstat
23:53:07     1000     15673      0,00      1,77      0,00       0  java

23:53:07      UID       PID    %usr %system  %guest   %wait    %CPU   CPU  Command
23:53:12        0        28    0,00    0,20    0,00    0,20    0,20     1  kworker/1:0-i915-unordered
23:53:12        0        57    0,00    1,20    0,00    0,20    1,20     6  ksoftirqd/6
23:53:12        0        58    0,00    0,60    0,00    0,80    0,60     6  kworker/6:0-i915-unordered
23:53:12      115       943    0,20    0,00    0,00    0,00    0,20     1  prometheus
23:53:12        0      1646    0,20    0,00    0,00    0,00    0,20     6  glances
23:53:12        0      1668    0,20    0,00    0,00    0,00    0,20     3  containerd
23:53:12        0      2676    0,80    0,00    0,00    0,00    0,80     1  dockerd
23:53:12      117      2677    1,00    0,20    0,00    0,00    1,20     0  grafana
23:53:12        0      3027    0,20    0,20    0,00    0,00    0,40     4  mount.ntfs-3g
23:53:12        0      3075    0,20    0,00    0,00    0,00    0,20     3  containerd-shim
23:53:12        0      3076    0,00    0,20    0,00    0,00    0,20     7  containerd-shim
23:53:12        0      3120    0,20    0,00    0,00    0,00    0,20     4  containerd-shim
23:53:12      999      3241    0,40    0,00    0,00    0,00    0,40     7  redis-server
23:53:12     1000      4211    8,60    7,40    0,00    0,20   16,00     0  gnome-shell
23:53:12     1000      4546    0,00    0,20    0,00    0,00    0,20     0  anydesk
23:53:12     1000      5898    3,80    1,40    0,00    0,00    5,20     7  antigravity
23:53:12     1000      5952    9,60    1,40    0,00    0,20   11,00     0  antigravity
23:53:12     1000      6000    6,20    0,40    0,00    0,00    6,60     7  antigravity
23:53:12     1000      6248    1,80    1,00    0,00    0,00    2,80     6  language_server
23:53:12     1000      6334    0,60    0,00    0,00    0,00    0,60     3  antigravity
23:53:12     1000      6366    6,20    0,40    0,00    0,00    6,60     1  antigravity
23:53:12     1000      6381    0,80    0,20    0,00    0,00    1,00     6  antigravity
23:53:12     1000      6708    1,20    1,00    0,00    0,00    2,20     5  language_server
23:53:12     1000      7203    1,60    1,40    0,00    0,00    3,00     3  language_server
23:53:12     1000      7289    0,20    0,00    0,00    0,00    0,20     6  antigravity
23:53:12        0      8594    0,00    0,80    0,00    0,20    0,80     6  kworker/u33:0-i915_flip
23:53:12     1000      9152    0,20    0,00    0,00    0,00    0,20     4  chrome
23:53:12     1000      9210    0,20    0,00    0,00    0,00    0,20     0  chrome
23:53:12     1000      9335    0,20    0,00    0,00    0,00    0,20     2  chrome
23:53:12     1000      9378    1,00    0,20    0,00    0,00    1,20     5  gnome-terminal-
23:53:12     1000     10899    0,20    0,00    0,00    0,00    0,20     0  antigravity
23:53:12     1000     15641    0,00    0,40    0,00    0,00    0,40     2  pidstat
23:53:12     1000     15673   18,60    0,40    0,00    0,00   19,00     7  java

23:53:07      UID       PID  minflt/s  majflt/s     VSZ     RSS   %MEM  Command
23:53:12        0      2676      6,60      0,00 3358484  108052   0,67  dockerd
23:53:12      117      2677      8,40      0,00 1765560  336588   2,07  grafana
23:53:12        0      3068     10,00      0,00 1235608   14628   0,09  containerd-shim
23:53:12        0      3075     12,40      0,00 1235608   14932   0,09  containerd-shim
23:53:12        0      3076      5,40      0,00 1235608   14732   0,09  containerd-shim
23:53:12        0      3091      1,20      0,00 1235608   15080   0,09  containerd-shim
23:53:12        0      3120      0,20      0,00 1235608   14636   0,09  containerd-shim
23:53:12       70      3230      4,40      0,00  174540   25788   0,16  postgres
23:53:12     1000      4211      1,20      0,00 5033128  316056   1,95  gnome-shell
23:53:12     1000      5898     33,60      0,00 1461714124  312908   1,93  antigravity
23:53:12     1000      5952      4,20      0,00 34365292  167188   1,03  antigravity
23:53:12     1000      5963      0,80      0,00 33906396   82640   0,51  antigravity
23:53:12     1000      6000     45,60      0,00 1461388844  428288   2,64  antigravity
23:53:12     1000      6006     14,40      0,00 1459645432  275128   1,69  antigravity
23:53:12     1000      6289      0,20      0,00 33951332   64440   0,40  antigravity
23:53:12     1000      6302      3,00      0,00 1461347888  121632   0,75  antigravity
23:53:12     1000      6303      0,80      0,00 1461367164  112552   0,69  antigravity
23:53:12     1000      6334      6,80      0,00 1461342992  260568   1,61  antigravity
23:53:12     1000      6366    879,00      0,00 1461351388  379824   2,34  antigravity
23:53:12     1000      6381      9,20      0,00 1461358904  155572   0,96  antigravity
23:53:12     1000      6409     10,60      0,00 1461383736  117844   0,73  antigravity
23:53:12     1000      7289     15,80      0,00 1459530528   93808   0,58  antigravity
23:53:12     1000      9105     18,20      0,00 55447012  385204   2,37  chrome
23:53:12     1000      9152      3,40      0,00 55460652  193140   1,19  chrome
23:53:12     1000      9157      4,60      0,00 54984540  132304   0,82  chrome
23:53:12     1000      9168      0,40      0,00 55021684   62848   0,39  chrome
23:53:12     1000      9642      0,40      0,00 55012336   86856   0,54  chrome
23:53:12     1000      9657      0,00      0,00 1520518568  329864   2,03  chrome
23:53:12     1000     15673    179,00      0,00 6198372  280904   1,73  java

23:53:07      UID       PID   kB_rd/s   kB_wr/s kB_ccwr/s iodelay  Command
23:53:12     1000      9105      0,00      2,40      0,00       0  chrome
23:53:12     1000     15641      0,00      1,19      0,00       0  pidstat
23:53:12     1000     15673      0,00      3,37      0,00       0  java

23:53:12      UID       PID    %usr %system  %guest   %wait    %CPU   CPU  Command
23:53:17        0         1    0,20    0,20    0,00    0,00    0,40     6  systemd
23:53:17        0        57    0,00    1,00    0,00    0,00    1,00     6  ksoftirqd/6
23:53:17        0        58    0,00    0,60    0,00    1,00    0,60     6  kworker/6:0-i915-unordered
23:53:17        0        65    0,00    0,20    0,00    0,00    0,20     7  kworker/7:0H-kblockd
23:53:17        0        71    0,00    0,20    0,00    0,00    0,20     4  kworker/u32:5-ext4-rsv-conversion
23:53:17        0        95    0,00    0,20    0,00    0,00    0,20     4  kworker/4:1H-kblockd
23:53:17        0       435    0,00    0,20    0,00    0,20    0,20     2  systemd-udevd
23:53:17      990       908    0,20    0,00    0,00    0,00    0,20     3  dbus-daemon
23:53:17        0      1081    0,20    0,00    0,00    0,20    0,20     4  NetworkManager
23:53:17        0      1646    0,20    0,00    0,00    0,00    0,20     6  glances
23:53:17        0      1668    0,60    0,20    0,00    0,00    0,80     3  containerd
23:53:17        0      2676    0,80    0,20    0,00    0,00    1,00     1  dockerd
23:53:17      117      2677    0,40    0,40    0,00    0,00    0,80     5  grafana
23:53:17        0      3027    0,00    0,40    0,00    0,20    0,40     6  mount.ntfs-3g
23:53:17        0      3068    0,20    0,00    0,00    0,00    0,20     0  containerd-shim
23:53:17        0      3076    0,20    0,00    0,00    0,00    0,20     7  containerd-shim
23:53:17        0      3091    0,20    0,20    0,00    0,00    0,40     3  containerd-shim
23:53:17      999      3241    0,40    0,00    0,00    0,00    0,40     0  redis-server
23:53:17     1000      3918    0,20    0,00    0,00    0,00    0,20     2  systemd
23:53:17     1000      4211    8,00    8,00    0,00    0,00   16,00     7  gnome-shell
23:53:17     1000      4944    0,20    0,00    0,00    0,00    0,20     4  gvfsd-trash
23:53:17     1000      5898    3,80    1,60    0,00    0,00    5,40     4  antigravity
23:53:17     1000      5952    8,40    2,80    0,00    0,00   11,20     3  antigravity
23:53:17     1000      6000    5,80    1,00    0,00    0,20    6,80     7  antigravity
23:53:17     1000      6006    0,20    0,00    0,00    0,00    0,20     7  antigravity
23:53:17     1000      6248    1,60    1,20    0,00    0,00    2,80     4  language_server
23:53:17     1000      6303    0,20    0,00    0,00    0,00    0,20     2  antigravity
23:53:17     1000      6334    0,40    0,00    0,00    0,00    0,40     3  antigravity
23:53:17     1000      6366    9,60    0,20    0,00    0,00    9,80     2  antigravity
23:53:17     1000      6381    0,60    0,00    0,00    0,00    0,60     2  antigravity
23:53:17     1000      6409    0,00    0,20    0,00    0,00    0,20     4  antigravity
23:53:17     1000      6708    1,40    1,20    0,00    0,00    2,60     5  language_server
23:53:17     1000      7203    1,20    1,60    0,00    0,00    2,80     3  language_server
23:53:17        0      8594    0,00    0,80    0,00    0,00    0,80     4  kworker/u33:0-i915_flip
23:53:17     1000      9105    0,20    0,00    0,00    0,00    0,20     3  chrome
23:53:17     1000      9152    0,20    0,20    0,00    0,00    0,40     2  chrome
23:53:17     1000      9157    0,00    0,20    0,00    0,00    0,20     2  chrome
23:53:17     1000      9378    1,00    0,00    0,00    0,00    1,00     2  gnome-terminal-
23:53:17     1000      9668    0,00    0,20    0,00    0,00    0,20     7  chrome
23:53:17        0     13650    0,00    0,20    0,00    0,00    0,20     0  kworker/0:1-events
23:53:17     1000     15641    0,40    0,20    0,00    0,00    0,60     0  pidstat
23:53:17     1000     15673   13,60    0,80    0,00    0,00   14,40     7  java
23:53:17        0     15996    0,20    0,00    0,00    0,00    0,20     0  containerd-shim
23:53:17        0     16019    1,00    0,00    0,00    0,00    1,00     2  node

23:53:12      UID       PID  minflt/s  majflt/s     VSZ     RSS   %MEM  Command
23:53:17        0       375     26,60      0,00  163644   81956   0,50  systemd-journal
23:53:17        0       435     87,00      0,00   37432   10756   0,07  systemd-udevd
23:53:17      115       943      0,40      0,00 2610260  109556   0,67  prometheus
23:53:17        0      2676      0,40      0,00 3358484  108052   0,67  dockerd
23:53:17        0      3068     12,40      0,00 1235608   14756   0,09  containerd-shim
23:53:17        0      3075     11,40      0,00 1235608   15188   0,09  containerd-shim
23:53:17        0      3076     10,60      0,00 1235608   14988   0,09  containerd-shim
23:53:17        0      3091     13,00      0,00 1235608   15208   0,09  containerd-shim
23:53:17        0      3120      0,80      0,00 1235608   14636   0,09  containerd-shim
23:53:17     1000      4211      9,20      0,00 5024944  315928   1,95  gnome-shell
23:53:17     1000      5898     38,40      0,00 1461714124  312432   1,92  antigravity
23:53:17     1000      5952      5,20      0,00 34365228  167188   1,03  antigravity
23:53:17     1000      5963      0,80      0,00 33906396   82640   0,51  antigravity
23:53:17     1000      6000     65,20      0,00 1461388844  428272   2,64  antigravity
23:53:17     1000      6006     17,40      0,00 1459645432  275384   1,70  antigravity
23:53:17     1000      6289      0,20      0,00 33951332   64440   0,40  antigravity
23:53:17     1000      6302      4,00      0,00 1461347888  121632   0,75  antigravity
23:53:17     1000      6303      1,80      0,00 1461367164  112552   0,69  antigravity
23:53:17     1000      6334     10,00      0,00 1461342992  259464   1,60  antigravity
23:53:17     1000      6366    436,20      0,00 1461351388  385256   2,37  antigravity
23:53:17     1000      6381      3,20      0,00 1461358904  155572   0,96  antigravity
23:53:17     1000      6409      9,80      0,00 1461383736  117844   0,73  antigravity
23:53:17     1000      7289      0,20      0,00 1459530528   93808   0,58  antigravity
23:53:17     1000      9105     17,20      0,00 55447012  385332   2,37  chrome
23:53:17     1000      9152      6,80      0,00 55460652  193140   1,19  chrome
23:53:17     1000      9157    117,00      0,00 54984540  132104   0,81  chrome
23:53:17     1000      9168      0,20      0,00 55021684   62848   0,39  chrome
23:53:17     1000      9642      0,20      0,00 55012336   86856   0,54  chrome
23:53:17     1000      9657      0,20      0,00 1520518568  329864   2,03  chrome
23:53:17     1000     15673     66,20      0,00 6198372  282440   1,74  java
23:53:17        0     15996    174,40      0,00 1235352   11372   0,07  containerd-shim
23:53:17        0     16019    573,40      0,00  683704   37092   0,23  node
23:53:17        0     16028     52,20      0,00   37436    7096   0,04  (udev-worker)
23:53:17        0     16038     26,60      0,00   37436    6760   0,04  (udev-worker)
23:53:17        0     16039     26,40      0,00   37436    6600   0,04  (udev-worker)
23:53:17        0     16041     26,40      0,00   37436    6776   0,04  (udev-worker)
23:53:17        0     16042     26,40      0,00   37436    6776   0,04  (udev-worker)
23:53:17        0     16043     25,60      0,00   37436    6648   0,04  (udev-worker)
23:53:17        0     16044     26,80      0,00   37436    6648   0,04  (udev-worker)
23:53:17        0     16045     26,60      0,00   37436    6776   0,04  (udev-worker)
23:53:17        0     16047     26,60      0,00   37436    6776   0,04  (udev-worker)
23:53:17        0     16049     26,80      0,00   37436    6648   0,04  (udev-worker)
23:53:17        0     16050     26,60      0,00   37436    6648   0,04  (udev-worker)
23:53:17        0     16051     26,80      0,00   37436    6776   0,04  (udev-worker)
23:53:17        0     16052     27,00      0,00   37436    6648   0,04  (udev-worker)
23:53:17        0     16054     26,40      0,00   37436    6648   0,04  (udev-worker)
23:53:17        0     16055     26,20      0,00   37436    6648   0,04  (udev-worker)
23:53:17        0     16056     26,00      0,00   37436    6648   0,04  (udev-worker)
23:53:17        0     16067     57,00      0,00 1673248    8404   0,05  docker-proxy
23:53:17        0     16074     56,80      0,00 1673248    8440   0,05  docker-proxy

23:53:12      UID       PID   kB_rd/s   kB_wr/s kB_ccwr/s iodelay  Command
23:53:17     1000      9105      0,00      8,00      0,00       0  chrome
23:53:17     1000      9157      0,00    226,40      0,00       0  chrome
23:53:17     1000     15641      0,00      1,13      0,00       0  pidstat
23:53:17     1000     15673      0,00      3,37      0,00       0  java

23:53:17      UID       PID    %usr %system  %guest   %wait    %CPU   CPU  Command
23:53:22        0         1    0,40    0,00    0,00    0,00    0,40     5  systemd
23:53:22        0        18    0,00    0,20    0,00    0,00    0,20     0  rcu_preempt
23:53:22        0        39    0,20    0,00    0,00    0,00    0,20     3  ksoftirqd/3
23:53:22        0        57    0,00    1,20    0,00    0,00    1,20     6  ksoftirqd/6
23:53:22        0        58    0,00    0,60    0,00    0,80    0,60     6  kworker/6:0-i915-unordered
23:53:22        0        86    0,00    0,20    0,00    0,00    0,20     1  irq/9-acpi
23:53:22        0       113    0,00    0,20    0,00    0,00    0,20     0  kworker/0:1H-events_highpri
23:53:22        0       175    0,00    0,20    0,00    0,00    0,20     6  kworker/6:1H-events_highpri
23:53:22      990       908    1,00    0,00    0,00    0,00    1,00     4  dbus-daemon
23:53:22      115       942    1,40    0,60    0,00    0,00    2,00     1  prometheus-node
23:53:22      115       943    0,20    0,00    0,00    0,00    0,20     1  prometheus
23:53:22        0      1081    0,20    0,00    0,00    0,00    0,20     5  NetworkManager
23:53:22        0      1654    0,20    0,20    0,00    0,00    0,40     7  tailscaled
23:53:22        0      1668    0,80    0,00    0,00    0,00    0,80     3  containerd
23:53:22        0      2676    0,60    0,60    0,00    0,00    1,20     1  dockerd
23:53:22      117      2677    0,40    0,20    0,00    0,20    0,60     3  grafana
23:53:22        0      3027    0,40    0,20    0,00    0,00    0,60     6  mount.ntfs-3g
23:53:22        0      3068    0,20    0,20    0,00    0,00    0,40     0  containerd-shim
23:53:22        0      3075    0,00    0,20    0,00    0,00    0,20     3  containerd-shim
23:53:22        0      3076    0,00    0,20    0,00    0,00    0,20     7  containerd-shim
23:53:22        0      3120    0,20    0,20    0,00    0,00    0,40     4  containerd-shim
23:53:22      999      3241    0,40    0,20    0,00    0,00    0,60     6  redis-server
23:53:22     1000      3918    0,20    0,00    0,00    0,00    0,20     6  systemd
23:53:22     1000      4211    8,80    7,60    0,00    0,00   16,40     0  gnome-shell
23:53:22     1000      4512    0,20    0,00    0,00    0,20    0,20     3  gnome-software
23:53:22     1000      5898    3,80    1,60    0,00    0,00    5,40     2  antigravity
23:53:22     1000      5952    9,60    1,60    0,00    0,00   11,20     0  antigravity
23:53:22     1000      6000    5,80    1,00    0,00    0,00    6,80     2  antigravity
23:53:22     1000      6006    0,20    0,00    0,00    0,00    0,20     4  antigravity
23:53:22     1000      6248    1,40    1,40    0,00    0,00    2,80     6  language_server
23:53:22     1000      6302    0,00    0,20    0,00    0,00    0,20     0  antigravity
23:53:22     1000      6334    0,40    0,20    0,00    0,00    0,60     4  antigravity
23:53:22     1000      6366    1,00    0,00    0,00    0,00    1,00     3  antigravity
23:53:22     1000      6381    1,20    0,00    0,00    0,00    1,20     2  antigravity
23:53:22     1000      6409    0,20    0,00    0,00    0,00    0,20     7  antigravity
23:53:22     1000      6708    1,00    1,40    0,00    0,00    2,40     5  language_server
23:53:22     1000      7203    1,40    1,40    0,00    0,00    2,80     3  language_server
23:53:22        0      8594    0,00    0,60    0,00    0,00    0,60     6  kworker/u33:0-i915_flip
23:53:22     1000      9105    0,00    0,20    0,00    0,00    0,20     3  chrome
23:53:22     1000      9152    0,40    0,00    0,00    0,00    0,40     4  chrome
23:53:22     1000      9157    0,20    0,00    0,00    0,00    0,20     0  chrome
23:53:22     1000      9378    1,00    0,00    0,00    0,00    1,00     2  gnome-terminal-
23:53:22     1000      9657    0,20    0,00    0,00    0,00    0,20     1  chrome
23:53:22        0     13447    0,20    0,00    0,00    0,00    0,20     7  kworker/7:2-events
23:53:22        0     14471    0,00    0,20    0,00    0,00    0,20     4  kworker/4:0-events
23:53:22     1000     15641    0,20    0,40    0,00    0,00    0,60     7  pidstat
23:53:22     1000     15673   11,20    1,60    0,00    0,00   12,80     7  java

23:53:17      UID       PID  minflt/s  majflt/s     VSZ     RSS   %MEM  Command
23:53:22        0       375     19,20      0,00  163644   81956   0,50  systemd-journal
23:53:22        0       435      1,80      0,00   37432   10756   0,07  systemd-udevd
23:53:22      115       942     84,00      0,00 1614336   25328   0,16  prometheus-node
23:53:22      114      1776      3,60      0,00  218252   29316   0,18  postgres
23:53:22        0      2675      0,20      0,00  192664   15768   0,10  cups-browsed
23:53:22        0      2676      0,40      0,00 3358484  108052   0,67  dockerd
23:53:22        0      3068     12,80      0,00 1235608   14756   0,09  containerd-shim
23:53:22        0      3075     10,80      0,00 1235608   15316   0,09  containerd-shim
23:53:22        0      3076     12,80      0,00 1235608   15116   0,09  containerd-shim
23:53:22        0      3091     14,80      0,00 1235608   15464   0,10  containerd-shim
23:53:22        0      3120     11,80      0,00 1235608   14764   0,09  containerd-shim
23:53:22     1000      4211      1,80      0,00 5033144  315928   1,95  gnome-shell
23:53:22     1000      5898     41,20      0,00 1461714124  312816   1,93  antigravity
23:53:22     1000      5952      8,40      0,00 34365292  167316   1,03  antigravity
23:53:22     1000      5963      1,60      0,00 33906396   82640   0,51  antigravity
23:53:22     1000      6000     47,40      0,00 1461388844  429424   2,65  antigravity
23:53:22     1000      6006     17,80      0,00 1459645432  275768   1,70  antigravity
23:53:22     1000      6289      0,40      0,00 33951332   64440   0,40  antigravity
23:53:22     1000      6302      6,40      0,00 1461347888  121632   0,75  antigravity
23:53:22     1000      6303      2,60      0,00 1461367164  112552   0,69  antigravity
23:53:22     1000      6334     11,20      0,00 1461342992  259464   1,60  antigravity
23:53:22     1000      6366      8,40      0,00 1461351388  385384   2,37  antigravity
23:53:22     1000      6381      2,80      0,00 1461358904  155572   0,96  antigravity
23:53:22     1000      6409      3,80      0,00 1461383736  117844   0,73  antigravity
23:53:22     1000      7325      0,20      0,00 1459530528   86460   0,53  antigravity
23:53:22     1000      9105      9,20      0,00 55447012  385332   2,37  chrome
23:53:22     1000      9152      3,40      0,00 55460652  193140   1,19  chrome
23:53:22     1000      9157      3,20      0,00 54984540  132104   0,81  chrome
23:53:22     1000      9168      0,20      0,00 55021684   62848   0,39  chrome
23:53:22     1000      9642      0,20      0,00 55012336   86856   0,54  chrome
23:53:22     1000     15641      7,40      0,00    6316    5276   0,03  pidstat
23:53:22     1000     15673     68,40      0,00 6199400  289944   1,79  java

23:53:17      UID       PID   kB_rd/s   kB_wr/s kB_ccwr/s iodelay  Command
23:53:22     1000      9105      0,00      2,40      0,00       0  chrome
23:53:22     1000      9157      0,00     20,80      0,00       0  chrome
23:53:22     1000     15641      0,00      1,69      0,00       0  pidstat
23:53:22     1000     15673      0,00      3,37      0,00       0  java

23:53:22      UID       PID    %usr %system  %guest   %wait    %CPU   CPU  Command
23:53:27        0        57    0,00    1,20    0,00    0,00    1,20     6  ksoftirqd/6
23:53:27        0        58    0,00    0,80    0,00    0,60    0,80     6  kworker/6:0-i915-unordered
23:53:27      115       943    0,20    0,20    0,00    0,00    0,40     1  prometheus
23:53:27        0      1646    0,20    0,00    0,00    0,00    0,20     6  glances
23:53:27        0      1654    0,20    0,00    0,00    0,00    0,20     7  tailscaled
23:53:27        0      1668    0,40    0,20    0,00    0,00    0,60     3  containerd
23:53:27      111      1761    0,20    0,00    0,00    0,00    0,20     6  mariadbd
23:53:27        0      2676    0,40    0,20    0,00    0,00    0,60     1  dockerd
23:53:27      117      2677    0,60    0,20    0,00    0,00    0,80     1  grafana
23:53:27        0      3027    0,40    0,20    0,00    0,00    0,60     0  mount.ntfs-3g
23:53:27        0      3076    0,20    0,00    0,00    0,00    0,20     7  containerd-shim
23:53:27      999      3241    0,20    0,20    0,00    0,00    0,40     0  redis-server
23:53:27     1000      4211    8,80    6,60    0,00    0,00   15,40     4  gnome-shell
23:53:27     1000      5898    3,80    1,40    0,00    0,00    5,20     5  antigravity
23:53:27     1000      5952    8,60    2,40    0,00    0,00   11,00     2  antigravity
23:53:27     1000      6000    6,00    0,20    0,00    0,00    6,20     5  antigravity
23:53:27     1000      6006    0,20    0,00    0,00    0,00    0,20     4  antigravity
23:53:27     1000      6248    2,00    0,80    0,00    0,00    2,80     0  language_server
23:53:27     1000      6334    0,40    0,20    0,00    0,00    0,60     7  antigravity
23:53:27     1000      6366    0,80    0,20    0,00    0,00    1,00     1  antigravity
23:53:27     1000      6381    0,60    0,00    0,00    0,00    0,60     5  antigravity
23:53:27     1000      6409    0,00    0,20    0,00    0,00    0,20     7  antigravity
23:53:27     1000      6708    0,60    2,00    0,00    0,00    2,60     5  language_server
23:53:27     1000      7203    2,00    1,00    0,00    0,00    3,00     3  language_server
23:53:27        0      8594    0,00    0,60    0,00    0,00    0,60     7  kworker/u33:0-i915_flip
23:53:27     1000      9105    0,20    0,20    0,00    0,00    0,40     0  chrome
23:53:27     1000      9152    0,20    0,00    0,00    0,00    0,20     4  chrome
23:53:27     1000      9202    0,20    0,00    0,00    0,00    0,20     2  chrome
23:53:27     1000      9378    0,80    0,00    0,00    0,00    0,80     3  gnome-terminal-
23:53:27     1000     15641    0,00    0,60    0,00    0,00    0,60     3  pidstat
23:53:27     1000     15673   11,60    0,80    0,00    0,00   12,40     7  java

23:53:22      UID       PID  minflt/s  majflt/s     VSZ     RSS   %MEM  Command
23:53:27        0      3068      1,40      0,00 1235608   14756   0,09  containerd-shim
23:53:27        0      3075      1,00      0,00 1235608   15316   0,09  containerd-shim
23:53:27        0      3091     10,80      0,00 1235608   15720   0,10  containerd-shim
23:53:27        0      3120     11,60      0,00 1235608   14892   0,09  containerd-shim
23:53:27     1000      4211      7,00      0,00 5033144  315800   1,95  gnome-shell
23:53:27     1000      5898     33,60      0,00 1461714124  312796   1,93  antigravity
23:53:27     1000      5952      4,00      0,00 34365228  167308   1,03  antigravity
23:53:27     1000      5963      0,80      0,00 33906396   82640   0,51  antigravity
23:53:27     1000      6000     74,60      0,00 1461388844  430448   2,65  antigravity
23:53:27     1000      6006     17,60      0,00 1459645432  276152   1,70  antigravity
23:53:27     1000      6289      0,20      0,00 33951332   64440   0,40  antigravity
23:53:27     1000      6302      3,00      0,00 1461347888  121632   0,75  antigravity
23:53:27     1000      6303      1,00      0,00 1461367164  112552   0,69  antigravity
23:53:27     1000      6334     18,40      0,00 1461342992  259464   1,60  antigravity
23:53:27     1000      6366     40,80      0,00 1461351388  385372   2,37  antigravity
23:53:27     1000      6381      3,00      0,00 1461358904  155572   0,96  antigravity
23:53:27     1000      6409      6,20      0,00 1461383736  117844   0,73  antigravity
23:53:27     1000      9105      9,80      0,00 55447012  385332   2,37  chrome
23:53:27     1000      9152      3,40      0,00 55460652  193140   1,19  chrome
23:53:27     1000      9157      1,80      0,00 54984540  132104   0,81  chrome
23:53:27     1000      9168      0,20      0,00 55021684   62848   0,39  chrome
23:53:27     1000      9642      0,20      0,00 55012336   86856   0,54  chrome
23:53:27     1000      9657     35,80      0,00 1518552488  328040   2,02  chrome
23:53:27     1000     15641      0,00      0,00    6272    5276   0,03  pidstat
23:53:27     1000     15673    151,80      0,00 6199400  292760   1,80  java

23:53:22      UID       PID   kB_rd/s   kB_wr/s kB_ccwr/s iodelay  Command
23:53:27     1000      9105      0,00      5,60      0,00       0  chrome
23:53:27     1000     15641      0,00      1,45      0,00       0  pidstat
23:53:27     1000     15673      0,00      3,37      0,00       0  java

23:53:27      UID       PID    %usr %system  %guest   %wait    %CPU   CPU  Command
23:53:32        0        57    0,00    1,20    0,00    0,00    1,20     6  ksoftirqd/6
23:53:32        0        58    0,00    0,60    0,00    0,60    0,60     6  kworker/6:0-i915-unordered
23:53:32        0        67    0,00    0,20    0,00    0,00    0,20     6  kworker/u32:1-flush-8:0
23:53:32        0        71    0,00    0,20    0,00    0,00    0,20     7  kworker/u32:5-kvfree_rcu_reclaim
23:53:32        0       647    0,00    0,20    0,00    0,00    0,20     0  irq/130-iwlwifi
23:53:32        0      1646    0,20    0,00    0,00    0,00    0,20     6  glances
23:53:32        0      1668    0,40    0,00    0,00    0,00    0,40     3  containerd
23:53:32        0      2676    0,20    0,20    0,00    0,00    0,40     1  dockerd
23:53:32      117      2677    0,60    0,20    0,00    0,00    0,80     1  grafana
23:53:32        0      3027    0,40    0,20    0,00    0,00    0,60     2  mount.ntfs-3g
23:53:32        0      3075    0,20    0,00    0,00    0,00    0,20     3  containerd-shim
23:53:32        0      3091    0,20    0,00    0,00    0,00    0,20     3  containerd-shim
23:53:32        0      3120    0,20    0,00    0,00    0,00    0,20     4  containerd-shim
23:53:32      999      3241    0,40    0,00    0,00    0,00    0,40     0  redis-server
23:53:32     1000      4211    5,00   10,20    0,00    0,00   15,20     4  gnome-shell
23:53:32     1000      5898    3,60    1,80    0,00    0,00    5,40     5  antigravity
23:53:32     1000      5952    8,60    2,40    0,00    0,00   11,00     3  antigravity
23:53:32     1000      6000    7,00    0,60    0,00    0,20    7,60     4  antigravity
23:53:32     1000      6006    0,20    0,00    0,00    5,20    0,20     2  antigravity
23:53:32     1000      6248    1,40    1,60    0,00    0,00    3,00     5  language_server
23:53:32     1000      6334    0,60    0,00    0,00    0,00    0,60     4  antigravity
23:53:32     1000      6366    0,60    0,20    0,00    0,00    0,80     2  antigravity
23:53:32     1000      6381    0,40    0,40    0,00    0,00    0,80     5  antigravity
23:53:32     1000      6409    0,20    0,40    0,00    0,00    0,60     2  antigravity
23:53:32     1000      6708    1,40    1,20    0,00    0,00    2,60     5  language_server
23:53:32     1000      7203    1,40    1,20    0,00    0,00    2,60     3  language_server
23:53:32        0      8594    0,00    0,60    0,00    0,00    0,60     1  kworker/u33:0-i915_flip
23:53:32     1000      9105    0,20    0,00    0,00    0,00    0,20     3  chrome
23:53:32     1000      9152    0,20    0,00    0,00    0,00    0,20     4  chrome
23:53:32     1000      9168    0,20    0,00    0,00   16,80    0,20     7  chrome
23:53:32     1000      9378    1,00    0,00    0,00    0,00    1,00     3  gnome-terminal-
23:53:32     1000     15641    0,20    0,20    0,00    0,00    0,40     0  pidstat
23:53:32     1000     15673   14,40    0,80    0,00    0,00   15,20     7  java

23:53:27      UID       PID  minflt/s  majflt/s     VSZ     RSS   %MEM  Command
23:53:32        0      1654      0,40      0,00 1421460  100040   0,62  tailscaled
23:53:32        0      3068      2,00      0,00 1235608   14884   0,09  containerd-shim
23:53:32        0      3075      0,80      0,00 1235608   15316   0,09  containerd-shim
23:53:32        0      3076      1,80      0,00 1235608   15116   0,09  containerd-shim
23:53:32        0      3091      6,60      0,00 1235608   15848   0,10  containerd-shim
23:53:32        0      3120     11,40      0,00 1235608   15276   0,09  containerd-shim
23:53:32     1000      4211      3,80      0,00 5024952  315800   1,95  gnome-shell
23:53:32     1000      5898     33,80      0,00 1461714124  312724   1,93  antigravity
23:53:32     1000      5952     11,20      0,00 34380012  167564   1,03  antigravity
23:53:32     1000      5963      0,80      0,00 33906396   82640   0,51  antigravity
23:53:32     1000      6000    139,60      0,00 1461391020  431776   2,66  antigravity
23:53:32     1000      6006     18,60      0,00 1459645432  276536   1,70  antigravity
23:53:32     1000      6289      0,20      0,00 33951332   64440   0,40  antigravity
23:53:32     1000      6302      3,60      0,00 1461347888  121632   0,75  antigravity
23:53:32     1000      6303      1,20      0,00 1461367164  112552   0,69  antigravity
23:53:32     1000      6334     18,00      0,00 1461342992  259720   1,60  antigravity
23:53:32     1000      6366     53,20      0,00 1461351388  386268   2,38  antigravity
23:53:32     1000      6381      5,00      0,00 1461358904  155572   0,96  antigravity
23:53:32     1000      6409    160,20      0,00 1461383736  117828   0,73  antigravity
23:53:32     1000      7325      1,00      0,00 1459530528   86716   0,53  antigravity
23:53:32     1000      9105     21,20      0,00 55447012  385276   2,37  chrome
23:53:32     1000      9152      3,40      0,00 55460652  193140   1,19  chrome
23:53:32     1000      9157      6,00      0,00 54984540  132104   0,81  chrome
23:53:32     1000      9168      0,40      0,00 55021684   62848   0,39  chrome
23:53:32     1000      9642      0,60      0,00 55012336   86856   0,54  chrome
23:53:32     1000      9657      0,00      0,00 1518552488  325904   2,01  chrome
23:53:32     1000     15673     46,60      0,00 6199400  293656   1,81  java
23:53:32     1000     16148     27,60      0,00    2672    1592   0,01  sh
23:53:32     1000     16149     72,40      0,00    7012    3340   0,02  cpuUsage.sh
23:53:32     1000     16157     24,60      0,00    5656    2092   0,01  sleep

23:53:27      UID       PID   kB_rd/s   kB_wr/s kB_ccwr/s iodelay  Command
23:53:32     1000     15641      0,00      1,03      0,00       0  pidstat
23:53:32     1000     15673      0,00      3,44      0,00       0  java

23:53:32      UID       PID    %usr %system  %guest   %wait    %CPU   CPU  Command
23:53:37        0         1    0,20    0,00    0,00    0,00    0,20     7  systemd
23:53:37        0        57    0,00    1,20    0,00    0,00    1,20     6  ksoftirqd/6
23:53:37        0        58    0,00    0,60    0,00    0,80    0,60     6  kworker/6:0-i915-unordered
23:53:37      990       908    0,40    0,40    0,00    0,00    0,80     1  dbus-daemon
23:53:37      115       942    1,20    0,60    0,00    0,00    1,80     1  prometheus-node
23:53:37      115       943    0,20    0,00    0,00    0,00    0,20     1  prometheus
23:53:37        0      1654    0,20    0,20    0,00    0,00    0,40     7  tailscaled
23:53:37        0      1668    0,40    0,00    0,00    0,00    0,40     3  containerd
23:53:37        0      2676    0,40    0,20    0,00    0,00    0,60     1  dockerd
23:53:37      117      2677    0,40    0,40    0,00    0,00    0,80     4  grafana
23:53:37        0      3027    0,20    0,00    0,00    0,00    0,20     1  mount.ntfs-3g
23:53:37        0      3068    0,00    0,20    0,00    0,00    0,20     0  containerd-shim
23:53:37        0      3091    0,00    0,20    0,00    0,00    0,20     3  containerd-shim
23:53:37      999      3241    0,60    0,00    0,00    0,00    0,60     3  redis-server
23:53:37     1000      4211    9,60    6,20    0,00    0,20   15,80     5  gnome-shell
23:53:37     1000      5898    3,40    2,00    0,00    0,00    5,40     3  antigravity
23:53:37     1000      5952    8,40    2,60    0,00    0,00   11,00     3  antigravity
23:53:37     1000      6000    6,00    0,60    0,00    0,00    6,60     5  antigravity
23:53:37     1000      6248    1,00    2,00    0,00    0,00    3,00     0  language_server
23:53:37     1000      6303    0,00    0,20    0,00    0,00    0,20     2  antigravity
23:53:37     1000      6334    0,40    0,00    0,00    0,20    0,40     7  antigravity
23:53:37     1000      6366    0,80    0,20    0,00    0,00    1,00     6  antigravity
23:53:37     1000      6381    0,60    0,00    0,00    0,00    0,60     5  antigravity
23:53:37     1000      6409    0,40    0,20    0,00    0,00    0,60     7  antigravity
23:53:37     1000      6708    1,40    0,80    0,00    0,00    2,20     5  language_server
23:53:37     1000      7203    1,20    1,60    0,00    0,00    2,80     3  language_server
23:53:37        0      8594    0,00    0,60    0,00    0,00    0,60     6  kworker/u33:0-i915_flip
23:53:37     1000      9105    0,00    0,20    0,00    0,00    0,20     5  chrome
23:53:37     1000      9152    0,40    0,20    0,00    0,00    0,60     2  chrome
23:53:37     1000      9378    1,00    0,00    0,00    0,20    1,00     7  gnome-terminal-
23:53:37     1000      9642    0,20    0,00    0,00    0,00    0,20     4  chrome
23:53:37     1000      9657    0,00    0,20    0,00    0,00    0,20     0  chrome
23:53:37     1000      9773    0,20    0,00    0,00    0,00    0,20     5  ssh
23:53:37     1000     10899    0,20    0,00    0,00    0,00    0,20     0  antigravity
23:53:37     1000     15641    0,20    0,20    0,00    0,00    0,40     1  pidstat
23:53:37     1000     15673   17,80    1,00    0,00    0,00   18,80     7  java

23:53:32      UID       PID  minflt/s  majflt/s     VSZ     RSS   %MEM  Command
23:53:37      115       942     48,60      0,00 1614336   25524   0,16  prometheus-node
23:53:37        0      1668      4,00      0,00 2463668   69812   0,43  containerd
23:53:37        0      3068      5,80      0,00 1235608   15140   0,09  containerd-shim
23:53:37        0      3075      1,60      0,00 1235608   15316   0,09  containerd-shim
23:53:37        0      3076      1,80      0,00 1235608   15116   0,09  containerd-shim
23:53:37        0      3091      7,60      0,00 1235608   15808   0,10  containerd-shim
23:53:37        0      3120      8,60      0,00 1235608   15196   0,09  containerd-shim
23:53:37     1000      4211      9,20      0,00 5033128  315800   1,95  gnome-shell
23:53:37     1000      5898     42,40      0,00 1461714124  312144   1,92  antigravity
23:53:37     1000      5952     22,40      0,00 34365036  167476   1,03  antigravity
23:53:37     1000      5963      0,80      0,00 33906396   82640   0,51  antigravity
23:53:37     1000      6000     46,60      0,00 1461388844  432544   2,66  antigravity
23:53:37     1000      6006     17,80      0,00 1459645432  276792   1,71  antigravity
23:53:37     1000      6289      0,20      0,00 33951332   64440   0,40  antigravity
23:53:37     1000      6302      3,00      0,00 1461347888  121632   0,75  antigravity
23:53:37     1000      6303      0,80      0,00 1461367164  112552   0,69  antigravity
23:53:37     1000      6334      8,40      0,00 1461342992  259720   1,60  antigravity
23:53:37     1000      6366     10,00      0,00 1461351388  385736   2,38  antigravity
23:53:37     1000      6381     12,80      0,00 1461358904  155828   0,96  antigravity
23:53:37     1000      6409    131,00      0,00 1461383736  118084   0,73  antigravity
23:53:37     1000      9105      9,40      0,00 55447012  385276   2,37  chrome
23:53:37     1000      9152      6,80      0,00 55460652  193140   1,19  chrome
23:53:37     1000      9157      3,20      0,00 54984540  132104   0,81  chrome
23:53:37     1000      9168      0,20      0,00 55021684   62848   0,39  chrome
23:53:37     1000      9642      0,20      0,00 55012336   86856   0,54  chrome
23:53:37     1000     15673     55,40      0,00 6199400  303068   1,87  java
23:53:37     1000     16175     27,40      0,00    2672    1592   0,01  sh
23:53:37     1000     16176     72,80      0,00    7012    3268   0,02  cpuUsage.sh
23:53:37     1000     16184     24,60      0,00    5656    2160   0,01  sleep

23:53:32      UID       PID   kB_rd/s   kB_wr/s kB_ccwr/s iodelay  Command
23:53:37     1000      9105      0,00      2,40      0,00       0  chrome
23:53:37     1000     15641      0,00      1,14      0,00       0  pidstat
23:53:37     1000     15673      0,00      4,97      0,00       0  java

23:53:37      UID       PID    %usr %system  %guest   %wait    %CPU   CPU  Command
23:53:42        0        57    0,00    1,00    0,00    0,20    1,00     6  ksoftirqd/6
23:53:42        0        58    0,00    0,60    0,00    0,60    0,60     6  kworker/6:0-i915-unordered
23:53:42        0       684    0,00    0,20    0,00    0,00    0,20     4  kworker/u32:8-i915
23:53:42      102       902    0,00    0,20    0,00    0,00    0,20     4  avahi-daemon
23:53:42      115       943    0,20    0,00    0,00    0,00    0,20     1  prometheus
23:53:42        0      1646    0,20    0,00    0,00    0,00    0,20     6  glances
23:53:42        0      1668    0,20    0,20    0,00    0,00    0,40     3  containerd
23:53:42        0      2676    0,60    0,00    0,00    0,00    0,60     1  dockerd
23:53:42      117      2677    0,60    0,40    0,00    0,00    1,00     4  grafana
23:53:42        0      3027    0,40    0,20    0,00    0,00    0,60     4  mount.ntfs-3g
23:53:42        0      3075    0,20    0,20    0,00    0,00    0,40     3  containerd-shim
23:53:42        0      3076    0,00    0,20    0,00    0,00    0,20     7  containerd-shim
23:53:42        0      3091    0,20    0,00    0,00    0,00    0,20     3  containerd-shim
23:53:42        0      3120    0,20    0,00    0,00    0,00    0,20     4  containerd-shim
23:53:42      999      3241    0,40    0,00    0,00    0,00    0,40     6  redis-server
23:53:42     1000      4211    9,60    6,20    0,00    0,00   15,80     3  gnome-shell
23:53:42     1000      5898    3,60    1,60    0,00    0,00    5,20     4  antigravity
23:53:42     1000      5952    8,80    2,20    0,00    0,00   11,00     1  antigravity
23:53:42     1000      6000    6,00    0,60    0,00    0,00    6,60     7  antigravity
23:53:42     1000      6006    0,20    0,00    0,00    0,00    0,20     5  antigravity
23:53:42     1000      6248    1,60    1,60    0,00    0,00    3,20     4  language_server
23:53:42     1000      6334    0,40    0,20    0,00    0,00    0,60     4  antigravity
23:53:42     1000      6366    1,00    0,00    0,00    0,00    1,00     7  antigravity
23:53:42     1000      6381    0,40    0,20    0,00    0,00    0,60     1  antigravity
23:53:42     1000      6409    0,20    0,00    0,00    0,00    0,20     7  antigravity
23:53:42     1000      6708    1,40    1,20    0,00    0,00    2,60     5  language_server
23:53:42     1000      7203    2,00    0,80    0,00    0,00    2,80     3  language_server
23:53:42        0      8594    0,00    0,80    0,00    0,00    0,80     0  kworker/u33:0-i915_flip
23:53:42     1000      9105    0,20    0,20    0,00    0,00    0,40     7  chrome
23:53:42     1000      9152    0,20    0,00    0,00    0,00    0,20     2  chrome
23:53:42     1000      9378    0,80    0,00    0,00    0,00    0,80     3  gnome-terminal-
23:53:42     1000      9657    0,20    0,00    0,00    0,00    0,20     6  chrome
23:53:42     1000     15641    0,20    0,40    0,00    0,00    0,60     5  pidstat
23:53:42     1000     15673    9,40    0,40    0,00    0,00    9,80     7  java

23:53:37      UID       PID  minflt/s  majflt/s     VSZ     RSS   %MEM  Command
23:53:42        0      1668      1,20      0,00 2463668   69940   0,43  containerd
23:53:42      114      1776      4,00      0,00  218252   29316   0,18  postgres
23:53:42        0      2676      0,40      0,00 3358484  108180   0,67  dockerd
23:53:42        0      3068      8,60      0,00 1235608   14636   0,09  containerd-shim
23:53:42        0      3075      5,00      0,00 1235608   14696   0,09  containerd-shim
23:53:42        0      3076     12,20      0,00 1235608   14572   0,09  containerd-shim
23:53:42        0      3091      9,40      0,00 1235608   15184   0,09  containerd-shim
23:53:42        0      3120      7,40      0,00 1235608   14596   0,09  containerd-shim
23:53:42        0      3248      0,20      0,00  743412   78972   0,49  node
23:53:42     1000      4211      1,00      0,00 5024936  315800   1,95  gnome-shell
23:53:42     1000      5898     35,40      0,00 1461714124  312656   1,93  antigravity
23:53:42     1000      5952      7,60      0,00 34365036  167476   1,03  antigravity
23:53:42     1000      5963      1,60      0,00 33906396   82640   0,51  antigravity
23:53:42     1000      6000     45,80      0,00 1461388844  433440   2,67  antigravity
23:53:42     1000      6006     10,20      0,00 1459645432  277048   1,71  antigravity
23:53:42     1000      6289      0,40      0,00 33951332   64440   0,40  antigravity
23:53:42     1000      6302      6,00      0,00 1461347888  121632   0,75  antigravity
23:53:42     1000      6303      2,00      0,00 1461367164  112552   0,69  antigravity
23:53:42     1000      6334     10,20      0,00 1461342992  259456   1,60  antigravity
23:53:42     1000      6366     13,80      0,00 1461351388  384308   2,37  antigravity
23:53:42     1000      6381      2,80      0,00 1461358904  155700   0,96  antigravity
23:53:42     1000      6409     17,40      0,00 1461383736  118084   0,73  antigravity
23:53:42     1000      9105     83,00      0,00 55447012  385184   2,37  chrome
23:53:42     1000      9152      3,40      0,00 55460652  193140   1,19  chrome
23:53:42     1000      9157      5,20      0,00 54984540  132104   0,81  chrome
23:53:42     1000      9168      0,20      0,00 55021684   62848   0,39  chrome
23:53:42     1000      9642      0,20      0,00 55012336   86856   0,54  chrome
23:53:42     1000      9657     73,40      0,00 1520518568  327120   2,02  chrome
23:53:42     1000     15673     36,20      0,00 6199400  303708   1,87  java

23:53:37      UID       PID   kB_rd/s   kB_wr/s kB_ccwr/s iodelay  Command
23:53:42     1000      9105      0,00     20,00      0,00       0  chrome
23:53:42     1000      9157      0,00      0,80      0,80       0  chrome
23:53:42     1000     15641      0,00      1,18      0,00       0  pidstat
23:53:42     1000     15673      0,00      4,74      0,00       0  java

23:53:42      UID       PID    %usr %system  %guest   %wait    %CPU   CPU  Command
23:53:47        0        57    0,00    1,20    0,00    0,00    1,20     6  ksoftirqd/6
23:53:47        0        58    0,00    0,60    0,00    0,60    0,60     6  kworker/6:0-i915-unordered
23:53:47        0        65    0,00    0,20    0,00    0,00    0,20     7  kworker/7:0H-events_highpri
23:53:47        0       106    0,00    0,20    0,00    0,00    0,20     5  kworker/5:1-mm_percpu_wq
23:53:47        0      1646    0,20    0,00    0,00    0,00    0,20     6  glances
23:53:47        0      1668    0,40    0,00    0,00    0,00    0,40     3  containerd
23:53:47        0      2676    0,20    0,20    0,00    0,00    0,40     1  dockerd
23:53:47      117      2677    0,40    0,20    0,00    0,00    0,60     2  grafana
23:53:47        0      3027    0,40    0,20    0,00    0,00    0,60     5  mount.ntfs-3g
23:53:47        0      3068    0,00    0,20    0,00    0,00    0,20     0  containerd-shim
23:53:47        0      3076    0,20    0,00    0,00    0,00    0,20     7  containerd-shim
23:53:47      999      3241    0,40    0,00    0,00    0,00    0,40     0  redis-server
23:53:47     1000      4211    9,80    5,80    0,00    0,00   15,60     2  gnome-shell
23:53:47     1000      4525    0,20    0,00    0,00    0,00    0,20     7  gsd-sharing
23:53:47     1000      5898    3,60    1,40    0,00    0,20    5,00     1  antigravity
23:53:47     1000      5952    8,40    2,80    0,00    0,00   11,20     4  antigravity
23:53:47     1000      6000    6,00    0,60    0,00    0,00    6,60     2  antigravity
23:53:47     1000      6006    0,20    0,00    0,00    0,00    0,20     4  antigravity
23:53:47     1000      6248    1,40    1,20    0,00    0,00    2,60     5  language_server
23:53:47     1000      6334    0,60    0,00    0,00    0,00    0,60     2  antigravity
23:53:47     1000      6366    0,80    0,00    0,00    0,00    0,80     1  antigravity
23:53:47     1000      6381    0,80    0,00    0,00    0,00    0,80     1  antigravity
23:53:47     1000      6409    0,00    0,20    0,00    0,00    0,20     4  antigravity
23:53:47     1000      6708    1,80    0,80    0,00    0,00    2,60     5  language_server
23:53:47     1000      7203    1,40    1,60    0,00    0,00    3,00     3  language_server
23:53:47        0      8594    0,00    0,60    0,00    0,00    0,60     7  kworker/u33:0-i915_flip
23:53:47     1000      9105    0,20    0,20    0,00    0,00    0,40     7  chrome
23:53:47     1000      9152    0,20    0,00    0,00    0,00    0,20     2  chrome
23:53:47     1000      9157    0,20    0,00    0,00    0,00    0,20     5  chrome
23:53:47     1000      9378    1,00    0,00    0,00    0,00    1,00     1  gnome-terminal-
23:53:47     1000      9773    0,00    0,20    0,00    0,00    0,20     6  ssh
23:53:47     1000     15641    0,20    0,40    0,00    0,00    0,60     6  pidstat
23:53:47     1000     15673    9,20    0,60    0,00    0,00    9,80     7  java

23:53:42      UID       PID  minflt/s  majflt/s     VSZ     RSS   %MEM  Command
23:53:47        0      1668      0,80      0,00 2463668   69940   0,43  containerd
23:53:47        0      3068     10,20      0,00 1235608   14636   0,09  containerd-shim
23:53:47        0      3075     10,40      0,00 1235608   14824   0,09  containerd-shim
23:53:47        0      3076     13,20      0,00 1235608   14828   0,09  containerd-shim
23:53:47        0      3091     14,00      0,00 1235608   15312   0,09  containerd-shim
23:53:47        0      3120     10,60      0,00 1235608   14724   0,09  containerd-shim
23:53:47     1000      4211      8,00      0,00 5033128  315672   1,94  gnome-shell
23:53:47     1000      5898     33,80      0,00 1461714124  312524   1,93  antigravity
23:53:47     1000      5952      3,80      0,00 34365036  167476   1,03  antigravity
23:53:47     1000      5963      0,80      0,00 33906396   82640   0,51  antigravity
23:53:47     1000      6000     66,60      0,00 1461388844  433900   2,67  antigravity
23:53:47     1000      6006      7,60      0,00 1459645432  277048   1,71  antigravity
23:53:47     1000      6289      0,20      0,00 33951332   64440   0,40  antigravity
23:53:47     1000      6302      3,60      0,00 1461347888  121632   0,75  antigravity
23:53:47     1000      6303      1,20      0,00 1461367164  112552   0,69  antigravity
23:53:47     1000      6334     53,20      0,00 1461342992  259624   1,60  antigravity
23:53:47     1000      6366      9,80      0,00 1461351388  384308   2,37  antigravity
23:53:47     1000      6381      2,80      0,00 1461358904  155572   0,96  antigravity
23:53:47     1000      6409      4,00      0,00 1461383736  118084   0,73  antigravity
23:53:47     1000      9105     14,20      0,00 55447012  385184   2,37  chrome
23:53:47     1000      9152      3,40      0,00 55460652  193140   1,19  chrome
23:53:47     1000      9157      2,80      0,00 54984540  132104   0,81  chrome
23:53:47     1000      9168      0,20      0,00 55021684   62848   0,39  chrome
23:53:47     1000      9642      0,20      0,00 55012336   86856   0,54  chrome
23:53:47     1000     15673     41,40      0,00 6199400  304476   1,88  java

23:53:42      UID       PID   kB_rd/s   kB_wr/s kB_ccwr/s iodelay  Command
23:53:47     1000      9105      0,00      7,20      0,00       0  chrome
23:53:47     1000     15641      0,00      1,17      0,00       0  pidstat
23:53:47     1000     15673      0,00      3,18      0,00       0  java

23:53:47      UID       PID    %usr %system  %guest   %wait    %CPU   CPU  Command
23:53:52        0         1    0,20    0,20    0,00    0,00    0,40     5  systemd
23:53:52        0        57    0,00    1,20    0,00    0,00    1,20     6  ksoftirqd/6
23:53:52        0        58    0,00    0,80    0,00    0,80    0,80     6  kworker/6:0-i915-unordered
23:53:52        0        86    0,00    0,20    0,00    0,00    0,20     1  irq/9-acpi
23:53:52        0       214    0,00    0,20    0,00    0,00    0,20     1  kworker/1:1H-events_highpri
23:53:52        0       227    0,00    0,20    0,00    0,00    0,20     5  kworker/5:1H-events_highpri
23:53:52      990       908    0,80    0,00    0,00    0,00    0,80     3  dbus-daemon
23:53:52      115       942    1,40    0,60    0,00    0,00    2,00     1  prometheus-node
23:53:52      115       943    0,20    0,00    0,00    0,00    0,20     1  prometheus
23:53:52        0      1654    0,00    0,20    0,00    0,00    0,20     5  tailscaled
23:53:52        0      1668    0,40    0,00    0,00    0,00    0,40     3  containerd
23:53:52        0      2676    0,20    0,20    0,00    0,00    0,40     1  dockerd
23:53:52      117      2677    0,60    0,20    0,00    0,00    0,80     1  grafana
23:53:52        0      3027    0,20    0,00    0,00    0,00    0,20     6  mount.ntfs-3g
23:53:52        0      3068    0,00    0,20    0,00    0,00    0,20     0  containerd-shim
23:53:52        0      3076    0,20    0,00    0,00    0,00    0,20     7  containerd-shim
23:53:52        0      3091    0,20    0,00    0,00    0,00    0,20     3  containerd-shim
23:53:52        0      3120    0,20    0,00    0,00    0,00    0,20     4  containerd-shim
23:53:52      999      3241    0,40    0,00    0,00    0,00    0,40     1  redis-server
23:53:52     1000      4211   10,60    4,80    0,00    0,20   15,40     2  gnome-shell
23:53:52     1000      4985    0,20    0,00    0,00    0,00    0,20     0  gsd-xsettings
23:53:52     1000      5898    3,80    1,60    0,00    0,20    5,40     1  antigravity
23:53:52     1000      5952    9,00    1,80    0,00    0,20   10,80     5  antigravity
23:53:52     1000      6000   15,80    0,60    0,00    0,00   16,40     7  antigravity
23:53:52     1000      6006    0,20    0,00    0,00    0,00    0,20     6  antigravity
23:53:52     1000      6248    2,20    1,20    0,00    0,20    3,40     3  language_server
23:53:52     1000      6334    0,40    0,00    0,00    0,00    0,40     2  antigravity
23:53:52     1000      6366    0,60    0,40    0,00    0,00    1,00     7  antigravity
23:53:52     1000      6381    0,40    0,40    0,00    0,00    0,80     1  antigravity
23:53:52     1000      6409    0,20    0,00    0,00    0,00    0,20     3  antigravity
23:53:52     1000      6708    1,20    1,40    0,00    0,00    2,60     5  language_server
23:53:52     1000      7203    2,00    0,80    0,00    0,00    2,80     3  language_server
23:53:52        0      8594    0,00    0,80    0,00    0,20    0,80     7  kworker/u33:0-i915_flip
23:53:52     1000      9105    0,20    0,00    0,00    0,00    0,20     4  chrome
23:53:52     1000      9152    0,40    0,00    0,00    0,00    0,40     2  chrome
23:53:52     1000      9378    0,80    0,00    0,00    0,00    0,80     3  gnome-terminal-
23:53:52     1000      9657    0,20    0,00    0,00    0,00    0,20     5  chrome
23:53:52        0     13650    0,00    0,20    0,00    0,00    0,20     0  kworker/0:1-events
23:53:52     1000     15641    0,20    0,40    0,00    0,00    0,60     4  pidstat
23:53:52     1000     15673    8,00    0,80    0,00    0,00    8,80     7  java

23:53:47      UID       PID  minflt/s  majflt/s     VSZ     RSS   %MEM  Command
23:53:52      115       942    102,00      0,00 1614336   25248   0,16  prometheus-node
23:53:52        0      1654      0,20      0,00 1421460  100040   0,62  tailscaled
23:53:52        0      1668      0,60      0,00 2463668   69940   0,43  containerd
23:53:52      117      2677      0,20      0,00 1765560  336588   2,07  grafana
23:53:52        0      3068     10,00      0,00 1235608   14764   0,09  containerd-shim
23:53:52        0      3075     13,80      0,00 1235608   15080   0,09  containerd-shim
23:53:52        0      3076      4,80      0,00 1235608   14956   0,09  containerd-shim
23:53:52        0      3091     10,00      0,00 1235608   15312   0,09  containerd-shim
23:53:52        0      3120     12,40      0,00 1235608   14852   0,09  containerd-shim
23:53:52     1000      4211      0,60      0,00 5024936  315672   1,94  gnome-shell
23:53:52     1000      5898     33,00      0,00 1461714124  312480   1,93  antigravity
23:53:52     1000      5952      4,00      0,00 34365036  167476   1,03  antigravity
23:53:52     1000      5963      0,80      0,00 33906396   82640   0,51  antigravity
23:53:52     1000      6000    165,80      0,00 1461388844  425056   2,62  antigravity
23:53:52     1000      6006      8,00      0,00 1459645432  277304   1,71  antigravity
23:53:52     1000      6077      0,80      0,00 1459609232  168824   1,04  antigravity
23:53:52     1000      6289      0,20      0,00 33951332   64440   0,40  antigravity
23:53:52     1000      6302      3,00      0,00 1461347888  121632   0,75  antigravity
23:53:52     1000      6303      0,80      0,00 1461367164  112552   0,69  antigravity
23:53:52     1000      6334     11,20      0,00 1461342992  259624   1,60  antigravity
23:53:52     1000      6366     44,00      0,00 1461351388  384392   2,37  antigravity
23:53:52     1000      6381      5,00      0,00 1461358904  155444   0,96  antigravity
23:53:52     1000      6409      6,40      0,00 1461383736  118084   0,73  antigravity
23:53:52     1000      9105     18,00      0,00 55447012  385028   2,37  chrome
23:53:52     1000      9152      3,40      0,00 55460652  193140   1,19  chrome
23:53:52     1000      9157      6,00      0,00 54984540  132104   0,81  chrome
23:53:52     1000      9168      0,40      0,00 55021684   62848   0,39  chrome
23:53:52     1000      9642      0,40      0,00 55012336   86856   0,54  chrome
23:53:52     1000      9657    140,20      0,00 1520518568  329808   2,03  chrome
23:53:52     1000      9690      0,20      0,00 1518454488   82280   0,51  chrome
23:53:52     1000     15673     32,40      0,00 6199400  305244   1,88  java

23:53:47      UID       PID   kB_rd/s   kB_wr/s kB_ccwr/s iodelay  Command
23:53:52     1000      9105      0,00      1,60      0,00       0  chrome
23:53:52     1000     15641      0,00      1,07      0,00       0  pidstat
23:53:52     1000     15673      0,00      3,18      0,00       0  java

23:53:52      UID       PID    %usr %system  %guest   %wait    %CPU   CPU  Command
23:53:57        0        17    0,20    0,00    0,00    0,00    0,20     0  ksoftirqd/0
23:53:57        0        18    0,00    0,20    0,00    0,00    0,20     2  rcu_preempt
23:53:57        0        27    0,20    0,00    0,00    0,00    0,20     1  ksoftirqd/1
23:53:57        0        57    0,00    1,00    0,00    0,00    1,00     6  ksoftirqd/6
23:53:57        0        58    0,00    0,60    0,00    1,00    0,60     6  kworker/6:0-i915-unordered
23:53:57        0        63    0,20    0,00    0,00    0,00    0,20     7  ksoftirqd/7
23:53:57        0        80    0,20    0,00    0,00    0,00    0,20     0  kcompactd0
23:53:57      115       943    0,20    0,00    0,00    0,00    0,20     1  prometheus
23:53:57        0      1646    0,20    0,00    0,00    0,00    0,20     6  glances
23:53:57        0      1668    0,20    0,20    0,00    0,00    0,40     3  containerd
23:53:57        0      1673    0,00    0,20    0,00    0,00    0,20     3  anydesk
23:53:57        0      2676    0,60    0,20    0,00    0,00    0,80     1  dockerd
23:53:57      117      2677    0,20    0,40    0,00    0,00    0,60     1  grafana
23:53:57        0      3027    0,40    0,20    0,00    0,00    0,60     1  mount.ntfs-3g
23:53:57        0      3075    0,00    0,20    0,00    0,00    0,20     3  containerd-shim
23:53:57      999      3241    0,60    0,00    0,00    0,00    0,60     4  redis-server
23:53:57     1000      4211    6,80    9,40    0,00    0,00   16,20     4  gnome-shell
23:53:57     1000      5898    4,00    1,60    0,00    0,00    5,60     5  antigravity
23:53:57     1000      5952    9,00    2,40    0,00    0,00   11,40     4  antigravity
23:53:57     1000      6000    6,00    0,80    0,00    0,00    6,80     0  antigravity
23:53:57     1000      6006    0,20    0,00    0,00    0,00    0,20     5  antigravity
23:53:57     1000      6248    1,80    1,00    0,00    0,00    2,80     2  language_server
23:53:57     1000      6334    0,40    0,00    0,00    0,00    0,40     7  antigravity
23:53:57     1000      6366    0,80    0,00    0,00    0,00    0,80     2  antigravity
23:53:57     1000      6381    0,60    0,00    0,00    0,00    0,60     3  antigravity
23:53:57     1000      6409    0,20    0,20    0,00    0,00    0,40     3  antigravity
23:53:57     1000      6708    1,60    0,60    0,00    0,00    2,20     5  language_server
23:53:57     1000      7203    1,40    1,40    0,00    0,00    2,80     3  language_server
23:53:57        0      8594    0,00    0,60    0,00    0,00    0,60     0  kworker/u33:0-i915_flip
23:53:57     1000      9105    0,20    0,00    0,00    0,00    0,20     7  chrome
23:53:57     1000      9152    0,20    0,20    0,00    0,00    0,40     2  chrome
23:53:57     1000      9378    0,80    0,00    0,00    0,00    0,80     3  gnome-terminal-
23:53:57     1000     15641    0,20    0,20    0,00    0,00    0,40     2  pidstat
23:53:57     1000     15673   15,20    0,60    0,00    0,00   15,80     7  java

23:53:52      UID       PID  minflt/s  majflt/s     VSZ     RSS   %MEM  Command
23:53:57        0      1668      1,20      0,00 2463668   69940   0,43  containerd
23:53:57        0      3068      1,40      0,00 1235608   14764   0,09  containerd-shim
23:53:57        0      3075      9,20      0,00 1235608   15208   0,09  containerd-shim
23:53:57        0      3076      5,80      0,00 1235608   14956   0,09  containerd-shim
23:53:57        0      3091      4,80      0,00 1235608   15440   0,10  containerd-shim
23:53:57        0      3120     11,20      0,00 1235608   14980   0,09  containerd-shim
23:53:57     1000      4211      9,00      0,00 5024936  315672   1,94  gnome-shell
23:53:57     1000      5898     56,40      0,00 1461714124  312232   1,92  antigravity
23:53:57     1000      5952      4,00      0,00 34364972  167476   1,03  antigravity
23:53:57     1000      5963      0,80      0,00 33906396   82640   0,51  antigravity
23:53:57     1000      6000     61,20      0,00 1461388844  424492   2,62  antigravity
23:53:57     1000      6006     45,20      0,00 1459645432  277432   1,71  antigravity
23:53:57     1000      6289      0,40      0,00 33951332   64440   0,40  antigravity
23:53:57     1000      6302      9,20      0,00 1461347888  121372   0,75  antigravity
23:53:57     1000      6303      1,20      0,00 1461367164  112552   0,69  antigravity
23:53:57     1000      6334     12,00      0,00 1461342992  259624   1,60  antigravity
23:53:57     1000      6366     18,20      0,00 1461351388  384124   2,37  antigravity
23:53:57     1000      6381      7,00      0,00 1461358904  155444   0,96  antigravity
23:53:57     1000      6409      5,00      0,00 1461383736  118084   0,73  antigravity
23:53:57     1000      9105      9,60      0,00 55447012  385028   2,37  chrome
23:53:57     1000      9152      6,80      0,00 55460652  193140   1,19  chrome
23:53:57     1000      9157      3,20      0,00 54984540  132104   0,81  chrome
23:53:57     1000      9168      0,20      0,00 55021684   62848   0,39  chrome
23:53:57     1000      9642      0,20      0,00 55012336   86856   0,54  chrome
23:53:57     1000      9657      0,20      0,00 1520518568  329808   2,03  chrome
23:53:57     1000     15673     39,60      0,00 6199400  316228   1,95  java

23:53:52      UID       PID   kB_rd/s   kB_wr/s kB_ccwr/s iodelay  Command
23:53:57     1000      5898      0,00      9,60      0,00       0  antigravity
23:53:57     1000      9105      0,00      5,60      0,00       0  chrome
23:53:57     1000     15641      0,00      1,30      0,00       0  pidstat
23:53:57     1000     15673      0,00      3,18      0,00       0  java

23:53:57      UID       PID    %usr %system  %guest   %wait    %CPU   CPU  Command
23:54:02        0        28    0,00    0,20    0,00    0,00    0,20     1  kworker/1:0-i915-unordered
23:54:02        0        57    0,00    1,00    0,00    0,00    1,00     6  ksoftirqd/6
23:54:02        0        58    0,00    0,60    0,00    0,80    0,60     6  kworker/6:0-i915-unordered
23:54:02        0        65    0,00    0,20    0,00    0,00    0,20     7  kworker/7:0H-events_highpri
23:54:02        0       175    0,00    0,20    0,00    0,00    0,20     6  kworker/6:1H-events_highpri
23:54:02        0      1646    0,20    0,00    0,00    0,00    0,20     6  glances
23:54:02        0      1654    0,00    0,20    0,00    0,00    0,20     3  tailscaled
23:54:02        0      1668    0,40    0,00    0,00    0,00    0,40     3  containerd
23:54:02        0      2676    0,20    0,00    0,00    0,00    0,20     1  dockerd
23:54:02      117      2677    0,60    0,20    0,00    0,00    0,80     1  grafana
23:54:02        0      3027    0,20    0,20    0,00    0,00    0,40     5  mount.ntfs-3g
23:54:02        0      3075    0,20    0,00    0,00    0,00    0,20     3  containerd-shim
23:54:02        0      3076    0,20    0,00    0,00    0,00    0,20     7  containerd-shim
23:54:02        0      3091    0,00    0,20    0,00    0,00    0,20     3  containerd-shim
23:54:02        0      3120    0,20    0,00    0,00    0,00    0,20     4  containerd-shim
23:54:02      999      3241    0,40    0,00    0,00    0,00    0,40     3  redis-server
23:54:02     1000      4211    9,20    7,00    0,00    0,00   16,20     6  gnome-shell
23:54:02     1000      5898    3,60    2,00    0,00    0,20    5,60     5  antigravity
23:54:02     1000      5952    9,00    2,40    0,00    0,00   11,40     6  antigravity
23:54:02     1000      6000    7,40    0,60    0,00    0,00    8,00     4  antigravity
23:54:02     1000      6006    0,20    0,20    0,00    0,00    0,40     5  antigravity
23:54:02     1000      6248    1,60    1,20    0,00    0,00    2,80     5  language_server
23:54:02     1000      6303    0,20    0,00    0,00    0,00    0,20     7  antigravity
23:54:02     1000      6334    0,60    0,20    0,00    0,00    0,80     2  antigravity
23:54:02     1000      6366    1,00    0,40    0,00    0,00    1,40     5  antigravity
23:54:02     1000      6381    0,60    0,00    0,00    0,00    0,60     2  antigravity
23:54:02     1000      6409    0,40    0,00    0,00    0,00    0,40     5  antigravity
23:54:02     1000      6708    4,20    0,80    0,00    0,00    5,00     5  language_server
23:54:02     1000      7203    1,80    1,20    0,00    0,00    3,00     3  language_server
23:54:02        0      8594    0,00    0,60    0,00    0,00    0,60     0  kworker/u33:0-i915_flip
23:54:02     1000      9105    0,00    0,20    0,00    0,00    0,20     1  chrome
23:54:02     1000      9152    0,20    0,00    0,00    0,00    0,20     2  chrome
23:54:02     1000      9157    0,20    0,00    0,00    0,00    0,20     5  chrome
23:54:02     1000      9210    0,20    0,00    0,00    0,00    0,20     0  chrome
23:54:02     1000      9378    1,20    0,00    0,00    0,00    1,20     3  gnome-terminal-
23:54:02     1000      9657    0,20    0,00    0,00    0,00    0,20     1  chrome
23:54:02     1000     10899    0,20    0,20    0,00    0,00    0,40     1  antigravity
23:54:02        0     13447    0,20    0,00    0,00    0,00    0,20     7  kworker/7:2-mm_percpu_wq
23:54:02        0     14471    0,00    0,20    0,00    0,00    0,20     4  kworker/4:0-events
23:54:02     1000     15641    0,00    0,40    0,00    0,00    0,40     2  pidstat
23:54:02     1000     15673   22,20    2,00    0,00    0,00   24,20     7  java

23:53:57      UID       PID  minflt/s  majflt/s     VSZ     RSS   %MEM  Command
23:54:02        0      1668      8,00      0,00 2463668   69940   0,43  containerd
23:54:02      114      1776      3,60      0,00  218252   29316   0,18  postgres
23:54:02        0      3068      2,80      0,00 1235608   15020   0,09  containerd-shim
23:54:02        0      3075      5,80      0,00 1235608   15208   0,09  containerd-shim
23:54:02        0      3076      7,60      0,00 1235608   15084   0,09  containerd-shim
23:54:02        0      3091     11,80      0,00 1235608   15524   0,10  containerd-shim
23:54:02        0      3120      0,40      0,00 1235608   14980   0,09  containerd-shim
23:54:02     1000      4211      1,40      0,00 5033136  315672   1,94  gnome-shell
23:54:02     1000      5898     40,80      0,00 1461714124  312744   1,93  antigravity
23:54:02     1000      5952     14,00      0,00 34377516  167476   1,03  antigravity
23:54:02     1000      5963      1,60      0,00 33906396   82640   0,51  antigravity
23:54:02     1000      6000    148,80      0,00 1461388844  425884   2,62  antigravity
23:54:02     1000      6006     21,00      0,00 1459645432  277944   1,71  antigravity
23:54:02     1000      6289      0,40      0,00 33951332   64440   0,40  antigravity
23:54:02     1000      6302      6,20      0,00 1461347888  121372   0,75  antigravity
23:54:02     1000      6303      1,80      0,00 1461367164  112552   0,69  antigravity
23:54:02     1000      6334     28,20      0,00 1461342992  259360   1,60  antigravity
23:54:02     1000      6366     74,80      0,00 1461351388  385256   2,37  antigravity
23:54:02     1000      6381      2,60      0,00 1461358904  155444   0,96  antigravity
23:54:02     1000      6409     88,80      0,00 1461383736  118084   0,73  antigravity
23:54:02     1000      9105     17,00      0,00 55447012  385028   2,37  chrome
23:54:02     1000      9152      3,40      0,00 55460652  193140   1,19  chrome
23:54:02     1000      9157    118,20      0,00 54984540  132244   0,81  chrome
23:54:02     1000      9168      0,20      0,00 55021684   62848   0,39  chrome
23:54:02     1000      9642      0,20      0,00 55012336   86856   0,54  chrome
23:54:02     1000      9657     93,00      0,00 1520518568  331600   2,04  chrome
23:54:02     1000     15673    539,20      0,00 6199400  342896   2,11  java
23:54:02     1000     16204     27,60      0,00    2672    1516   0,01  sh
23:54:02     1000     16205     71,40      0,00    7012    3248   0,02  cpuUsage.sh
23:54:02     1000     16213     23,00      0,00    5656    1980   0,01  sleep

23:53:57      UID       PID   kB_rd/s   kB_wr/s kB_ccwr/s iodelay  Command
23:54:02     1000      9105      0,00      7,20      0,00       0  chrome
23:54:02     1000      9157      0,00    204,00      0,00       0  chrome
23:54:02     1000     15641      0,00      1,12      0,00       0  pidstat
23:54:02     1000     15673      0,00      4,85      0,00       0  java

23:54:02      UID       PID    %usr %system  %guest   %wait    %CPU   CPU  Command
23:54:07        0         1    0,20    0,00    0,00    0,00    0,20     0  systemd
23:54:07        0        57    0,00    1,00    0,00    0,00    1,00     6  ksoftirqd/6
23:54:07        0        58    0,00    0,60    0,00    0,80    0,60     6  kworker/6:0-i915-unordered
23:54:07        0        71    0,00    0,20    0,00    0,00    0,20     3  kworker/u32:5-kvfree_rcu_reclaim
23:54:07        0        86    0,00    0,20    0,00    0,00    0,20     1  irq/9-acpi
23:54:07      102       902    0,20    0,00    0,00    0,20    0,20     3  avahi-daemon
23:54:07      990       908    0,60    0,20    0,00    0,00    0,80     3  dbus-daemon
23:54:07      115       942    1,20    0,40    0,00    0,00    1,60     1  prometheus-node
23:54:07      115       943    0,20    0,00    0,00    0,00    0,20     1  prometheus
23:54:07        0      1646    0,20    0,00    0,00    0,00    0,20     6  glances
23:54:07        0      1654    0,00    0,20    0,00    0,00    0,20     2  tailscaled
23:54:07        0      1668    0,20    0,20    0,00    0,00    0,40     3  containerd
23:54:07        0      2676    0,40    0,20    0,00    0,00    0,60     1  dockerd
23:54:07      117      2677    0,40    0,40    0,00    0,00    0,80     6  grafana
23:54:07        0      3027    0,00    0,40    0,00    0,00    0,40     1  mount.ntfs-3g
23:54:07        0      3068    0,00    0,20    0,00    0,00    0,20     0  containerd-shim
23:54:07      999      3241    0,40    0,00    0,00    0,00    0,40     5  redis-server
23:54:07     1000      4211   10,00    5,80    0,00    0,00   15,80     4  gnome-shell
23:54:07     1000      5898    3,00    2,00    0,00    0,00    5,00     2  antigravity
23:54:07     1000      5952    8,40    2,60    0,00    0,00   11,00     4  antigravity
23:54:07     1000      6000    6,00    0,60    0,00    0,00    6,60     5  antigravity
23:54:07     1000      6248    1,80    1,00    0,00    0,00    2,80     7  language_server
23:54:07     1000      6334    0,60    0,00    0,00    0,00    0,60     2  antigravity
23:54:07     1000      6366    1,20    0,20    0,00    0,00    1,40     3  antigravity
23:54:07     1000      6381    0,80    0,20    0,00    0,00    1,00     7  antigravity
23:54:07     1000      6409    0,20    0,20    0,00    0,00    0,40     7  antigravity
23:54:07     1000      6708    1,40    1,20    0,00    0,00    2,60     5  language_server
23:54:07     1000      7203    4,40    0,80    0,00    0,00    5,20     3  language_server
23:54:07        0      8594    0,00    0,60    0,00    0,20    0,60     6  kworker/u33:0+i915_flip
23:54:07     1000      9105    0,20    0,00    0,00    0,00    0,20     2  chrome
23:54:07     1000      9152    0,20    0,20    0,00    0,00    0,40     2  chrome
23:54:07     1000      9168    0,00    0,20    0,00    0,00    0,20     5  chrome
23:54:07     1000      9378    0,80    0,00    0,00    0,00    0,80     5  gnome-terminal-
23:54:07        0     15279    0,20    0,00    0,00    0,00    0,20     2  kworker/2:2-events
23:54:07     1000     15641    0,40    0,20    0,00    0,00    0,60     7  pidstat
23:54:07     1000     15673    6,00    0,20    0,00    0,00    6,20     7  java

23:54:02      UID       PID  minflt/s  majflt/s     VSZ     RSS   %MEM  Command
23:54:07      115       942     78,20      0,00 1614336   25352   0,16  prometheus-node
23:54:07        0      1668      5,00      0,00 2463668   70068   0,43  containerd
23:54:07        0      3068     10,80      0,00 1235608   15276   0,09  containerd-shim
23:54:07        0      3075      0,20      0,00 1235608   15208   0,09  containerd-shim
23:54:07        0      3076      0,80      0,00 1235608   15212   0,09  containerd-shim
23:54:07        0      3091      5,60      0,00 1235608   15524   0,10  containerd-shim
23:54:07        0      3120     12,40      0,00 1235608   14980   0,09  containerd-shim
23:54:07     1000      4211      9,20      0,00 5024936  315632   1,94  gnome-shell
23:54:07     1000      5898     33,40      0,00 1461714124  312408   1,92  antigravity
23:54:07     1000      5952     22,60      0,00 34365036  167404   1,03  antigravity
23:54:07     1000      5963      0,80      0,00 33906396   82640   0,51  antigravity
23:54:07     1000      6000     43,80      0,00 1461388844  426652   2,63  antigravity
23:54:07     1000      6006     17,60      0,00 1459645432  278200   1,71  antigravity
23:54:07     1000      6289      0,20      0,00 33951332   64440   0,40  antigravity
23:54:07     1000      6302      3,20      0,00 1461347888  121372   0,75  antigravity
23:54:07     1000      6303      0,80      0,00 1461367164  112552   0,69  antigravity
23:54:07     1000      6334     38,60      0,00 1461342992  259732   1,60  antigravity
23:54:07     1000      6366    157,80      0,00 1461351388  384652   2,37  antigravity
23:54:07     1000      6381      2,80      0,00 1461358904  155444   0,96  antigravity
23:54:07     1000      6409     98,60      0,00 1461383736  118212   0,73  antigravity
23:54:07     1000      9105      8,00      0,00 55447012  385028   2,37  chrome
23:54:07     1000      9152      3,40      0,00 55460652  193140   1,19  chrome
23:54:07     1000      9157      1,00      0,00 54984540  132116   0,81  chrome
23:54:07     1000      9168      0,20      0,00 55021684   62848   0,39  chrome
23:54:07     1000      9642      0,20      0,00 55012336   86856   0,54  chrome
23:54:07     1000     15673     14,60      0,00 6199400  335592   2,07  java
23:54:07     1000     16232     27,60      0,00    2672    1592   0,01  sh
23:54:07     1000     16233     72,00      0,00    7012    3304   0,02  cpuUsage.sh
23:54:07     1000     16241     22,80      0,00    5656    1964   0,01  sleep

23:54:02      UID       PID   kB_rd/s   kB_wr/s kB_ccwr/s iodelay  Command
23:54:07     1000     15641      0,00      1,31      0,00       0  pidstat
23:54:07     1000     15673      0,00      3,20      0,00       0  java

23:54:07      UID       PID    %usr %system  %guest   %wait    %CPU   CPU  Command
23:54:12        0        57    0,00    1,00    0,00    0,20    1,00     6  ksoftirqd/6
23:54:12        0        58    0,00    0,60    0,00    0,80    0,60     6  kworker/6:0-i915-unordered
23:54:12      115       943    0,20    0,00    0,00    0,00    0,20     1  prometheus
23:54:12        0      1668    0,20    0,20    0,00    0,00    0,40     3  containerd
23:54:12        0      2676    0,20    0,40    0,00    0,00    0,60     1  dockerd
23:54:12      117      2677    2,20    0,00    0,00    0,00    2,20     2  grafana
23:54:12        0      3027    0,20    0,40    0,00    0,00    0,60     1  mount.ntfs-3g
23:54:12        0      3068    0,20    0,00    0,00    0,00    0,20     0  containerd-shim
23:54:12        0      3076    0,00    0,20    0,00    0,00    0,20     7  containerd-shim
23:54:12        0      3091    0,00    0,20    0,00    0,00    0,20     3  containerd-shim
23:54:12        0      3120    0,20    0,00    0,00    0,00    0,20     4  containerd-shim
23:54:12      999      3241    0,60    0,00    0,00    0,00    0,60     4  redis-server
23:54:12     1000      4211    5,40   10,60    0,00    0,00   16,00     5  gnome-shell
23:54:12     1000      5898    3,80    1,60    0,00    0,00    5,40     0  antigravity
23:54:12     1000      5952    8,60    2,60    0,00    0,00   11,20     6  antigravity
23:54:12     1000      6000    6,40    0,40    0,00    0,00    6,80     5  antigravity
23:54:12     1000      6006    0,20    0,00    0,00    0,00    0,20     2  antigravity
23:54:12     1000      6248    1,40    1,60    0,00    0,00    3,00     7  language_server
23:54:12     1000      6334    1,20    0,00    0,00    0,00    1,20     2  antigravity
23:54:12     1000      6366    0,80    0,20    0,00    0,00    1,00     5  antigravity
23:54:12     1000      6381    0,60    0,00    0,00    0,00    0,60     7  antigravity
23:54:12     1000      6409    0,20    0,20    0,00    0,00    0,40     2  antigravity
23:54:12     1000      6708    1,20    1,20    0,00    0,00    2,40     5  language_server
23:54:12     1000      7203    2,00    1,00    0,00    0,00    3,00     3  language_server
23:54:12        0      8594    0,00    0,60    0,00    0,00    0,60     7  kworker/u33:0-i915_flip
23:54:12     1000      9105    0,20    0,00    0,00    0,20    0,20     0  chrome
23:54:12     1000      9152    0,20    0,00    0,00    0,00    0,20     2  chrome
23:54:12     1000      9157    0,00    0,20    0,00    0,00    0,20     6  chrome
23:54:12     1000      9202    0,20    0,00    0,00    0,00    0,20     5  chrome
23:54:12     1000      9335    0,00    0,20    0,00    0,00    0,20     5  chrome
23:54:12     1000      9378    1,20    0,00    0,00    0,00    1,20     5  gnome-terminal-
23:54:12     1000     15641    0,20    0,40    0,00    0,00    0,60     1  pidstat
23:54:12     1000     15673    5,80    0,40    0,00    0,00    6,20     7  java

23:54:07      UID       PID  minflt/s  majflt/s     VSZ     RSS   %MEM  Command
23:54:12        0       375      0,40      0,00  163644   81956   0,50  systemd-journal
23:54:12        0      1668      3,80      0,00 2463668   70196   0,43  containerd
23:54:12      117      2677      2,40      0,20 1765560  335928   2,07  grafana
23:54:12        0      3068      3,20      0,00 1235608   14404   0,09  containerd-shim
23:54:12        0      3075      5,00      0,00 1235608   14640   0,09  containerd-shim
23:54:12        0      3076      6,40      0,00 1235608   14612   0,09  containerd-shim
23:54:12        0      3091      5,40      0,00 1235608   15100   0,09  containerd-shim
23:54:12        0      3120      8,20      0,00 1235608   14584   0,09  containerd-shim
23:54:12       70      3230      4,40      0,00  174540   25788   0,16  postgres
23:54:12     1000      4211      0,80      0,00 5033128  315632   1,94  gnome-shell
23:54:12     1000      5898     33,00      0,00 1461714124  312392   1,92  antigravity
23:54:12     1000      5952      4,40      0,00 34365036  167532   1,03  antigravity
23:54:12     1000      5963      0,80      0,00 33906396   82640   0,51  antigravity
23:54:12     1000      6000     45,40      0,00 1461388844  427420   2,63  antigravity
23:54:12     1000      6006     17,80      0,00 1459645432  278584   1,72  antigravity
23:54:12     1000      6289      0,20      0,00 33951332   64440   0,40  antigravity
23:54:12     1000      6302      3,80      0,00 1461347888  121372   0,75  antigravity
23:54:12     1000      6303      1,00      0,00 1461367164  112552   0,69  antigravity
23:54:12     1000      6334    174,40      0,00 1461342992  260608   1,61  antigravity
23:54:12     1000      6366     31,00      0,00 1461351388  384516   2,37  antigravity
23:54:12     1000      6381      5,00      0,00 1461358904  155444   0,96  antigravity
23:54:12     1000      6409     48,40      0,00 1461383736  117948   0,73  antigravity
23:54:12     1000      9105      9,60      0,00 55447012  385028   2,37  chrome
23:54:12     1000      9152      3,40      0,00 55460652  193140   1,19  chrome
23:54:12     1000      9157      5,80      0,00 54984540  132116   0,81  chrome
23:54:12     1000      9168      0,40      0,00 55021684   62848   0,39  chrome
23:54:12     1000      9642      0,40      0,00 55012336   86856   0,54  chrome
23:54:12     1000      9657      0,00      0,00 1520518568  329876   2,03  chrome
23:54:12     1000     15673     26,20      0,00 6199400  336104   2,07  java

23:54:07      UID       PID   kB_rd/s   kB_wr/s kB_ccwr/s iodelay  Command
23:54:12     1000      9105      0,00      1,60      0,00       0  chrome
23:54:12     1000      9157      0,00      4,80      0,00       0  chrome
23:54:12     1000     15641      0,00      1,17      0,00       0  pidstat
23:54:12     1000     15673      0,00      4,71      0,00       0  java

23:54:12      UID       PID    %usr %system  %guest   %wait    %CPU   CPU  Command
23:54:17        0        57    0,00    1,20    0,00    0,00    1,20     6  ksoftirqd/6
23:54:17        0        58    0,00    0,60    0,00    0,40    0,60     6  kworker/6:0-i915-unordered
23:54:17      115       943    0,20    0,00    0,00    0,00    0,20     1  prometheus
23:54:17        0      1646    0,20    0,00    0,00    0,00    0,20     6  glances
23:54:17        0      1668    0,40    0,00    0,00    0,00    0,40     3  containerd
23:54:17        0      2676    0,20    0,20    0,00    0,00    0,40     1  dockerd
23:54:17      117      2677    0,60    0,20    0,00    0,00    0,80     2  grafana
23:54:17        0      3027    0,20    0,20    0,00    0,00    0,40     4  mount.ntfs-3g
23:54:17        0      3068    0,00    0,20    0,00    0,00    0,20     0  containerd-shim
23:54:17        0      3075    0,20    0,20    0,00    0,00    0,40     3  containerd-shim
23:54:17        0      3091    0,20    0,00    0,00    0,00    0,20     3  containerd-shim
23:54:17        0      3120    0,00    0,20    0,00    0,00    0,20     4  containerd-shim
23:54:17      999      3241    0,20    0,20    0,00    0,00    0,40     4  redis-server
23:54:17     1000      4211   10,60    5,20    0,00    0,00   15,80     3  gnome-shell
23:54:17     1000      5898    3,00    2,20    0,00    0,00    5,20     7  antigravity
23:54:17     1000      5952    8,20    2,80    0,00    0,00   11,00     3  antigravity
23:54:17     1000      6000    5,60    0,80    0,00    0,00    6,40     6  antigravity
23:54:17     1000      6006    0,20    0,00    0,00    0,00    0,20     5  antigravity
23:54:17     1000      6248    1,60    1,40    0,00    0,00    3,00     7  language_server
23:54:17     1000      6334    0,40    0,20    0,00    0,00    0,60     7  antigravity
23:54:17     1000      6366    0,80    0,20    0,00    0,00    1,00     2  antigravity
23:54:17     1000      6381    0,60    0,00    0,00    0,00    0,60     5  antigravity
23:54:17     1000      6409    0,20    0,00    0,00    0,00    0,20     2  antigravity
23:54:17     1000      6708    1,60    1,00    0,00    0,00    2,60     5  language_server
23:54:17     1000      7203    1,80    1,00    0,00    0,00    2,80     3  language_server
23:54:17        0      8594    0,00    0,80    0,00    0,00    0,80     7  kworker/u33:0-i915_flip
23:54:17     1000      9105    0,20    0,20    0,00    0,00    0,40     0  chrome
23:54:17     1000      9152    0,20    0,20    0,00    0,00    0,40     2  chrome
23:54:17     1000      9378    0,80    0,00    0,00    0,00    0,80     5  gnome-terminal-
23:54:17     1000     15641    0,40    0,00    0,00    0,00    0,40     2  pidstat
23:54:17     1000     15673   10,80    0,40    0,00    0,00   11,20     7  java

23:54:12      UID       PID  minflt/s  majflt/s     VSZ     RSS   %MEM  Command
23:54:17        0      3068     12,40      0,00 1235608   14532   0,09  containerd-shim
23:54:17        0      3075     11,60      0,00 1235608   14768   0,09  containerd-shim
23:54:17        0      3076     10,20      0,00 1235608   14740   0,09  containerd-shim
23:54:17        0      3091     10,60      0,00 1235608   15356   0,09  containerd-shim
23:54:17        0      3120     11,40      0,00 1235608   14840   0,09  containerd-shim
23:54:17     1000      4211      7,00      0,00 5025000  315760   1,95  gnome-shell
23:54:17     1000      5898     55,80      0,00 1461714124  311868   1,92  antigravity
23:54:17     1000      5952      4,20      0,00 34364972  167532   1,03  antigravity
23:54:17     1000      5963      0,80      0,00 33906396   82640   0,51  antigravity
23:54:17     1000      6000     67,80      0,00 1461388844  428156   2,64  antigravity
23:54:17     1000      6006     26,60      0,00 1459645432  279096   1,72  antigravity
23:54:17     1000      6289      0,20      0,00 33951332   64440   0,40  antigravity
23:54:17     1000      6302      3,20      0,00 1461347888  121372   0,75  antigravity
23:54:17     1000      6303      0,80      0,00 1461367164  112552   0,69  antigravity
23:54:17     1000      6334      9,60      0,00 1461342992  260276   1,60  antigravity
23:54:17     1000      6366     51,80      0,00 1461351388  384456   2,37  antigravity
23:54:17     1000      6381      3,00      0,00 1461358904  155444   0,96  antigravity
23:54:17     1000      6409     10,00      0,00 1461383736  117948   0,73  antigravity
23:54:17     1000      9105     21,60      0,00 55447012  385028   2,37  chrome
23:54:17     1000      9152      6,80      0,00 55460652  193140   1,19  chrome
23:54:17     1000      9157      3,40      0,00 54984540  132116   0,81  chrome
23:54:17     1000      9168      0,20      0,00 55021684   62848   0,39  chrome
23:54:17     1000      9642      0,20      0,00 55012336   86856   0,54  chrome
23:54:17     1000      9657      0,20      0,00 1520518568  329876   2,03  chrome
23:54:17     1000     15673     29,40      0,00 6199400  336872   2,08  java

23:54:12      UID       PID   kB_rd/s   kB_wr/s kB_ccwr/s iodelay  Command
23:54:17     1000      9105      0,00     15,20      0,00       0  chrome
23:54:17     1000     15641      0,00      1,15      0,00       0  pidstat
23:54:17     1000     15673      0,00      4,71      0,00       0  java

23:54:17      UID       PID    %usr %system  %guest   %wait    %CPU   CPU  Command
23:54:22        0         1    0,40    0,40    0,00    0,00    0,80     4  systemd
23:54:22        0        33    0,20    0,00    0,00    0,20    0,20     2  ksoftirqd/2
23:54:22        0        39    0,20    0,00    0,00    0,00    0,20     3  ksoftirqd/3
23:54:22        0        57    0,00    1,20    0,00    0,00    1,20     6  ksoftirqd/6
23:54:22        0        58    0,00    0,20    0,00    0,40    0,20     6  kworker/6:0-i915-unordered
23:54:22        0       113    0,00    0,20    0,00    0,00    0,20     0  kworker/0:1H-events_highpri
23:54:22        0       375    0,20    0,00    0,00    0,00    0,20     6  systemd-journal
23:54:22        0       435    0,20    0,20    0,00    0,00    0,40     5  systemd-udevd
23:54:22        0       647    0,00    0,20    0,00    0,00    0,20     0  irq/130-iwlwifi
23:54:22      990       908    1,40    0,00    0,00    0,20    1,40     7  dbus-daemon
23:54:22      115       942    1,40    0,40    0,00    0,00    1,80     1  prometheus-node
23:54:22      115       943    0,20    0,00    0,00    0,00    0,20     1  prometheus
23:54:22        0      1081    0,20    0,00    0,00    0,00    0,20     3  NetworkManager
23:54:22        0      1194    0,20    0,00    0,00    0,00    0,20     1  ModemManager
23:54:22        0      1654    0,20    0,40    0,00    0,00    0,60     5  tailscaled
23:54:22        0      1668    1,00    0,40    0,00    0,00    1,40     3  containerd
23:54:22        0      2675    0,20    0,00    0,00    0,00    0,20     3  cups-browsed
23:54:22        0      2676    1,20    0,80    0,00    0,00    2,00     1  dockerd
23:54:22      117      2677    0,60    0,00    0,00    0,00    0,60     2  grafana
23:54:22        0      3027    0,40    0,20    0,00    0,00    0,60     2  mount.ntfs-3g
23:54:22        0      3068    0,20    0,00    0,00    0,00    0,20     0  containerd-shim
23:54:22        0      3076    0,20    0,00    0,00    0,00    0,20     7  containerd-shim
23:54:22        0      3091    0,00    0,20    0,00    0,00    0,20     3  containerd-shim
23:54:22      999      3241    0,40    0,00    0,00    0,00    0,40     7  redis-server
23:54:22     1000      3918    0,20    0,00    0,00    0,00    0,20     5  systemd
23:54:22     1000      4211   10,40    5,80    0,00    0,20   16,20     1  gnome-shell
23:54:22     1000      4491    0,20    0,00    0,00    0,00    0,20     3  gsd-housekeepin
23:54:22     1000      4525    0,00    0,20    0,00    0,00    0,20     4  gsd-sharing
23:54:22     1000      4757    0,20    0,00    0,00    0,00    0,20     1  gvfs-udisks2-vo
23:54:22     1000      4941    0,20    0,00    0,00    1,00    0,20     6  xdg-desktop-por
23:54:22        0      5233    0,20    0,00    0,00    0,00    0,20     2  fwupd
23:54:22     1000      5898    4,00    1,40    0,00    0,00    5,40     0  antigravity
23:54:22     1000      5952    9,00    2,20    0,00    0,00   11,20     1  antigravity
23:54:22     1000      6000    5,80    1,00    0,00    0,00    6,80     6  antigravity
23:54:22     1000      6006    0,20    0,00    0,00    0,00    0,20     5  antigravity
23:54:22     1000      6248    4,80    0,20    0,00    0,00    5,00     5  language_server
23:54:22     1000      6334    0,40    0,20    0,00    0,00    0,60     1  antigravity
23:54:22     1000      6366    0,60    0,40    0,00    0,00    1,00     6  antigravity
23:54:22     1000      6381    0,60    0,20    0,00    0,00    0,80     5  antigravity
23:54:22     1000      6409    0,40    0,20    0,00    0,00    0,60     0  antigravity
23:54:22     1000      6708    1,00    1,40    0,00    0,00    2,40     5  language_server
23:54:22     1000      7203    1,60    1,00    0,00    0,00    2,60     3  language_server
23:54:22        0      8594    0,00    0,60    0,00    0,00    0,60     7  kworker/u33:0+i915_flip
23:54:22     1000      9105    0,20    0,00    0,00    0,00    0,20     3  chrome
23:54:22     1000      9152    0,40    0,00    0,00    0,00    0,40     4  chrome
23:54:22     1000      9157    0,20    0,00    0,00    0,00    0,20     2  chrome
23:54:22     1000      9378    0,80    0,00    0,00    0,00    0,80     3  gnome-terminal-
23:54:22     1000      9657    0,20    0,00    0,00    0,00    0,20     7  chrome
23:54:22     1000     10899    0,20    0,00    0,00    0,00    0,20     6  antigravity
23:54:22        0     14919    0,00    0,40    0,00    0,40    0,40     6  kworker/6:2-i915-unordered
23:54:22     1000     15641    0,20    0,40    0,00    0,00    0,60     2  pidstat
23:54:22     1000     15673    6,20    1,00    0,00    0,00    7,20     7  java

23:54:17      UID       PID  minflt/s  majflt/s     VSZ     RSS   %MEM  Command
23:54:22        0       375     45,20      0,00  163644   81956   0,50  systemd-journal
23:54:22        0       435     89,00      0,00   37432   10756   0,07  systemd-udevd
23:54:22      115       942     77,00      0,00 1614336   25460   0,16  prometheus-node
23:54:22        0      1654      1,00      0,00 1421460  100040   0,62  tailscaled
23:54:22        0      1668      9,60      0,00 2463668   70452   0,43  containerd
23:54:22      114      1776      3,60      0,00  218252   29316   0,18  postgres
23:54:22        0      3068     14,00      0,00 1235608   14788   0,09  containerd-shim
23:54:22        0      3075     13,40      0,00 1235608   15280   0,09  containerd-shim
23:54:22        0      3076      8,60      0,00 1235608   14996   0,09  containerd-shim
23:54:22        0      3091     15,60      0,00 1235608   15740   0,10  containerd-shim
23:54:22        0      3120     16,40      0,00 1235608   15096   0,09  containerd-shim
23:54:22     1000      4211      3,20      0,00 5024936  315760   1,95  gnome-shell
23:54:22     1000      5898     34,80      0,00 1461714124  312636   1,93  antigravity
23:54:22     1000      5952      8,60      0,00 34365036  167532   1,03  antigravity
23:54:22     1000      5963      1,60      0,00 33906396   82640   0,51  antigravity
23:54:22     1000      6000     41,80      0,00 1461388844  428924   2,64  antigravity
23:54:22     1000      6006      8,40      0,00 1459645432  279096   1,72  antigravity
23:54:22     1000      6289      0,40      0,00 33951332   64440   0,40  antigravity
23:54:22     1000      6302      7,00      0,00 1461347888  121372   0,75  antigravity
23:54:22     1000      6303      2,40      0,00 1461367164  112552   0,69  antigravity
23:54:22     1000      6334     19,40      0,00 1461342992  260272   1,60  antigravity
23:54:22     1000      6366     23,40      0,00 1461351388  384396   2,37  antigravity
23:54:22     1000      6381      3,40      0,00 1461358904  155444   0,96  antigravity
23:54:22     1000      6409      9,00      0,00 1461383736  117820   0,73  antigravity
23:54:22     1000      7325      0,80      0,00 1459530528   86716   0,53  antigravity
23:54:22     1000      9105      7,60      0,00 55447012  385028   2,37  chrome
23:54:22     1000      9152      3,40      0,00 55460652  193140   1,19  chrome
23:54:22     1000      9157      4,60      0,00 54984540  132116   0,81  chrome
23:54:22     1000      9168      0,20      0,00 55021684   62848   0,39  chrome
23:54:22     1000      9642      0,20      0,00 55012336   86856   0,54  chrome
23:54:22     1000     15673     22,00      0,00 6199400  345324   2,13  java

23:54:17      UID       PID   kB_rd/s   kB_wr/s kB_ccwr/s iodelay  Command
23:54:22     1000     15641      0,00      1,04      0,00       0  pidstat
23:54:22     1000     15673      0,00      3,20      0,00       0  java

23:54:22      UID       PID    %usr %system  %guest   %wait    %CPU   CPU  Command
23:54:27        0        18    0,00    0,20    0,00    0,00    0,20     1  rcu_preempt
23:54:27        0        57    0,00    1,20    0,00    0,00    1,20     6  ksoftirqd/6
23:54:27        0        65    0,00    0,20    0,00    0,00    0,20     7  kworker/7:0H-events_highpri
23:54:27        0      1646    0,20    0,00    0,00    0,00    0,20     6  glances
23:54:27        0      1668    0,20    0,00    0,00    0,00    0,20     3  containerd
23:54:27        0      2676    0,40    0,00    0,00    0,00    0,40     1  dockerd
23:54:27      117      2677    0,60    0,20    0,00    0,00    0,80     2  grafana
23:54:27        0      3027    0,40    0,00    0,00    0,00    0,40     2  mount.ntfs-3g
23:54:27        0      3075    0,00    0,20    0,00    0,00    0,20     3  containerd-shim
23:54:27        0      3120    0,20    0,20    0,00    0,00    0,40     4  containerd-shim
23:54:27      999      3241    0,40    0,20    0,00    0,00    0,60     0  redis-server
23:54:27     1000      4211    9,60    6,80    0,00    0,00   16,40     7  gnome-shell
23:54:27     1000      5898    3,80    1,60    0,00    0,00    5,40     5  antigravity
23:54:27     1000      5952    8,20    3,20    0,00    0,00   11,40     4  antigravity
23:54:27     1000      6000    6,20    0,80    0,00    0,20    7,00     3  antigravity
23:54:27     1000      6006    0,00    0,20    0,00    0,00    0,20     2  antigravity
23:54:27     1000      6248    1,80    1,40    0,00    0,00    3,20     6  language_server
23:54:27     1000      6303    0,20    0,00    0,00    0,00    0,20     3  antigravity
23:54:27     1000      6334    0,40    0,00    0,00    0,00    0,40     6  antigravity
23:54:27     1000      6366    0,60    0,20    0,00    0,00    0,80     6  antigravity
23:54:27     1000      6381    0,80    0,00    0,00    0,00    0,80     5  antigravity
23:54:27     1000      6409    0,00    0,20    0,00    0,00    0,20     7  antigravity
23:54:27     1000      6708    1,20    1,20    0,00    0,00    2,40     5  language_server
23:54:27     1000      7203    1,40    1,40    0,00    0,00    2,80     3  language_server
23:54:27     1000      7325    0,20    0,00    0,00    0,00    0,20     6  antigravity
23:54:27        0      8594    0,00    0,60    0,00    0,00    0,60     5  kworker/u33:0+i915_flip
23:54:27     1000      9105    0,00    0,20    0,00    0,00    0,20     2  chrome
23:54:27     1000      9152    0,20    0,00    0,00    0,00    0,20     4  chrome
23:54:27     1000      9378    1,00    0,00    0,00    0,00    1,00     5  gnome-terminal-
23:54:27        0     14919    0,00    0,60    0,00    0,60    0,60     6  kworker/6:2-i915-unordered
23:54:27     1000     15641    0,20    0,40    0,00    0,00    0,60     1  pidstat
23:54:27     1000     15673   15,40    2,00    0,00    0,00   17,40     7  java

23:54:22      UID       PID  minflt/s  majflt/s     VSZ     RSS   %MEM  Command
23:54:27        0      1668      4,20      0,00 2463668   70452   0,43  containerd
23:54:27        0      3068      2,60      0,00 1235608   14788   0,09  containerd-shim
23:54:27        0      3075      2,00      0,00 1235608   15280   0,09  containerd-shim
23:54:27        0      3076      0,40      0,00 1235608   14996   0,09  containerd-shim
23:54:27        0      3091      2,00      0,00 1235608   15868   0,10  containerd-shim
23:54:27        0      3120     10,20      0,00 1235608   15224   0,09  containerd-shim
23:54:27     1000      4211      7,20      0,00 5033128  315760   1,95  gnome-shell
23:54:27     1000      5898     33,40      0,00 1461714124  312780   1,93  antigravity
23:54:27     1000      5952     10,40      0,00 34379772  167404   1,03  antigravity
23:54:27     1000      5963      0,80      0,00 33906396   82640   0,51  antigravity
23:54:27     1000      6000    122,00      0,00 1461391020  430716   2,65  antigravity
23:54:27     1000      6006      8,60      0,00 1459645432  279352   1,72  antigravity
23:54:27     1000      6289      0,20      0,00 33951332   64440   0,40  antigravity
23:54:27     1000      6302      3,40      0,00 1461347888  121372   0,75  antigravity
23:54:27     1000      6303      1,00      0,00 1461367164  112552   0,69  antigravity
23:54:27     1000      6334     13,20      0,00 1461342992  260400   1,60  antigravity
23:54:27     1000      6366     13,60      0,00 1461351388  384264   2,37  antigravity
23:54:27     1000      6381      3,00      0,00 1461358904  155444   0,96  antigravity
23:54:27     1000      6409     29,80      0,00 1461383736  118204   0,73  antigravity
23:54:27     1000      7325      0,20      0,00 1459530528   86716   0,53  antigravity
23:54:27     1000      9105      8,60      0,00 55447012  385028   2,37  chrome
23:54:27     1000      9152      3,40      0,00 55460652  193140   1,19  chrome
23:54:27     1000      9157      2,60      0,00 54984540  132116   0,81  chrome
23:54:27     1000      9168      0,20      0,00 55021684   62848   0,39  chrome
23:54:27     1000      9642      0,20      0,00 55012336   86856   0,54  chrome
23:54:27     1000     10937      6,20      0,00    7664    3776   0,02  run_all_tests.s
23:54:27     1000     15673    318,60      0,00 6199400  388816   2,40  java
23:54:27     1000     16416     24,00      0,00    5660    2084   0,01  sleep

23:54:22      UID       PID   kB_rd/s   kB_wr/s kB_ccwr/s iodelay  Command
23:54:27     1000      9105      0,00      1,60      0,00       0  chrome
23:54:27     1000     15641      0,00      1,49      0,00       0  pidstat
23:54:27     1000     15673      0,00      4,71      0,00       0  java

23:54:27      UID       PID    %usr %system  %guest   %wait    %CPU   CPU  Command
23:54:32        0        57    0,00    1,20    0,00    0,00    1,20     6  ksoftirqd/6
23:54:32      115       943    0,20    0,00    0,00    0,00    0,20     1  prometheus
23:54:32        0      1646    0,20    0,00    0,00    0,00    0,20     6  glances
23:54:32        0      1654    0,20    0,20    0,00    0,00    0,40     3  tailscaled
23:54:32        0      1668    0,20    0,40    0,00    0,00    0,60     3  containerd
23:54:32        0      2676    0,40    0,20    0,00    0,00    0,60     1  dockerd
23:54:32      117      2677    0,60    0,20    0,00    0,00    0,80     2  grafana
23:54:32        0      3027    1,40    0,60    0,00    0,00    2,00     5  mount.ntfs-3g
23:54:32        0      3076    0,20    0,00    0,00    0,00    0,20     7  containerd-shim
23:54:32        0      3091    0,20    0,00    0,00    0,00    0,20     3  containerd-shim
23:54:32      999      3241    0,40    0,00    0,00    0,00    0,40     0  redis-server
23:54:32     1000      4211    8,80    7,00    0,00    0,00   15,80     5  gnome-shell
23:54:32        0      5289    0,00    0,20    0,00    0,00    0,20     7  kworker/u32:11-flush-8:0
23:54:32     1000      5898    3,80    1,40    0,00    0,00    5,20     0  antigravity
23:54:32     1000      5952    9,00    2,20    0,00    0,00   11,20     0  antigravity
23:54:32     1000      6000    7,80    1,20    0,00    0,00    9,00     2  antigravity
23:54:32     1000      6006    0,20    0,00    0,00    0,00    0,20     2  antigravity
23:54:32     1000      6248    1,20    1,60    0,00    0,00    2,80     2  language_server
23:54:32     1000      6334    0,40    0,20    0,00    0,00    0,60     6  antigravity
23:54:32     1000      6366    0,60    0,60    0,00    0,00    1,20     0  antigravity
23:54:32     1000      6381    0,60    0,00    0,00    0,00    0,60     6  antigravity
23:54:32     1000      6409    0,40    0,20    0,00    0,00    0,60     2  antigravity
23:54:32     1000      6708    1,80    0,80    0,00    0,00    2,60     5  language_server
23:54:32     1000      7203    1,40    1,20    0,00    0,00    2,60     3  language_server
23:54:32        0      8594    0,00    0,80    0,00    0,00    0,80     2  kworker/u33:0-i915_flip
23:54:32     1000      9105    0,20    0,20    0,00    0,00    0,40     3  chrome
23:54:32     1000      9152    0,40    0,00    0,00    0,00    0,40     4  chrome
23:54:32     1000      9378    0,80    0,00    0,00    0,00    0,80     3  gnome-terminal-
23:54:32        0     12404    0,00    0,20    0,00    0,00    0,20     3  kworker/3:1-i915-unordered
23:54:32        0     14919    0,00    0,80    0,00    0,60    0,80     6  kworker/6:2-i915-unordered
23:54:32     1000     15641    0,40    0,00    0,00    0,00    0,40     1  pidstat
23:54:32     1000     15673    4,80    0,20    0,00    0,00    5,00     7  java

23:54:27      UID       PID  minflt/s  majflt/s     VSZ     RSS   %MEM  Command
23:54:32      115       943      0,40      0,00 2610260  109556   0,67  prometheus
23:54:32        0      3068      0,60      0,00 1235608   14916   0,09  containerd-shim
23:54:32        0      3075      9,20      0,00 1235608   15280   0,09  containerd-shim
23:54:32        0      3076      1,20      0,00 1235608   14996   0,09  containerd-shim
23:54:32        0      3091      0,40      0,00 1235608   15868   0,10  containerd-shim
23:54:32        0      3120     10,40      0,00 1235608   15352   0,09  containerd-shim
23:54:32     1000      4211      1,40      0,00 5024936  315760   1,95  gnome-shell
23:54:32     1000      5898     37,40      0,00 1461714124  312804   1,93  antigravity
23:54:32     1000      5952     32,60      0,00 34380716  167932   1,03  antigravity
23:54:32     1000      5963      0,80      0,00 33906396   82640   0,51  antigravity
23:54:32     1000      6000    318,40      0,00 1461391980  432940   2,67  antigravity
23:54:32     1000      6006     10,80      0,00 1459645432  279736   1,72  antigravity
23:54:32     1000      6289      0,20      0,00 33951332   64440   0,40  antigravity
23:54:32     1000      6302      3,60      0,00 1461347888  121372   0,75  antigravity
23:54:32     1000      6303      0,80      0,00 1461367164  112552   0,69  antigravity
23:54:32     1000      6334     20,60      0,00 1461342992  260252   1,60  antigravity
23:54:32     1000      6366    272,20      0,00 1461351388  384392   2,37  antigravity
23:54:32     1000      6381     21,20      0,00 1461358904  155512   0,96  antigravity
23:54:32     1000      6409    108,80      0,00 1461383736  117916   0,73  antigravity
23:54:32     1000      9105     20,60      0,00 55447012  385028   2,37  chrome
23:54:32     1000      9152      3,40      0,00 55460652  193140   1,19  chrome
23:54:32     1000      9157     19,00      0,00 54984540  132108   0,81  chrome
23:54:32     1000      9168      0,40      0,00 55021684   62848   0,39  chrome
23:54:32     1000      9642      0,40      0,00 55012336   86856   0,54  chrome
23:54:32     1000      9657     35,60      0,00 1518552488  326568   2,01  chrome
23:54:32     1000     15673     11,60      0,00 6199400  383380   2,36  java

23:54:27      UID       PID   kB_rd/s   kB_wr/s kB_ccwr/s iodelay  Command
23:54:32     1000      6366      0,00      0,80      0,00       0  antigravity
23:54:32     1000      9105      0,00      4,80      0,00       0  chrome
23:54:32     1000      9157      0,00     43,20      0,00       0  chrome
23:54:32     1000     15641      0,00      1,10      0,00       0  pidstat
23:54:32     1000     15673      0,00      4,65      0,00       0  java

23:54:32      UID       PID    %usr %system  %guest   %wait    %CPU   CPU  Command
23:54:37        0        57    0,00    1,00    0,00    0,00    1,00     6  ksoftirqd/6
23:54:37        0        86    0,00    0,20    0,00    0,00    0,20     1  irq/9-acpi
23:54:37        0       175    0,00    0,20    0,00    0,00    0,20     6  kworker/6:1H-events_highpri
23:54:37      990       908    0,60    0,20    0,00    0,00    0,80     7  dbus-daemon
23:54:37      115       942    1,20    0,80    0,00    0,00    2,00     1  prometheus-node
23:54:37      115       943    0,20    0,00    0,00    0,00    0,20     1  prometheus
23:54:37        0      1646    0,20    0,00    0,00    0,00    0,20     6  glances
23:54:37        0      1668    0,20    0,20    0,00    0,00    0,40     3  containerd
23:54:37        0      2676    0,40    0,00    0,00    0,00    0,40     1  dockerd
23:54:37      117      2677    0,40    0,40    0,00    0,00    0,80     2  grafana
23:54:37        0      3027    1,00    1,20    0,00    0,00    2,20     3  mount.ntfs-3g
23:54:37        0      3068    0,00    0,20    0,00    0,00    0,20     0  containerd-shim
23:54:37        0      3075    0,20    0,00    0,00    0,00    0,20     3  containerd-shim
23:54:37        0      3076    0,00    0,20    0,00    0,00    0,20     7  containerd-shim
23:54:37      999      3241    0,40    0,00    0,00    0,00    0,40     7  redis-server
23:54:37     1000      4211    9,20    7,00    0,00    0,00   16,20     7  gnome-shell
23:54:37     1000      5898    3,60    1,60    0,00    0,00    5,20     0  antigravity
23:54:37     1000      5952    9,80    1,60    0,00    0,00   11,40     6  antigravity
23:54:37     1000      6000    5,80    1,20    0,00    0,00    7,00     7  antigravity
23:54:37     1000      6248    1,80    1,20    0,00    0,00    3,00     5  language_server
23:54:37     1000      6334    0,60    0,00    0,00    0,00    0,60     1  antigravity
23:54:37     1000      6366    0,80    0,60    0,00    0,00    1,40     4  antigravity
23:54:37     1000      6381    0,80    0,20    0,00    0,00    1,00     7  antigravity
23:54:37     1000      6409    0,20    0,40    0,00    0,00    0,60     1  antigravity
23:54:37     1000      6708    1,40    1,00    0,00    0,00    2,40     5  language_server
23:54:37     1000      7203    1,40    1,40    0,00    0,00    2,80     3  language_server
23:54:37        0      8594    0,00    0,60    0,00    0,00    0,60     0  kworker/u33:0-i915_flip
23:54:37     1000      9105    0,20    0,00    0,00    0,00    0,20     3  chrome
23:54:37     1000      9152    0,20    0,00    0,00    0,00    0,20     4  chrome
23:54:37     1000      9378    1,00    0,00    0,00    0,00    1,00     0  gnome-terminal-
23:54:37        0     13650    0,00    0,20    0,00    0,00    0,20     0  kworker/0:1-mm_percpu_wq
23:54:37        0     14919    0,00    0,60    0,00    0,60    0,60     6  kworker/6:2-i915-unordered
23:54:37     1000     15641    0,20    0,40    0,00    0,00    0,60     2  pidstat
23:54:37     1000     15673    6,00    0,60    0,00    0,00    6,60     7  java

23:54:32      UID       PID  minflt/s  majflt/s     VSZ     RSS   %MEM  Command
23:54:37      115       942    113,60      0,00 1614336   25420   0,16  prometheus-node
23:54:37        0      1668      6,80      0,00 2463668   70452   0,43  containerd
23:54:37        0      3068      7,40      0,00 1235608   15044   0,09  containerd-shim
23:54:37        0      3075      1,80      0,00 1235608   15280   0,09  containerd-shim
23:54:37        0      3076      4,80      0,00 1235608   15124   0,09  containerd-shim
23:54:37        0      3091      1,40      0,00 1235608   15868   0,10  containerd-shim
23:54:37        0      3120      4,20      0,00 1235608   14996   0,09  containerd-shim
23:54:37     1000      4211      9,40      0,00 5033128  315760   1,95  gnome-shell
23:54:37     1000      5898     41,00      0,00 1461714124  312308   1,92  antigravity
23:54:37     1000      5952     28,20      0,00 34377580  167972   1,03  antigravity
23:54:37     1000      5963      0,80      0,00 33906396   82640   0,51  antigravity
23:54:37     1000      6000    137,80      0,00 1461388844  433164   2,67  antigravity
23:54:37     1000      6006     17,60      0,00 1459645432  280120   1,73  antigravity
23:54:37     1000      6289      0,20      0,00 33951332   64440   0,40  antigravity
23:54:37     1000      6302      3,20      0,00 1461347888  121372   0,75  antigravity
23:54:37     1000      6303      1,00      0,00 1461367164  112552   0,69  antigravity
23:54:37     1000      6334      7,60      0,00 1461342992  260380   1,60  antigravity
23:54:37     1000      6366    292,00      0,00 1461351388  384392   2,37  antigravity
23:54:37     1000      6381     22,80      0,00 1461358904  155768   0,96  antigravity
23:54:37     1000      6409    163,20      0,00 1461383736  118272   0,73  antigravity
23:54:37     1000      9105      8,20      0,00 55447012  385028   2,37  chrome
23:54:37     1000      9152      6,80      0,00 55460652  193140   1,19  chrome
23:54:37     1000      9157      3,20      0,00 54984540  132236   0,81  chrome
23:54:37     1000      9168      0,20      0,00 55021684   62848   0,39  chrome
23:54:37     1000      9642      0,20      0,00 55012336   86856   0,54  chrome
23:54:37     1000      9657      0,40      0,00 1518552488  326568   2,01  chrome
23:54:37     1000     15673     11,00      0,00 6199400  383380   2,36  java

23:54:32      UID       PID   kB_rd/s   kB_wr/s kB_ccwr/s iodelay  Command
23:54:37     1000      6366      0,00      1,60      0,00       0  antigravity
23:54:37     1000     15641      0,00      1,10      0,00       0  pidstat
23:54:37     1000     15673      0,00      3,02      0,00       0  java

23:54:37      UID       PID    %usr %system  %guest   %wait    %CPU   CPU  Command
23:54:42        0        28    0,00    0,20    0,00    0,00    0,20     1  kworker/1:0-mm_percpu_wq
23:54:42        0        57    0,00    1,20    0,00    0,20    1,20     6  ksoftirqd/6
23:54:42        0        90    0,00    0,20    0,00    0,00    0,20     4  kworker/4:1-mm_percpu_wq
23:54:42        0       319    0,00    0,20    0,00    0,00    0,20     4  jbd2/sda6-8
23:54:42        0      1654    0,00    0,20    0,00    0,00    0,20     3  tailscaled
23:54:42        0      1668    0,20    0,00    0,00    0,00    0,20     3  containerd
23:54:42        0      1673    0,20    0,20    0,00    0,00    0,40     3  anydesk
23:54:42        0      2676    0,20    0,40    0,00    0,00    0,60     1  dockerd
23:54:42      117      2677    1,00    0,00    0,00    0,00    1,00     2  grafana
23:54:42        0      3027    0,80    1,00    0,00    0,00    1,80     6  mount.ntfs-3g
23:54:42        0      3068    0,20    0,00    0,00    0,00    0,20     0  containerd-shim
23:54:42        0      3091    0,20    0,20    0,00    0,00    0,40     3  containerd-shim
23:54:42        0      3120    0,20    0,20    0,00    0,00    0,40     4  containerd-shim
23:54:42      999      3241    0,40    0,00    0,00    0,00    0,40     0  redis-server
23:54:42     1000      4002    0,20    0,00    0,00    0,00    0,20     0  dbus-daemon
23:54:42     1000      4211   10,00    5,80    0,00    0,20   15,80     5  gnome-shell
23:54:42     1000      4546    0,00    0,20    0,00    0,00    0,20     0  anydesk
23:54:42     1000      5898    3,80    1,60    0,00    0,20    5,40     4  antigravity
23:54:42     1000      5952    8,40    3,20    0,00    0,20   11,60     4  antigravity
23:54:42     1000      6000   16,40    0,60    0,00    0,60   17,00     3  antigravity
23:54:42     1000      6006    0,20    0,00    0,00    0,00    0,20     4  antigravity
23:54:42     1000      6248    1,80    1,20    0,00    0,00    3,00     7  language_server
23:54:42     1000      6302    0,20    0,00    0,00    0,00    0,20     0  antigravity
23:54:42     1000      6334    0,40    0,20    0,00    0,00    0,60     7  antigravity
23:54:42     1000      6366    1,00    0,40    0,00    0,00    1,40     5  antigravity
23:54:42     1000      6381    0,60    0,00    0,00    0,00    0,60     5  antigravity
23:54:42     1000      6409    0,20    0,00    0,00    0,00    0,20     6  antigravity
23:54:42     1000      6708    1,60    1,00    0,00    0,00    2,60     5  language_server
23:54:42     1000      7203    1,40    1,20    0,00    0,00    2,60     3  language_server
23:54:42        0      8594    0,00    0,60    0,00    0,20    0,60     6  kworker/u33:0-i915_flip
23:54:42     1000      9105    0,40    0,20    0,00    0,00    0,60     3  chrome
23:54:42     1000      9152    0,20    0,00    0,00    0,00    0,20     4  chrome
23:54:42     1000      9157    0,20    0,00    0,00    0,00    0,20     5  chrome
23:54:42     1000      9210    0,00    0,20    0,00    0,00    0,20     7  chrome
23:54:42     1000      9378    0,80    0,00    0,00    0,00    0,80     0  gnome-terminal-
23:54:42     1000      9657    0,80    0,00    0,00    0,00    0,80     7  chrome
23:54:42     1000      9668    0,20    0,00    0,00    0,00    0,20     2  chrome
23:54:42        0     14919    0,00    0,60    0,00    1,00    0,60     6  kworker/6:2-i915-unordered
23:54:42     1000     15641    0,00    0,40    0,00    0,00    0,40     2  pidstat
23:54:42     1000     15673    6,60    0,80    0,00    0,00    7,40     7  java
23:54:42     1000     16497    0,60    0,00    0,00    0,00    0,60     3  gnome-screensho

23:54:37      UID       PID  minflt/s  majflt/s     VSZ     RSS   %MEM  Command
23:54:42        0      1668      4,20      0,00 2463668   70452   0,43  containerd
23:54:42      114      1776      4,00      0,00  218252   29316   0,18  postgres
23:54:42        0      3068      9,40      0,00 1235608   14516   0,09  containerd-shim
23:54:42        0      3075      7,20      0,00 1235608   14616   0,09  containerd-shim
23:54:42        0      3076      8,40      0,00 1235608   14604   0,09  containerd-shim
23:54:42        0      3091      6,80      0,00 1235608   15128   0,09  containerd-shim
23:54:42        0      3120      6,00      0,00 1235608   14984   0,09  containerd-shim
23:54:42     1000      4211      2,20      0,00 5025000  315760   1,95  gnome-shell
23:54:42     1000      5898     34,80      0,00 1461714124  312948   1,93  antigravity
23:54:42     1000      5952      9,80      0,00 34377324  167972   1,03  antigravity
23:54:42     1000      5963      1,60      0,00 33906396   82640   0,51  antigravity
23:54:42     1000      6000    274,60      0,00 1461388844  425900   2,62  antigravity
23:54:42     1000      6006     18,00      0,00 1459645432  280376   1,73  antigravity
23:54:42     1000      6289      0,40      0,00 33951332   64440   0,40  antigravity
23:54:42     1000      6302      6,60      0,00 1461347888  121372   0,75  antigravity
23:54:42     1000      6303      1,80      0,00 1461367164  112552   0,69  antigravity
23:54:42     1000      6334      8,80      0,00 1461342992  260372   1,60  antigravity
23:54:42     1000      6366    278,20      0,00 1461351388  384392   2,37  antigravity
23:54:42     1000      6381     20,00      0,00 1461358904  155736   0,96  antigravity
23:54:42     1000      6409     10,00      0,00 1461383736  118272   0,73  antigravity
23:54:42     1000      9105     90,80      0,00 55447012  385772   2,38  chrome
23:54:42     1000      9152      3,40      0,00 55460652  193140   1,19  chrome
23:54:42     1000      9157     16,60      0,00 54982492  132364   0,82  chrome
23:54:42     1000      9168      0,20      0,00 55021684   62848   0,39  chrome
23:54:42     1000      9642      0,20      0,00 55012336   86856   0,54  chrome
23:54:42     1000      9657    284,40      0,00 1520516520  331468   2,04  chrome
23:54:42     1000     10937      6,00      0,00    7664    3776   0,02  run_all_tests.s
23:54:42     1000     15673     19,20      0,00 6199400  383508   2,36  java
23:54:42     1000     16497    242,60      0,00  407596   18008   0,11  gnome-screensho

23:54:37      UID       PID   kB_rd/s   kB_wr/s kB_ccwr/s iodelay  Command
23:54:42     1000      9105      0,00     29,60      0,00       0  chrome
23:54:42     1000     15641      0,00      1,13      0,00       0  pidstat
23:54:42     1000     15673      0,00      6,05      0,00       0  java

23:54:42      UID       PID    %usr %system  %guest   %wait    %CPU   CPU  Command
23:54:47        0         1    0,00    0,20    0,00    0,00    0,20     2  systemd
23:54:47        0        18    0,00    0,20    0,00    0,00    0,20     0  rcu_preempt
23:54:47        0        57    0,00    1,00    0,00    0,00    1,00     6  ksoftirqd/6
23:54:47      115       943    0,20    0,00    0,00    0,00    0,20     1  prometheus
23:54:47        0      1081    0,20    0,00    0,00    0,00    0,20     3  NetworkManager
23:54:47        0      1646    0,20    0,20    0,00    0,00    0,40     6  glances
23:54:47        0      1654    0,20    0,00    0,00    0,00    0,20     3  tailscaled
23:54:47        0      1668    0,40    0,20    0,00    0,00    0,60     3  containerd
23:54:47        0      2676    0,00    0,40    0,00    0,00    0,40     1  dockerd
23:54:47      117      2677    0,40    0,40    0,00    0,00    0,80     2  grafana
23:54:47        0      3027    2,00    0,60    0,00    0,00    2,60     5  mount.ntfs-3g
23:54:47        0      3075    0,20    0,00    0,00    0,00    0,20     3  containerd-shim
23:54:47        0      3076    0,20    0,00    0,00    0,00    0,20     7  containerd-shim
23:54:47      999      3241    0,60    0,00    0,00    0,00    0,60     3  redis-server
23:54:47     1000      4003    0,00    0,40    0,00    0,00    0,40     0  pipewire
23:54:47     1000      4006    0,20    0,00    0,00    0,00    0,20     0  wireplumber
23:54:47     1000      4009    0,20    0,00    0,00    0,20    0,20     7  pipewire-pulse
23:54:47     1000      4211   12,00    8,00    0,00    0,00   20,00     2  gnome-shell
23:54:47     1000      4961    0,20    0,00    0,00    0,00    0,20     3  xdg-document-po
23:54:47     1000      5898    3,60    2,20    0,00    0,00    5,80     3  antigravity
23:54:47     1000      5952   10,20    1,80    0,00    0,00   12,00     1  antigravity
23:54:47     1000      6000    9,60    0,80    0,00    0,00   10,40     7  antigravity
23:54:47     1000      6006    7,60    0,00    0,00    0,00    7,60     3  antigravity
23:54:47     1000      6248    1,60    1,20    0,00    0,00    2,80     5  language_server
23:54:47     1000      6334    0,40    0,00    0,00    0,00    0,40     5  antigravity
23:54:47     1000      6366    1,00    0,20    0,00    0,00    1,20     7  antigravity
23:54:47     1000      6381    1,00    0,20    0,00    0,00    1,20     6  antigravity
23:54:47     1000      6409    0,20    0,00    0,00    0,00    0,20     7  antigravity
23:54:47     1000      6708    1,60    0,80    0,00    0,00    2,40     5  language_server
23:54:47     1000      7203    1,40    1,20    0,00    0,00    2,60     3  language_server
23:54:47        0      8594    0,00    1,00    0,00    0,40    1,00     0  kworker/u33:0+i915_flip
23:54:47     1000      9105    0,20    0,00    0,00    0,00    0,20     3  chrome
23:54:47     1000      9152    0,40    0,00    0,00    0,00    0,40     4  chrome
23:54:47     1000      9157    0,20    0,20    0,00    0,00    0,40     3  chrome
23:54:47     1000      9378    1,00    0,20    0,00    0,00    1,20     1  gnome-terminal-
23:54:47     1000     10899    0,20    0,00    0,00    0,00    0,20     0  antigravity
23:54:47        0     12744    0,00    0,20    0,00    0,00    0,20     3  kworker/u32:0-flush-8:0
23:54:47        0     14919    0,00    0,60    0,00    0,60    0,60     6  kworker/6:2-i915-unordered
23:54:47     1000     15641    0,20    0,40    0,00    0,00    0,60     5  pidstat
23:54:47     1000     15673    3,60    0,40    0,00    0,00    4,00     7  java

23:54:42      UID       PID  minflt/s  majflt/s     VSZ     RSS   %MEM  Command
23:54:47        0      3068     12,40      0,00 1235608   14772   0,09  containerd-shim
23:54:47        0      3075     12,80      0,00 1235608   14872   0,09  containerd-shim
23:54:47        0      3076     12,00      0,00 1235608   14860   0,09  containerd-shim
23:54:47        0      3091     12,20      0,00 1235608   15256   0,09  containerd-shim
23:54:47        0      3120     11,20      0,00 1235608   14984   0,09  containerd-shim
23:54:47     1000      4003     36,20      0,00  104864   13744   0,08  pipewire
23:54:47     1000      4009     38,60      0,00  171976   15248   0,09  pipewire-pulse
23:54:47     1000      4211     16,00      0,00 5033128  315628   1,94  gnome-shell
23:54:47     1000      4691      0,20      0,00  308612    7328   0,05  ibus-portal
23:54:47     1000      4941      0,20      0,00  704604   20144   0,12  xdg-desktop-por
23:54:47     1000      4961      0,60      0,00  688428    7092   0,04  xdg-document-po
23:54:47     1000      5898     37,20      0,00 1461714124  313076   1,93  antigravity
23:54:47     1000      5952     31,80      0,00 34387052  168016   1,04  antigravity
23:54:47     1000      5963      0,80      0,00 33906396   82640   0,51  antigravity
23:54:47     1000      6000    234,40      0,00 1461391980  426508   2,63  antigravity
23:54:47     1000      6006    142,60      0,00 1459645432  273992   1,69  antigravity
23:54:47     1000      6289      0,20      0,00 33951332   64440   0,40  antigravity
23:54:47     1000      6302      3,60      0,00 1461347888  121372   0,75  antigravity
23:54:47     1000      6303      0,80      0,00 1461367164  112552   0,69  antigravity
23:54:47     1000      6334     15,60      0,00 1461342992  260236   1,60  antigravity
23:54:47     1000      6366    370,60      0,00 1461351388  384348   2,37  antigravity
23:54:47     1000      6381     20,60      0,00 1461358904  155624   0,96  antigravity
23:54:47     1000      6409     92,40      0,00 1461383736  118272   0,73  antigravity
23:54:47     1000      9105      9,00      0,00 55447012  385188   2,37  chrome
23:54:47     1000      9152      3,40      0,00 55460652  193140   1,19  chrome
23:54:47     1000      9157      2,80      0,00 54984540  132096   0,81  chrome
23:54:47     1000      9168      0,20      0,00 55021684   62848   0,39  chrome
23:54:47     1000      9642      0,20      0,00 55012336   86856   0,54  chrome
23:54:47     1000      9657      2,60      0,00 1520518568  331468   2,04  chrome
23:54:47     1000     10937      1,40      0,00    7664    3776   0,02  run_all_tests.s
23:54:47     1000     15673      9,20      0,00 6199400  384020   2,37  java

23:54:42      UID       PID   kB_rd/s   kB_wr/s kB_ccwr/s iodelay  Command
23:54:47     1000      4006      0,00      0,80      0,00       0  wireplumber
23:54:47     1000      4211      0,00     72,80      0,00       0  gnome-shell
23:54:47     1000      6366      0,00      0,80      0,00       0  antigravity
23:54:47     1000      9105      0,00      1,60      0,00       0  chrome
23:54:47     1000      9157      0,00      0,80      0,80       0  chrome
23:54:47     1000     10937      0,00    186,64     72,80       0  run_all_tests.s
23:54:47     1000     15641      0,00      1,27      0,00       0  pidstat
23:54:47     1000     15673      0,00      4,54      0,00       0  java

23:54:47      UID       PID    %usr %system  %guest   %wait    %CPU   CPU  Command
23:54:52        0         1    0,20    0,00    0,00    0,00    0,20     2  systemd
23:54:52        0        57    0,00    1,00    0,00    0,00    1,00     6  ksoftirqd/6
23:54:52        0        86    0,00    0,20    0,00    0,00    0,20     1  irq/9-acpi
23:54:52        0       113    0,00    0,20    0,00    0,00    0,20     0  kworker/0:1H-events_highpri
23:54:52        0       647    0,00    0,20    0,00    0,00    0,20     0  irq/130-iwlwifi
23:54:52      990       908    0,80    0,00    0,00    0,00    0,80     4  dbus-daemon
23:54:52      115       942    1,60    0,40    0,00    0,00    2,00     3  prometheus-node
23:54:52      115       943    0,60    0,00    0,00    0,00    0,60     1  prometheus
23:54:52        0      1646    0,20    0,00    0,00    0,00    0,20     6  glances
23:54:52        0      1654    0,00    0,40    0,00    0,00    0,40     2  tailscaled
23:54:52        0      1668    0,40    0,00    0,00    0,00    0,40     3  containerd
23:54:52        0      2676    0,40    0,20    0,00    0,00    0,60     1  dockerd
23:54:52      117      2677    0,20    0,40    0,00    0,00    0,60     2  grafana
23:54:52        0      3027    1,40    0,80    0,00    0,00    2,20     5  mount.ntfs-3g
23:54:52        0      3076    0,00    0,20    0,00    0,00    0,20     7  containerd-shim
23:54:52      999      3241    0,40    0,20    0,00    0,00    0,60     3  redis-server
23:54:52     1000      4211    7,80    8,00    0,00    0,20   15,80     1  gnome-shell
23:54:52        0      5289    0,00    0,20    0,00    0,00    0,20     4  kworker/u32:11-i915
23:54:52     1000      5898    4,00    2,00    0,00    0,00    6,00     2  antigravity
23:54:52     1000      5952    8,40    2,60    0,00    0,00   11,00     7  antigravity
23:54:52     1000      6000    6,40    0,60    0,00    0,00    7,00     5  antigravity
23:54:52     1000      6248    2,20    1,20    0,00    0,00    3,40     5  language_server
23:54:52     1000      6334    0,60    0,00    0,00    0,00    0,60     7  antigravity
23:54:52     1000      6366    1,00    0,40    0,00    0,00    1,40     2  antigravity
23:54:52     1000      6381    0,60    0,00    0,00    0,00    0,60     7  antigravity
23:54:52     1000      6409    0,20    0,00    0,00    0,00    0,20     7  antigravity
23:54:52     1000      6708    1,40    1,00    0,00    0,00    2,40     5  language_server
23:54:52     1000      7203    2,00    0,80    0,00    0,00    2,80     3  language_server
23:54:52        0      8594    0,00    0,60    0,00    0,00    0,60     6  kworker/u33:0+i915_flip
23:54:52     1000      9105    0,20    0,00    0,00    0,00    0,20     0  chrome
23:54:52     1000      9152    0,40    0,00    0,00    0,00    0,40     4  chrome
23:54:52     1000      9210    0,20    0,00    0,00    0,00    0,20     2  chrome
23:54:52     1000      9378    0,80    0,00    0,00    0,00    0,80     3  gnome-terminal-
23:54:52     1000      9657    0,20    0,20    0,00    0,00    0,40     0  chrome
23:54:52        0     14919    0,00    0,60    0,00    0,60    0,60     6  kworker/6:2-i915-unordered
23:54:52     1000     15641    0,20    0,40    0,00    0,00    0,60     4  pidstat
23:54:52     1000     15673    4,80    0,60    0,00    0,00    5,40     7  java

23:54:47      UID       PID  minflt/s  majflt/s     VSZ     RSS   %MEM  Command
23:54:52      115       942     70,20      0,00 1614336   25352   0,16  prometheus-node
23:54:52      115       943      0,00      0,00 2610260  107332   0,66  prometheus
23:54:52        0      1668      6,20      0,00 2463668   70580   0,43  containerd
23:54:52        0      2676      0,40      0,00 3358484  108180   0,67  dockerd
23:54:52        0      3068     13,00      0,00 1235608   14900   0,09  containerd-shim
23:54:52        0      3075      8,80      0,00 1235608   14872   0,09  containerd-shim
23:54:52        0      3076     13,20      0,00 1235608   14860   0,09  containerd-shim
23:54:52        0      3091     14,00      0,00 1235608   15384   0,09  containerd-shim
23:54:52        0      3120     10,60      0,00 1235608   15112   0,09  containerd-shim
23:54:52     1000      4003      0,00      0,00  103888   13744   0,08  pipewire
23:54:52     1000      4211      0,60      0,00 5033128  315628   1,94  gnome-shell
23:54:52     1000      5898    116,60      0,00 1461714124  313936   1,93  antigravity
23:54:52     1000      5952     26,80      0,00 34377452  167892   1,03  antigravity
23:54:52     1000      5963      0,80      0,00 33906396   82640   0,51  antigravity
23:54:52     1000      6000    123,60      0,00 1461388844  427060   2,63  antigravity
23:54:52     1000      6006     10,00      0,00 1459645432  274120   1,69  antigravity
23:54:52     1000      6077      4,40      0,00 1459609232  168684   1,04  antigravity
23:54:52     1000      6289      0,20      0,00 33951332   64440   0,40  antigravity
23:54:52     1000      6302      3,20      0,00 1461347888  121372   0,75  antigravity
23:54:52     1000      6303      1,00      0,00 1461367164  112552   0,69  antigravity
23:54:52     1000      6334      9,20      0,00 1461342992  260364   1,60  antigravity
23:54:52     1000      6366    257,40      0,00 1461351388  384476   2,37  antigravity
23:54:52     1000      6381     22,60      0,00 1461358904  155608   0,96  antigravity
23:54:52     1000      6409      9,80      0,00 1461383736  118144   0,73  antigravity
23:54:52     1000      9105     16,60      0,00 55447012  385036   2,37  chrome
23:54:52     1000      9152      3,40      0,00 55460652  193140   1,19  chrome
23:54:52     1000      9157      8,40      0,00 54984540  132096   0,81  chrome
23:54:52     1000      9168      0,40      0,00 55021684   62848   0,39  chrome
23:54:52     1000      9335      0,20      0,00 1518471656  109576   0,68  chrome
23:54:52     1000      9642      0,40      0,00 55012336   86856   0,54  chrome
23:54:52     1000      9657    140,00      0,00 1520518568  334156   2,06  chrome
23:54:52     1000     15673      5,60      0,00 6199400  384148   2,37  java

23:54:47      UID       PID   kB_rd/s   kB_wr/s kB_ccwr/s iodelay  Command
23:54:52     1000      5898      0,00      3,20      0,00       0  antigravity
23:54:52     1000     15641      0,00      1,37      0,00       0  pidstat
23:54:52     1000     15673      0,00      4,56      0,00       0  java

23:54:52      UID       PID    %usr %system  %guest   %wait    %CPU   CPU  Command
23:54:57        0        57    0,00    1,20    0,00    0,00    1,20     6  ksoftirqd/6
23:54:57        0      1668    0,40    0,20    0,00    0,00    0,60     3  containerd
23:54:57        0      2676    0,40    0,00    0,00    0,00    0,40     1  dockerd
23:54:57      117      2677    0,40    0,40    0,00    0,00    0,80     2  grafana
23:54:57        0      3027    1,40    0,80    0,00    0,00    2,20     0  mount.ntfs-3g
23:54:57        0      3068    0,20    0,20    0,00    0,00    0,40     0  containerd-shim
23:54:57        0      3075    0,20    0,00    0,00    0,00    0,20     3  containerd-shim
23:54:57        0      3091    0,20    0,00    0,00    0,00    0,20     3  containerd-shim
23:54:57        0      3120    0,20    0,00    0,00    0,00    0,20     4  containerd-shim
23:54:57      999      3241    0,40    0,00    0,00    0,00    0,40     1  redis-server
23:54:57     1000      4211    6,80    9,20    0,00    0,00   16,00     7  gnome-shell
23:54:57     1000      5898    4,00    2,00    0,00    0,20    6,00     2  antigravity
23:54:57     1000      5952    9,20    2,20    0,00    0,00   11,40     5  antigravity
23:54:57     1000      5963    0,00    0,20    0,00    0,00    0,20     0  antigravity
23:54:57     1000      6000    8,20    0,60    0,00    0,00    8,80     0  antigravity
23:54:57     1000      6006    1,20    0,20    0,00    0,00    1,40     1  antigravity
23:54:57     1000      6077    0,20    0,00    0,00    0,00    0,20     7  antigravity
23:54:57     1000      6248    2,00    1,20    0,00    0,00    3,20     5  language_server
23:54:57     1000      6334    0,60    0,00    0,00    0,00    0,60     7  antigravity
23:54:57     1000      6366    0,80    0,20    0,00    0,00    1,00     3  antigravity
23:54:57     1000      6381    0,80    0,20    0,00    0,00    1,00     1  antigravity
23:54:57     1000      6409    0,20    0,20    0,00    0,00    0,40     4  antigravity
23:54:57     1000      6708    1,00    1,40    0,00    0,00    2,40     5  language_server
23:54:57     1000      7203    1,00    1,80    0,00    0,00    2,80     3  language_server
23:54:57        0      8594    0,00    0,80    0,00    0,00    0,80     6  kworker/u33:0-i915_flip
23:54:57     1000      9105    0,20    0,00    0,00    0,00    0,20     3  chrome
23:54:57     1000      9152    0,20    0,20    0,00    0,00    0,40     4  chrome
23:54:57     1000      9157    0,20    0,00    0,00    0,00    0,20     2  chrome
23:54:57     1000      9378    0,80    0,00    0,00    0,00    0,80     3  gnome-terminal-
23:54:57        0     14919    0,00    0,60    0,00    0,40    0,60     6  kworker/6:2-i915-unordered
23:54:57     1000     15641    0,00    0,60    0,00    0,00    0,60     4  pidstat
23:54:57     1000     15673    6,40    0,20    0,00    0,00    6,60     7  java

23:54:52      UID       PID  minflt/s  majflt/s     VSZ     RSS   %MEM  Command
23:54:57        0      1668      0,00      0,00 2463668   70192   0,43  containerd
23:54:57        0      3068     10,20      0,00 1235608   15028   0,09  containerd-shim
23:54:57        0      3075      4,00      0,00 1235608   15000   0,09  containerd-shim
23:54:57        0      3076      3,40      0,00 1235608   14860   0,09  containerd-shim
23:54:57        0      3091      5,40      0,00 1235608   15512   0,10  containerd-shim
23:54:57        0      3120      0,40      0,00 1235608   15112   0,09  containerd-shim
23:54:57     1000      4211      7,20      0,00 5033128  315628   1,94  gnome-shell
23:54:57     1000      5898    135,20      0,00 1461714124  313332   1,93  antigravity
23:54:57     1000      5952     20,60      0,00 34394724  168148   1,04  antigravity
23:54:57     1000      5963      2,20      0,00 33906396   82640   0,51  antigravity
23:54:57     1000      6000    261,20      0,00 1461391980  428244   2,64  antigravity
23:54:57     1000      6006    223,60      0,00 1459645368  273872   1,69  antigravity
23:54:57     1000      6077      4,60      0,00 1459609232  168812   1,04  antigravity
23:54:57     1000      6289      0,40      0,00 33951332   64440   0,40  antigravity
23:54:57     1000      6302      7,00      0,00 1461347888  121372   0,75  antigravity
23:54:57     1000      6303      0,80      0,00 1461367164  112552   0,69  antigravity
23:54:57     1000      6334     66,80      0,00 1461342992  260436   1,60  antigravity
23:54:57     1000      6366    281,40      0,00 1461351388  384476   2,37  antigravity
23:54:57     1000      6381     34,80      0,00 1461358904  155992   0,96  antigravity
23:54:57     1000      6409      4,20      0,00 1461383736  118144   0,73  antigravity
23:54:57     1000      9105      8,80      0,00 55447012  385036   2,37  chrome
23:54:57     1000      9152      6,80      0,00 55460652  193140   1,19  chrome
23:54:57     1000      9157      2,40      0,00 54984540  132096   0,81  chrome
23:54:57     1000      9168      0,20      0,00 55021684   62848   0,39  chrome
23:54:57     1000      9642      0,20      0,00 55012336   86856   0,54  chrome
23:54:57     1000     15673     12,60      0,00 6199400  384276   2,37  java

23:54:52      UID       PID   kB_rd/s   kB_wr/s kB_ccwr/s iodelay  Command
23:54:57     1000      5898      0,00     10,40      0,00       0  antigravity
23:54:57     1000      9105      0,00      3,20      0,00       0  chrome
23:54:57     1000     15641      0,00      1,25      0,00       0  pidstat
23:54:57     1000     15673      0,00      3,04      0,00       0  java

23:54:57      UID       PID    %usr %system  %guest   %wait    %CPU   CPU  Command
23:55:02        0        57    0,00    1,20    0,00    0,00    1,20     6  ksoftirqd/6
23:55:02        0       110    0,20    0,00    0,00    0,00    0,20     4  hwrng
23:55:02        0       224    0,00    0,20    0,00    0,00    0,20     3  kworker/3:1H-events_highpri
23:55:02      115       943    0,20    0,00    0,00    0,00    0,20     1  prometheus
23:55:02        0      1646    0,20    0,00    0,00    0,00    0,20     6  glances
23:55:02        0      1654    0,40    0,00    0,00    0,00    0,40     6  tailscaled
23:55:02        0      1668    0,40    0,00    0,00    0,00    0,40     3  containerd
23:55:02        0      2676    0,40    0,20    0,00    0,00    0,60     1  dockerd
23:55:02      117      2677    0,60    0,20    0,00    0,00    0,80     2  grafana
23:55:02        0      3027    1,40    0,60    0,00    0,00    2,00     2  mount.ntfs-3g
23:55:02        0      3075    0,00    0,20    0,00    0,00    0,20     3  containerd-shim
23:55:02        0      3076    0,00    0,20    0,00    0,00    0,20     7  containerd-shim
23:55:02      999      3241    0,40    0,00    0,00    0,00    0,40     7  redis-server
23:55:02     1000      4211   10,80    5,20    0,00    0,00   16,00     5  gnome-shell
23:55:02     1000      5898    3,60    1,80    0,00    0,00    5,40     6  antigravity
23:55:02     1000      5952    8,20    3,40    0,00    0,00   11,60     0  antigravity
23:55:02     1000      6000    7,80    0,40    0,00    0,20    8,20     5  antigravity
23:55:02     1000      6006    0,20    0,00    0,00    0,00    0,20     4  antigravity
23:55:02     1000      6248    1,00    2,40    0,00    0,00    3,40     5  language_server
23:55:02     1000      6289    0,20    0,00    0,00    0,00    0,20     4  antigravity
23:55:02     1000      6303    0,20    0,00    0,00    0,00    0,20     4  antigravity
23:55:02     1000      6334    0,60    0,20    0,00    0,00    0,80     5  antigravity
23:55:02     1000      6366   10,80    1,20    0,00    0,00   12,00     0  antigravity
23:55:02     1000      6381    0,60    0,00    0,00    0,00    0,60     1  antigravity
23:55:02     1000      6409    0,20    0,20    0,00    0,00    0,40     7  antigravity
23:55:02     1000      6708    1,60    1,00    0,00    0,00    2,60     5  language_server
23:55:02     1000      7203    1,20    1,40    0,00    0,00    2,60     3  language_server
23:55:02        0      8594    0,00    0,60    0,00    0,20    0,60     7  kworker/u33:0-i915_flip
23:55:02     1000      9105    0,20    0,00    0,00    0,00    0,20     5  chrome
23:55:02     1000      9152    0,20    0,00    0,00    0,00    0,20     4  chrome
23:55:02     1000      9378    0,80    0,00    0,00    0,00    0,80     3  gnome-terminal-
23:55:02        0     13650    0,00    0,20    0,00    0,00    0,20     0  kworker/0:1-events
23:55:02        0     14919    0,00    0,60    0,00    0,80    0,60     6  kworker/6:2-i915-unordered
23:55:02     1000     15641    0,20    0,20    0,00    0,00    0,40     3  pidstat
23:55:02     1000     15673   10,60    1,80    0,00    0,00   12,40     7  java

23:54:57      UID       PID  minflt/s  majflt/s     VSZ     RSS   %MEM  Command
23:55:02        0       375     10,80      0,00  163644   81956   0,50  systemd-journal
23:55:02        0       906      1,40      0,00    6792    2720   0,02  cron
23:55:02      114      1776      3,60      0,00  218252   29316   0,18  postgres
23:55:02        0      3068      4,40      0,00 1235608   15156   0,09  containerd-shim
23:55:02        0      3075      8,60      0,00 1235608   15128   0,09  containerd-shim
23:55:02        0      3076     11,00      0,00 1235608   15116   0,09  containerd-shim
23:55:02        0      3091      0,40      0,00 1235608   15640   0,10  containerd-shim
23:55:02        0      3120      6,00      0,00 1235608   14980   0,09  containerd-shim
23:55:02     1000      4211      2,80      0,00 5033128  315628   1,94  gnome-shell
23:55:02     1000      5898     36,20      0,00 1461714124  313716   1,93  antigravity
23:55:02     1000      5952     17,00      0,00 34377132  168016   1,04  antigravity
23:55:02     1000      5963      2,60      0,00 33906396   82640   0,51  antigravity
23:55:02     1000      6000    197,60      0,00 1461388844  430128   2,65  antigravity
23:55:02     1000      6006     20,20      0,00 1459645368  274128   1,69  antigravity
23:55:02     1000      6289      0,40      0,00 33951332   64440   0,40  antigravity
23:55:02     1000      6302      6,60      0,00 1461347888  121372   0,75  antigravity
23:55:02     1000      6303      1,80      0,00 1461367164  112552   0,69  antigravity
23:55:02     1000      6334     12,20      0,00 1461342992  260304   1,60  antigravity
23:55:02     1000      6366   1580,00      0,00 1461351388  305032   1,88  antigravity
23:55:02     1000      6381     20,60      0,00 1461358904  155656   0,96  antigravity
23:55:02     1000      6409     95,80      0,00 1461383736  118144   0,73  antigravity
23:55:02     1000      6708      0,40      0,00 4256024  478736   2,95  language_server
23:55:02     1000      9105     13,00      0,00 55447012  385164   2,37  chrome
23:55:02     1000      9152      3,40      0,00 55460652  193140   1,19  chrome
23:55:02     1000      9157      3,00      0,00 54984540  132096   0,81  chrome
23:55:02     1000      9168      0,20      0,00 55021684   62848   0,39  chrome
23:55:02     1000      9642      0,20      0,00 55012336   86856   0,54  chrome
23:55:02     1000      9657      0,00      0,00 1520518568  331012   2,04  chrome
23:55:02     1000      9668      0,20      0,00 1518496488  120816   0,74  chrome
23:55:02     1000     15673     26,40      0,00 6199400  407388   2,51  java
23:55:02     1000     16567     27,60      0,00    2672    1576   0,01  sh
23:55:02     1000     16568     94,60      0,00    7144    3316   0,02  cpuUsage.sh

23:54:57      UID       PID   kB_rd/s   kB_wr/s kB_ccwr/s iodelay  Command
23:55:02     1000      9105      0,00      8,00      0,00       0  chrome
23:55:02     1000     15641      0,00      1,09      0,00       0  pidstat
23:55:02     1000     15673      0,00      4,62      0,00       0  java

23:55:02      UID       PID    %usr %system  %guest   %wait    %CPU   CPU  Command
23:55:07        0         1    0,20    0,00    0,00    0,00    0,20     1  systemd
23:55:07        0        57    0,00    1,20    0,00    0,00    1,20     6  ksoftirqd/6
23:55:07        0        65    0,00    0,20    0,00    0,00    0,20     7  kworker/7:0H-events_highpri
23:55:07        0        86    0,00    0,20    0,00    0,00    0,20     1  irq/9-acpi
23:55:07        0       106    0,00    0,20    0,00    0,00    0,20     5  kworker/5:1-mm_percpu_wq
23:55:07      990       908    1,00    0,20    0,00    0,00    1,20     4  dbus-daemon
23:55:07      115       942    1,40    0,80    0,00    0,00    2,20     3  prometheus-node
23:55:07      115       943    0,20    0,00    0,00    0,00    0,20     1  prometheus
23:55:07        0      1654    0,20    0,00    0,00    0,00    0,20     6  tailscaled
23:55:07        0      1668    0,20    0,20    0,00    0,00    0,40     3  containerd
23:55:07        0      2676    0,20    0,40    0,00    0,00    0,60     1  dockerd
23:55:07      117      2677    0,40    0,20    0,00    0,00    0,60     2  grafana
23:55:07        0      3027    1,40    0,80    0,00    0,00    2,20     3  mount.ntfs-3g
23:55:07        0      3091    0,20    0,00    0,00    0,00    0,20     3  containerd-shim
23:55:07        0      3120    0,20    0,00    0,00    0,00    0,20     4  containerd-shim
23:55:07      999      3241    0,40    0,00    0,00    0,00    0,40     1  redis-server
23:55:07     1000      4211    8,80    7,20    0,00    0,00   16,00     4  gnome-shell
23:55:07     1000      5898    3,60    1,80    0,00    0,00    5,40     0  antigravity
23:55:07     1000      5952    9,00    2,20    0,00    0,20   11,20     3  antigravity
23:55:07     1000      6000    6,60    0,60    0,00    0,00    7,20     4  antigravity
23:55:07     1000      6248    1,80    1,20    0,00    0,00    3,00     6  language_server
23:55:07     1000      6303    0,00    0,20    0,00    0,00    0,20     4  antigravity
23:55:07     1000      6334    0,60    0,00    0,00    0,00    0,60     0  antigravity
23:55:07     1000      6366    1,60    0,20    0,00    0,00    1,80     0  antigravity
23:55:07     1000      6381    0,80    0,00    0,00    0,00    0,80     0  antigravity
23:55:07     1000      6409    0,40    0,00    0,00    0,00    0,40     4  antigravity
23:55:07     1000      6708    1,20    1,40    0,00    0,00    2,60     5  language_server
23:55:07     1000      7203    1,40    1,40    0,00    0,00    2,80     3  language_server
23:55:07        0      8594    0,00    0,80    0,00    0,00    0,80     0  kworker/u33:0-i915_flip
23:55:07     1000      9105    0,00    0,20    0,00    0,00    0,20     5  chrome
23:55:07     1000      9152    0,20    0,00    0,00    0,00    0,20     4  chrome
23:55:07     1000      9202    0,20    0,00    0,00    0,00    0,20     2  chrome
23:55:07     1000      9378    0,80    0,00    0,00    0,00    0,80     1  gnome-terminal-
23:55:07        0     14919    0,00    0,60    0,00    0,60    0,60     6  kworker/6:2-i915-unordered
23:55:07     1000     15641    0,40    0,20    0,00    0,00    0,60     7  pidstat
23:55:07     1000     15673    5,20    0,80    0,00    0,00    6,00     7  java

23:55:02      UID       PID  minflt/s  majflt/s     VSZ     RSS   %MEM  Command
23:55:07      115       942     94,00      0,00 1614336   25384   0,16  prometheus-node
23:55:07      115       943      0,40      0,00 2610260  107332   0,66  prometheus
23:55:07        0      1668      0,20      0,00 2463668   70192   0,43  containerd
23:55:07        0      3068      1,40      0,00 1235608   15156   0,09  containerd-shim
23:55:07        0      3075      5,00      0,00 1235608   15256   0,09  containerd-shim
23:55:07        0      3076      2,20      0,00 1235608   15116   0,09  containerd-shim
23:55:07        0      3091      3,80      0,00 1235608   15640   0,10  containerd-shim
23:55:07        0      3120      0,20      0,00 1235608   14980   0,09  containerd-shim
23:55:07     1000      4211      7,60      0,00 5024936  315628   1,94  gnome-shell
23:55:07     1000      5898     33,20      0,00 1461714124  313600   1,93  antigravity
23:55:07     1000      5952      5,40      0,00 34379372  168016   1,04  antigravity
23:55:07     1000      5963      0,80      0,00 33906396   82640   0,51  antigravity
23:55:07     1000      6000    115,00      0,00 1461391020  430400   2,65  antigravity
23:55:07     1000      6006     17,40      0,00 1459645368  274512   1,69  antigravity
23:55:07     1000      6289      0,20      0,00 33951332   64440   0,40  antigravity
23:55:07     1000      6302      3,20      0,00 1461347888  121372   0,75  antigravity
23:55:07     1000      6303      1,00      0,00 1461367164  112552   0,69  antigravity
23:55:07     1000      6334     13,60      0,00 1461342992  260300   1,60  antigravity
23:55:07     1000      6366    571,00      0,00 1461351388  303696   1,87  antigravity
23:55:07     1000      6381     20,60      0,00 1461358904  155500   0,96  antigravity
23:55:07     1000      6409    114,80      0,00 1461383736  118272   0,73  antigravity
23:55:07     1000      9105      8,00      0,00 55447012  385164   2,37  chrome
23:55:07     1000      9152      3,40      0,00 55460652  193140   1,19  chrome
23:55:07     1000      9157    105,00      0,00 54984540  132204   0,81  chrome
23:55:07     1000      9168      0,20      0,00 55021684   62848   0,39  chrome
23:55:07     1000      9642      0,20      0,00 55012336   86856   0,54  chrome
23:55:07     1000      9657      0,20      0,00 1520518568  331012   2,04  chrome
23:55:07     1000     15673      8,00      0,00 6199400  407644   2,51  java
23:55:07     1000     16604     27,40      0,00    2672    1584   0,01  sh
23:55:07     1000     16605    100,00      0,00    7144    3248   0,02  cpuUsage.sh

23:55:02      UID       PID   kB_rd/s   kB_wr/s kB_ccwr/s iodelay  Command
23:55:07     1000      9157      0,00    204,00      0,00       0  chrome
23:55:07     1000     15641      0,00      1,22      0,00       0  pidstat
23:55:07     1000     15673      0,00      4,56      0,00       0  java

23:55:07      UID       PID    %usr %system  %guest   %wait    %CPU   CPU  Command
23:55:12        0        18    0,00    0,20    0,00    0,00    0,20     7  rcu_preempt
23:55:12        0        57    0,00    1,00    0,00    0,20    1,00     6  ksoftirqd/6
23:55:12      115       943    0,20    0,00    0,00    0,00    0,20     1  prometheus
23:55:12        0      1646    0,20    0,00    0,00    0,00    0,20     6  glances
23:55:12        0      1654    0,00    0,20    0,00    0,00    0,20     5  tailscaled
23:55:12        0      1668    0,00    0,20    0,00    0,00    0,20     3  containerd
23:55:12        0      2676    0,40    0,00    0,00    0,00    0,40     1  dockerd
23:55:12      117      2677    1,00    0,20    0,00    0,00    1,20     6  grafana
23:55:12        0      3027    1,40    0,60    0,00    0,00    2,00     3  mount.ntfs-3g
23:55:12        0      3068    0,20    0,00    0,00    0,00    0,20     0  containerd-shim
23:55:12        0      3075    0,20    0,20    0,00    0,00    0,40     3  containerd-shim
23:55:12        0      3076    0,00    0,20    0,00    0,00    0,20     7  containerd-shim
23:55:12        0      3091    0,20    0,00    0,00    0,00    0,20     3  containerd-shim
23:55:12        0      3120    0,00    0,20    0,00    0,00    0,20     4  containerd-shim
23:55:12      999      3241    0,40    0,00    0,00    0,00    0,40     4  redis-server
23:55:12     1000      4211    6,00   10,00    0,00    0,20   16,00     5  gnome-shell
23:55:12     1000      4546    0,20    0,00    0,00    0,00    0,20     0  anydesk
23:55:12     1000      5898    4,00    1,20    0,00    0,00    5,20     1  antigravity
23:55:12     1000      5952    9,60    1,60    0,00    0,00   11,20     2  antigravity
23:55:12     1000      6000    6,20    0,60    0,00    0,00    6,80     6  antigravity
23:55:12     1000      6006    0,20    0,00    0,00    0,00    0,20     6  antigravity
23:55:12     1000      6248    1,60    1,40    0,00    0,20    3,00     0  language_server
23:55:12     1000      6334    0,60    0,00    0,00    0,00    0,60     7  antigravity
23:55:12     1000      6366    1,00    0,40    0,00    0,00    1,40     7  antigravity
23:55:12     1000      6381    0,80    0,00    0,00    0,00    0,80     7  antigravity
23:55:12     1000      6409    0,20    0,20    0,00    0,00    0,40     4  antigravity
23:55:12     1000      6708    1,20    1,20    0,00    0,00    2,40     5  language_server
23:55:12     1000      7203    1,60    1,20    0,00    0,00    2,80     3  language_server
23:55:12        0      8594    0,00    0,60    0,00    0,20    0,60     0  kworker/u33:0-i915_flip
23:55:12     1000      9105    0,20    0,00    0,00    0,00    0,20     6  chrome
23:55:12     1000      9152    0,40    0,20    0,00    0,00    0,60     4  chrome
23:55:12     1000      9168    0,20    0,00    0,00    0,00    0,20     6  chrome
23:55:12     1000      9378    1,20    0,00    0,00    0,00    1,20     7  gnome-terminal-
23:55:12     1000     10899    0,20    0,00    0,00    0,00    0,20     4  antigravity
23:55:12        0     12744    0,00    0,20    0,00    0,00    0,20     0  kworker/u32:0-kvfree_rcu_reclaim
23:55:12        0     14919    0,00    0,80    0,00    0,80    0,80     6  kworker/6:2-i915-unordered
23:55:12     1000     15641    0,20    0,40    0,00    0,00    0,60     7  pidstat
23:55:12     1000     15673    4,60    0,60    0,00    0,00    5,20     7  java

23:55:07      UID       PID  minflt/s  majflt/s     VSZ     RSS   %MEM  Command
23:55:12        0      2676      0,00      0,00 3358484  107900   0,66  dockerd
23:55:12      117      2677      2,40      0,00 1765560  335928   2,07  grafana
23:55:12        0      3068      5,00      0,00 1235608   14472   0,09  containerd-shim
23:55:12        0      3075      5,00      0,00 1235608   14476   0,09  containerd-shim
23:55:12        0      3076      4,40      0,00 1235608   14488   0,09  containerd-shim
23:55:12        0      3091      5,00      0,00 1235608   14964   0,09  containerd-shim
23:55:12        0      3120      1,60      0,00 1235608   14624   0,09  containerd-shim
23:55:12       70      3230      4,40      0,00  174540   25788   0,16  postgres
23:55:12     1000      4211      3,40      0,00 5033192  315628   1,94  gnome-shell
23:55:12     1000      5898     40,20      0,00 1461714124  313344   1,93  antigravity
23:55:12     1000      5952      6,60      0,00 34379308  167584   1,03  antigravity
23:55:12     1000      5963      0,80      0,00 33906396   82640   0,51  antigravity
23:55:12     1000      6000    136,60      0,00 1461391020  431500   2,66  antigravity
23:55:12     1000      6006     17,60      0,00 1459645368  274768   1,69  antigravity
23:55:12     1000      6289      0,20      0,00 33951332   64440   0,40  antigravity
23:55:12     1000      6302      3,20      0,00 1461347888  121372   0,75  antigravity
23:55:12     1000      6303      0,80      0,00 1461367164  112552   0,69  antigravity
23:55:12     1000      6334     13,80      0,00 1461342992  260300   1,60  antigravity
23:55:12     1000      6366    314,00      0,00 1461351388  303228   1,87  antigravity
23:55:12     1000      6381     23,20      0,00 1461358904  155756   0,96  antigravity
23:55:12     1000      6409     25,80      0,00 1461383736  118128   0,73  antigravity
23:55:12     1000      9105     16,40      0,00 55447012  385164   2,37  chrome
23:55:12     1000      9152      3,40      0,00 55460652  193140   1,19  chrome
23:55:12     1000      9157      5,00      0,00 54984540  132204   0,81  chrome
23:55:12     1000      9168      0,40      0,00 55021684   62848   0,39  chrome
23:55:12     1000      9642      0,40      0,00 55012336   86856   0,54  chrome
23:55:12     1000     15673     21,00      0,00 6199400  407772   2,51  java

23:55:07      UID       PID   kB_rd/s   kB_wr/s kB_ccwr/s iodelay  Command
23:55:12     1000      9157      0,00      8,00      0,00       0  chrome
23:55:12     1000     15641      0,00      1,21      0,00       0  pidstat
23:55:12     1000     15673      0,00      6,08      0,00       0  java

23:55:12      UID       PID    %usr %system  %guest   %wait    %CPU   CPU  Command
23:55:17        0        57    0,00    1,00    0,00    0,00    1,00     6  ksoftirqd/6
23:55:17        0       175    0,00    0,20    0,00    0,00    0,20     6  kworker/6:1H-events_highpri
23:55:17        0       214    0,00    0,20    0,00    0,00    0,20     1  kworker/1:1H-events_highpri
23:55:17        0      1646    0,00    0,20    0,00    0,00    0,20     6  glances
23:55:17        0      1654    0,00    0,20    0,00    0,00    0,20     2  tailscaled
23:55:17        0      1668    0,40    0,00    0,00    0,00    0,40     3  containerd
23:55:17        0      2676    0,40    0,20    0,00    0,00    0,60     1  dockerd
23:55:17      117      2677    0,60    0,20    0,00    0,00    0,80     6  grafana
23:55:17        0      3027    1,60    0,60    0,00    0,00    2,20     0  mount.ntfs-3g
23:55:17        0      3076    0,20    0,00    0,00    0,00    0,20     7  containerd-shim
23:55:17        0      3091    0,00    0,20    0,00    0,00    0,20     3  containerd-shim
23:55:17      999      3241    0,20    0,40    0,00    0,00    0,60     5  redis-server
23:55:17     1000      4211    5,80   10,00    0,00    0,00   15,80     3  gnome-shell
23:55:17        0      5289    0,00    0,20    0,00    0,00    0,20     1  kworker/u32:11-flush-8:0
23:55:17     1000      5898    3,60    2,00    0,00    0,00    5,60     4  antigravity
23:55:17     1000      5952    8,20    2,80    0,00    0,00   11,00     4  antigravity
23:55:17     1000      6000    6,00    0,40    0,00    0,00    6,40     5  antigravity
23:55:17     1000      6006    0,20    0,00    0,00    0,00    0,20     7  antigravity
23:55:17     1000      6248    2,00    1,20    0,00    0,00    3,20     5  language_server
23:55:17     1000      6334    0,40    0,00    0,00    0,00    0,40     0  antigravity
23:55:17     1000      6366    1,00    0,40    0,00    0,00    1,40     7  antigravity
23:55:17     1000      6381    0,60    0,20    0,00    0,00    0,80     2  antigravity
23:55:17     1000      6409    0,20    0,00    0,00    0,00    0,20     5  antigravity
23:55:17     1000      6708    1,20    1,40    0,00    0,00    2,60     5  language_server
23:55:17     1000      7203    1,80    0,80    0,00    0,00    2,60     3  language_server
23:55:17        0      8594    0,00    0,60    0,00    0,00    0,60     6  kworker/u33:0+i915_flip
23:55:17     1000      9105    0,40    0,00    0,00    0,00    0,40     6  chrome
23:55:17     1000      9152    0,20    0,00    0,00    0,00    0,20     4  chrome
23:55:17     1000      9378    0,80    0,00    0,00    0,00    0,80     7  gnome-terminal-
23:55:17     1000      9657    0,00    0,20    0,00    0,00    0,20     6  chrome
23:55:17     1000      9773    0,00    0,20    0,00    0,00    0,20     4  ssh
23:55:17        0     14919    0,00    0,60    0,00    0,40    0,60     6  kworker/6:2-i915-unordered
23:55:17     1000     15641    0,20    0,20    0,00    0,00    0,40     1  pidstat
23:55:17     1000     15673    5,80    0,40    0,00    0,00    6,20     7  java

23:55:12      UID       PID  minflt/s  majflt/s     VSZ     RSS   %MEM  Command
23:55:17        0      3068     10,80      0,00 1235608   14728   0,09  containerd-shim
23:55:17        0      3075     11,80      0,00 1235608   14476   0,09  containerd-shim
23:55:17        0      3076     12,60      0,00 1235608   14616   0,09  containerd-shim
23:55:17        0      3091     10,60      0,00 1235608   15348   0,09  containerd-shim
23:55:17        0      3120     10,40      0,00 1235608   14624   0,09  containerd-shim
23:55:17     1000      4211      9,00      0,00 5033200  315500   1,94  gnome-shell
23:55:17     1000      5898     37,60      0,00 1461714124  313112   1,93  antigravity
23:55:17     1000      5952     24,00      0,00 34379372  167840   1,03  antigravity
23:55:17     1000      5963      0,80      0,00 33906396   82640   0,51  antigravity
23:55:17     1000      6000    120,60      0,00 1461391020  432408   2,66  antigravity
23:55:17     1000      6006     17,40      0,00 1459645368  275152   1,70  antigravity
23:55:17     1000      6289      0,20      0,00 33951332   64440   0,40  antigravity
23:55:17     1000      6302      3,80      0,00 1461347888  121372   0,75  antigravity
23:55:17     1000      6303      1,00      0,00 1461367164  112552   0,69  antigravity
23:55:17     1000      6334      9,60      0,00 1461342992  260300   1,60  antigravity
23:55:17     1000      6366    313,80      0,00 1461351388  303180   1,87  antigravity
23:55:17     1000      6381     20,80      0,00 1461358904  155604   0,96  antigravity
23:55:17     1000      6409      4,00      0,00 1461383736  118128   0,73  antigravity
23:55:17     1000      9105      9,00      0,00 55447012  385292   2,37  chrome
23:55:17     1000      9152      6,80      0,00 55460652  193140   1,19  chrome
23:55:17     1000      9157      2,40      0,00 54984540  132204   0,81  chrome
23:55:17     1000      9168      0,20      0,00 55021684   62848   0,39  chrome
23:55:17     1000      9642      0,20      0,00 55012336   86856   0,54  chrome
23:55:17     1000      9657     35,40      0,00 1518552488  328904   2,03  chrome
23:55:17     1000     15641      0,00      0,00    6264    5276   0,03  pidstat
23:55:17     1000     15673     13,00      0,00 6199400  407772   2,51  java

23:55:12      UID       PID   kB_rd/s   kB_wr/s kB_ccwr/s iodelay  Command
23:55:17     1000      9105      0,00     11,20      0,00       0  chrome
23:55:17     1000     15641      0,00      1,19      0,00       0  pidstat
23:55:17     1000     15673      0,00      3,04      0,00       0  java

23:55:17      UID       PID    %usr %system  %guest   %wait    %CPU   CPU  Command
23:55:22        0         1    0,80    0,00    0,00    0,20    0,80     2  systemd
23:55:22        0        51    0,20    0,00    0,00    0,00    0,20     5  ksoftirqd/5
23:55:22        0        57    0,00    1,40    0,00    0,00    1,40     6  ksoftirqd/6
23:55:22        0        67    0,00    0,20    0,00    0,00    0,20     1  kworker/u32:1-events_unbound
23:55:22        0        90    0,00    0,20    0,00    0,00    0,20     4  kworker/4:1-events
23:55:22        0       375    0,00    0,20    0,00    0,00    0,20     4  systemd-journal
23:55:22        0       435    0,20    0,00    0,00    0,20    0,20     1  systemd-udevd
23:55:22        0       647    0,00    0,20    0,00    0,00    0,20     0  irq/130-iwlwifi
23:55:22      990       908    1,40    0,20    0,00    0,00    1,60     5  dbus-daemon
23:55:22      115       942    1,40    0,60    0,00    0,00    2,00     3  prometheus-node
23:55:22      115       943    0,20    0,00    0,00    0,00    0,20     1  prometheus
23:55:22        0      1081    0,20    0,00    0,00    0,00    0,20     3  NetworkManager
23:55:22        0      1646    0,20    0,00    0,00    0,00    0,20     6  glances
23:55:22        0      1654    0,20    0,20    0,00    0,00    0,40     0  tailscaled
23:55:22        0      1668    0,60    0,40    0,00    0,00    1,00     3  containerd
23:55:22      111      1761    0,20    0,00    0,00    0,00    0,20     6  mariadbd
23:55:22        0      2676    1,00    0,80    0,00    0,00    1,80     1  dockerd
23:55:22      117      2677    0,60    0,20    0,00    0,00    0,80     4  grafana
23:55:22        0      3027    1,40    0,40    0,00    0,00    1,80     0  mount.ntfs-3g
23:55:22        0      3068    0,20    0,00    0,00    0,00    0,20     0  containerd-shim
23:55:22        0      3120    0,00    0,20    0,00    0,00    0,20     4  containerd-shim
23:55:22      999      3241    0,60    0,00    0,00    0,00    0,60     1  redis-server
23:55:22     1000      3918    0,40    0,20    0,00    0,00    0,60     3  systemd
23:55:22     1000      4211    8,60    7,60    0,00    0,00   16,20     3  gnome-shell
23:55:22     1000      4491    0,00    0,20    0,00    0,00    0,20     0  gsd-housekeepin
23:55:22     1000      4512    0,20    0,00    0,00    0,00    0,20     6  gnome-software
23:55:22     1000      4525    0,20    0,00    0,00    0,00    0,20     1  gsd-sharing
23:55:22     1000      4757    0,00    0,20    0,00    0,00    0,20     6  gvfs-udisks2-vo
23:55:22        0      5233    0,00    0,20    0,00    0,00    0,20     4  fwupd
23:55:22     1000      5898    3,20    2,00    0,00    0,00    5,20     0  antigravity
23:55:22     1000      5952    8,80    2,40    0,00    0,20   11,20     4  antigravity
23:55:22     1000      6000   16,20    1,20    0,00    0,40   17,40     0  antigravity
23:55:22     1000      6248    2,20    0,80    0,00    0,00    3,00     7  language_server
23:55:22     1000      6334    0,40    0,00    0,00    0,00    0,40     2  antigravity
23:55:22     1000      6366    0,60    0,80    0,00    0,00    1,40     7  antigravity
23:55:22     1000      6381    0,60    0,20    0,00    0,00    0,80     2  antigravity
23:55:22     1000      6409    0,00    0,20    0,00    0,00    0,20     3  antigravity
23:55:22     1000      6708    2,00    0,40    0,00    0,00    2,40     5  language_server
23:55:22     1000      7203    1,40    1,20    0,00    0,00    2,60     3  language_server
23:55:22        0      8594    0,00    0,80    0,00    0,40    0,80     1  kworker/u33:0-i915_flip
23:55:22     1000      9105    0,20    0,20    0,00    0,00    0,40     7  chrome
23:55:22     1000      9152    0,00    0,20    0,00    0,00    0,20     4  chrome
23:55:22     1000      9157    0,20    0,00    0,00    0,00    0,20     4  chrome
23:55:22     1000      9378    1,00    0,20    0,00    0,00    1,20     7  gnome-terminal-
23:55:22     1000      9773    0,20    0,00    0,00    0,00    0,20     3  ssh
23:55:22        0     12404    0,00    0,20    0,00    0,20    0,20     3  kworker/3:1-events
23:55:22        0     14919    0,00    0,60    0,00    1,20    0,60     6  kworker/6:2-i915-unordered
23:55:22     1000     15641    0,20    0,40    0,00    0,00    0,60     7  pidstat
23:55:22     1000     15673    7,40    0,60    0,00    0,00    8,00     7  java

23:55:17      UID       PID  minflt/s  majflt/s     VSZ     RSS   %MEM  Command
23:55:22        0       375     41,00      0,00  163644   81956   0,50  systemd-journal
23:55:22        0       435     87,60      0,00   37432   10756   0,07  systemd-udevd
23:55:22      115       942     84,80      0,00 1614336   25352   0,16  prometheus-node
23:55:22        0      1654     40,40      0,00 1421460  100552   0,62  tailscaled
23:55:22        0      1668      0,40      0,00 2463668   70192   0,43  containerd
23:55:22      114      1776      3,60      0,00  218252   29316   0,18  postgres
23:55:22        0      3068     15,20      0,00 1235608   14984   0,09  containerd-shim
23:55:22        0      3075     14,00      0,00 1235608   14732   0,09  containerd-shim
23:55:22        0      3076     12,40      0,00 1235608   14872   0,09  containerd-shim
23:55:22        0      3091     13,40      0,00 1235608   15604   0,10  containerd-shim
23:55:22        0      3120     16,40      0,00 1235608   14752   0,09  containerd-shim
23:55:22     1000      3918      0,20      0,00   23500   13496   0,08  systemd
23:55:22     1000      4211      2,00      0,00 5033128  315500   1,94  gnome-shell
23:55:22     1000      5898     35,40      0,00 1461714124  313496   1,93  antigravity
23:55:22     1000      5952     11,00      0,00 34379372  167968   1,03  antigravity
23:55:22     1000      5963      3,00      0,00 33906396   82640   0,51  antigravity
23:55:22     1000      6000    266,40      0,00 1461391020  424076   2,61  antigravity
23:55:22     1000      6006     17,60      0,00 1459645368  275536   1,70  antigravity
23:55:22     1000      6289      0,40      0,00 33951332   64440   0,40  antigravity
23:55:22     1000      6302      7,00      0,00 1461347888  121372   0,75  antigravity
23:55:22     1000      6303      2,40      0,00 1461367164  112552   0,69  antigravity
23:55:22     1000      6334     11,60      0,00 1461342992  260168   1,60  antigravity
23:55:22     1000      6366    326,00      0,00 1461351388  303180   1,87  antigravity
23:55:22     1000      6381     20,60      0,00 1461358904  155760   0,96  antigravity
23:55:22     1000      6409      9,40      0,00 1461383736  118128   0,73  antigravity
23:55:22     1000      9105      7,60      0,00 55447012  385292   2,37  chrome
23:55:22     1000      9152      3,40      0,00 55460652  193140   1,19  chrome
23:55:22     1000      9157      2,80      0,00 54984540  132204   0,81  chrome
23:55:22     1000      9168      0,20      0,00 55021684   62848   0,39  chrome
23:55:22     1000      9642      0,20      0,00 55012336   86856   0,54  chrome
23:55:22     1000      9657      0,00      0,00 1518552488  327232   2,02  chrome
23:55:22     1000     15673     16,20      0,00 6199400  408156   2,51  java
23:55:22        0     16680     51,40      0,00   37436    7096   0,04  (udev-worker)
23:55:22        0     16688     35,20      0,00   37436    6776   0,04  (udev-worker)
23:55:22        0     16689     58,60      0,00   37436    6904   0,04  (udev-worker)
23:55:22        0     16690     26,40      0,00   37436    6648   0,04  (udev-worker)
23:55:22        0     16691     26,20      0,00   37436    6776   0,04  (udev-worker)
23:55:22        0     16693     27,00      0,00   37436    6776   0,04  (udev-worker)
23:55:22        0     16694     26,80      0,00   37436    6776   0,04  (udev-worker)
23:55:22        0     16695     26,80      0,00   37436    6776   0,04  (udev-worker)
23:55:22        0     16696     26,40      0,00   37436    6776   0,04  (udev-worker)
23:55:22        0     16698     26,40      0,00   37436    6648   0,04  (udev-worker)
23:55:22        0     16699     26,80      0,00   37436    6776   0,04  (udev-worker)
23:55:22        0     16700     26,40      0,00   37436    6648   0,04  (udev-worker)
23:55:22        0     16702     25,80      0,00   37436    6648   0,04  (udev-worker)
23:55:22        0     16704     26,00      0,00   37436    6776   0,04  (udev-worker)
23:55:22        0     16705     26,00      0,00   37436    6648   0,04  (udev-worker)
23:55:22        0     16706     25,40      0,00   37436    6648   0,04  (udev-worker)

23:55:17      UID       PID   kB_rd/s   kB_wr/s kB_ccwr/s iodelay  Command
23:55:22     1000      5963      0,00      3,20      0,00       0  antigravity
23:55:22     1000      6366      0,00      1,60      0,00       0  antigravity
23:55:22     1000     15641      0,00      1,11      0,00       0  pidstat
23:55:22     1000     15673      0,00      6,08      0,00       0  java

23:55:22      UID       PID    %usr %system  %guest   %wait    %CPU   CPU  Command
23:55:27        0        39    0,20    0,00    0,00    0,00    0,20     3  ksoftirqd/3
23:55:27        0        57    0,00    1,00    0,00    0,00    1,00     6  ksoftirqd/6
23:55:27      115       943    0,20    0,00    0,00    0,00    0,20     1  prometheus
23:55:27        0      1654    0,20    0,00    0,00    0,00    0,20     3  tailscaled
23:55:27        0      1668    0,40    0,20    0,00    0,00    0,60     3  containerd
23:55:27        0      2676    0,40    0,00    0,00    0,00    0,40     1  dockerd
23:55:27      117      2677    0,60    0,00    0,00    0,00    0,60     0  grafana
23:55:27        0      3027    1,40    0,80    0,00    0,00    2,20     6  mount.ntfs-3g
23:55:27        0      3068    0,20    0,00    0,00    0,00    0,20     0  containerd-shim
23:55:27        0      3075    0,20    0,00    0,00    0,00    0,20     3  containerd-shim
23:55:27        0      3076    0,00    0,20    0,00    0,00    0,20     7  containerd-shim
23:55:27        0      3120    0,00    0,20    0,00    0,00    0,20     4  containerd-shim
23:55:27      999      3241    0,40    0,00    0,00    0,00    0,40     4  redis-server
23:55:27     1000      4211    8,40    7,40    0,00    0,00   15,80     4  gnome-shell
23:55:27     1000      5898    3,80    1,40    0,00    0,00    5,20     2  antigravity
23:55:27     1000      5952    8,60    2,80    0,00    0,00   11,40     3  antigravity
23:55:27     1000      6000    6,80    0,60    0,00    0,00    7,40     2  antigravity
23:55:27     1000      6006    0,20    0,20    0,00    0,00    0,40     3  antigravity
23:55:27     1000      6248    2,00    1,20    0,00    0,00    3,20     5  language_server
23:55:27     1000      6334    0,40    0,20    0,00    0,00    0,60     1  antigravity
23:55:27     1000      6366    1,40    0,40    0,00    0,00    1,80     6  antigravity
23:55:27     1000      6381    1,00    0,00    0,00    0,00    1,00     1  antigravity
23:55:27     1000      6409    0,20    0,20    0,00    0,00    0,40     3  antigravity
23:55:27     1000      6708    1,40    1,00    0,00    0,00    2,40     5  language_server
23:55:27     1000      7203    1,40    1,20    0,00    0,00    2,60     3  language_server
23:55:27        0      8594    0,00    0,60    0,00    0,20    0,60     7  kworker/u33:0-i915_flip
23:55:27     1000      9152    0,40    0,00    0,00    0,00    0,40     4  chrome
23:55:27     1000      9378    0,60    0,00    0,00    0,00    0,60     1  gnome-terminal-
23:55:27     1000      9657    0,20    0,00    0,00    0,00    0,20     0  chrome
23:55:27        0     14919    0,00    0,80    0,00    0,60    0,80     6  kworker/6:2-i915-unordered
23:55:27        0     15279    0,20    0,00    0,00    0,00    0,20     2  kworker/2:2-events
23:55:27     1000     15641    0,60    0,00    0,00    0,00    0,60     1  pidstat
23:55:27     1000     15673    9,60    0,80    0,00    0,00   10,40     7  java

23:55:22      UID       PID  minflt/s  majflt/s     VSZ     RSS   %MEM  Command
23:55:27        0       435      1,60      0,00   37432   10756   0,07  systemd-udevd
23:55:27        0      1654     22,20      0,00 1421460  101064   0,62  tailscaled
23:55:27        0      1668      2,20      0,00 2463668   70320   0,43  containerd
23:55:27        0      3075      0,60      0,00 1235608   14732   0,09  containerd-shim
23:55:27        0      3076      1,40      0,00 1235608   14872   0,09  containerd-shim
23:55:27        0      3091     13,00      0,00 1235608   15732   0,10  containerd-shim
23:55:27        0      3120      7,20      0,00 1235608   15008   0,09  containerd-shim
23:55:27     1000      4211      7,80      0,00 5033136  315500   1,94  gnome-shell
23:55:27     1000      5898     37,20      0,00 1461714124  313424   1,93  antigravity
23:55:27     1000      5952      6,80      0,00 34379500  167632   1,03  antigravity
23:55:27     1000      5963      0,80      0,00 33906396   82640   0,51  antigravity
23:55:27     1000      6000    129,00      0,00 1461391020  424840   2,62  antigravity
23:55:27     1000      6006     17,60      0,00 1459645432  275792   1,70  antigravity
23:55:27     1000      6289      0,20      0,00 33951332   64440   0,40  antigravity
23:55:27     1000      6302      3,20      0,00 1461347888  121372   0,75  antigravity
23:55:27     1000      6303      1,00      0,00 1461367164  112552   0,69  antigravity
23:55:27     1000      6334     12,80      0,00 1461342992  260168   1,60  antigravity
23:55:27     1000      6366    619,20      0,00 1461351388  303360   1,87  antigravity
23:55:27     1000      6381     23,20      0,00 1461358904  155696   0,96  antigravity
23:55:27     1000      6409      5,80      0,00 1461383736  118128   0,73  antigravity
23:55:27     1000      9105      8,60      0,00 55447012  385292   2,37  chrome
23:55:27     1000      9152      3,40      0,00 55460652  193140   1,19  chrome
23:55:27     1000      9157      2,80      0,00 54984540  132204   0,81  chrome
23:55:27     1000      9168      0,20      0,00 55021684   62848   0,39  chrome
23:55:27     1000      9642      0,20      0,00 55012336   86856   0,54  chrome
23:55:27     1000      9657     74,00      0,00 1518552488  328640   2,02  chrome
23:55:27     1000     15673     83,60      0,00 6199400  409544   2,52  java

23:55:22      UID       PID   kB_rd/s   kB_wr/s kB_ccwr/s iodelay  Command
23:55:27     1000      9105      0,00      1,60      0,00       0  chrome
23:55:27     1000     15641      0,00      1,75      0,00       0  pidstat
23:55:27     1000     15673      0,00      3,34      0,00       0  java

Rata-rata:    UID       PID    %usr %system  %guest   %wait    %CPU   CPU  Command
Rata-rata:      0         1    0,10    0,03    0,00    0,01    0,13     -  systemd
Rata-rata:      0        17    0,01    0,00    0,00    0,00    0,01     -  ksoftirqd/0
Rata-rata:      0        18    0,00    0,04    0,00    0,03    0,04     -  rcu_preempt
Rata-rata:      0        27    0,01    0,00    0,00    0,00    0,01     -  ksoftirqd/1
Rata-rata:      0        28    0,00    0,02    0,00    0,01    0,02     -  kworker/1:0-events
Rata-rata:      0        33    0,01    0,00    0,00    0,01    0,01     -  ksoftirqd/2
Rata-rata:      0        39    0,02    0,00    0,00    0,01    0,02     -  ksoftirqd/3
Rata-rata:      0        51    0,01    0,00    0,00    0,00    0,01     -  ksoftirqd/5
Rata-rata:      0        57    0,00    1,12    0,00    0,03    1,12     -  ksoftirqd/6
Rata-rata:      0        58    0,00    0,36    0,00    0,49    0,36     -  kworker/6:0-i915-unordered
Rata-rata:      0        63    0,01    0,00    0,00    0,00    0,01     -  ksoftirqd/7
Rata-rata:      0        65    0,00    0,03    0,00    0,01    0,03     -  kworker/7:0H-events_highpri
Rata-rata:      0        67    0,00    0,01    0,00    0,03    0,01     -  kworker/u32:1-ipv6_addrconf
Rata-rata:      0        71    0,00    0,02    0,00    0,04    0,02     -  kworker/u32:5-flush-8:0
Rata-rata:      0        80    0,01    0,00    0,00    0,00    0,01     -  kcompactd0
Rata-rata:      0        86    0,00    0,04    0,00    0,00    0,04     -  irq/9-acpi
Rata-rata:      0        90    0,00    0,01    0,00    0,01    0,01     -  kworker/4:1-events
Rata-rata:      0        95    0,00    0,01    0,00    0,01    0,01     -  kworker/4:1H-events_highpri
Rata-rata:      0       106    0,00    0,02    0,00    0,02    0,02     -  kworker/5:1-events
Rata-rata:      0       110    0,01    0,00    0,00    0,00    0,01     -  hwrng
Rata-rata:      0       113    0,00    0,02    0,00    0,01    0,02     -  kworker/0:1H-events_highpri
Rata-rata:      0       175    0,00    0,03    0,00    0,01    0,03     -  kworker/6:1H-events_highpri
Rata-rata:      0       214    0,00    0,02    0,00    0,00    0,02     -  kworker/1:1H-events_highpri
Rata-rata:      0       224    0,00    0,01    0,00    0,01    0,01     -  kworker/3:1H-events_highpri
Rata-rata:      0       227    0,00    0,01    0,00    0,00    0,01     -  kworker/5:1H-kblockd
Rata-rata:      0       319    0,00    0,01    0,00    0,00    0,01     -  jbd2/sda6-8
Rata-rata:      0       375    0,01    0,01    0,00    0,00    0,01     -  systemd-journal
Rata-rata:      0       435    0,01    0,01    0,00    0,02    0,02     -  systemd-udevd
Rata-rata:      0       647    0,00    0,03    0,00    0,00    0,03     -  irq/130-iwlwifi
Rata-rata:      0       684    0,00    0,01    0,00    0,00    0,01     -  kworker/u32:8-flush-8:0
Rata-rata:    102       902    0,01    0,01    0,00    0,01    0,01     -  avahi-daemon
Rata-rata:    990       908    0,31    0,04    0,00    0,01    0,35     -  dbus-daemon
Rata-rata:    986       934    0,01    0,00    0,00    0,00    0,01     -  polkitd
Rata-rata:    115       942    0,47    0,19    0,00    0,00    0,66     -  prometheus-node
Rata-rata:    115       943    0,17    0,01    0,00    0,00    0,18     -  prometheus
Rata-rata:      0      1081    0,03    0,00    0,00    0,01    0,03     -  NetworkManager
Rata-rata:      0      1194    0,01    0,00    0,00    0,00    0,01     -  ModemManager
Rata-rata:      0      1646    0,12    0,02    0,00    0,00    0,14     -  glances
Rata-rata:      0      1654    0,09    0,10    0,00    0,00    0,19     -  tailscaled
Rata-rata:      0      1668    0,36    0,12    0,00    0,00    0,49     -  containerd
Rata-rata:      0      1673    0,01    0,01    0,00    0,00    0,02     -  anydesk
Rata-rata:    111      1761    0,01    0,00    0,00    0,00    0,01     -  mariadbd
Rata-rata:    114      1776    0,00    0,01    0,00    0,00    0,01     -  postgres
Rata-rata:      0      2675    0,01    0,00    0,00    0,00    0,01     -  cups-browsed
Rata-rata:      0      2676    0,41    0,22    0,00    0,00    0,64     -  dockerd
Rata-rata:    117      2677    0,59    0,23    0,00    0,01    0,82     -  grafana
Rata-rata:      0      3027    0,69    0,39    0,00    0,01    1,08     -  mount.ntfs-3g
Rata-rata:      0      3068    0,07    0,05    0,00    0,00    0,12     -  containerd-shim
Rata-rata:      0      3075    0,07    0,06    0,00    0,00    0,12     -  containerd-shim
Rata-rata:      0      3076    0,06    0,06    0,00    0,00    0,12     -  containerd-shim
Rata-rata:      0      3091    0,07    0,05    0,00    0,00    0,12     -  containerd-shim
Rata-rata:      0      3120    0,07    0,06    0,00    0,00    0,12     -  containerd-shim
Rata-rata:    999      3241    0,42    0,05    0,00    0,00    0,47     -  redis-server
Rata-rata:   1000      3918    0,03    0,01    0,00    0,00    0,04     -  systemd
Rata-rata:   1000      4002    0,01    0,00    0,00    0,00    0,01     -  dbus-daemon
Rata-rata:   1000      4003    0,00    0,01    0,00    0,00    0,01     -  pipewire
Rata-rata:   1000      4006    0,01    0,00    0,00    0,00    0,01     -  wireplumber
Rata-rata:   1000      4009    0,01    0,00    0,00    0,01    0,01     -  pipewire-pulse
Rata-rata:   1000      4211    8,86    7,19    0,00    0,06   16,05     -  gnome-shell
Rata-rata:   1000      4491    0,01    0,01    0,00    0,00    0,01     -  gsd-housekeepin
Rata-rata:   1000      4512    0,01    0,00    0,00    0,01    0,01     -  gnome-software
Rata-rata:   1000      4525    0,01    0,01    0,00    0,01    0,02     -  gsd-sharing
Rata-rata:   1000      4546    0,01    0,01    0,00    0,00    0,02     -  anydesk
Rata-rata:   1000      4757    0,01    0,01    0,00    0,01    0,01     -  gvfs-udisks2-vo
Rata-rata:   1000      4829    0,00    0,01    0,00    0,00    0,01     -  gvfs-afc-volume
Rata-rata:   1000      4941    0,01    0,00    0,00    0,03    0,01     -  xdg-desktop-por
Rata-rata:   1000      4944    0,01    0,00    0,00    0,00    0,01     -  gvfsd-trash
Rata-rata:   1000      4961    0,01    0,00    0,00    0,00    0,01     -  xdg-document-po
Rata-rata:   1000      4985    0,01    0,00    0,00    0,00    0,01     -  gsd-xsettings
Rata-rata:      0      5233    0,01    0,01    0,00    0,00    0,01     -  fwupd
Rata-rata:      0      5289    0,00    0,02    0,00    0,00    0,02     -  kworker/u32:11-i915
Rata-rata:   1000      5898    3,72    1,66    0,00    0,04    5,38     -  antigravity
Rata-rata:   1000      5952    8,89    2,39    0,00    0,05   11,29     -  antigravity
Rata-rata:   1000      5963    0,00    0,01    0,00    0,00    0,01     -  antigravity
Rata-rata:   1000      6000    7,99    0,74    0,00    0,07    8,73     -  antigravity
Rata-rata:   1000      6006    0,41    0,04    0,00    0,16    0,44     -  antigravity
Rata-rata:   1000      6077    0,01    0,00    0,00    0,00    0,01     -  antigravity
Rata-rata:   1000      6248    1,79    1,27    0,00    0,02    3,06     -  language_server
Rata-rata:   1000      6289    0,01    0,00    0,00    0,00    0,01     -  antigravity
Rata-rata:   1000      6302    0,01    0,01    0,00    0,00    0,01     -  antigravity
Rata-rata:   1000      6303    0,02    0,01    0,00    0,01    0,04     -  antigravity
Rata-rata:   1000      6334    0,53    0,08    0,00    0,01    0,61     -  antigravity
Rata-rata:   1000      6366    1,68    0,29    0,00    0,01    1,97     -  antigravity
Rata-rata:   1000      6381    0,76    0,10    0,00    0,00    0,86     -  antigravity
Rata-rata:   1000      6409    0,21    0,14    0,00    0,00    0,35     -  antigravity
Rata-rata:   1000      6708    1,45    1,09    0,00    0,00    2,54     -  language_server
Rata-rata:   1000      7203    1,62    1,21    0,00    0,00    2,84     -  language_server
Rata-rata:   1000      7289    0,01    0,00    0,00    0,00    0,01     -  antigravity
Rata-rata:   1000      7325    0,01    0,00    0,00    0,00    0,01     -  antigravity
Rata-rata:      0      8594    0,00    0,67    0,00    0,09    0,67     -  kworker/u33:0-i915_flip
Rata-rata:   1000      9105    0,17    0,09    0,00    0,01    0,26     -  chrome
Rata-rata:   1000      9152    0,26    0,06    0,00    0,00    0,31     -  chrome
Rata-rata:   1000      9157    0,06    0,02    0,00    0,49    0,08     -  chrome
Rata-rata:   1000      9168    0,01    0,01    0,00    0,54    0,02     -  chrome
Rata-rata:   1000      9202    0,02    0,00    0,00    0,63    0,02     -  chrome
Rata-rata:   1000      9210    0,02    0,01    0,00    0,01    0,02     -  chrome
Rata-rata:   1000      9335    0,01    0,01    0,00    0,63    0,01     -  chrome
Rata-rata:   1000      9378    0,91    0,02    0,00    1,16    0,92     -  gnome-terminal-
Rata-rata:   1000      9642    0,01    0,00    0,00    0,00    0,01     -  chrome
Rata-rata:   1000      9657    0,08    0,02    0,00    0,01    0,11     -  chrome
Rata-rata:   1000      9668    0,01    0,01    0,00    0,00    0,02     -  chrome
Rata-rata:   1000      9773    0,01    0,01    0,00    0,00    0,02     -  ssh
Rata-rata:   1000     10899    0,04    0,01    0,00    0,00    0,05     -  antigravity
Rata-rata:      0     12404    0,00    0,01    0,00    0,01    0,01     -  kworker/3:1-events
Rata-rata:      0     12744    0,00    0,01    0,00    0,00    0,01     -  kworker/u32:0-ext4-rsv-conversion
Rata-rata:      0     13447    0,01    0,00    0,00    0,02    0,01     -  kworker/7:2-events
Rata-rata:      0     13650    0,00    0,02    0,00    0,01    0,02     -  kworker/0:1-events_freezable
Rata-rata:      0     14471    0,00    0,01    0,00    0,00    0,01     -  kworker/4:0-events
Rata-rata:      0     14919    0,00    0,27    0,00    0,29    0,27     -  kworker/6:2-i915-unordered
Rata-rata:      0     15279    0,02    0,00    0,00    0,01    0,02     -  kworker/2:2-events
Rata-rata:   1000     15641    0,22    0,31    0,00    0,00    0,52     -  pidstat
Rata-rata:   1000     15673   13,94    0,94    0,00    0,00   14,88     -  java

Rata-rata:    UID       PID  minflt/s  majflt/s     VSZ     RSS   %MEM  Command
Rata-rata:      0       375      4,47      0,00  163644   81956   0,50  systemd-journal
Rata-rata:      0       435      8,34      0,00   37432   10756   0,07  systemd-udevd
Rata-rata:      0       906      0,04      0,00    6792    2720   0,02  cron
Rata-rata:    115       942     27,81      0,00 1614336   25430   0,16  prometheus-node
Rata-rata:    115       943      0,04      0,00 2610260  109000   0,67  prometheus
Rata-rata:      0      1654      2,12      0,00 1421460  100076   0,62  tailscaled
Rata-rata:      0      1668      1,86      0,00 2463668   70239   0,43  containerd
Rata-rata:    114      1776      0,92      0,00  218252   29316   0,18  postgres
Rata-rata:      0      2675      0,01      0,00  192664   15768   0,10  cups-browsed
Rata-rata:      0      2676      0,26      0,00 3358484  108089   0,67  dockerd
Rata-rata:    117      2677      0,42      0,01 1765552  336258   2,07  grafana
Rata-rata:      0      3068      7,48      0,00 1235608   14861   0,09  containerd-shim
Rata-rata:      0      3075      7,27      0,00 1235608   14985   0,09  containerd-shim
Rata-rata:      0      3076      6,99      0,00 1235608   14966   0,09  containerd-shim
Rata-rata:      0      3091      8,12      0,00 1235608   15474   0,10  containerd-shim
Rata-rata:      0      3120      8,23      0,00 1235608   14925   0,09  containerd-shim
Rata-rata:     70      3230      0,41      0,00  174540   25788   0,16  postgres
Rata-rata:      0      3248      0,01      0,00  743412   78972   0,49  node
Rata-rata:   1000      3918      0,01      0,00   23500   13496   0,08  systemd
Rata-rata:   1000      4003      1,13      0,00  103918   13778   0,08  pipewire
Rata-rata:   1000      4009      1,21      0,00  171976   15271   0,09  pipewire-pulse
Rata-rata:   1000      4211      5,28      0,00 5030066  315742   1,95  gnome-shell
Rata-rata:   1000      4691      0,01      0,00  308612    7328   0,05  ibus-portal
Rata-rata:   1000      4941      0,01      0,00  704604   20144   0,12  xdg-desktop-por
Rata-rata:   1000      4961      0,02      0,00  635433    7092   0,04  xdg-document-po
Rata-rata:   1000      5898     43,49      0,00 1461714124  312820   1,93  antigravity
Rata-rata:   1000      5952     13,99      0,00 34373466  167595   1,03  antigravity
Rata-rata:   1000      5963      1,12      0,00 33906396   82640   0,51  antigravity
Rata-rata:   1000      6000    135,11      0,00 1461389682  428677   2,64  antigravity
Rata-rata:   1000      6006     27,60      0,00 1459645420  276501   1,70  antigravity
Rata-rata:   1000      6077      0,38      0,00 1459609232  168817   1,04  antigravity
Rata-rata:   1000      6248      0,01      0,00 5510764  513712   3,16  language_server
Rata-rata:   1000      6289      0,26      0,00 33951332   64440   0,40  antigravity
Rata-rata:   1000      6302      4,49      0,00 1461347888  121478   0,75  antigravity
Rata-rata:   1000      6303      1,27      0,00 1461367164  112552   0,69  antigravity
Rata-rata:   1000      6334     28,03      0,00 1461342992  259996   1,60  antigravity
Rata-rata:   1000      6366    245,01      0,00 1461351388  366931   2,26  antigravity
Rata-rata:   1000      6381     12,65      0,00 1461358904  155566   0,96  antigravity
Rata-rata:   1000      6409     53,33      0,00 1461383736  118024   0,73  antigravity
Rata-rata:   1000      6708      0,01      0,00 4256024  478736   2,95  language_server
Rata-rata:   1000      7289      0,50      0,00 1459530528   93776   0,58  antigravity
Rata-rata:   1000      7325      0,07      0,00 1459530528   86652   0,53  antigravity
Rata-rata:   1000      9105     19,32      0,00 55447012  385174   2,37  chrome
Rata-rata:   1000      9152      4,25      0,00 55460652  193140   1,19  chrome
Rata-rata:   1000      9157     15,43      0,00 54984476  132164   0,81  chrome
Rata-rata:   1000      9168      0,25      0,00 55021684   62848   0,39  chrome
Rata-rata:   1000      9210      0,02      0,00 1520503612  187692   1,16  chrome
Rata-rata:   1000      9335      0,01      0,00 1518471656  109480   0,67  chrome
Rata-rata:   1000      9642      0,26      0,00 55012336   86856   0,54  chrome
Rata-rata:   1000      9657     38,25      0,00 1519965544  329767   2,03  chrome
Rata-rata:   1000      9668      0,01      0,00 1518496488  120712   0,74  chrome
Rata-rata:   1000      9690      0,01      0,00 1518454488   82280   0,51  chrome
Rata-rata:   1000     10937      0,42      0,00    7664    3776   0,02  run_all_tests.s
Rata-rata:   1000     15641      0,32      0,00    6256    5252   0,03  pidstat
Rata-rata:   1000     15642      0,13      0,00    2676    1768   0,01  jmeter
Rata-rata:   1000     15673    337,50      0,00 6199207  339544   2,09  java

Rata-rata:    UID       PID   kB_rd/s   kB_wr/s kB_ccwr/s iodelay  Command
Rata-rata:   1000      4006      0,00      0,02      0,00       0  wireplumber
Rata-rata:   1000      4211      0,00      2,27      0,00       0  gnome-shell
Rata-rata:   1000      5898      0,00      1,02      0,00       0  antigravity
Rata-rata:   1000      5963      0,00      0,10      0,00       0  antigravity
Rata-rata:   1000      6334      0,00      0,02      0,00       0  antigravity
Rata-rata:   1000      6366      0,00      0,20      0,00       0  antigravity
Rata-rata:   1000      9105      0,00      5,60      0,00       0  chrome
Rata-rata:   1000      9157      0,00     22,30      0,07       0  chrome
Rata-rata:   1000     10937      0,00      5,83      2,27       0  run_all_tests.s
Rata-rata:   1000     15641      0,00      1,19      0,00       0  pidstat
Rata-rata:   1000     15673      0,00      3,79      0,00       0  java
