{
  "3. Profil (/api/auth/me)" : {
    "transaction" : "3. Profil (/api/auth/me)",
    "sampleCount" : 1419,
    "errorCount" : 628,
    "errorPct" : 44.25652,
    "meanResTime" : 13934.827343199451,
    "medianResTime" : 12886.0,
    "minResTime" : 97.0,
    "maxResTime" : 38950.0,
    "pct1ResTime" : 24098.0,
    "pct2ResTime" : 30887.0,
    "pct3ResTime" : 31322.8,
    "throughput" : 4.691033151289952,
    "receivedKBytesPerSec" : 4.813692645177393,
    "sentKBytesPerSec" : 2.7476256086937836
  },
  "Total" : {
    "transaction" : "Total",
    "sampleCount" : 4900,
    "errorCount" : 2720,
    "errorPct" : 55.510204,
    "meanResTime" : 25468.7332653061,
    "medianResTime" : 22319.0,
    "minResTime" : 97.0,
    "maxResTime" : 60451.0,
    "pct1ResTime" : 58979.9,
    "pct2ResTime" : 60150.0,
    "pct3ResTime" : 60252.0,
    "throughput" : 14.167869007931115,
    "receivedKBytesPerSec" : 19.049103096185373,
    "sentKBytesPerSec" : 6.750700442095341
  },
  "2. Dashboard (/api/dashboard/stats)" : {
    "transaction" : "2. Dashboard (/api/dashboard/stats)",
    "sampleCount" : 1625,
    "errorCount" : 1605,
    "errorPct" : 98.76923,
    "meanResTime" : 32773.16184615377,
    "medianResTime" : 34907.0,
    "minResTime" : 97.0,
    "maxResTime" : 60451.0,
    "pct1ResTime" : 60218.0,
    "pct2ResTime" : 60230.0,
    "pct3ResTime" : 60282.74,
    "throughput" : 4.7469509968597094,
    "receivedKBytesPerSec" : 3.782307223581392,
    "sentKBytesPerSec" : 2.915147109837143
  },
  "1. Auth (/api/auth/login)" : {
    "transaction" : "1. Auth (/api/auth/login)",
    "sampleCount" : 1856,
    "errorCount" : 487,
    "errorPct" : 26.239223,
    "meanResTime" : 27891.640625000025,
    "medianResTime" : 26280.5,
    "minResTime" : 320.0,
    "maxResTime" : 60321.0,
    "pct1ResTime" : 48561.5,
    "pct2ResTime" : 59339.15,
    "pct3ResTime" : 60145.43,
    "throughput" : 5.366441811983703,
    "receivedKBytesPerSec" : 11.095198298663016,
    "sentKBytesPerSec" : 1.4621457671322786
  }
}