{
  "3. Profil (/api/auth/me)" : {
    "transaction" : "3. Profil (/api/auth/me)",
    "sampleCount" : 1115,
    "errorCount" : 519,
    "errorPct" : 46.547085,
    "meanResTime" : 12562.737219730923,
    "medianResTime" : 15338.0,
    "minResTime" : 97.0,
    "maxResTime" : 33212.0,
    "pct1ResTime" : 20862.8,
    "pct2ResTime" : 22730.4,
    "pct3ResTime" : 26494.52,
    "throughput" : 3.815161417255479,
    "receivedKBytesPerSec" : 3.870115299567159,
    "sentKBytesPerSec" : 2.361319470582197
  },
  "Total" : {
    "transaction" : "Total",
    "sampleCount" : 3922,
    "errorCount" : 2154,
    "errorPct" : 54.92096,
    "meanResTime" : 20111.578276389562,
    "medianResTime" : 17521.0,
    "minResTime" : 97.0,
    "maxResTime" : 60320.0,
    "pct1ResTime" : 40034.7,
    "pct2ResTime" : 44702.35,
    "pct3ResTime" : 51513.8,
    "throughput" : 11.951195729016845,
    "receivedKBytesPerSec" : 17.111620658092807,
    "sentKBytesPerSec" : 6.052534210754857
  },
  "2. Dashboard (/api/dashboard/stats)" : {
    "transaction" : "2. Dashboard (/api/dashboard/stats)",
    "sampleCount" : 1397,
    "errorCount" : 1356,
    "errorPct" : 97.06514,
    "meanResTime" : 29475.361488904793,
    "medianResTime" : 33339.0,
    "minResTime" : 97.0,
    "maxResTime" : 60320.0,
    "pct1ResTime" : 46519.00000000001,
    "pct2ResTime" : 47422.0,
    "pct3ResTime" : 60148.08,
    "throughput" : 4.279539390448999,
    "receivedKBytesPerSec" : 4.313293391029509,
    "sentKBytesPerSec" : 2.793711200400077
  },
  "1. Auth (/api/auth/login)" : {
    "transaction" : "1. Auth (/api/auth/login)",
    "sampleCount" : 1410,
    "errorCount" : 279,
    "errorPct" : 19.787233,
    "meanResTime" : 16803.601418439746,
    "medianResTime" : 16933.0,
    "minResTime" : 356.0,
    "maxResTime" : 51947.0,
    "pct1ResTime" : 22909.7,
    "pct2ResTime" : 28655.90000000001,
    "pct3ResTime" : 40298.52000000002,
    "throughput" : 4.3140638481449525,
    "receivedKBytesPerSec" : 9.412636310840538,
    "sentKBytesPerSec" : 1.1754138805004313
  }
}