Linux 6.12.94+deb13-amd64 (debian) 	02/07/26 	_x86_64_	(8 CPU)

00:57:05      UID       PID    %usr %system  %guest   %wait    %CPU   CPU  Command
00:57:10      990       903    0,20    0,00    0,00    0,00    0,20     4  dbus-daemon
00:57:10      115       933    0,20    0,00    0,00    0,00    0,20     1  prometheus
00:57:10        0      1383    0,00    0,20    0,00    0,00    0,20     7  glances
00:57:10        0      1391    0,00    0,20    0,00    0,00    0,20     4  tailscaled
00:57:10        0      1423    0,40    0,40    0,00    0,00    0,80     2  containerd
00:57:10      108      1914    0,00    0,20    0,00    0,00    0,20     1  rtkit-daemon
00:57:10        0      2310    0,40    0,20    0,00    0,00    0,60     3  dockerd
00:57:10      117      2312    0,60    0,20    0,00    0,00    0,80     3  grafana
00:57:10        0      2932    0,00    0,20    0,00    0,00    0,20     4  mount.ntfs-3g
00:57:10        0      2982    0,00    0,20    0,00    0,00    0,20     1  containerd-shim
00:57:10      999      3130    0,40    0,20    0,00    0,00    0,60     7  redis-server
00:57:10     1000      4549    0,20    0,00    0,00    0,00    0,20     6  systemd
00:57:10     1000      4708    1,39    0,80    0,00    0,00    2,19     0  gnome-shell
00:57:10     1000      6317    0,60    0,20    0,00    0,00    0,80     2  antigravity
00:57:10     1000      6339    0,40    0,00    0,00    0,00    0,40     1  gnome-terminal-
00:57:10     1000      6757    1,79    0,40    0,00    0,00    2,19     3  antigravity
00:57:10     1000      6820    9,15    0,40    0,00    0,00    9,54     0  antigravity
00:57:10     1000      7059    1,79    0,99    0,00    0,00    2,78     4  language_server
00:57:10     1000      7229    0,20    0,40    0,00    0,00    0,60     4  antigravity
00:57:10     1000      7244    1,59    0,20    0,00    0,00    1,79     6  antigravity
00:57:10     1000      7260    2,39    0,20    0,00    0,00    2,58     7  antigravity
00:57:10     1000      8267    1,79    0,99    0,00    0,00    2,78     7  language_server
00:57:10     1000      8356    0,20    0,00    0,00    0,00    0,20     4  antigravity
00:57:10     1000      9291    0,20    0,00    0,00    0,00    0,20     1  chrome
00:57:10     1000      9345    0,20    0,00    0,00   19,88    0,20     6  chrome
00:57:10     1000      9519    0,20    0,00    0,00    0,00    0,20     5  chrome
00:57:10     1000     91682    0,20    0,00    0,00    0,00    0,20     4  ssh
00:57:10     1000    110188    0,20    0,20    0,00    0,00    0,40     3  pidstat
00:57:10     1000    110220  102,58    6,36    0,00    0,00  108,95     6  java
00:57:10        0    110799    0,20    0,00    0,00    0,00    0,20     0  runc

00:57:05      UID       PID  minflt/s  majflt/s     VSZ     RSS   %MEM  Command
00:57:10        0       376      6,36      0,00  188968  108948   0,67  systemd-journal
00:57:10        0      1423      8,15      0,00 2463900   70560   0,43  containerd
00:57:10        0      2310      6,16      0,00 3498856  111928   0,69  dockerd
00:57:10        0      2975     11,93      0,00 1235352   13924   0,09  containerd-shim
00:57:10        0      2976     14,71      0,00 1235608   14816   0,09  containerd-shim
00:57:10        0      2977     12,33      0,00 1235352   14488   0,09  containerd-shim
00:57:10        0      2981     12,13      0,00 1235608   14628   0,09  containerd-shim
00:57:10        0      2982     11,93      0,00 1235608   14828   0,09  containerd-shim
00:57:10     1000      4708      0,60      0,00 5454660  346540   2,13  gnome-shell
00:57:10     1000      6317     36,58      0,00 1461668528  315372   1,94  antigravity
00:57:10     1000      6757     51,49      0,00 34362364  170184   1,05  antigravity
00:57:10     1000      6771      0,60      0,00 33903964   81292   0,50  antigravity
00:57:10     1000      6820    403,78      0,00 1461417264  664964   4,10  antigravity
00:57:10     1000      7161      0,20      0,00 33951332   64332   0,40  antigravity
00:57:10     1000      7229    117,50      0,00 1461383544  129268   0,80  antigravity
00:57:10     1000      7244     17,89      0,00 1461351324  449252   2,77  antigravity
00:57:10     1000      7258      5,57      0,00 1461347760  125636   0,77  antigravity
00:57:10     1000      7260      8,95      0,00 1461367100  164020   1,01  antigravity
00:57:10     1000      8356      5,17      0,00 1459530528  100960   0,62  antigravity
00:57:10     1000      9291     10,34      0,00 55435272  374512   2,31  chrome
00:57:10     1000      9342      4,37      0,00 55467700  213696   1,32  chrome
00:57:10     1000      9345     10,34      0,00 54976356  135588   0,84  chrome
00:57:10     1000      9359      0,40      0,00 55015792   62664   0,39  chrome
00:57:10     1000     76014      0,80      0,00 1518513820  346320   2,13  chrome
00:57:10     1000     76063      0,20      0,00 55006444   86720   0,53  chrome
00:57:10     1000    110188      1,59      0,00    6052    5016   0,03  pidstat
00:57:10     1000    110189      4,17      0,00    2676    1708   0,01  jmeter
00:57:10     1000    110220   7958,25      0,00 6506524  269660   1,66  java
00:57:10        0    110786     98,01      0,00 1234520   12052   0,07  containerd-shim
00:57:10        0    110799    130,62      0,00 1830240   15672   0,10  runc

00:57:05      UID       PID   kB_rd/s   kB_wr/s kB_ccwr/s iodelay  Command
00:57:10     1000      9345      0,00     25,45      0,00       0  chrome
00:57:10     1000    110220      0,00      2,15      0,00       0  java

00:57:10      UID       PID    %usr %system  %guest   %wait    %CPU   CPU  Command
00:57:15        0         1    0,40    0,20    0,00    0,00    0,60     3  systemd
00:57:15        0        17    0,00    0,20    0,00    0,20    0,20     7  rcu_preempt
00:57:15        0       120    0,00    0,20    0,00    0,00    0,20     0  kworker/u33:0-i915_flip
00:57:15        0       317    0,00    0,20    0,00    0,00    0,20     7  jbd2/sda6-8
00:57:15        0       376    0,00    0,20    0,00    0,00    0,20     2  systemd-journal
00:57:15        0       408    0,20    0,00    0,00    0,40    0,20     7  systemd-udevd
00:57:15      990       903    0,40    0,00    0,00    0,00    0,40     6  dbus-daemon
00:57:15      115       933    0,20    0,00    0,00    0,00    0,20     1  prometheus
00:57:15        0      1079    0,20    0,00    0,00    0,00    0,20     7  NetworkManager
00:57:15        0      1383    0,20    0,00    0,00    0,00    0,20     7  glances
00:57:15        0      1391    0,40    0,20    0,00    0,00    0,60     7  tailscaled
00:57:15        0      1423    0,80    0,20    0,00    0,00    1,00     2  containerd
00:57:15      114      1526    0,00    0,20    0,00    0,00    0,20     6  postgres
00:57:15        0      2310    0,80    0,80    0,00    0,00    1,60     3  dockerd
00:57:15      117      2312    0,80    0,20    0,00    0,00    1,00     3  grafana
00:57:15        0      2932    0,20    0,20    0,00    0,00    0,40     3  mount.ntfs-3g
00:57:15        0      2975    0,20    0,00    0,00    0,00    0,20     7  containerd-shim
00:57:15        0      2977    0,20    0,00    0,00    0,00    0,20     7  containerd-shim
00:57:15        0      2981    0,00    0,20    0,00    0,00    0,20     0  containerd-shim
00:57:15        0      2982    0,20    0,00    0,00    0,00    0,20     1  containerd-shim
00:57:15      999      3130    0,40    0,20    0,00    0,00    0,60     7  redis-server
00:57:15     1000      4549    0,20    0,00    0,00    0,20    0,20     6  systemd
00:57:15     1000      4708    1,20    0,60    0,00    0,00    1,80     4  gnome-shell
00:57:15     1000      5055    0,20    0,20    0,00    0,20    0,40     7  gsd-sharing
00:57:15     1000      5268    0,20    0,00    0,00    0,00    0,20     5  gvfs-udisks2-vo
00:57:15     1000      5504    0,00    0,20    0,00    0,00    0,20     1  xdg-desktop-por
00:57:15        0      5954    0,20    0,00    0,00    0,00    0,20     5  fwupd
00:57:15     1000      6317    0,20    0,00    0,00    0,00    0,20     1  antigravity
00:57:15     1000      6339    1,00    0,00    0,00    0,00    1,00     1  gnome-terminal-
00:57:15     1000      6757    0,20    0,00    0,00    0,00    0,20     3  antigravity
00:57:15     1000      6820    1,00    0,00    0,00    0,00    1,00     5  antigravity
00:57:15     1000      7059    1,20    1,80    0,00    0,00    3,00     4  language_server
00:57:15     1000      7161    0,00    0,20    0,00    0,00    0,20     3  antigravity
00:57:15     1000      7229    0,40    0,00    0,00    0,00    0,40     1  antigravity
00:57:15     1000      7244    1,20    0,40    0,00    0,00    1,60     3  antigravity
00:57:15     1000      7260    0,60    0,00    0,00    0,00    0,60     4  antigravity
00:57:15     1000      8267    1,40    1,80    0,00    0,00    3,20     7  language_server
00:57:15     1000      9291    0,20    0,00    0,00    0,00    0,20     1  chrome
00:57:15     1000      9519    0,20    0,00    0,00    0,00    0,20     5  chrome
00:57:15     1000     98039    0,20    0,00    0,00    0,00    0,20     2  antigravity
00:57:15        0     99361    0,00    0,20    0,00    0,00    0,20     2  kworker/u32:3-events_unbound
00:57:15        0    109477    0,20    0,00    0,00    0,00    0,20     0  kworker/0:2-events
00:57:15     1000    110188    0,00    0,60    0,00    0,00    0,60     3  pidstat
00:57:15     1000    110220    5,80    0,60    0,00    0,00    6,40     6  java

00:57:10      UID       PID  minflt/s  majflt/s     VSZ     RSS   %MEM  Command
00:57:15        0         1      0,20      0,00   24788   14916   0,09  systemd
00:57:15        0       376     37,60      0,00  188968  108948   0,67  systemd-journal
00:57:15        0       408     95,40      0,00   37544   10908   0,07  systemd-udevd
00:57:15        0      1423      4,80      0,00 2463900   70688   0,44  containerd
00:57:15      114      1526      3,80      0,00  218252   29568   0,18  postgres
00:57:15        0      2975      8,20      0,00 1235352   13924   0,09  containerd-shim
00:57:15        0      2976      8,40      0,00 1235608   15072   0,09  containerd-shim
00:57:15        0      2977     10,80      0,00 1235352   14616   0,09  containerd-shim
00:57:15        0      2981      6,80      0,00 1235608   14628   0,09  containerd-shim
00:57:15        0      2982     10,80      0,00 1235608   15084   0,09  containerd-shim
00:57:15     1000      4708     11,80      0,00 5454660  346668   2,14  gnome-shell
00:57:15     1000      6317     34,40      0,00 1461668528  315360   1,94  antigravity
00:57:15     1000      6757      4,40      0,00 34354172  170312   1,05  antigravity
00:57:15     1000      6771      1,20      0,00 33903964   81292   0,50  antigravity
00:57:15     1000      6820    108,60      0,00 1461417264  666532   4,11  antigravity
00:57:15     1000      7161      0,20      0,00 33951332   64332   0,40  antigravity
00:57:15     1000      7229    108,60      0,00 1461383544  129268   0,80  antigravity
00:57:15     1000      7244     17,20      0,00 1461351324  449248   2,77  antigravity
00:57:15     1000      7258      3,80      0,00 1461347760  125636   0,77  antigravity
00:57:15     1000      7260      3,40      0,00 1461367100  164020   1,01  antigravity
00:57:15     1000      8356      5,00      0,00 1459530528  100960   0,62  antigravity
00:57:15     1000      9291      7,20      0,00 55435272  374512   2,31  chrome
00:57:15     1000      9342      2,20      0,00 55467700  213696   1,32  chrome
00:57:15     1000      9345      3,00      0,00 54976356  135588   0,84  chrome
00:57:15     1000      9359      0,40      0,00 55015792   62664   0,39  chrome
00:57:15     1000     76014      0,60      0,00 1518513820  346320   2,13  chrome
00:57:15     1000     76063      0,20      0,00 55006444   86720   0,53  chrome
00:57:15     1000    110188      0,80      0,00    6184    5016   0,03  pidstat
00:57:15     1000    110220     44,40      0,00 6506524  259404   1,60  java

00:57:10      UID       PID   kB_rd/s   kB_wr/s kB_ccwr/s iodelay  Command
00:57:15     1000      9291      0,00      0,80      0,00       0  chrome
00:57:15     1000    110188      0,00      1,07      0,00       0  pidstat
00:57:15     1000    110220      0,00      0,17      0,00       0  java

00:57:15      UID       PID    %usr %system  %guest   %wait    %CPU   CPU  Command
00:57:20        0        86    0,00    0,20    0,00    0,00    0,20     1  irq/9-acpi
00:57:20      990       903    0,40    0,20    0,00    0,00    0,60     5  dbus-daemon
00:57:20      115       930    1,20    0,40    0,00    0,00    1,60     6  prometheus-node
00:57:20      115       933    0,20    0,00    0,00    0,00    0,20     1  prometheus
00:57:20        0      1411    0,00    0,20    0,00    0,00    0,20     4  anydesk
00:57:20        0      1423    0,20    0,20    0,00    0,00    0,40     2  containerd
00:57:20        0      2310    0,20    0,20    0,00    0,00    0,40     3  dockerd
00:57:20      117      2312    0,20    0,60    0,00    0,00    0,80     3  grafana
00:57:20        0      2932    0,20    0,40    0,00    0,00    0,60     4  mount.ntfs-3g
00:57:20        0      2975    0,00    0,20    0,00    0,00    0,20     7  containerd-shim
00:57:20        0      2976    0,20    0,00    0,00    0,00    0,20     6  containerd-shim
00:57:20        0      2977    0,00    0,20    0,00    0,00    0,20     7  containerd-shim
00:57:20        0      2982    0,00    0,20    0,00    0,00    0,20     1  containerd-shim
00:57:20      999      3130    0,40    0,00    0,00    0,00    0,40     1  redis-server
00:57:20     1000      4708    0,60    0,20    0,00    0,00    0,80     4  gnome-shell
00:57:20     1000      5107    0,00    0,20    0,00    0,00    0,20     7  anydesk
00:57:20     1000      6317    0,20    0,00    0,00    0,00    0,20     1  antigravity
00:57:20     1000      6339    0,40    0,00    0,00    0,00    0,40     7  gnome-terminal-
00:57:20     1000      6820   12,20    0,80    0,00    0,00   13,00     0  antigravity
00:57:20     1000      7059    1,60    1,20    0,00    0,00    2,80     5  language_server
00:57:20     1000      7229    0,20    0,20    0,00    0,00    0,40     3  antigravity
00:57:20     1000      7244    1,20    0,40    0,00    0,00    1,60     2  antigravity
00:57:20     1000      7260    0,80    0,00    0,00    0,00    0,80     4  antigravity
00:57:20     1000      8267    1,20    2,20    0,00    0,00    3,40     7  language_server
00:57:20     1000      8356    0,20    0,00    0,00    0,00    0,20     0  antigravity
00:57:20     1000      9291    0,20    0,00    0,00    0,00    0,20     2  chrome
00:57:20     1000     76025    0,20    0,00    0,00    0,00    0,20     0  chrome
00:57:20     1000     76063    0,00    0,20    0,00    0,00    0,20     4  chrome
00:57:20     1000    110188    0,40    0,20    0,00    0,00    0,60     6  pidstat
00:57:20     1000    110220    6,80    0,20    0,00    0,00    7,00     6  java

00:57:15      UID       PID  minflt/s  majflt/s     VSZ     RSS   %MEM  Command
00:57:20      115       930     81,00      0,00 1762312   25668   0,16  prometheus-node
00:57:20      115       933      1,00      0,00 2711492  117100   0,72  prometheus
00:57:20        0      1391      0,00      0,00 1421316   95852   0,59  tailscaled
00:57:20        0      1423      2,20      0,00 2463900   70688   0,44  containerd
00:57:20        0      2975      1,20      0,00 1235352   13924   0,09  containerd-shim
00:57:20        0      2976      9,60      0,00 1235608   15328   0,09  containerd-shim
00:57:20        0      2977      9,00      0,00 1235352   14872   0,09  containerd-shim
00:57:20        0      2981      3,80      0,00 1235608   14628   0,09  containerd-shim
00:57:20        0      2982      6,20      0,00 1235608   15212   0,09  containerd-shim
00:57:20     1000      4708      0,40      0,00 5454660  346668   2,14  gnome-shell
00:57:20     1000      6317     32,80      0,00 1461668528  315352   1,94  antigravity
00:57:20     1000      6757      0,60      0,00 34354172  170312   1,05  antigravity
00:57:20     1000      6771      0,60      0,00 33903964   81292   0,50  antigravity
00:57:20     1000      6820    251,00      0,00 1461417264  655452   4,04  antigravity
00:57:20     1000      7161      0,40      0,00 33951332   64332   0,40  antigravity
00:57:20     1000      7229      2,20      0,00 1461383544  129268   0,80  antigravity
00:57:20     1000      7244     13,60      0,00 1461351324  449248   2,77  antigravity
00:57:20     1000      7258      2,60      0,00 1461347760  125636   0,77  antigravity
00:57:20     1000      7260      3,00      0,00 1461367100  164020   1,01  antigravity
00:57:20     1000      8356      5,20      0,00 1459530528  100960   0,62  antigravity
00:57:20     1000      9291     15,00      0,00 55435272  374512   2,31  chrome
00:57:20     1000      9342      2,20      0,00 55467700  213696   1,32  chrome
00:57:20     1000      9345      4,40      0,00 54976356  135588   0,84  chrome
00:57:20     1000      9359      0,40      0,00 55015792   62664   0,39  chrome
00:57:20     1000      9519      0,00      0,00 1518554232  352720   2,17  chrome
00:57:20     1000     76063      0,40      0,00 55006444   86720   0,53  chrome
00:57:20     1000    110188      0,40      0,00    6184    5016   0,03  pidstat
00:57:20     1000    110220     53,00      0,00 6506524  260428   1,60  java

00:57:15      UID       PID   kB_rd/s   kB_wr/s kB_ccwr/s iodelay  Command
00:57:20     1000      9291      0,00      5,60      0,00       0  chrome
00:57:20     1000    110188      0,00      1,32      0,00       0  pidstat
00:57:20     1000    110220      0,00      1,81      0,00       0  java

00:57:20      UID       PID    %usr %system  %guest   %wait    %CPU   CPU  Command
00:57:25        0      1383    0,20    0,00    0,00    0,00    0,20     7  glances
00:57:25        0      1423    0,20    0,20    0,00    0,00    0,40     2  containerd
00:57:25        0      2310    0,40    0,20    0,00    0,00    0,60     3  dockerd
00:57:25      117      2312    0,40    0,40    0,00    0,00    0,80     3  grafana
00:57:25        0      2932    0,00    0,20    0,00    0,00    0,20     4  mount.ntfs-3g
00:57:25        0      2976    0,00    0,20    0,00    0,00    0,20     6  containerd-shim
00:57:25      999      3130    0,40    0,00    0,00    0,00    0,40     3  redis-server
00:57:25     1000      4708    1,00    0,20    0,00    0,00    1,20     6  gnome-shell
00:57:25     1000      6317    0,20    0,00    0,00    0,00    0,20     1  antigravity
00:57:25     1000      6339    0,60    0,00    0,00    0,00    0,60     2  gnome-terminal-
00:57:25     1000      6820    0,80    0,20    0,00    0,00    1,00     0  antigravity
00:57:25     1000      7059    1,60    1,20    0,00    0,00    2,80     3  language_server
00:57:25     1000      7229    0,20    0,00    0,00    0,00    0,20     3  antigravity
00:57:25     1000      7244    1,20    0,40    0,00    0,00    1,60     5  antigravity
00:57:25     1000      7260    0,80    0,00    0,00    0,00    0,80     6  antigravity
00:57:25     1000      8267    1,20    2,00    0,00    0,00    3,20     7  language_server
00:57:25     1000      9291    0,00    0,20    0,00    0,00    0,20     2  chrome
00:57:25     1000      9519    0,20    0,00    0,00    0,00    0,20     5  chrome
00:57:25        0    104961    0,00    0,20    0,00    0,00    0,20     6  kworker/6:0-events
00:57:25     1000    110188    0,00    0,40    0,00    0,00    0,40     3  pidstat
00:57:25     1000    110220    8,20    2,60    0,00    0,00   10,80     6  java

00:57:20      UID       PID  minflt/s  majflt/s     VSZ     RSS   %MEM  Command
00:57:25        0      1423      0,20      0,00 2463900   70688   0,44  containerd
00:57:25        0      2975      8,80      0,00 1235352   14052   0,09  containerd-shim
00:57:25        0      2976      2,40      0,00 1235608   15328   0,09  containerd-shim
00:57:25        0      2977      5,40      0,00 1235352   15000   0,09  containerd-shim
00:57:25        0      2981      2,60      0,00 1235608   14628   0,09  containerd-shim
00:57:25        0      2982      1,00      0,00 1235608   15212   0,09  containerd-shim
00:57:25       70      3117      4,40      0,00  174540   25424   0,16  postgres
00:57:25     1000      4708      6,00      0,00 5454596  346480   2,13  gnome-shell
00:57:25     1000      6317     31,80      0,00 1461668528  315364   1,94  antigravity
00:57:25     1000      6757      1,60      0,00 34354172  170312   1,05  antigravity
00:57:25     1000      6771      0,60      0,00 33903964   81292   0,50  antigravity
00:57:25     1000      6820     69,60      0,00 1461417264  656604   4,04  antigravity
00:57:25     1000      7161      0,20      0,00 33951332   64332   0,40  antigravity
00:57:25     1000      7229      3,00      0,00 1461383544  129268   0,80  antigravity
00:57:25     1000      7244     15,80      0,00 1461351324  449376   2,77  antigravity
00:57:25     1000      7258      2,80      0,00 1461347760  125636   0,77  antigravity
00:57:25     1000      7260      3,80      0,00 1461367100  164148   1,01  antigravity
00:57:25     1000      8356      5,40      0,00 1459530528  100960   0,62  antigravity
00:57:25     1000      9291     14,20      0,00 55435272  374512   2,31  chrome
00:57:25     1000      9342      2,20      0,00 55467700  213696   1,32  chrome
00:57:25     1000      9345      3,60      0,00 54976356  135588   0,84  chrome
00:57:25     1000      9359      0,80      0,00 55015792   62664   0,39  chrome
00:57:25     1000     76014      0,60      0,00 1518513820  346320   2,13  chrome
00:57:25     1000     76063      0,20      0,00 55006444   86720   0,53  chrome
00:57:25     1000    110220     62,00      0,00 6506524  273872   1,69  java

00:57:20      UID       PID   kB_rd/s   kB_wr/s kB_ccwr/s iodelay  Command
00:57:25     1000      9291      0,00      6,40      0,00       0  chrome
00:57:25     1000    110188      0,00      1,06      0,00       0  pidstat
00:57:25     1000    110220      0,00      1,77      0,00       0  java

00:57:25      UID       PID    %usr %system  %guest   %wait    %CPU   CPU  Command
00:57:30        0        57    0,00    0,20    0,00    0,00    0,20     6  ksoftirqd/6
00:57:30      115       933    0,20    0,00    0,00    0,00    0,20     1  prometheus
00:57:30        0      1391    0,20    0,00    0,00    0,00    0,20     2  tailscaled
00:57:30        0      1423    0,40    0,00    0,00    0,00    0,40     2  containerd
00:57:30        0      2310    0,20    0,20    0,00    0,00    0,40     3  dockerd
00:57:30      117      2312    0,60    0,20    0,00    0,00    0,80     3  grafana
00:57:30        0      2932    0,00    0,40    0,00    0,00    0,40     1  mount.ntfs-3g
00:57:30        0      2976    0,20    0,00    0,00    0,00    0,20     6  containerd-shim
00:57:30        0      2977    0,20    0,00    0,00    0,00    0,20     7  containerd-shim
00:57:30        0      2981    0,20    0,20    0,00    0,00    0,40     0  containerd-shim
00:57:30        0      2982    0,00    0,20    0,00    0,00    0,20     1  containerd-shim
00:57:30      999      3130    0,40    0,00    0,00    0,00    0,40     2  redis-server
00:57:30     1000      4708    0,80    0,20    0,00    0,00    1,00     1  gnome-shell
00:57:30     1000      6317    0,20    0,00    0,00    0,00    0,20     3  antigravity
00:57:30     1000      6339    1,00    0,00    0,00    0,00    1,00     5  gnome-terminal-
00:57:30     1000      6820    1,40    0,00    0,00    0,00    1,40     0  antigravity
00:57:30     1000      7059    1,40    1,80    0,00    0,00    3,20     3  language_server
00:57:30     1000      7229    0,20    0,20    0,00    0,00    0,40     5  antigravity
00:57:30     1000      7244    1,20    0,40    0,00    0,00    1,60     7  antigravity
00:57:30     1000      7260    0,40    0,00    0,00    0,00    0,40     2  antigravity
00:57:30     1000      8267    2,40    0,80    0,00    0,00    3,20     7  language_server
00:57:30     1000      9291    0,00    0,20    0,00    0,00    0,20     6  chrome
00:57:30     1000      9519    0,20    0,20    0,00    0,00    0,40     1  chrome
00:57:30     1000     76014    0,00    0,20    0,00    0,00    0,20     5  chrome
00:57:30     1000     91682    0,00    0,20    0,00    0,00    0,20     4  ssh
00:57:30     1000    110188    0,00    0,40    0,00    0,00    0,40     6  pidstat
00:57:30     1000    110220    8,20    0,80    0,00    0,00    9,00     6  java

00:57:25      UID       PID  minflt/s  majflt/s     VSZ     RSS   %MEM  Command
00:57:30      115       933      0,40      0,00 2711492  117100   0,72  prometheus
00:57:30        0      2975      9,20      0,00 1235352   13200   0,08  containerd-shim
00:57:30        0      2976      1,80      0,00 1235608   14508   0,09  containerd-shim
00:57:30        0      2977      6,60      0,00 1235352   14236   0,09  containerd-shim
00:57:30        0      2981      7,80      0,00 1235608   14000   0,09  containerd-shim
00:57:30        0      2982      3,20      0,00 1235608   14796   0,09  containerd-shim
00:57:30     1000      4708      0,60      0,00 5454596  346608   2,14  gnome-shell
00:57:30     1000      6317     34,80      0,00 1461668528  315328   1,94  antigravity
00:57:30     1000      6757      4,40      0,00 34350140  170312   1,05  antigravity
00:57:30     1000      6771      0,60      0,00 33903964   81292   0,50  antigravity
00:57:30     1000      6820    137,80      0,00 1461417264  657544   4,05  antigravity
00:57:30     1000      7161      0,20      0,00 33951332   64332   0,40  antigravity
00:57:30     1000      7229     11,20      0,00 1461383544  129268   0,80  antigravity
00:57:30     1000      7244     17,80      0,00 1461351324  449476   2,77  antigravity
00:57:30     1000      7258      5,80      0,00 1461347760  125636   0,77  antigravity
00:57:30     1000      7260      5,20      0,00 1461367100  164148   1,01  antigravity
00:57:30     1000      8356      5,20      0,00 1459530528  100960   0,62  antigravity
00:57:30     1000      9291      7,00      0,00 55435272  374512   2,31  chrome
00:57:30     1000      9342      4,40      0,00 55467700  213696   1,32  chrome
00:57:30     1000      9345      7,20      0,00 54976356  135588   0,84  chrome
00:57:30     1000      9359      0,40      0,00 55015792   62664   0,39  chrome
00:57:30     1000     76014      0,60      0,00 1518513820  346320   2,13  chrome
00:57:30     1000     76063      0,20      0,00 55006444   86720   0,53  chrome
00:57:30     1000    110220    212,60      0,00 6506524  278224   1,71  java

00:57:25      UID       PID   kB_rd/s   kB_wr/s kB_ccwr/s iodelay  Command
00:57:30     1000    110188      0,00      0,86      0,00       0  pidstat
00:57:30     1000    110220      0,00      3,31      0,00       0  java

00:57:30      UID       PID    %usr %system  %guest   %wait    %CPU   CPU  Command
00:57:35        0         1    0,20    0,00    0,00    0,00    0,20     6  systemd
00:57:35        0        86    0,00    0,20    0,00    0,00    0,20     1  irq/9-acpi
00:57:35      990       903    0,60    0,20    0,00    0,00    0,80     2  dbus-daemon
00:57:35      115       930    1,20    0,40    0,00    0,00    1,60     6  prometheus-node
00:57:35      115       933    0,20    0,00    0,00    0,00    0,20     2  prometheus
00:57:35        0      1383    0,20    0,00    0,00    0,00    0,20     7  glances
00:57:35        0      1391    0,00    0,20    0,00    0,00    0,20     2  tailscaled
00:57:35        0      1423    0,20    0,20    0,00    0,00    0,40     2  containerd
00:57:35        0      2310    0,40    0,20    0,00    0,00    0,60     3  dockerd
00:57:35      117      2312    1,00    0,20    0,00    0,00    1,20     3  grafana
00:57:35        0      2932    0,20    0,20    0,00    0,00    0,40     0  mount.ntfs-3g
00:57:35        0      2975    0,20    0,00    0,00    0,00    0,20     7  containerd-shim
00:57:35        0      2977    0,00    0,20    0,00    0,00    0,20     7  containerd-shim
00:57:35      999      3130    0,40    0,00    0,00    0,00    0,40     2  redis-server
00:57:35     1000      4708    1,00    0,40    0,00    0,00    1,40     1  gnome-shell
00:57:35     1000      6317    0,20    0,20    0,00    0,00    0,40     0  antigravity
00:57:35     1000      6339    0,60    0,00    0,00    0,00    0,60     2  gnome-terminal-
00:57:35     1000      6820    0,60    0,00    0,00    0,00    0,60     5  antigravity
00:57:35     1000      7059    1,60    1,40    0,00    0,00    3,00     6  language_server
00:57:35     1000      7229    0,20    0,20    0,00    0,00    0,40     7  antigravity
00:57:35     1000      7244    1,00    0,40    0,00    0,00    1,40     6  antigravity
00:57:35     1000      7260    0,60    0,00    0,00    0,00    0,60     2  antigravity
00:57:35     1000      8267    2,20    1,00    0,00    0,00    3,20     7  language_server
00:57:35     1000      8356    0,20    0,00    0,00    0,00    0,20     3  antigravity
00:57:35     1000      9291    0,20    0,00    0,00    0,00    0,20     3  chrome
00:57:35     1000     98039    0,20    0,00    0,00    0,00    0,20     5  antigravity
00:57:35        0     99362    0,00    0,20    0,00    0,00    0,20     6  kworker/u32:5-events_unbound
00:57:35       33    108423    0,00    0,20    0,00    0,00    0,20     6  apache2
00:57:35     1000    110188    0,00    0,20    0,00    0,00    0,20     7  pidstat
00:57:35     1000    110220    5,00    1,00    0,00    0,00    6,00     6  java

00:57:30      UID       PID  minflt/s  majflt/s     VSZ     RSS   %MEM  Command
00:57:35      115       930     84,60      0,00 1762312   25580   0,16  prometheus-node
00:57:35        0      1423      0,40      0,00 2463900   70688   0,44  containerd
00:57:35        0      2975     12,40      0,00 1235352   13456   0,08  containerd-shim
00:57:35        0      2976     10,80      0,00 1235608   14508   0,09  containerd-shim
00:57:35        0      2977      9,60      0,00 1235352   14364   0,09  containerd-shim
00:57:35        0      2981      9,80      0,00 1235608   14128   0,09  containerd-shim
00:57:35        0      2982     11,20      0,00 1235608   14796   0,09  containerd-shim
00:57:35     1000      4708      6,40      0,00 5454596  346608   2,14  gnome-shell
00:57:35     1000      6317     34,00      0,00 1461668528  315312   1,94  antigravity
00:57:35     1000      6757      0,40      0,00 34350140  170312   1,05  antigravity
00:57:35     1000      6771      1,20      0,00 33903964   81292   0,50  antigravity
00:57:35     1000      6820    108,40      0,00 1461417264  659592   4,06  antigravity
00:57:35     1000      7161      0,20      0,00 33951332   64332   0,40  antigravity
00:57:35     1000      7229     88,00      0,00 1461383544  129396   0,80  antigravity
00:57:35     1000      7244     12,60      0,00 1461351324  449604   2,77  antigravity
00:57:35     1000      7258      3,00      0,00 1461347760  125636   0,77  antigravity
00:57:35     1000      7260      2,80      0,00 1461367100  164148   1,01  antigravity
00:57:35     1000      8356      5,40      0,00 1459530528  100960   0,62  antigravity
00:57:35     1000      9291      7,00      0,00 55435272  374512   2,31  chrome
00:57:35     1000      9342      2,20      0,00 55467700  213696   1,32  chrome
00:57:35     1000      9345      4,00      0,00 54976356  135588   0,84  chrome
00:57:35     1000      9359      0,40      0,00 55015792   62664   0,39  chrome
00:57:35     1000     76014      0,40      0,00 1518513820  346320   2,13  chrome
00:57:35     1000     76063      0,20      0,00 55006444   86720   0,53  chrome
00:57:35     1000    110220     28,60      0,00 6506524  273008   1,68  java

00:57:30      UID       PID   kB_rd/s   kB_wr/s kB_ccwr/s iodelay  Command
00:57:35     1000    110188      0,00      0,93      0,00       0  pidstat
00:57:35     1000    110220      0,00      1,68      0,00       0  java

00:57:35      UID       PID    %usr %system  %guest   %wait    %CPU   CPU  Command
00:57:40      115       933    0,20    0,00    0,00    0,00    0,20     7  prometheus
00:57:40        0      1383    0,20    0,00    0,00    0,00    0,20     7  glances
00:57:40        0      1423    0,60    0,00    0,00    0,00    0,60     2  containerd
00:57:40      111      1503    0,20    0,00    0,00    0,00    0,20     7  mariadbd
00:57:40        0      2310    0,40    0,20    0,00    0,00    0,60     3  dockerd
00:57:40      117      2312    0,40    0,40    0,00    0,00    0,80     3  grafana
00:57:40        0      2932    0,20    0,20    0,00    0,00    0,40     0  mount.ntfs-3g
00:57:40        0      2976    0,20    0,00    0,00    0,00    0,20     6  containerd-shim
00:57:40        0      2981    0,00    0,20    0,00    0,00    0,20     0  containerd-shim
00:57:40      999      3130    0,40    0,20    0,00    0,00    0,60     2  redis-server
00:57:40     1000      4708    0,80    0,40    0,00    0,00    1,20     1  gnome-shell
00:57:40     1000      6339    0,80    0,00    0,00    0,00    0,80     5  gnome-terminal-
00:57:40     1000      6820    0,80    0,40    0,00    0,00    1,20     1  antigravity
00:57:40     1000      7059    2,40    1,40    0,00    0,00    3,80     6  language_server
00:57:40     1000      7244    1,40    0,20    0,00    0,00    1,60     0  antigravity
00:57:40     1000      7260    0,60    0,20    0,00    0,00    0,80     6  antigravity
00:57:40     1000      8267    1,20    1,80    0,00    0,00    3,00     7  language_server
00:57:40     1000      9291    0,20    0,00    0,00    0,00    0,20     3  chrome
00:57:40     1000      9519    0,60    0,00    0,00    0,00    0,60     0  chrome
00:57:40        0     78088    0,00    0,20    0,00    0,00    0,20     1  kworker/u32:6-flush-8:0
00:57:40     1000     91682    0,20    0,00    0,00    0,00    0,20     4  ssh
00:57:40        0    108721    0,00    0,20    0,00    0,00    0,20     3  kworker/3:2-events
00:57:40     1000    110188    0,20    0,40    0,00    0,00    0,60     7  pidstat
00:57:40     1000    110220   13,00    0,80    0,00    0,00   13,80     6  java

00:57:35      UID       PID  minflt/s  majflt/s     VSZ     RSS   %MEM  Command
00:57:40        0      1423      7,60      0,00 2463900   70400   0,43  containerd
00:57:40        0      2975     11,60      0,00 1235352   13712   0,08  containerd-shim
00:57:40        0      2976     11,20      0,00 1235608   14764   0,09  containerd-shim
00:57:40        0      2977     13,60      0,00 1235352   14876   0,09  containerd-shim
00:57:40        0      2981     17,20      0,00 1235608   14512   0,09  containerd-shim
00:57:40        0      2982     11,60      0,00 1235608   15180   0,09  containerd-shim
00:57:40     1000      4708      1,00      0,00 5454532  346608   2,14  gnome-shell
00:57:40     1000      6317     33,00      0,00 1461668528  315304   1,94  antigravity
00:57:40     1000      6757      0,80      0,00 34350140  170312   1,05  antigravity
00:57:40     1000      6771      0,60      0,00 33903964   81292   0,50  antigravity
00:57:40     1000      6820    110,40      0,00 1461417264  661768   4,08  antigravity
00:57:40     1000      7161      0,40      0,00 33951332   64332   0,40  antigravity
00:57:40     1000      7229      9,40      0,00 1461383544  129396   0,80  antigravity
00:57:40     1000      7244     12,60      0,00 1461351324  449732   2,77  antigravity
00:57:40     1000      7258      2,80      0,00 1461347760  125636   0,77  antigravity
00:57:40     1000      7260      3,40      0,00 1461367100  164148   1,01  antigravity
00:57:40     1000      8356      5,20      0,00 1459530528  100960   0,62  antigravity
00:57:40     1000      9291     19,40      0,00 55435272  374512   2,31  chrome
00:57:40     1000      9342      2,20      0,00 55467700  213696   1,32  chrome
00:57:40     1000      9345      9,60      0,00 54976356  135844   0,84  chrome
00:57:40     1000      9359      0,40      0,00 55015792   62664   0,39  chrome
00:57:40     1000      9519    358,60      0,00 1518554232  363912   2,24  chrome
00:57:40     1000     76014      0,60      0,00 1518513820  346320   2,13  chrome
00:57:40     1000     76063      0,40      0,00 55006444   86720   0,53  chrome
00:57:40     1000    110220    260,40      0,00 6506524  278128   1,71  java

00:57:35      UID       PID   kB_rd/s   kB_wr/s kB_ccwr/s iodelay  Command
00:57:40     1000      9291      0,00      3,20      0,00       0  chrome
00:57:40     1000    110188      0,00      1,00      0,00       0  pidstat
00:57:40     1000    110220      0,00      3,18      0,00       0  java

00:57:40      UID       PID    %usr %system  %guest   %wait    %CPU   CPU  Command
00:57:45        0        17    0,00    0,20    0,00    0,00    0,20     4  rcu_preempt
00:57:45        0      1383    0,20    0,00    0,00    0,00    0,20     7  glances
00:57:45        0      1423    0,20    0,00    0,00    0,00    0,20     2  containerd
00:57:45        0      2310    0,00    0,40    0,00    0,00    0,40     3  dockerd
00:57:45      117      2312    0,80    0,20    0,00    0,00    1,00     3  grafana
00:57:45        0      2932    0,20    0,20    0,00    0,00    0,40     2  mount.ntfs-3g
00:57:45        0      2975    0,20    0,20    0,00    0,00    0,40     7  containerd-shim
00:57:45        0      2982    0,20    0,20    0,00    0,00    0,40     1  containerd-shim
00:57:45      999      3130    0,20    0,00    0,00    0,00    0,20     2  redis-server
00:57:45     1000      4708    1,00    0,00    0,00    0,00    1,00     6  gnome-shell
00:57:45     1000      6317    0,20    0,20    0,00    0,00    0,40     5  antigravity
00:57:45     1000      6339    0,60    0,00    0,00    0,00    0,60     5  gnome-terminal-
00:57:45     1000      6820    0,80    0,20    0,00    0,00    1,00     6  antigravity
00:57:45     1000      7059    1,60    1,60    0,00    0,00    3,20     4  language_server
00:57:45     1000      7229    0,20    0,20    0,00    0,00    0,40     7  antigravity
00:57:45     1000      7244    1,40    0,40    0,00    0,00    1,80     4  antigravity
00:57:45     1000      7260    0,60    0,20    0,00    0,00    0,80     1  antigravity
00:57:45     1000      8267    1,80    1,60    0,00    0,00    3,40     7  language_server
00:57:45     1000      8356    0,20    0,00    0,00    0,00    0,20     3  antigravity
00:57:45     1000      9291    0,20    0,00    0,00    0,00    0,20     7  chrome
00:57:45     1000      9519    0,20    0,00    0,00    0,00    0,20     4  chrome
00:57:45     1000    110188    0,20    0,40    0,00    0,00    0,60     7  pidstat
00:57:45     1000    110220    4,80    0,80    0,00    0,00    5,60     6  java

00:57:40      UID       PID  minflt/s  majflt/s     VSZ     RSS   %MEM  Command
00:57:45        0      1423      0,40      0,00 2463900   70400   0,43  containerd
00:57:45        0      2975      6,00      0,00 1235352   13712   0,08  containerd-shim
00:57:45        0      2976      5,20      0,00 1235608   14764   0,09  containerd-shim
00:57:45        0      2977      1,00      0,00 1235352   14876   0,09  containerd-shim
00:57:45        0      2981     10,20      0,00 1235608   14768   0,09  containerd-shim
00:57:45        0      2982     10,60      0,00 1235608   15308   0,09  containerd-shim
00:57:45     1000      4708      6,00      0,00 5454468  346736   2,14  gnome-shell
00:57:45     1000      6317     31,60      0,00 1461668528  315292   1,94  antigravity
00:57:45     1000      6757      1,60      0,00 34350140  170312   1,05  antigravity
00:57:45     1000      6771      0,60      0,00 33903964   81292   0,50  antigravity
00:57:45     1000      6820    110,40      0,00 1461417264  663816   4,09  antigravity
00:57:45     1000      7161      0,20      0,00 33951332   64332   0,40  antigravity
00:57:45     1000      7229      8,60      0,00 1461383544  129396   0,80  antigravity
00:57:45     1000      7244     25,20      0,00 1461351324  448052   2,76  antigravity
00:57:45     1000      7258      2,80      0,00 1461347760  125636   0,77  antigravity
00:57:45     1000      7260      3,60      0,00 1461367100  164148   1,01  antigravity
00:57:45     1000      8356      5,40      0,00 1459530528  100960   0,62  antigravity
00:57:45     1000      9291      7,60      0,00 55435272  374512   2,31  chrome
00:57:45     1000      9342      2,20      0,00 55467700  213696   1,32  chrome
00:57:45     1000      9345      3,40      0,00 54976356  135844   0,84  chrome
00:57:45     1000      9359      0,80      0,00 55015792   62664   0,39  chrome
00:57:45     1000     76014      0,40      0,00 1518513820  346448   2,13  chrome
00:57:45     1000     76063      0,20      0,00 55006444   86720   0,53  chrome
00:57:45     1000    110220     19,20      0,00 6506524  278640   1,72  java

00:57:40      UID       PID   kB_rd/s   kB_wr/s kB_ccwr/s iodelay  Command
00:57:45     1000      9291      0,00      2,40      0,00       0  chrome
00:57:45     1000    110188      0,00      0,91      0,00       0  pidstat
00:57:45     1000    110220      0,00      3,18      0,00       0  java

00:57:45      UID       PID    %usr %system  %guest   %wait    %CPU   CPU  Command
00:57:50        0         1    0,20    0,00    0,00    0,00    0,20     0  systemd
00:57:50        0        86    0,00    0,20    0,00    0,00    0,20     1  irq/9-acpi
00:57:50      990       903    0,80    0,00    0,00    0,00    0,80     2  dbus-daemon
00:57:50      115       930    1,40    0,40    0,00    0,00    1,80     6  prometheus-node
00:57:50      115       933    0,20    0,00    0,00    0,00    0,20     7  prometheus
00:57:50        0      1383    0,00    0,20    0,00    0,00    0,20     7  glances
00:57:50        0      1391    0,00    0,20    0,00    0,00    0,20     7  tailscaled
00:57:50        0      1423    0,40    0,00    0,00    0,00    0,40     2  containerd
00:57:50        0      2310    0,40    0,20    0,00    0,00    0,60     3  dockerd
00:57:50      117      2312    0,60    0,20    0,00    0,00    0,80     3  grafana
00:57:50        0      2932    0,20    0,00    0,00    0,00    0,20     0  mount.ntfs-3g
00:57:50        0      2976    0,20    0,00    0,00    0,00    0,20     6  containerd-shim
00:57:50        0      2977    0,20    0,00    0,00    0,00    0,20     7  containerd-shim
00:57:50        0      2981    0,00    0,20    0,00    0,00    0,20     0  containerd-shim
00:57:50      999      3130    0,60    0,00    0,00    0,00    0,60     3  redis-server
00:57:50     1000      4708    1,00    0,20    0,00    0,00    1,20     1  gnome-shell
00:57:50     1000      6339    1,20    0,00    0,00    0,00    1,20     5  gnome-terminal-
00:57:50     1000      6820    0,60    0,20    0,00    0,00    0,80     3  antigravity
00:57:50     1000      7059    1,80    1,60    0,00    0,20    3,40     5  language_server
00:57:50     1000      7229    0,20    0,00    0,00    0,00    0,20     0  antigravity
00:57:50     1000      7244    1,60    0,20    0,00    0,00    1,80     2  antigravity
00:57:50     1000      7260    0,40    0,00    0,00    0,00    0,40     2  antigravity
00:57:50     1000      8267    2,00    1,00    0,00    0,00    3,00     7  language_server
00:57:50     1000      8356    0,00    0,20    0,00    0,00    0,20     7  antigravity
00:57:50     1000      9291    0,00    0,20    0,00    0,00    0,20     6  chrome
00:57:50     1000      9500    0,20    0,00    0,00    0,00    0,20     5  chrome
00:57:50        0    102824    0,20    0,00    0,00    0,00    0,20     1  kworker/1:1-i915-unordered
00:57:50        0    109833    0,20    0,00    0,00    0,00    0,20     2  kworker/2:0-mm_percpu_wq
00:57:50     1000    110188    0,20    0,20    0,00    0,00    0,40     7  pidstat
00:57:50     1000    110220    5,60    2,00    0,00    0,00    7,60     6  java

00:57:45      UID       PID  minflt/s  majflt/s     VSZ     RSS   %MEM  Command
00:57:50      115       930     71,80      0,00 1762312   25644   0,16  prometheus-node
00:57:50        0      2975      1,00      0,00 1235352   13712   0,08  containerd-shim
00:57:50        0      2976      1,20      0,00 1235608   14764   0,09  containerd-shim
00:57:50        0      2977      2,60      0,00 1235352   14876   0,09  containerd-shim
00:57:50        0      2981      6,60      0,00 1235608   14896   0,09  containerd-shim
00:57:50        0      2982      5,60      0,00 1235608   15308   0,09  containerd-shim
00:57:50     1000      4708      0,60      0,00 5454468  346736   2,14  gnome-shell
00:57:50     1000      6317     35,60      0,00 1461668528  315212   1,94  antigravity
00:57:50     1000      6757      0,80      0,00 34350140  170312   1,05  antigravity
00:57:50     1000      6771      0,60      0,00 33903964   81292   0,50  antigravity
00:57:50     1000      6820    111,20      0,00 1461417264  666120   4,10  antigravity
00:57:50     1000      7161      0,20      0,00 33951332   64332   0,40  antigravity
00:57:50     1000      7229      5,80      0,00 1461383544  129396   0,80  antigravity
00:57:50     1000      7244     21,60      0,00 1461351324  448028   2,76  antigravity
00:57:50     1000      7258      6,00      0,00 1461347760  125636   0,77  antigravity
00:57:50     1000      7260      5,20      0,00 1461367100  164148   1,01  antigravity
00:57:50     1000      8356      5,20      0,00 1459530528  100960   0,62  antigravity
00:57:50     1000      9291      7,00      0,00 55435272  374512   2,31  chrome
00:57:50     1000      9342      4,40      0,00 55467700  213696   1,32  chrome
00:57:50     1000      9345      8,00      0,00 54976356  135844   0,84  chrome
00:57:50     1000      9359      0,40      0,00 55015792   62664   0,39  chrome
00:57:50     1000     76014      0,20      0,00 1518513820  346448   2,13  chrome
00:57:50     1000     76063      0,20      0,00 55006444   86720   0,53  chrome
00:57:50     1000    110220     78,20      0,00 6507552  288316   1,78  java

00:57:45      UID       PID   kB_rd/s   kB_wr/s kB_ccwr/s iodelay  Command
00:57:50     1000    110188      0,00      0,88      0,00       0  pidstat
00:57:50     1000    110220      0,00      1,68      0,00       0  java

00:57:50      UID       PID    %usr %system  %guest   %wait    %CPU   CPU  Command
00:57:55      115       933    0,20    0,00    0,00    0,00    0,20     7  prometheus
00:57:55        0      1383    0,20    0,00    0,00    0,00    0,20     7  glances
00:57:55        0      1423    0,40    0,20    0,00    0,00    0,60     2  containerd
00:57:55        0      2310    0,40    0,20    0,00    0,00    0,60     3  dockerd
00:57:55      117      2312    0,60    0,40    0,00    0,00    1,00     3  grafana
00:57:55        0      2932    0,00    0,20    0,00    0,00    0,20     7  mount.ntfs-3g
00:57:55        0      2976    0,00    0,20    0,00    0,00    0,20     6  containerd-shim
00:57:55        0      2977    0,00    0,20    0,00    0,00    0,20     7  containerd-shim
00:57:55      999      3130    0,40    0,00    0,00    0,00    0,40     2  redis-server
00:57:55     1000      4708    0,80    0,60    0,00    0,00    1,40     3  gnome-shell
00:57:55     1000      6317    0,20    0,20    0,00    0,00    0,40     5  antigravity
00:57:55     1000      6339    0,60    0,00    0,00    0,00    0,60     5  gnome-terminal-
00:57:55     1000      6820   12,20    0,60    0,00    0,00   12,80     6  antigravity
00:57:55     1000      7059    2,20    0,80    0,00    0,20    3,00     6  language_server
00:57:55     1000      7229    0,20    0,00    0,00    0,00    0,20     0  antigravity
00:57:55     1000      7244    1,40    0,20    0,00    0,20    1,60     5  antigravity
00:57:55     1000      7258    0,20    0,00    0,00    0,00    0,20     1  antigravity
00:57:55     1000      7260    0,60    0,00    0,00    0,00    0,60     0  antigravity
00:57:55     1000      8267    1,40    1,80    0,00    0,00    3,20     7  language_server
00:57:55     1000      9291    0,20    0,00    0,00    0,00    0,20     7  chrome
00:57:55     1000      9345    0,20    0,00    0,00    0,00    0,20     3  chrome
00:57:55     1000      9390    0,00    0,20    0,00    0,00    0,20     0  chrome
00:57:55     1000      9519    0,20    0,00    0,00    0,00    0,20     7  chrome
00:57:55     1000     76025    0,00    0,20    0,00    0,00    0,20     1  chrome
00:57:55        0    103884    0,00    0,20    0,00    0,00    0,20     4  kworker/4:1-events
00:57:55     1000    110188    0,00    0,40    0,00    0,00    0,40     7  pidstat
00:57:55     1000    110220    5,40    1,40    0,00    0,00    6,80     6  java

00:57:50      UID       PID  minflt/s  majflt/s     VSZ     RSS   %MEM  Command
00:57:55        0      2975     10,00      0,00 1235352   13968   0,09  containerd-shim
00:57:55        0      2976      4,80      0,00 1235608   15020   0,09  containerd-shim
00:57:55        0      2977      7,80      0,00 1235352   15004   0,09  containerd-shim
00:57:55        0      2981      3,80      0,00 1235608   14896   0,09  containerd-shim
00:57:55        0      2982      1,20      0,00 1235608   15308   0,09  containerd-shim
00:57:55     1000      4708      6,00      0,00 5454468  346736   2,14  gnome-shell
00:57:55     1000      6317     50,40      0,00 1461668528  315096   1,94  antigravity
00:57:55     1000      6757      0,80      0,00 34350140  170312   1,05  antigravity
00:57:55     1000      6771      1,20      0,00 33903964   81292   0,50  antigravity
00:57:55     1000      6820    171,20      0,00 1461417264  655200   4,04  antigravity
00:57:55     1000      7161      0,20      0,00 33951332   64332   0,40  antigravity
00:57:55     1000      7229      2,80      0,00 1461383544  129396   0,80  antigravity
00:57:55     1000      7244     26,00      0,00 1461351324  447752   2,76  antigravity
00:57:55     1000      7258      2,80      0,00 1461347760  125636   0,77  antigravity
00:57:55     1000      7260      3,40      0,00 1461367100  164148   1,01  antigravity
00:57:55     1000      8356      5,40      0,00 1459530528  100960   0,62  antigravity
00:57:55     1000      9291     13,00      0,00 55435272  374512   2,31  chrome
00:57:55     1000      9342      2,20      0,00 55467700  213696   1,32  chrome
00:57:55     1000      9345      4,00      0,00 54976356  135844   0,84  chrome
00:57:55     1000      9359      0,40      0,00 55015792   62664   0,39  chrome
00:57:55     1000     76014      0,40      0,00 1518513820  346448   2,13  chrome
00:57:55     1000     76063      0,20      0,00 55006444   86720   0,53  chrome
00:57:55     1000    110220     35,00      0,00 6507552  288956   1,78  java

00:57:50      UID       PID   kB_rd/s   kB_wr/s kB_ccwr/s iodelay  Command
00:57:55     1000      9291      0,00      9,60      0,00       0  chrome
00:57:55     1000    110188      0,00      0,99      0,00       0  pidstat
00:57:55     1000    110220      0,00      3,18      0,00       0  java

00:57:55      UID       PID    %usr %system  %guest   %wait    %CPU   CPU  Command
00:58:00        0      1423    0,20    0,20    0,00    0,00    0,40     2  containerd
00:58:00        0      2310    0,20    0,20    0,00    0,00    0,40     3  dockerd
00:58:00      117      2312    0,60    0,20    0,00    0,00    0,80     3  grafana
00:58:00        0      2932    0,40    0,00    0,00    0,00    0,40     6  mount.ntfs-3g
00:58:00        0      2975    0,20    0,00    0,00    0,00    0,20     7  containerd-shim
00:58:00        0      2976    0,20    0,00    0,00    0,00    0,20     6  containerd-shim
00:58:00        0      2981    0,00    0,20    0,00    0,00    0,20     0  containerd-shim
00:58:00        0      2982    0,20    0,00    0,00    0,00    0,20     1  containerd-shim
00:58:00      999      3130    0,20    0,20    0,00    0,00    0,40     3  redis-server
00:58:00     1000      4708    0,60    0,40    0,00    0,00    1,00     1  gnome-shell
00:58:00     1000      6317    0,20    0,00    0,00    0,00    0,20     5  antigravity
00:58:00     1000      6339    0,60    0,00    0,00    0,00    0,60     5  gnome-terminal-
00:58:00     1000      6757    0,20    0,00    0,00    0,00    0,20     7  antigravity
00:58:00     1000      6820    1,20    0,00    0,00    0,00    1,20     1  antigravity
00:58:00     1000      7059    1,20    1,80    0,00    0,00    3,00     2  language_server
00:58:00     1000      7229    0,20    0,20    0,00    0,00    0,40     0  antigravity
00:58:00     1000      7244    1,40    0,60    0,00    0,00    2,00     6  antigravity
00:58:00     1000      7260    0,60    0,20    0,00    0,00    0,80     3  antigravity
00:58:00     1000      8267    3,00    1,20    0,00    0,00    4,20     7  language_server
00:58:00     1000      9291    0,00    0,20    0,00    0,00    0,20     0  chrome
00:58:00     1000      9359    0,20    0,00    0,00    0,00    0,20     5  chrome
00:58:00     1000      9519    0,20    0,20    0,00    0,00    0,40     7  chrome
00:58:00     1000     76014    0,20    0,00    0,00   18,20    0,20     4  chrome
00:58:00     1000     76063    0,20    0,00    0,00    0,00    0,20     1  chrome
00:58:00     1000     91682    0,00    0,20    0,00    0,00    0,20     6  ssh
00:58:00     1000     98039    0,20    0,00    0,00    0,00    0,20     3  antigravity
00:58:00        0    104961    0,00    0,20    0,00    0,20    0,20     6  kworker/6:0-i915-unordered
00:58:00        0    106463    0,20    0,00    0,00    0,00    0,20     7  kworker/7:1-mm_percpu_wq
00:58:00     1000    110188    0,20    0,20    0,00    0,00    0,40     7  pidstat
00:58:00     1000    110220   12,00    1,00    0,00    0,00   13,00     6  java

00:57:55      UID       PID  minflt/s  majflt/s     VSZ     RSS   %MEM  Command
00:58:00        0      2975      1,80      0,00 1235352   13456   0,08  containerd-shim
00:58:00        0      2976      3,80      0,00 1235608   14352   0,09  containerd-shim
00:58:00        0      2977      9,80      0,00 1235352   14344   0,09  containerd-shim
00:58:00        0      2981      9,00      0,00 1235608   14004   0,09  containerd-shim
00:58:00        0      2982      0,80      0,00 1235608   14624   0,09  containerd-shim
00:58:00     1000      4708      1,00      0,00 5454540  346736   2,14  gnome-shell
00:58:00     1000      6317     33,40      0,00 1461668528  314996   1,94  antigravity
00:58:00     1000      6757      4,40      0,00 34347196  170312   1,05  antigravity
00:58:00     1000      6771      0,60      0,00 33903964   81292   0,50  antigravity
00:58:00     1000      6820    160,60      0,00 1461417264  656836   4,05  antigravity
00:58:00     1000      7161      0,40      0,00 33951332   64332   0,40  antigravity
00:58:00     1000      7229      5,80      0,00 1461383544  129396   0,80  antigravity
00:58:00     1000      7244     39,20      0,00 1461351324  447944   2,76  antigravity
00:58:00     1000      7258      2,80      0,00 1461347760  125636   0,77  antigravity
00:58:00     1000      7260      3,00      0,00 1461367100  164148   1,01  antigravity
00:58:00     1000      8356      5,20      0,00 1459530528  100960   0,62  antigravity
00:58:00     1000      9291     14,00      0,00 55435272  374512   2,31  chrome
00:58:00     1000      9342      2,20      0,00 55467700  213696   1,32  chrome
00:58:00     1000      9345      4,60      0,00 54976356  135844   0,84  chrome
00:58:00     1000      9359      0,40      0,00 55015792   62664   0,39  chrome
00:58:00     1000      9519      0,00      0,00 1518554232  354392   2,18  chrome
00:58:00     1000     76014      0,60      0,00 1518513820  346576   2,14  chrome
00:58:00     1000     76063      0,40      0,00 55006444   86720   0,53  chrome
00:58:00     1000    110220    683,00      0,00 6507552  296976   1,83  java

00:57:55      UID       PID   kB_rd/s   kB_wr/s kB_ccwr/s iodelay  Command
00:58:00     1000    110188      0,00      0,93      0,00       0  pidstat
00:58:00     1000    110220      0,00      3,31      0,00       0  java

00:58:00      UID       PID    %usr %system  %guest   %wait    %CPU   CPU  Command
00:58:05        0         1    0,20    0,00    0,00    0,00    0,20     5  systemd
00:58:05        0        86    0,00    0,20    0,00    0,00    0,20     1  irq/9-acpi
00:58:05        0       120    0,00    0,20    0,00    0,00    0,20     7  kworker/u33:0-i915_flip
00:58:05      990       903    0,60    0,20    0,00    0,00    0,80     2  dbus-daemon
00:58:05      115       930    1,20    0,40    0,00    0,00    1,60     6  prometheus-node
00:58:05      115       933    0,40    0,00    0,00    0,00    0,40     2  prometheus
00:58:05        0      1383    0,20    0,00    0,00    0,00    0,20     7  glances
00:58:05        0      1391    0,20    0,00    0,00    0,00    0,20     6  tailscaled
00:58:05        0      1423    0,20    0,00    0,00    0,00    0,20     2  containerd
00:58:05        0      2310    0,40    0,20    0,00    0,00    0,60     3  dockerd
00:58:05      117      2312    1,00    0,20    0,00    0,00    1,20     3  grafana
00:58:05        0      2932    0,20    0,20    0,00    0,00    0,40     2  mount.ntfs-3g
00:58:05        0      2977    0,20    0,00    0,00    0,00    0,20     7  containerd-shim
00:58:05        0      2982    0,00    0,20    0,00    0,00    0,20     1  containerd-shim
00:58:05      999      3130    0,40    0,00    0,00    0,00    0,40     2  redis-server
00:58:05     1000      4708    1,20    0,20    0,00    0,00    1,40     3  gnome-shell
00:58:05     1000      6317    0,20    0,00    0,00    0,00    0,20     7  antigravity
00:58:05     1000      6339    1,00    0,00    0,00    0,00    1,00     2  gnome-terminal-
00:58:05     1000      6820    0,80    0,20    0,00    0,00    1,00     1  antigravity
00:58:05     1000      7059    2,00    0,80    0,00    0,00    2,80     5  language_server
00:58:05     1000      7229    0,20    0,20    0,00    0,00    0,40     3  antigravity
00:58:05     1000      7244    1,40    0,40    0,00    0,00    1,80     7  antigravity
00:58:05     1000      7260    0,40    0,20    0,00    0,00    0,60     2  antigravity
00:58:05     1000      8267    1,40    1,80    0,00    0,00    3,20     7  language_server
00:58:05     1000      8356    0,00    0,20    0,00    0,00    0,20     0  antigravity
00:58:05     1000      9291    0,20    0,00    0,00    0,00    0,20     0  chrome
00:58:05     1000      9345    0,00    0,20    0,00    0,00    0,20     3  chrome
00:58:05     1000      9359    0,00    0,20    0,00    0,00    0,20     6  chrome
00:58:05     1000    110188    0,20    0,40    0,00    0,00    0,60     7  pidstat
00:58:05     1000    110220    5,20    0,80    0,00    0,00    6,00     6  java

00:58:00      UID       PID  minflt/s  majflt/s     VSZ     RSS   %MEM  Command
00:58:05      115       930    124,40      0,00 1762312   25864   0,16  prometheus-node
00:58:05        0      2975     11,80      0,00 1235352   13712   0,08  containerd-shim
00:58:05        0      2976     10,40      0,00 1235608   14480   0,09  containerd-shim
00:58:05        0      2977      9,80      0,00 1235352   14472   0,09  containerd-shim
00:58:05        0      2981     11,40      0,00 1235608   14004   0,09  containerd-shim
00:58:05        0      2982     14,40      0,00 1235608   14752   0,09  containerd-shim
00:58:05     1000      4708      6,80      0,00 5454532  346608   2,14  gnome-shell
00:58:05     1000      6317     31,60      0,00 1461668528  315100   1,94  antigravity
00:58:05     1000      6757      1,20      0,00 34347196  170312   1,05  antigravity
00:58:05     1000      6771      0,60      0,00 33903964   81292   0,50  antigravity
00:58:05     1000      6820    107,60      0,00 1461417264  658884   4,06  antigravity
00:58:05     1000      7161      0,20      0,00 33951332   64332   0,40  antigravity
00:58:05     1000      7229    135,60      0,00 1461383544  129268   0,80  antigravity
00:58:05     1000      7244     41,80      0,00 1461351324  448016   2,76  antigravity
00:58:05     1000      7258      3,40      0,00 1461347760  125636   0,77  antigravity
00:58:05     1000      7260      3,60      0,00 1461367100  164148   1,01  antigravity
00:58:05     1000      8356      5,40      0,00 1459530528  100960   0,62  antigravity
00:58:05     1000      9291      7,00      0,00 55435272  374512   2,31  chrome
00:58:05     1000      9342      2,20      0,00 55467700  213696   1,32  chrome
00:58:05     1000      9345      4,00      0,00 54976356  135844   0,84  chrome
00:58:05     1000      9359      0,80      0,00 55015792   62664   0,39  chrome
00:58:05     1000     76014      0,40      0,00 1518513820  346576   2,14  chrome
00:58:05     1000     76063      0,20      0,00 55006444   86720   0,53  chrome
00:58:05     1000    110220     29,40      0,00 6507552  297360   1,83  java

00:58:00      UID       PID   kB_rd/s   kB_wr/s kB_ccwr/s iodelay  Command
00:58:05     1000    110188      0,00      0,98      0,00       0  pidstat
00:58:05     1000    110220      0,00      1,70      0,00       0  java

00:58:05      UID       PID    %usr %system  %guest   %wait    %CPU   CPU  Command
00:58:10        0      1383    0,20    0,00    0,00    0,00    0,20     7  glances
00:58:10        0      1423    0,20    0,20    0,00    0,00    0,40     2  containerd
00:58:10        0      2310    0,20    0,20    0,00    0,00    0,40     3  dockerd
00:58:10      117      2312    0,60    0,40    0,00    0,00    1,00     3  grafana
00:58:10        0      2932    0,20    0,00    0,00    0,00    0,20     3  mount.ntfs-3g
00:58:10        0      2975    0,20    0,00    0,00    0,00    0,20     7  containerd-shim
00:58:10        0      2977    0,00    0,20    0,00    0,00    0,20     7  containerd-shim
00:58:10        0      2981    0,00    0,20    0,00    0,00    0,20     0  containerd-shim
00:58:10      999      3130    0,60    0,00    0,00    0,00    0,60     4  redis-server
00:58:10     1000      4708    0,60    0,40    0,00    0,00    1,00     3  gnome-shell
00:58:10     1000      5107    0,00    0,20    0,00    0,00    0,20     7  anydesk
00:58:10     1000      6317    0,00    0,20    0,00    0,00    0,20     7  antigravity
00:58:10     1000      6339    0,60    0,00    0,00    0,00    0,60     2  gnome-terminal-
00:58:10     1000      6820    1,00    0,20    0,00    0,00    1,20     1  antigravity
00:58:10     1000      7059    1,60    1,80    0,00    0,00    3,40     0  language_server
00:58:10     1000      7229    0,00    0,20    0,00    0,00    0,20     3  antigravity
00:58:10     1000      7244    1,60    0,00    0,00    0,00    1,60     0  antigravity
00:58:10     1000      7260    0,60    0,00    0,00    7,40    0,60     4  antigravity
00:58:10     1000      8267    1,80    1,60    0,00    0,00    3,40     7  language_server
00:58:10     1000      8356    0,20    0,00    0,00    0,00    0,20     2  antigravity
00:58:10     1000      9291    0,20    0,00    0,00    0,00    0,20     0  chrome
00:58:10     1000      9519    0,20    0,00    0,00    0,00    0,20     5  chrome
00:58:10        0    107265    0,20    0,00    0,00    0,00    0,20     0  kworker/0:0-events_freezable
00:58:10     1000    110188    0,00    0,20    0,00    0,00    0,20     1  pidstat
00:58:10     1000    110220    4,40    0,80    0,00    0,00    5,20     6  java

00:58:05      UID       PID  minflt/s  majflt/s     VSZ     RSS   %MEM  Command
00:58:10        0       376      0,20      0,00  188968  108948   0,67  systemd-journal
00:58:10        0      2975     12,20      0,00 1235352   13968   0,09  containerd-shim
00:58:10        0      2976     11,60      0,00 1235608   14608   0,09  containerd-shim
00:58:10        0      2977     15,00      0,00 1235352   14728   0,09  containerd-shim
00:58:10        0      2981     13,00      0,00 1235608   14260   0,09  containerd-shim
00:58:10        0      2982     13,20      0,00 1235608   15136   0,09  containerd-shim
00:58:10     1000      4708      1,00      0,00 5454468  346608   2,14  gnome-shell
00:58:10     1000      6317     31,40      0,00 1461668528  315080   1,94  antigravity
00:58:10     1000      6757      0,80      0,00 34347196  170312   1,05  antigravity
00:58:10     1000      6771      0,60      0,00 33903964   81292   0,50  antigravity
00:58:10     1000      6820    112,20      0,00 1461417264  661060   4,07  antigravity
00:58:10     1000      7161      0,20      0,00 33951332   64332   0,40  antigravity
00:58:10     1000      7229     95,00      0,00 1461383544  129268   0,80  antigravity
00:58:10     1000      7244     16,80      0,00 1461351324  448004   2,76  antigravity
00:58:10     1000      7258      5,20      0,00 1461347760  125636   0,77  antigravity
00:58:10     1000      7260     66,00      0,00 1461367100  164300   1,01  antigravity
00:58:10     1000      8356      5,60      0,00 1459530528  100960   0,62  antigravity
00:58:10     1000      9291     10,60      0,00 55435272  374640   2,31  chrome
00:58:10     1000      9342      4,40      0,00 55467700  213696   1,32  chrome
00:58:10     1000      9345      9,00      0,00 54976356  135844   0,84  chrome
00:58:10     1000      9359      0,40      0,00 55015792   62664   0,39  chrome
00:58:10     1000     76014      0,20      0,00 1518513820  346576   2,14  chrome
00:58:10     1000     76063      0,20      0,00 55006444   86720   0,53  chrome
00:58:10     1000    110220     23,40      0,00 6507552  297616   1,83  java

00:58:05      UID       PID   kB_rd/s   kB_wr/s kB_ccwr/s iodelay  Command
00:58:10     1000      9345      0,00     14,40      0,00       0  chrome
00:58:10     1000    110188      0,00      0,98      0,00       0  pidstat
00:58:10     1000    110220      0,00      3,22      0,00       0  java

00:58:10      UID       PID    %usr %system  %guest   %wait    %CPU   CPU  Command
00:58:15        0         1    0,40    0,20    0,00    0,00    0,60     5  systemd
00:58:15        0        17    0,00    0,20    0,00    0,00    0,20     1  rcu_preempt
00:58:15        0       376    0,20    0,00    0,00    0,00    0,20     2  systemd-journal
00:58:15        0       408    0,00    0,20    0,00    0,00    0,20     3  systemd-udevd
00:58:15      102       898    0,20    0,00    0,00    0,00    0,20     0  avahi-daemon
00:58:15      990       903    0,40    0,20    0,00    0,00    0,60     7  dbus-daemon
00:58:15      986       924    0,20    0,00    0,00    0,00    0,20     6  polkitd
00:58:15      115       933    0,20    0,00    0,00    0,00    0,20     2  prometheus
00:58:15        0      1079    0,20    0,00    0,00    0,20    0,20     6  NetworkManager
00:58:15        0      1165    0,20    0,00    0,00    0,00    0,20     4  ModemManager
00:58:15        0      1391    0,20    0,20    0,00    0,00    0,40     0  tailscaled
00:58:15        0      1411    0,00    0,20    0,00    0,00    0,20     2  anydesk
00:58:15        0      1423    1,40    0,00    0,00    0,00    1,40     2  containerd
00:58:15        0      2310    0,80    1,00    0,00    0,00    1,80     3  dockerd
00:58:15      117      2312    1,60    0,20    0,00    0,00    1,80     3  grafana
00:58:15        0      2932    0,00    0,40    0,00    0,00    0,40     7  mount.ntfs-3g
00:58:15        0      2975    0,00    0,20    0,00    0,00    0,20     7  containerd-shim
00:58:15        0      2976    0,20    0,00    0,00    0,00    0,20     6  containerd-shim
00:58:15        0      2982    0,20    0,00    0,00    0,00    0,20     1  containerd-shim
00:58:15      999      3130    0,40    0,00    0,00    0,00    0,40     5  redis-server
00:58:15     1000      4549    0,00    0,20    0,00    0,00    0,20     3  systemd
00:58:15     1000      4569    0,20    0,00    0,00    0,00    0,20     6  dbus-daemon
00:58:15     1000      4708    1,60    0,40    0,00    0,00    2,00     3  gnome-shell
00:58:15     1000      5021    0,20    0,00    0,00    0,00    0,20     4  gsd-housekeepin
00:58:15     1000      5043    0,20    0,00    0,00    0,00    0,20     2  gnome-software
00:58:15     1000      5268    0,00    0,20    0,00    0,00    0,20     7  gvfs-udisks2-vo
00:58:15     1000      5504    0,20    0,00    0,00    0,00    0,20     1  xdg-desktop-por
00:58:15     1000      6317    0,20    0,00    0,00    0,00    0,20     1  antigravity
00:58:15     1000      6339    1,20    0,20    0,00    0,00    1,40     2  gnome-terminal-
00:58:15     1000      6820    0,80    0,20    0,00    0,00    1,00     3  antigravity
00:58:15     1000      7059    2,00    1,00    0,00    0,00    3,00     4  language_server
00:58:15     1000      7229    0,20    0,20    0,00    0,00    0,40     4  antigravity
00:58:15     1000      7244    1,20    0,60    0,00    0,00    1,80     1  antigravity
00:58:15     1000      7260    0,60    0,20    0,00    0,00    0,80     4  antigravity
00:58:15     1000      8267    2,20    0,80    0,00    0,00    3,00     7  language_server
00:58:15     1000      9291    0,20    0,00    0,00    0,00    0,20     7  chrome
00:58:15     1000      9342    0,20    0,00    0,00    0,00    0,20     5  chrome
00:58:15     1000      9519    0,20    0,00    0,00    0,00    0,20     2  chrome
00:58:15     1000     76014    0,00    0,20    0,00    0,00    0,20     0  chrome
00:58:15     1000     91682    0,00    0,20    0,00    0,00    0,20     3  ssh
00:58:15        0     99362    0,00    0,20    0,00    0,60    0,20     5  kworker/u32:5-kvfree_rcu_reclaim
00:58:15        0    108416    0,20    0,00    0,00    0,00    0,20     0  cups-browsed
00:58:15     1000    110188    0,20    0,40    0,00    0,00    0,60     2  pidstat
00:58:15     1000    110220    6,40    1,40    0,00    0,00    7,80     6  java

00:58:10      UID       PID  minflt/s  majflt/s     VSZ     RSS   %MEM  Command
00:58:15        0       376     46,60      0,00  188968  108948   0,67  systemd-journal
00:58:15        0       408     99,80      0,00   37544   10908   0,07  systemd-udevd
00:58:15        0      1423     22,00      0,00 2463900   70656   0,44  containerd
00:58:15      114      1526      3,80      0,00  218252   29568   0,18  postgres
00:58:15        0      2310      0,20      0,00 3498856  111928   0,69  dockerd
00:58:15        0      2975     11,20      0,00 1235352   14096   0,09  containerd-shim
00:58:15        0      2976     15,20      0,00 1235608   14864   0,09  containerd-shim
00:58:15        0      2977      6,60      0,00 1235352   14856   0,09  containerd-shim
00:58:15        0      2981      8,60      0,00 1235608   14388   0,09  containerd-shim
00:58:15        0      2982      6,40      0,00 1235608   15392   0,09  containerd-shim
00:58:15     1000      4708      8,80      0,00 5454468  346608   2,14  gnome-shell
00:58:15        0      5954      0,20      0,00  370432   46948   0,29  fwupd
00:58:15     1000      6317     38,00      0,00 1461668528  315224   1,94  antigravity
00:58:15     1000      6757      0,80      0,00 34347196  170312   1,05  antigravity
00:58:15     1000      6771      1,20      0,00 33903964   81292   0,50  antigravity
00:58:15     1000      6820    109,00      0,00 1461417264  663236   4,09  antigravity
00:58:15     1000      7161      0,20      0,00 33951332   64332   0,40  antigravity
00:58:15     1000      7229     21,40      0,00 1461383544  129268   0,80  antigravity
00:58:15     1000      7244     12,20      0,00 1461351324  447992   2,76  antigravity
00:58:15     1000      7258      3,40      0,00 1461347760  125636   0,77  antigravity
00:58:15     1000      7260      3,40      0,00 1461367100  164300   1,01  antigravity
00:58:15     1000      8356      5,00      0,00 1459530528  100960   0,62  antigravity
00:58:15     1000      9291      7,80      0,00 55435272  374480   2,31  chrome
00:58:15     1000      9342      2,20      0,00 55467700  213696   1,32  chrome
00:58:15     1000      9345      3,60      0,00 54976356  135844   0,84  chrome
00:58:15     1000      9359      0,40      0,00 55015792   62664   0,39  chrome
00:58:15     1000     76014      0,60      0,00 1518513820  346576   2,14  chrome
00:58:15     1000     76063      0,20      0,00 55006444   86720   0,53  chrome
00:58:15     1000    110220     17,80      0,00 6507552  304492   1,88  java

00:58:10      UID       PID   kB_rd/s   kB_wr/s kB_ccwr/s iodelay  Command
00:58:15     1000      9291      0,00      2,40      0,00       0  chrome
00:58:15     1000    110188      0,00      0,91      0,00       0  pidstat
00:58:15     1000    110220      0,00      3,22      0,00       0  java

00:58:15      UID       PID    %usr %system  %guest   %wait    %CPU   CPU  Command
00:58:20        0         1    0,20    0,20    0,00    0,00    0,40     5  systemd
00:58:20      990       903    0,60    0,20    0,00    0,00    0,80     6  dbus-daemon
00:58:20      115       930    1,20    0,60    0,00    0,00    1,80     6  prometheus-node
00:58:20      115       933    0,20    0,20    0,00    0,00    0,40     2  prometheus
00:58:20        0       942    0,20    0,00    0,00    0,00    0,20     2  systemd-logind
00:58:20        0      1383    0,20    0,00    0,00    0,00    0,20     7  glances
00:58:20        0      1391    0,20    0,00    0,00    0,00    0,20     4  tailscaled
00:58:20        0      1423    0,40    0,20    0,00    0,00    0,60     2  containerd
00:58:20        0      2310    0,20    0,00    0,00    0,00    0,20     3  dockerd
00:58:20      117      2312    0,60    0,20    0,00    0,00    0,80     3  grafana
00:58:20        0      2932    0,40    0,00    0,00    0,00    0,40     5  mount.ntfs-3g
00:58:20        0      2977    0,00    0,20    0,00    0,00    0,20     7  containerd-shim
00:58:20        0      2981    0,00    0,20    0,00    0,00    0,20     0  containerd-shim
00:58:20      999      3130    0,40    0,00    0,00    0,00    0,40     0  redis-server
00:58:20     1000      4708    0,60    0,20    0,00    0,00    0,80     6  gnome-shell
00:58:20     1000      6317    0,20    0,00    0,00    0,00    0,20     3  antigravity
00:58:20     1000      6339    0,80    0,00    0,00    0,00    0,80     7  gnome-terminal-
00:58:20     1000      6820    1,00    0,00    0,00    0,00    1,00     6  antigravity
00:58:20     1000      7059    1,40    1,40    0,00    0,00    2,80     1  language_server
00:58:20     1000      7229    0,40    0,00    0,00    0,00    0,40     0  antigravity
00:58:20     1000      7244    1,40    0,20    0,00    0,00    1,60     1  antigravity
00:58:20     1000      7260    0,60    0,20    0,00    0,00    0,80     3  antigravity
00:58:20     1000      8267    1,40    1,40    0,00    0,00    2,80     7  language_server
00:58:20     1000      8356    0,20    0,00    0,00    0,00    0,20     3  antigravity
00:58:20     1000      9291    0,20    0,00    0,00    0,00    0,20     1  chrome
00:58:20     1000      9519    0,00    0,20    0,00    0,00    0,20     5  chrome
00:58:20     1000     98039    0,20    0,00    0,00    0,00    0,20     0  antigravity
00:58:20     1000    110188    0,20    0,20    0,00    0,00    0,40     2  pidstat
00:58:20     1000    110220    7,20    1,80    0,00    0,00    9,00     6  java

00:58:15      UID       PID  minflt/s  majflt/s     VSZ     RSS   %MEM  Command
00:58:20        0         1     12,80      0,00   24788   14916   0,09  systemd
00:58:20        0       376      8,60      0,00  188968  108948   0,67  systemd-journal
00:58:20      115       930     67,20      0,00 1762312   25604   0,16  prometheus-node
00:58:20        0      2975      0,80      0,00 1235352   14096   0,09  containerd-shim
00:58:20        0      2976      0,20      0,00 1235608   14992   0,09  containerd-shim
00:58:20        0      2977      5,60      0,00 1235352   14984   0,09  containerd-shim
00:58:20        0      2981      0,60      0,00 1235608   14388   0,09  containerd-shim
00:58:20        0      2982     10,00      0,00 1235608   15520   0,10  containerd-shim
00:58:20     1000      4708      0,80      0,00 5454532  346608   2,14  gnome-shell
00:58:20     1000      6317     36,00      0,00 1461668528  315064   1,94  antigravity
00:58:20     1000      6757      0,80      0,00 34347196  170312   1,05  antigravity
00:58:20     1000      6771      0,60      0,00 33903964   81292   0,50  antigravity
00:58:20     1000      6820    111,60      0,00 1461417264  665284   4,10  antigravity
00:58:20     1000      7161      0,40      0,00 33951332   64332   0,40  antigravity
00:58:20     1000      7229      2,80      0,00 1461383544  129268   0,80  antigravity
00:58:20     1000      7244     12,00      0,00 1461351324  448120   2,76  antigravity
00:58:20     1000      7258      3,40      0,00 1461347760  125636   0,77  antigravity
00:58:20     1000      7260      4,60      0,00 1461367100  164300   1,01  antigravity
00:58:20     1000      8356      5,20      0,00 1459530528  100960   0,62  antigravity
00:58:20     1000      9291     15,00      0,00 55435272  374480   2,31  chrome
00:58:20     1000      9342      2,20      0,00 55467700  213696   1,32  chrome
00:58:20     1000      9345      4,60      0,00 54976356  135844   0,84  chrome
00:58:20     1000      9359      0,40      0,00 55015792   62664   0,39  chrome
00:58:20     1000      9519      0,00      0,00 1518554232  352768   2,17  chrome
00:58:20     1000     76014      0,20      0,00 1518513820  346576   2,14  chrome
00:58:20     1000     76063      0,40      0,00 55006444   86720   0,53  chrome
00:58:20     1000    110220     23,20      0,00 6507552  304620   1,88  java

00:58:15      UID       PID   kB_rd/s   kB_wr/s kB_ccwr/s iodelay  Command
00:58:20     1000      6317      0,00      2,40      0,00       0  antigravity
00:58:20     1000      9291      0,00      4,00      0,00       0  chrome
00:58:20     1000    110188      0,00      1,32      0,00       0  pidstat
00:58:20     1000    110220      0,00      3,22      0,00       0  java

00:58:20      UID       PID    %usr %system  %guest   %wait    %CPU   CPU  Command
00:58:25        0      1383    0,20    0,00    0,00    0,00    0,20     7  glances
00:58:25        0      1391    0,20    0,00    0,00    0,00    0,20     4  tailscaled
00:58:25        0      1411    0,20    0,00    0,00    0,00    0,20     2  anydesk
00:58:25        0      1423    0,20    0,00    0,00    0,00    0,20     2  containerd
00:58:25        0      2310    0,40    0,20    0,00    0,00    0,60     3  dockerd
00:58:25      117      2312    0,60    0,40    0,00    0,00    1,00     3  grafana
00:58:25        0      2932    0,20    0,20    0,00    0,00    0,40     1  mount.ntfs-3g
00:58:25        0      2975    0,20    0,00    0,00    0,00    0,20     7  containerd-shim
00:58:25        0      2976    0,00    0,20    0,00    0,00    0,20     6  containerd-shim
00:58:25        0      2977    0,20    0,00    0,00    0,00    0,20     7  containerd-shim
00:58:25        0      2982    0,20    0,00    0,00    0,00    0,20     1  containerd-shim
00:58:25      999      3130    0,40    0,00    0,00    0,20    0,40     7  redis-server
00:58:25     1000      4708    1,00    0,20    0,00    0,00    1,20     3  gnome-shell
00:58:25     1000      6317    0,00    0,20    0,00    0,00    0,20     1  antigravity
00:58:25     1000      6339    0,80    0,00    0,00    0,00    0,80     7  gnome-terminal-
00:58:25     1000      6820   12,00    0,40    0,00    0,00   12,40     0  antigravity
00:58:25     1000      7059    2,00    1,40    0,00    0,00    3,40     5  language_server
00:58:25     1000      7229    0,20    0,00    0,00    0,00    0,20     3  antigravity
00:58:25     1000      7244    1,20    0,40    0,00    0,00    1,60     3  antigravity
00:58:25     1000      7260    0,40    0,20    0,00    0,00    0,60     5  antigravity
00:58:25     1000      8267    1,20    2,00    0,00    0,00    3,20     7  language_server
00:58:25     1000      9291    0,20    0,20    0,00    0,00    0,40     1  chrome
00:58:25     1000      9519    0,20    0,00    0,00    0,00    0,20     5  chrome
00:58:25     1000    110188    0,20    0,20    0,00    0,00    0,40     4  pidstat
00:58:25     1000    110220    3,80    1,20    0,00    0,00    5,00     6  java

00:58:20      UID       PID  minflt/s  majflt/s     VSZ     RSS   %MEM  Command
00:58:25        0      1423      2,80      0,00 2463900   70656   0,44  containerd
00:58:25        0      2975      2,60      0,00 1235352   14096   0,09  containerd-shim
00:58:25        0      2977      0,20      0,00 1235352   14984   0,09  containerd-shim
00:58:25        0      2981      0,20      0,00 1235608   14388   0,09  containerd-shim
00:58:25        0      2982      6,00      0,00 1235608   15220   0,09  containerd-shim
00:58:25       70      3117      4,20      0,00  174540   25424   0,16  postgres
00:58:25     1000      4708      6,40      0,00 5454468  346608   2,14  gnome-shell
00:58:25     1000      6317     31,60      0,00 1461668528  314996   1,94  antigravity
00:58:25     1000      6757      1,60      0,00 34347196  170312   1,05  antigravity
00:58:25     1000      6771      0,60      0,00 33903964   81292   0,50  antigravity
00:58:25     1000      6820    224,40      0,00 1461417264  655352   4,04  antigravity
00:58:25     1000      7161      0,20      0,00 33951332   64332   0,40  antigravity
00:58:25     1000      7229      2,40      0,00 1461383544  129268   0,80  antigravity
00:58:25     1000      7244     25,80      0,00 1461351324  447860   2,76  antigravity
00:58:25     1000      7258      2,60      0,00 1461347760  125636   0,77  antigravity
00:58:25     1000      7260      3,60      0,00 1461367100  164300   1,01  antigravity
00:58:25     1000      8356      5,40      0,00 1459530528  100960   0,62  antigravity
00:58:25     1000      9291     21,20      0,00 55435272  374480   2,31  chrome
00:58:25     1000      9342      2,20      0,00 55467700  213696   1,32  chrome
00:58:25     1000      9345      4,00      0,00 54976356  135844   0,84  chrome
00:58:25     1000      9359      0,80      0,00 55015792   62664   0,39  chrome
00:58:25     1000     76014      0,60      0,00 1518513820  346576   2,14  chrome
00:58:25     1000     76063      0,40      0,00 55006444   86720   0,53  chrome
00:58:25     1000    110220     15,60      0,00 6507552  305004   1,88  java

00:58:20      UID       PID   kB_rd/s   kB_wr/s kB_ccwr/s iodelay  Command
00:58:25     1000      9291      0,00     20,80      0,00       0  chrome
00:58:25     1000    110188      0,00      1,04      0,00       0  pidstat
00:58:25     1000    110220      0,00      1,70      0,00       0  java

00:58:25      UID       PID    %usr %system  %guest   %wait    %CPU   CPU  Command
00:58:30      115       933    0,20    0,00    0,00    0,00    0,20     7  prometheus
00:58:30        0      1423    0,40    0,20    0,00    0,00    0,60     2  containerd
00:58:30        0      1554    0,00    0,20    0,00    0,00    0,20     5  apache2
00:58:30        0      2310    0,40    0,20    0,00    0,00    0,60     3  dockerd
00:58:30      117      2312    0,60    0,40    0,00    0,00    1,00     3  grafana
00:58:30        0      2932    0,20    0,20    0,00    0,00    0,40     6  mount.ntfs-3g
00:58:30        0      2975    0,00    0,20    0,00    0,00    0,20     7  containerd-shim
00:58:30        0      2976    0,20    0,00    0,00    0,00    0,20     6  containerd-shim
00:58:30        0      2981    0,20    0,20    0,00    0,00    0,40     0  containerd-shim
00:58:30        0      2982    0,00    0,20    0,00    0,00    0,20     1  containerd-shim
00:58:30      999      3130    0,20    0,20    0,00    0,00    0,40     7  redis-server
00:58:30     1000      4708    0,80    0,40    0,00    0,00    1,20     3  gnome-shell
00:58:30     1000      6317    0,20    0,00    0,00    0,00    0,20     1  antigravity
00:58:30     1000      6339    1,00    0,00    0,00    0,00    1,00     6  gnome-terminal-
00:58:30     1000      6757    0,00    0,20    0,00    0,00    0,20     6  antigravity
00:58:30     1000      6820    1,20    0,20    0,00    0,00    1,40     0  antigravity
00:58:30     1000      7059    1,80    1,20    0,00    0,00    3,00     4  language_server
00:58:30     1000      7229    0,20    0,20    0,00    0,00    0,40     7  antigravity
00:58:30     1000      7244    1,40    0,40    0,00    0,00    1,80     5  antigravity
00:58:30     1000      7260    0,60    0,00    0,00    0,00    0,60     3  antigravity
00:58:30     1000      8267    1,60    1,80    0,00    0,00    3,40     7  language_server
00:58:30     1000      8356    0,20    0,00    0,00    0,00    0,20     7  antigravity
00:58:30     1000      9291    0,20    0,00    0,00    0,00    0,20     1  chrome
00:58:30        0    104961    0,00    0,20    0,00    0,20    0,20     6  kworker/6:0-events
00:58:30     1000    110188    0,20    0,40    0,00    0,00    0,60     4  pidstat
00:58:30     1000    110220    3,80    1,00    0,00    0,00    4,80     6  java

00:58:25      UID       PID  minflt/s  majflt/s     VSZ     RSS   %MEM  Command
00:58:30        0      1423      0,20      0,00 2463900   70656   0,44  containerd
00:58:30        0      2975      5,40      0,00 1235352   13440   0,08  containerd-shim
00:58:30        0      2976      6,20      0,00 1235608   14416   0,09  containerd-shim
00:58:30        0      2977      9,80      0,00 1235352   14204   0,09  containerd-shim
00:58:30        0      2981      8,80      0,00 1235608   13928   0,09  containerd-shim
00:58:30        0      2982      5,00      0,00 1235608   14668   0,09  containerd-shim
00:58:30     1000      4708      0,80      0,00 5454532  346608   2,14  gnome-shell
00:58:30     1000      6317     36,00      0,00 1461668528  315012   1,94  antigravity
00:58:30     1000      6757      5,00      0,00 34347196  170312   1,05  antigravity
00:58:30     1000      6771      0,60      0,00 33903964   81292   0,50  antigravity
00:58:30     1000      6820    142,40      0,00 1461417264  656684   4,05  antigravity
00:58:30     1000      7161      0,20      0,00 33951332   64332   0,40  antigravity
00:58:30     1000      7229      5,60      0,00 1461383544  129396   0,80  antigravity
00:58:30     1000      7244     17,20      0,00 1461351324  447860   2,76  antigravity
00:58:30     1000      7258      5,60      0,00 1461347760  125636   0,77  antigravity
00:58:30     1000      7260      5,20      0,00 1461367100  164300   1,01  antigravity
00:58:30     1000      8356      5,20      0,00 1459530528  100960   0,62  antigravity
00:58:30     1000      9291      6,80      0,00 55435272  374336   2,31  chrome
00:58:30     1000      9342      4,40      0,00 55467700  213696   1,32  chrome
00:58:30     1000      9345      9,20      0,00 54976356  135844   0,84  chrome
00:58:30     1000      9359      0,40      0,00 55015792   62664   0,39  chrome
00:58:30     1000     76014      0,40      0,00 1518513820  346576   2,14  chrome
00:58:30     1000     76063      0,20      0,00 55006444   86720   0,53  chrome
00:58:30     1000    110220     19,60      0,00 6507552  305516   1,88  java

00:58:25      UID       PID   kB_rd/s   kB_wr/s kB_ccwr/s iodelay  Command
00:58:30     1000    110188      0,00      0,91      0,00       0  pidstat
00:58:30     1000    110220      0,00      3,31      0,00       0  java

00:58:30      UID       PID    %usr %system  %guest   %wait    %CPU   CPU  Command
00:58:35        0         1    0,20    0,20    0,00    0,00    0,40     3  systemd
00:58:35        0        86    0,00    0,20    0,00    0,00    0,20     1  irq/9-acpi
00:58:35      990       903    1,00    0,00    0,00    0,00    1,00     7  dbus-daemon
00:58:35      986       924    0,00    0,20    0,00    0,00    0,20     5  polkitd
00:58:35      115       930    1,40    0,60    0,00    0,00    2,00     6  prometheus-node
00:58:35      115       933    0,20    0,00    0,00    0,00    0,20     7  prometheus
00:58:35        0      1383    0,20    0,00    0,00    0,00    0,20     7  glances
00:58:35        0      1391    0,40    0,40    0,00    0,00    0,80     7  tailscaled
00:58:35        0      1423    0,20    0,00    0,00    0,00    0,20     2  containerd
00:58:35        0      2310    0,40    0,20    0,00    0,00    0,60     3  dockerd
00:58:35      117      2312    0,80    0,20    0,00    0,00    1,00     3  grafana
00:58:35        0      2932    0,20    0,00    0,00    0,00    0,20     0  mount.ntfs-3g
00:58:35        0      2977    0,00    0,20    0,00    0,00    0,20     7  containerd-shim
00:58:35      999      3130    0,40    0,00    0,00    0,00    0,40     0  redis-server
00:58:35     1000      4708    1,00    0,20    0,00    0,00    1,20     3  gnome-shell
00:58:35     1000      6317    0,20    0,20    0,00    0,00    0,40     0  antigravity
00:58:35     1000      6339    0,40    0,00    0,00    0,00    0,40     6  gnome-terminal-
00:58:35     1000      6820    0,80    0,20    0,00    0,00    1,00     0  antigravity
00:58:35     1000      7059    1,60    1,40    0,00    0,00    3,00     2  language_server
00:58:35     1000      7229    0,40    0,00    0,00    0,00    0,40     4  antigravity
00:58:35     1000      7244    1,40    0,20    0,00    0,00    1,60     4  antigravity
00:58:35     1000      7260    0,40    0,20    0,00    0,00    0,60     4  antigravity
00:58:35     1000      8267    2,40    0,60    0,00    0,00    3,00     7  language_server
00:58:35     1000      8356    0,00    0,20    0,00    0,00    0,20     7  antigravity
00:58:35     1000      9291    0,00    0,20    0,00    0,00    0,20     0  chrome
00:58:35     1000      9519    0,20    0,00    0,00    0,00    0,20     3  chrome
00:58:35     1000     91682    0,20    0,20    0,00    0,00    0,40     7  ssh
00:58:35     1000    110188    0,00    0,40    0,00    0,00    0,40     5  pidstat
00:58:35     1000    110220    3,40    0,20    0,00    0,00    3,60     6  java

00:58:30      UID       PID  minflt/s  majflt/s     VSZ     RSS   %MEM  Command
00:58:35        0         1     88,80      0,00   24788   14916   0,09  systemd
00:58:35        0       376      3,40      0,00  188968  108948   0,67  systemd-journal
00:58:35      115       930     64,40      0,00 1762312   25544   0,16  prometheus-node
00:58:35        0      2975     10,80      0,00 1235352   13568   0,08  containerd-shim
00:58:35        0      2976     13,00      0,00 1235608   14544   0,09  containerd-shim
00:58:35        0      2977     12,00      0,00 1235352   14460   0,09  containerd-shim
00:58:35        0      2981     10,60      0,00 1235608   13928   0,09  containerd-shim
00:58:35        0      2982     13,40      0,00 1235608   14796   0,09  containerd-shim
00:58:35     1000      4708      6,80      0,00 5454532  346608   2,14  gnome-shell
00:58:35     1000      6317     32,00      0,00 1461668528  315652   1,94  antigravity
00:58:35     1000      6757      0,40      0,00 34347196  170312   1,05  antigravity
00:58:35     1000      6771      1,20      0,00 33903964   81292   0,50  antigravity
00:58:35     1000      6820    112,60      0,00 1461417264  658860   4,06  antigravity
00:58:35     1000      7161      0,20      0,00 33951332   64332   0,40  antigravity
00:58:35     1000      7229    128,00      0,00 1461383544  129396   0,80  antigravity
00:58:35     1000      7244     26,80      0,00 1461351324  447924   2,76  antigravity
00:58:35     1000      7258      3,00      0,00 1461347760  125636   0,77  antigravity
00:58:35     1000      7260      3,20      0,00 1461367100  164300   1,01  antigravity
00:58:35     1000      8356      5,20      0,00 1459530528  100960   0,62  antigravity
00:58:35     1000      9291      7,60      0,00 55435272  374336   2,31  chrome
00:58:35     1000      9342      2,20      0,00 55467700  213696   1,32  chrome
00:58:35     1000      9345      3,80      0,00 54976356  135844   0,84  chrome
00:58:35     1000      9359      0,40      0,00 55015792   62664   0,39  chrome
00:58:35     1000     76014      0,40      0,00 1518513820  346576   2,14  chrome
00:58:35     1000     76063      0,20      0,00 55006444   86720   0,53  chrome
00:58:35     1000    110220     15,80      0,00 6507552  305772   1,88  java

00:58:30      UID       PID   kB_rd/s   kB_wr/s kB_ccwr/s iodelay  Command
00:58:35     1000      9291      0,00      3,20      0,00       0  chrome
00:58:35     1000    110188      0,00      0,92      0,00       0  pidstat
00:58:35     1000    110220      0,00      3,23      0,00       0  java

00:58:35      UID       PID    %usr %system  %guest   %wait    %CPU   CPU  Command
00:58:40      115       933    0,20    0,00    0,00    0,00    0,20     7  prometheus
00:58:40        0      1383    0,20    0,00    0,00    0,00    0,20     7  glances
00:58:40        0      1391    0,20    0,00    0,00    0,00    0,20     2  tailscaled
00:58:40        0      1423    0,20    0,20    0,00    0,00    0,40     2  containerd
00:58:40        0      2310    0,20    0,20    0,00    0,00    0,40     3  dockerd
00:58:40      117      2312    0,40    0,40    0,00    0,00    0,80     3  grafana
00:58:40        0      2932    0,20    0,20    0,00    0,00    0,40     5  mount.ntfs-3g
00:58:40        0      2982    0,20    0,00    0,00    0,00    0,20     1  containerd-shim
00:58:40      999      3130    0,20    0,20    0,00    0,00    0,40     7  redis-server
00:58:40     1000      4708    1,00    0,40    0,00    0,00    1,40     1  gnome-shell
00:58:40     1000      6317    0,80    0,00    0,00    0,00    0,80     1  antigravity
00:58:40     1000      6339    1,00    0,00    0,00    0,00    1,00     4  gnome-terminal-
00:58:40     1000      6757    0,20    0,00    0,00    0,00    0,20     6  antigravity
00:58:40     1000      6820    1,40    0,20    0,00    0,00    1,60     7  antigravity
00:58:40     1000      6924    0,20    0,00    0,00    0,00    0,20     6  antigravity
00:58:40     1000      7059    2,20    1,40    0,00    0,20    3,60     2  language_server
00:58:40     1000      7229    0,20    0,20    0,00    0,00    0,40     4  antigravity
00:58:40     1000      7244    9,60    0,80    0,00    0,00   10,40     3  antigravity
00:58:40     1000      7260    0,40    0,20    0,00    0,00    0,60     4  antigravity
00:58:40     1000      8267    1,20    2,00    0,00    0,00    3,20     7  language_server
00:58:40     1000      9291    0,20    0,00    0,00    0,00    0,20     3  chrome
00:58:40     1000      9345    0,20    0,00    0,00   20,20    0,20     1  chrome
00:58:40     1000      9519    0,60    0,20    0,00    0,00    0,80     5  chrome
00:58:40     1000     98039    0,20    0,00    0,00    0,00    0,20     0  antigravity
00:58:40        0    108721    0,00    0,20    0,00    0,00    0,20     3  kworker/3:2-events_power_efficient
00:58:40     1000    110188    0,20    0,40    0,00    0,00    0,60     7  pidstat
00:58:40     1000    110220    2,80    0,60    0,00    0,00    3,40     6  java

00:58:35      UID       PID  minflt/s  majflt/s     VSZ     RSS   %MEM  Command
00:58:40        0         1      2,40      0,00   24788   14916   0,09  systemd
00:58:40        0      2975     10,00      0,00 1235352   13824   0,09  containerd-shim
00:58:40        0      2976     10,00      0,00 1235608   14800   0,09  containerd-shim
00:58:40        0      2977      9,60      0,00 1235352   14716   0,09  containerd-shim
00:58:40        0      2981     10,00      0,00 1235608   14184   0,09  containerd-shim
00:58:40        0      2982     10,00      0,00 1235608   14924   0,09  containerd-shim
00:58:40     1000      4708      1,20      0,00 5462724  346608   2,14  gnome-shell
00:58:40     1000      6317     99,40      0,00 1461668528  315468   1,94  antigravity
00:58:40     1000      6757     10,80      0,00 34359500  170312   1,05  antigravity
00:58:40     1000      6771      0,60      0,00 33903964   81292   0,50  antigravity
00:58:40     1000      6820    265,20      0,00 1461417264  662256   4,08  antigravity
00:58:40     1000      6924      1,60      0,00 1459611392  179928   1,11  antigravity
00:58:40     1000      7059      0,20      0,00 4910056  364636   2,25  language_server
00:58:40     1000      7161      0,40      0,00 33951332   64332   0,40  antigravity
00:58:40     1000      7229     91,60      0,00 1461383544  129396   0,80  antigravity
00:58:40     1000      7244    392,20      0,00 1461351324  288740   1,78  antigravity
00:58:40     1000      7258      3,00      0,00 1461347760  125636   0,77  antigravity
00:58:40     1000      7260      2,80      0,00 1461367100  164300   1,01  antigravity
00:58:40     1000      8356      5,40      0,00 1459530528  100960   0,62  antigravity
00:58:40     1000      9291     19,60      0,00 55435272  374204   2,31  chrome
00:58:40     1000      9342      2,20      0,00 55467700  213696   1,32  chrome
00:58:40     1000      9345     21,20      0,00 54976356  136100   0,84  chrome
00:58:40     1000      9359      0,40      0,00 55015792   62664   0,39  chrome
00:58:40     1000      9519    358,20      0,00 1518554232  363952   2,24  chrome
00:58:40     1000     76014      0,40      0,00 1518513820  346576   2,14  chrome
00:58:40     1000     76063      0,40      0,00 55006444   86720   0,53  chrome
00:58:40     1000    110220     10,40      0,00 6507552  305900   1,88  java

00:58:35      UID       PID   kB_rd/s   kB_wr/s kB_ccwr/s iodelay  Command
00:58:40     1000      6317      0,00      2,40      0,00       0  antigravity
00:58:40     1000      9291      0,00      4,00      0,00       0  chrome
00:58:40     1000      9345      0,00     22,40      0,00       0  chrome
00:58:40     1000    110188      0,00      1,01      0,00       0  pidstat
00:58:40     1000    110220      0,00      1,71      0,00       0  java

00:58:40      UID       PID    %usr %system  %guest   %wait    %CPU   CPU  Command
00:58:45        0        17    0,00    0,20    0,00    0,00    0,20     7  rcu_preempt
00:58:45        0      1423    0,60    0,00    0,00    0,00    0,60     2  containerd
00:58:45      111      1503    0,00    0,20    0,00    0,00    0,20     7  mariadbd
00:58:45        0      2310    0,20    0,20    0,00    0,00    0,40     3  dockerd
00:58:45      117      2312    0,40    0,60    0,00    0,00    1,00     3  grafana
00:58:45        0      2932    0,00    0,40    0,00    0,00    0,40     5  mount.ntfs-3g
00:58:45        0      2975    0,00    0,20    0,00    0,00    0,20     7  containerd-shim
00:58:45        0      2976    0,20    0,00    0,00    0,00    0,20     6  containerd-shim
00:58:45        0      2981    0,00    0,20    0,00    0,00    0,20     0  containerd-shim
00:58:45        0      2982    0,00    0,20    0,00    0,00    0,20     1  containerd-shim
00:58:45      999      3130    0,40    0,00    0,00    0,00    0,40     4  redis-server
00:58:45     1000      4708    1,00    0,40    0,00    0,00    1,40     3  gnome-shell
00:58:45     1000      6317    0,20    0,20    0,00    0,00    0,40     7  antigravity
00:58:45     1000      6339    0,80    0,00    0,00    0,00    0,80     4  gnome-terminal-
00:58:45     1000      6771    0,20    0,00    0,00    0,00    0,20     7  antigravity
00:58:45     1000      6820    1,20    0,20    0,00    0,00    1,40     3  antigravity
00:58:45     1000      7059    1,00    2,40    0,00    0,00    3,40     7  language_server
00:58:45     1000      7229    0,20    0,20    0,00    0,00    0,40     4  antigravity
00:58:45     1000      7244    1,80    0,20    0,00    0,00    2,00     6  antigravity
00:58:45     1000      7260    0,60    0,40    0,00    0,00    1,00     0  antigravity
00:58:45     1000      8267    2,40    0,80    0,00    0,00    3,20     7  language_server
00:58:45     1000      9291    0,20    0,00    0,00    0,00    0,20     0  chrome
00:58:45     1000      9390    0,00    0,20    0,00   20,20    0,20     4  chrome
00:58:45     1000      9500    0,00    0,20    0,00    0,00    0,20     5  chrome
00:58:45     1000      9519    0,20    0,00    0,00    0,00    0,20     3  chrome
00:58:45        0    102824    0,20    0,00    0,00    0,00    0,20     1  kworker/1:1-mm_percpu_wq
00:58:45     1000    110188    0,00    0,40    0,00    0,00    0,40     5  pidstat
00:58:45     1000    110220    2,80    1,20    0,00    0,00    4,00     6  java

00:58:40      UID       PID  minflt/s  majflt/s     VSZ     RSS   %MEM  Command
00:58:45        0      1423      4,00      0,00 2463900   70652   0,44  containerd
00:58:45        0      2975     13,80      0,00 1235352   14080   0,09  containerd-shim
00:58:45        0      2976      8,20      0,00 1235608   14928   0,09  containerd-shim
00:58:45        0      2977      9,00      0,00 1235352   14716   0,09  containerd-shim
00:58:45        0      2981      8,80      0,00 1235608   14568   0,09  containerd-shim
00:58:45        0      2982      5,00      0,00 1235608   15052   0,09  containerd-shim
00:58:45     1000      4708      6,40      0,00 5454532  346608   2,14  gnome-shell
00:58:45     1000      6317     35,20      0,00 1461668528  315244   1,94  antigravity
00:58:45     1000      6757      1,20      0,00 34351308  170312   1,05  antigravity
00:58:45     1000      6771      0,60      0,00 33903964   81292   0,50  antigravity
00:58:45     1000      6820    175,00      0,00 1461417264  663980   4,09  antigravity
00:58:45     1000      7161      0,20      0,00 33951332   64332   0,40  antigravity
00:58:45     1000      7229     18,00      0,00 1461383544  129396   0,80  antigravity
00:58:45     1000      7244     77,20      0,00 1461351324  285880   1,76  antigravity
00:58:45     1000      7258      4,40      0,00 1461347760  125636   0,77  antigravity
00:58:45     1000      7260      4,00      0,00 1461367100  164300   1,01  antigravity
00:58:45     1000      8356      5,20      0,00 1459530528  100960   0,62  antigravity
00:58:45     1000      9291      6,80      0,00 55435272  374204   2,31  chrome
00:58:45     1000      9342      2,20      0,00 55467700  213696   1,32  chrome
00:58:45     1000      9345      3,20      0,00 54976356  135900   0,84  chrome
00:58:45     1000      9359      0,80      0,00 55015792   62664   0,39  chrome
00:58:45     1000     76014      0,80      0,00 1518513820  346576   2,14  chrome
00:58:45     1000     76063      0,20      0,00 55006444   86720   0,53  chrome
00:58:45     1000    110220     13,60      0,00 6507552  314540   1,94  java

00:58:40      UID       PID   kB_rd/s   kB_wr/s kB_ccwr/s iodelay  Command
00:58:45     1000    110188      0,00      1,03      0,00       0  pidstat
00:58:45     1000    110220      0,00      3,23      0,00       0  java

00:58:45      UID       PID    %usr %system  %guest   %wait    %CPU   CPU  Command
00:58:50        0         1    0,20    0,00    0,00    0,00    0,20     1  systemd
00:58:50        0        86    0,00    0,20    0,00    0,00    0,20     1  irq/9-acpi
00:58:50      990       903    0,60    0,00    0,00    0,00    0,60     7  dbus-daemon
00:58:50      115       930    1,40    0,20    0,00    0,00    1,60     6  prometheus-node
00:58:50      115       933    0,20    0,00    0,00    0,00    0,20     7  prometheus
00:58:50        0      1383    0,20    0,00    0,00    0,00    0,20     7  glances
00:58:50        0      1391    0,20    0,00    0,00    0,00    0,20     4  tailscaled
00:58:50        0      1423    0,20    0,20    0,00    0,00    0,40     2  containerd
00:58:50        0      2310    0,20    0,40    0,00    0,00    0,60     3  dockerd
00:58:50      117      2312    0,60    0,20    0,00    0,00    0,80     3  grafana
00:58:50        0      2932    0,20    0,20    0,00    0,00    0,40     2  mount.ntfs-3g
00:58:50        0      2975    0,20    0,00    0,00    0,00    0,20     7  containerd-shim
00:58:50        0      2976    0,20    0,00    0,00    0,00    0,20     6  containerd-shim
00:58:50        0      2977    0,00    0,20    0,00    0,00    0,20     7  containerd-shim
00:58:50      999      3130    0,40    0,20    0,00    0,00    0,60     4  redis-server
00:58:50     1000      4708    0,80    0,20    0,00    0,00    1,00     4  gnome-shell
00:58:50     1000      6317    0,40    0,00    0,00    0,00    0,40     2  antigravity
00:58:50     1000      6339    0,60    0,00    0,00    0,00    0,60     6  gnome-terminal-
00:58:50     1000      6820    0,60    0,40    0,00    0,00    1,00     3  antigravity
00:58:50     1000      7059    3,60    0,80    0,00    1,00    4,40     2  language_server
00:58:50     1000      7229    0,00    0,20    0,00    0,00    0,20     4  antigravity
00:58:50     1000      7244    1,60    0,60    0,00    0,00    2,20     0  antigravity
00:58:50     1000      7260    0,40    0,00    0,00    0,00    0,40     0  antigravity
00:58:50     1000      8267    2,40    1,20    0,00    0,00    3,60     7  language_server
00:58:50     1000      8356    0,20    0,20    0,00    0,00    0,40     2  antigravity
00:58:50     1000      9291    0,20    0,00    0,00    0,00    0,20     0  chrome
00:58:50     1000     76025    0,00    0,20    0,00    0,00    0,20     6  chrome
00:58:50     1000     91682    0,20    0,00    0,00    0,00    0,20     6  ssh
00:58:50        0     99362    0,00    0,20    0,00    0,00    0,20     6  kworker/u32:5-flush-8:0
00:58:50     1000    110188    0,00    0,40    0,00    0,00    0,40     5  pidstat
00:58:50     1000    110220    2,40    4,20    0,00    0,00    6,60     6  java

00:58:45      UID       PID  minflt/s  majflt/s     VSZ     RSS   %MEM  Command
00:58:50        0         1     23,20      0,00   24788   14916   0,09  systemd
00:58:50      115       930     63,80      0,00 1762312   25488   0,16  prometheus-node
00:58:50        0      1423      0,20      0,00 2463900   70652   0,44  containerd
00:58:50        0      2975      8,20      0,00 1235352   14208   0,09  containerd-shim
00:58:50        0      2976      2,20      0,00 1235608   15056   0,09  containerd-shim
00:58:50        0      2977      0,80      0,00 1235352   14716   0,09  containerd-shim
00:58:50        0      2981      1,20      0,00 1235608   14568   0,09  containerd-shim
00:58:50        0      2982      1,60      0,00 1235608   15052   0,09  containerd-shim
00:58:50     1000      4708      0,60      0,00 5454468  346608   2,14  gnome-shell
00:58:50     1000      6317     31,40      0,00 1461668528  315180   1,94  antigravity
00:58:50     1000      6757      0,80      0,00 34351308  170312   1,05  antigravity
00:58:50     1000      6771      2,00      0,00 33903964   81292   0,50  antigravity
00:58:50     1000      6820    108,40      0,00 1461417264  665772   4,10  antigravity
00:58:50     1000      7161      0,20      0,00 33951332   64332   0,40  antigravity
00:58:50     1000      7229      2,20      0,00 1461383544  129396   0,80  antigravity
00:58:50     1000      7244    193,20      0,00 1461351324  286316   1,76  antigravity
00:58:50     1000      7258      5,80      0,00 1461347760  125636   0,77  antigravity
00:58:50     1000      7260      5,00      0,00 1461367100  164300   1,01  antigravity
00:58:50     1000      8356      5,40      0,00 1459530528  100960   0,62  antigravity
00:58:50     1000      9291      6,80      0,00 55435272  374204   2,31  chrome
00:58:50     1000      9342      4,40      0,00 55467700  213696   1,32  chrome
00:58:50     1000      9345      7,60      0,00 54976356  135900   0,84  chrome
00:58:50     1000      9359      0,40      0,00 55015792   62664   0,39  chrome
00:58:50     1000     76014      0,20      0,00 1518513820  346576   2,14  chrome
00:58:50     1000     76063      0,20      0,00 55006444   86720   0,53  chrome
00:58:50     1000    110220    208,80      0,00 6507552  339044   2,09  java

00:58:45      UID       PID   kB_rd/s   kB_wr/s kB_ccwr/s iodelay  Command
00:58:50     1000    110188      0,00      0,95      0,00       0  pidstat
00:58:50     1000    110220      0,00      3,23      0,00       0  java

00:58:50      UID       PID    %usr %system  %guest   %wait    %CPU   CPU  Command
00:58:55        0       120    0,00    0,20    0,00    0,00    0,20     5  kworker/u33:0-i915_flip
00:58:55      115       933    0,20    0,00    0,00    0,00    0,20     7  prometheus
00:58:55        0      1383    0,20    0,00    0,00    0,00    0,20     7  glances
00:58:55        0      1423    0,20    0,00    0,00    0,00    0,20     2  containerd
00:58:55        0      2310    0,40    0,00    0,00    0,00    0,40     3  dockerd
00:58:55      117      2312    0,60    0,20    0,00    0,00    0,80     3  grafana
00:58:55        0      2932    0,20    0,20    0,00    0,00    0,40     7  mount.ntfs-3g
00:58:55        0      2981    0,00    0,20    0,00    0,00    0,20     0  containerd-shim
00:58:55      999      3130    0,40    0,00    0,00    0,00    0,40     7  redis-server
00:58:55     1000      4708    1,00    0,20    0,00    0,00    1,20     3  gnome-shell
00:58:55     1000      6339    0,60    0,00    0,00    0,00    0,60     7  gnome-terminal-
00:58:55     1000      6820   12,20    0,40    0,00    0,00   12,60     3  antigravity
00:58:55     1000      7059    1,00    2,20    0,00    0,00    3,20     1  language_server
00:58:55     1000      7229    0,20    0,00    0,00    0,00    0,20     7  antigravity
00:58:55     1000      7244    1,40    0,40    0,00    0,00    1,80     0  antigravity
00:58:55     1000      7260    0,60    0,20    0,00    0,00    0,80     6  antigravity
00:58:55     1000      8267    1,60    1,40    0,00    0,00    3,00     7  language_server
00:58:55     1000      9291    0,20    0,00    0,00    0,20    0,20     0  chrome
00:58:55     1000      9519    0,20    0,00    0,00    0,00    0,20     5  chrome
00:58:55     1000     76014    0,20    0,00    0,00    0,00    0,20     4  chrome
00:58:55     1000    110188    0,20    0,20    0,00    0,00    0,40     5  pidstat
00:58:55     1000    110220    2,60    0,80    0,00    0,00    3,40     6  java

00:58:50      UID       PID  minflt/s  majflt/s     VSZ     RSS   %MEM  Command
00:58:55        0      2975      8,80      0,00 1235352   14336   0,09  containerd-shim
00:58:55        0      2976      9,00      0,00 1235608   15056   0,09  containerd-shim
00:58:55        0      2977      7,80      0,00 1235352   14972   0,09  containerd-shim
00:58:55        0      2981      5,60      0,00 1235608   14696   0,09  containerd-shim
00:58:55        0      2982      7,20      0,00 1235608   15180   0,09  containerd-shim
00:58:55     1000      4708      5,20      0,00 5454468  346608   2,14  gnome-shell
00:58:55     1000      6317     31,60      0,00 1461668528  315692   1,94  antigravity
00:58:55     1000      6757      0,80      0,00 34351308  170312   1,05  antigravity
00:58:55     1000      6771      1,20      0,00 33903964   81292   0,50  antigravity
00:58:55     1000      6820    204,80      0,00 1461417264  654512   4,03  antigravity
00:58:55     1000      7161      0,20      0,00 33951332   64332   0,40  antigravity
00:58:55     1000      7229      2,60      0,00 1461383544  129396   0,80  antigravity
00:58:55     1000      7244     57,60      0,00 1461351324  286272   1,76  antigravity
00:58:55     1000      7258      3,00      0,00 1461347760  125764   0,77  antigravity
00:58:55     1000      7260      3,60      0,00 1461367100  164300   1,01  antigravity
00:58:55     1000      8356      5,20      0,00 1459530528  100960   0,62  antigravity
00:58:55     1000      9291     11,40      0,00 55435272  374204   2,31  chrome
00:58:55     1000      9342      2,20      0,00 55467700  213696   1,32  chrome
00:58:55     1000      9345      3,80      0,00 54976356  135900   0,84  chrome
00:58:55     1000      9359      0,40      0,00 55015792   62664   0,39  chrome
00:58:55     1000     76014      0,40      0,00 1518513820  346576   2,14  chrome
00:58:55     1000     76063      0,20      0,00 55006444   86720   0,53  chrome
00:58:55     1000    110220     20,40      0,00 6507552  339300   2,09  java

00:58:50      UID       PID   kB_rd/s   kB_wr/s kB_ccwr/s iodelay  Command
00:58:55     1000      9291      0,00      4,00      0,00       0  chrome
00:58:55     1000    110188      0,00      1,03      0,00       0  pidstat
00:58:55     1000    110220      0,00      3,21      0,00       0  java

00:58:55      UID       PID    %usr %system  %guest   %wait    %CPU   CPU  Command
00:59:00        0        16    0,00    0,20    0,00    0,00    0,20     0  ksoftirqd/0
00:59:00        0      1383    0,20    0,00    0,00    0,00    0,20     7  glances
00:59:00        0      1423    0,40    0,20    0,00    0,00    0,60     2  containerd
00:59:00        0      2310    0,40    0,20    0,00    0,00    0,60     3  dockerd
00:59:00      117      2312    0,40    0,60    0,00    0,00    1,00     3  grafana
00:59:00        0      2932    0,00    0,20    0,00    0,00    0,20     3  mount.ntfs-3g
00:59:00        0      2975    0,20    0,00    0,00    0,00    0,20     7  containerd-shim
00:59:00        0      2976    0,20    0,00    0,00    0,00    0,20     6  containerd-shim
00:59:00        0      2977    0,20    0,20    0,00    0,00    0,40     7  containerd-shim
00:59:00        0      2982    0,20    0,20    0,00    0,00    0,40     1  containerd-shim
00:59:00      999      3130    0,20    0,20    0,00    0,00    0,40     1  redis-server
00:59:00     1000      4708    0,80    0,20    0,00    0,00    1,00     4  gnome-shell
00:59:00     1000      6317    0,20    0,00    0,00    0,00    0,20     0  antigravity
00:59:00     1000      6339    0,80    0,00    0,00    0,00    0,80     0  gnome-terminal-
00:59:00     1000      6757    0,20    0,00    0,00    0,00    0,20     3  antigravity
00:59:00     1000      6820    1,20    0,00    0,00    0,00    1,20     5  antigravity
00:59:00     1000      7059    1,80    1,80    0,00    0,00    3,60     0  language_server
00:59:00     1000      7229    0,20    0,20    0,00    0,00    0,40     4  antigravity
00:59:00     1000      7244   12,80    1,00    0,00    0,00   13,80     2  antigravity
00:59:00     1000      7260    0,60    0,00    0,00    0,00    0,60     6  antigravity
00:59:00     1000      8267    2,00    1,40    0,00    0,00    3,40     7  language_server
00:59:00     1000      9291    0,20    0,00    0,00    0,00    0,20     3  chrome
00:59:00     1000      9390    0,20    0,00    0,00    0,00    0,20     0  chrome
00:59:00     1000      9519    0,20    0,00    0,00    0,00    0,20     6  chrome
00:59:00     1000     91682    0,00    0,20    0,00    0,00    0,20     3  ssh
00:59:00     1000     98039    0,20    0,00    0,00    0,00    0,20     1  antigravity
00:59:00        0    104961    0,00    0,20    0,00    0,00    0,20     6  kworker/6:0-i915-unordered
00:59:00        0    109477    0,20    0,00    0,00    0,00    0,20     0  kworker/0:2-events_power_efficient
00:59:00     1000    110188    0,20    0,20    0,00    0,00    0,40     5  pidstat
00:59:00     1000    110220    3,00    0,40    0,00    0,00    3,40     6  java

00:58:55      UID       PID  minflt/s  majflt/s     VSZ     RSS   %MEM  Command
00:59:00        0      2975      3,40      0,00 1235352   13560   0,08  containerd-shim
00:59:00        0      2976     10,00      0,00 1235608   14660   0,09  containerd-shim
00:59:00        0      2977      3,20      0,00 1235352   14616   0,09  containerd-shim
00:59:00        0      2981      6,00      0,00 1235608   14220   0,09  containerd-shim
00:59:00        0      2982      5,60      0,00 1235608   14388   0,09  containerd-shim
00:59:00     1000      4574      0,00      0,00  110852   16632   0,10  pipewire-pulse
00:59:00     1000      4708      1,80      0,00 5454532  346608   2,14  gnome-shell
00:59:00     1000      6317     35,20      0,00 1461668528  315132   1,94  antigravity
00:59:00     1000      6757      5,20      0,00 34347532  170312   1,05  antigravity
00:59:00     1000      6771      0,60      0,00 33903964   81292   0,50  antigravity
00:59:00     1000      6820    145,80      0,00 1461417264  656160   4,04  antigravity
00:59:00     1000      7161      0,40      0,00 33951332   64332   0,40  antigravity
00:59:00     1000      7229     10,00      0,00 1461383544  129396   0,80  antigravity
00:59:00     1000      7244   3559,80      0,00 1461351324  353000   2,17  antigravity
00:59:00     1000      7258      2,80      0,00 1461347760  125764   0,77  antigravity
00:59:00     1000      7260      3,20      0,00 1461367100  164300   1,01  antigravity
00:59:00     1000      8356      5,60      0,00 1459530528  100960   0,62  antigravity
00:59:00     1000      9291     13,60      0,00 55435272  374204   2,31  chrome
00:59:00     1000      9342      2,20      0,00 55467700  213696   1,32  chrome
00:59:00     1000      9345      4,40      0,00 54976356  135900   0,84  chrome
00:59:00     1000      9359      0,40      0,00 55015792   62664   0,39  chrome
00:59:00     1000      9519      0,00      0,00 1518554232  354364   2,18  chrome
00:59:00     1000     76014      0,60      0,00 1518513820  346576   2,14  chrome
00:59:00     1000     76063      0,40      0,00 55006444   86720   0,53  chrome
00:59:00     1000    110220     14,00      0,00 6507552  339428   2,09  java

00:58:55      UID       PID   kB_rd/s   kB_wr/s kB_ccwr/s iodelay  Command
00:59:00     1000    110188      0,00      0,84      0,00       0  pidstat
00:59:00     1000    110220      0,00      1,78      0,00       0  java

00:59:00      UID       PID    %usr %system  %guest   %wait    %CPU   CPU  Command
00:59:05        0         1    0,20    0,00    0,00    0,00    0,20     1  systemd
00:59:05        0        86    0,00    0,20    0,00    0,00    0,20     1  irq/9-acpi
00:59:05      990       903    0,60    0,00    0,00    0,00    0,60     4  dbus-daemon
00:59:05      115       930    1,00    0,60    0,00    0,00    1,60     6  prometheus-node
00:59:05      115       933    0,80    0,00    0,00    0,00    0,80     7  prometheus
00:59:05        0      1391    0,00    0,20    0,00    0,00    0,20     7  tailscaled
00:59:05        0      1423    0,20    0,00    0,00    0,00    0,20     2  containerd
00:59:05        0      2310    0,20    0,20    0,00    0,00    0,40     3  dockerd
00:59:05      117      2312    0,80    0,40    0,00    0,00    1,20     3  grafana
00:59:05        0      2932    0,40    0,20    0,00    0,00    0,60     6  mount.ntfs-3g
00:59:05        0      2981    0,00    0,20    0,00    0,00    0,20     0  containerd-shim
00:59:05      999      3130    0,40    0,20    0,00    0,00    0,60     7  redis-server
00:59:05     1000      4708    1,00    0,40    0,00    0,00    1,40     5  gnome-shell
00:59:05     1000      5107    0,00    0,20    0,00    0,00    0,20     7  anydesk
00:59:05     1000      6317    0,20    0,00    0,00    0,00    0,20     2  antigravity
00:59:05     1000      6339    0,80    0,00    0,00    0,00    0,80     7  gnome-terminal-
00:59:05     1000      6820    0,80    0,20    0,00    0,00    1,00     6  antigravity
00:59:05     1000      7059    2,00    1,20    0,00    0,00    3,20     0  language_server
00:59:05     1000      7229    0,40    0,20    0,00    0,00    0,60     4  antigravity
00:59:05     1000      7244    1,40    0,20    0,00    0,00    1,60     4  antigravity
00:59:05     1000      7260    0,60    0,00    0,00    0,00    0,60     4  antigravity
00:59:05     1000      8267    1,80    1,60    0,00    0,00    3,40     7  language_server
00:59:05     1000      8356    0,20    0,00    0,00    0,00    0,20     5  antigravity
00:59:05     1000      9291    0,20    0,20    0,00    0,00    0,40     0  chrome
00:59:05     1000      9359    0,00    0,20    0,00    0,00    0,20     6  chrome
00:59:05     1000      9519    0,20    0,00    0,00    0,00    0,20     7  chrome
00:59:05        0     78088    0,00    0,20    0,00    3,40    0,20     0  kworker/u32:6-events_unbound
00:59:05     1000     98039    0,00    0,20    0,00    0,00    0,20     1  antigravity
00:59:05     1000    110188    0,20    0,20    0,00    0,00    0,40     5  pidstat
00:59:05     1000    110220    3,00    0,60    0,00    0,00    3,60     6  java
00:59:05        0    110893    0,20    0,00    0,00    0,00    0,20     5  kworker/5:1-events

00:59:00      UID       PID  minflt/s  majflt/s     VSZ     RSS   %MEM  Command
00:59:05        0         1      1,60      0,00   24788   14916   0,09  systemd
00:59:05      115       930    117,80      0,00 1762312   25732   0,16  prometheus-node
00:59:05      115       933      0,20      0,00 2711492  114476   0,71  prometheus
00:59:05      117      2312      2,40      0,00 1765300  350108   2,16  grafana
00:59:05        0      2975     10,80      0,00 1235352   13560   0,08  containerd-shim
00:59:05        0      2976     10,40      0,00 1235608   14788   0,09  containerd-shim
00:59:05        0      2977     12,20      0,00 1235352   14616   0,09  containerd-shim
00:59:05        0      2981      9,80      0,00 1235608   14348   0,09  containerd-shim
00:59:05        0      2982     14,40      0,00 1235608   14644   0,09  containerd-shim
00:59:05     1000      4708      7,00      0,00 5454532  346608   2,14  gnome-shell
00:59:05     1000      6317     31,40      0,00 1461668528  315136   1,94  antigravity
00:59:05     1000      6757      1,20      0,00 34347532  170184   1,05  antigravity
00:59:05     1000      6771      0,60      0,00 33903964   81292   0,50  antigravity
00:59:05     1000      6820    112,20      0,00 1461417264  658080   4,05  antigravity
00:59:05     1000      7161      0,20      0,00 33951332   64332   0,40  antigravity
00:59:05     1000      7229    115,80      0,00 1461383544  129396   0,80  antigravity
00:59:05     1000      7244     18,20      0,00 1461351324  352328   2,17  antigravity
00:59:05     1000      7258      2,80      0,00 1461347760  125764   0,77  antigravity
00:59:05     1000      7260      3,60      0,00 1461367100  164300   1,01  antigravity
00:59:05     1000      8356      5,20      0,00 1459530528  100960   0,62  antigravity
00:59:05     1000      9291      6,80      0,00 55435272  374204   2,31  chrome
00:59:05     1000      9342      2,20      0,00 55467700  213696   1,32  chrome
00:59:05     1000      9345      3,80      0,00 54976356  135900   0,84  chrome
00:59:05     1000      9359      0,80      0,00 55015792   62664   0,39  chrome
00:59:05     1000     76014      0,20      0,00 1518513820  346576   2,14  chrome
00:59:05     1000     76063      0,20      0,00 55006444   86720   0,53  chrome
00:59:05     1000    110220     16,20      0,00 6507552  339812   2,09  java

00:59:00      UID       PID   kB_rd/s   kB_wr/s kB_ccwr/s iodelay  Command
00:59:05     1000    110188      0,00      1,00      0,00       0  pidstat
00:59:05     1000    110220      0,00      3,27      0,00       0  java

00:59:05      UID       PID    %usr %system  %guest   %wait    %CPU   CPU  Command
00:59:10        0      1383    0,20    0,00    0,00    0,00    0,20     7  glances
00:59:10        0      1391    0,20    0,00    0,00    0,00    0,20     3  tailscaled
00:59:10        0      1423    0,20    0,20    0,00    0,00    0,40     2  containerd
00:59:10        0      2310    0,40    0,00    0,00    0,00    0,40     3  dockerd
00:59:10      117      2312    0,80    0,20    0,00    0,00    1,00     3  grafana
00:59:10        0      2932    0,20    0,20    0,00    0,00    0,40     6  mount.ntfs-3g
00:59:10        0      2976    0,20    0,00    0,00    0,00    0,20     6  containerd-shim
00:59:10        0      2981    0,20    0,00    0,00    0,00    0,20     0  containerd-shim
00:59:10        0      2982    0,20    0,00    0,00    0,00    0,20     1  containerd-shim
00:59:10      999      3130    0,40    0,00    0,00    0,00    0,40     1  redis-server
00:59:10     1000      4708    0,60    0,40    0,00    0,00    1,00     2  gnome-shell
00:59:10     1000      6317    0,20    0,20    0,00    0,20    0,40     2  antigravity
00:59:10     1000      6339    0,80    0,00    0,00    0,00    0,80     7  gnome-terminal-
00:59:10     1000      6820    1,00    0,00    0,00    0,00    1,00     6  antigravity
00:59:10     1000      7059    2,20    1,00    0,00    0,00    3,20     0  language_server
00:59:10     1000      7229    0,00    0,20    0,00    0,00    0,20     4  antigravity
00:59:10     1000      7244    1,60    0,20    0,00    0,00    1,80     5  antigravity
00:59:10     1000      7260    0,60    0,00    0,00    0,00    0,60     2  antigravity
00:59:10     1000      8267    1,40    1,80    0,00    0,00    3,20     7  language_server
00:59:10     1000      8356    0,20    0,00    0,00    0,00    0,20     4  antigravity
00:59:10     1000      9345    0,00    0,20    0,00    0,00    0,20     0  chrome
00:59:10     1000      9500    0,20    0,00    0,00    0,00    0,20     3  chrome
00:59:10     1000      9519    0,20    0,20    0,00    0,00    0,40     2  chrome
00:59:10     1000     91682    0,20    0,00    0,00    0,20    0,20     3  ssh
00:59:10        0     93905    0,00    0,20    0,00    0,00    0,20     4  kworker/u32:7-kvfree_rcu_reclaim
00:59:10     1000    110188    0,20    0,40    0,00    0,00    0,60     5  pidstat
00:59:10     1000    110220    2,60    0,80    0,00    0,00    3,40     6  java

00:59:05      UID       PID  minflt/s  majflt/s     VSZ     RSS   %MEM  Command
00:59:10        0      2975     12,00      0,00 1235352   13944   0,09  containerd-shim
00:59:10        0      2976     15,20      0,00 1235608   14916   0,09  containerd-shim
00:59:10        0      2977     12,20      0,00 1235352   14872   0,09  containerd-shim
00:59:10        0      2981     12,00      0,00 1235608   14604   0,09  containerd-shim
00:59:10        0      2982     14,40      0,00 1235608   15028   0,09  containerd-shim
00:59:10     1000      4574      0,00      0,00  110852   16888   0,10  pipewire-pulse
00:59:10     1000      4708      0,60      0,00 5454468  346608   2,14  gnome-shell
00:59:10     1000      6317     31,40      0,00 1461668528  315144   1,94  antigravity
00:59:10     1000      6757      1,00      0,00 34347596  170184   1,05  antigravity
00:59:10     1000      6771      1,00      0,00 33903964   81160   0,50  antigravity
00:59:10     1000      6820    110,40      0,00 1461417328  660256   4,07  antigravity
00:59:10     1000      7161      0,20      0,00 33951332   64332   0,40  antigravity
00:59:10     1000      7229     96,20      0,00 1461383544  129264   0,80  antigravity
00:59:10     1000      7244     72,80      0,00 1461351324  352916   2,17  antigravity
00:59:10     1000      7258      6,00      0,00 1461347760  125764   0,77  antigravity
00:59:10     1000      7260      5,40      0,00 1461367100  164300   1,01  antigravity
00:59:10     1000      8356      5,40      0,00 1459530528  101088   0,62  antigravity
00:59:10     1000      9291     10,40      0,00 55435272  374332   2,31  chrome
00:59:10     1000      9342      4,40      0,00 55467700  213696   1,32  chrome
00:59:10     1000      9345      8,20      0,00 54976356  135900   0,84  chrome
00:59:10     1000      9359      0,40      0,00 55015792   62664   0,39  chrome
00:59:10     1000     76014      0,60      0,00 1518513820  346576   2,14  chrome
00:59:10     1000     76063      0,20      0,00 55006444   86720   0,53  chrome
00:59:10     1000    110220     12,20      0,00 6507552  339812   2,09  java

00:59:05      UID       PID   kB_rd/s   kB_wr/s kB_ccwr/s iodelay  Command
00:59:10     1000      6771      0,00      1,60      0,00       0  antigravity
00:59:10     1000      9345      0,00     14,40      0,00       0  chrome
00:59:10     1000    110188      0,00      1,05      0,00       0  pidstat
00:59:10     1000    110220      0,00      1,72      0,00       0  java

00:59:10      UID       PID    %usr %system  %guest   %wait    %CPU   CPU  Command
00:59:15        0         1    0,20    0,20    0,00    0,00    0,40     5  systemd
00:59:15        0        17    0,00    0,20    0,00    0,00    0,20     1  rcu_preempt
00:59:15        0        39    0,00    0,20    0,00    0,00    0,20     3  ksoftirqd/3
00:59:15        0        51    0,00    0,20    0,00    0,00    0,20     5  ksoftirqd/5
00:59:15        0       408    0,20    0,20    0,00    0,20    0,40     1  systemd-udevd
00:59:15      990       903    0,60    0,00    0,00    0,00    0,60     4  dbus-daemon
00:59:15        0       943    0,00    0,20    0,00    0,00    0,20     0  udisksd
00:59:15        0      1079    0,20    0,00    0,00    0,00    0,20     3  NetworkManager
00:59:15        0      1383    0,20    0,00    0,00    0,00    0,20     7  glances
00:59:15        0      1391    0,20    0,20    0,00    0,00    0,40     5  tailscaled
00:59:15        0      1423    1,20    0,20    0,00    0,00    1,40     2  containerd
00:59:15        0      2310    1,20    0,80    0,00    0,00    2,00     3  dockerd
00:59:15      117      2312    0,40    0,40    0,00    0,00    0,80     3  grafana
00:59:15        0      2932    0,20    0,00    0,00    0,00    0,20     0  mount.ntfs-3g
00:59:15        0      2975    0,00    0,20    0,00    0,00    0,20     7  containerd-shim
00:59:15        0      2976    0,00    0,20    0,00    0,00    0,20     6  containerd-shim
00:59:15        0      2977    0,20    0,00    0,00    0,00    0,20     7  containerd-shim
00:59:15      999      3130    0,40    0,00    0,00    0,00    0,40     1  redis-server
00:59:15     1000      4549    0,40    0,20    0,00    0,00    0,60     6  systemd
00:59:15     1000      4708    1,20    0,40    0,00    0,00    1,60     2  gnome-shell
00:59:15     1000      5021    0,20    0,20    0,00    0,00    0,40     1  gsd-housekeepin
00:59:15     1000      5055    0,20    0,00    0,00    0,00    0,20     4  gsd-sharing
00:59:15     1000      5331    0,20    0,00    0,00    0,00    0,20     7  goa-daemon
00:59:15     1000      5586    0,20    0,20    0,00    0,00    0,40     7  gvfsd-trash
00:59:15        0      5954    0,20    0,00    0,00    0,00    0,20     1  fwupd
00:59:15     1000      6339    0,80    0,00    0,00    0,00    0,80     7  gnome-terminal-
00:59:15     1000      6820    0,80    0,20    0,00    0,20    1,00     0  antigravity
00:59:15     1000      7059    1,40    2,00    0,00    0,00    3,40     3  language_server
00:59:15     1000      7229    0,20    0,20    0,00    0,00    0,40     5  antigravity
00:59:15     1000      7244    1,20    0,60    0,00    0,00    1,80     4  antigravity
00:59:15     1000      7258    0,00    0,20    0,00    0,00    0,20     1  antigravity
00:59:15     1000      7260    0,40    0,40    0,00    0,00    0,80     1  antigravity
00:59:15     1000      8267    1,60    1,40    0,00    0,00    3,00     7  language_server
00:59:15     1000      9291    0,40    0,00    0,00    0,00    0,40     4  chrome
00:59:15     1000      9342    0,00    0,20    0,00    0,00    0,20     6  chrome
00:59:15     1000     76063    0,00    0,20    0,00    0,00    0,20     1  chrome
00:59:15     1000    110188    0,00    0,40    0,00    0,00    0,40     5  pidstat
00:59:15     1000    110220    3,40    0,80    0,00    0,00    4,20     6  java

00:59:10      UID       PID  minflt/s  majflt/s     VSZ     RSS   %MEM  Command
00:59:15        0         1     28,40      0,00   24788   14916   0,09  systemd
00:59:15        0       376     48,00      0,00  188968  108948   0,67  systemd-journal
00:59:15        0       408     94,20      0,00   37544   10908   0,07  systemd-udevd
00:59:15        0      1391     12,40      0,00 1421316   96108   0,59  tailscaled
00:59:15        0      1423      3,20      0,00 2463900   70652   0,44  containerd
00:59:15      114      1526      3,80      0,00  218252   29568   0,18  postgres
00:59:15        0      2975     12,40      0,00 1235352   13944   0,09  containerd-shim
00:59:15        0      2976      4,20      0,00 1235608   14916   0,09  containerd-shim
00:59:15        0      2977      9,60      0,00 1235352   15128   0,09  containerd-shim
00:59:15        0      2981     12,80      0,00 1235608   14860   0,09  containerd-shim
00:59:15        0      2982      4,80      0,00 1235608   15156   0,09  containerd-shim
00:59:15     1000      4708      8,00      0,00 5454532  346736   2,14  gnome-shell
00:59:15        0      5954      0,20      0,00  370432   46948   0,29  fwupd
00:59:15     1000      6317     34,80      0,00 1461668528  315656   1,94  antigravity
00:59:15     1000      6757      0,80      0,00 34347596  170184   1,05  antigravity
00:59:15     1000      6771      1,20      0,00 33903964   81160   0,50  antigravity
00:59:15     1000      6820    109,80      0,00 1461417328  662432   4,08  antigravity
00:59:15     1000      7161      0,20      0,00 33951332   64332   0,40  antigravity
00:59:15     1000      7229     14,00      0,00 1461383544  129264   0,80  antigravity
00:59:15     1000      7244     20,20      0,00 1461351324  352504   2,17  antigravity
00:59:15     1000      7258      3,00      0,00 1461347760  125764   0,77  antigravity
00:59:15     1000      7260      2,60      0,00 1461367100  164300   1,01  antigravity
00:59:15     1000      8356      5,00      0,00 1459530528  101088   0,62  antigravity
00:59:15     1000      9291      7,20      0,00 55435272  374332   2,31  chrome
00:59:15     1000      9342      2,20      0,00 55467700  213696   1,32  chrome
00:59:15     1000      9345      3,60      0,00 54976356  135900   0,84  chrome
00:59:15     1000      9359      0,40      0,00 55015792   62664   0,39  chrome
00:59:15     1000     76014      0,60      0,00 1518513820  346576   2,14  chrome
00:59:15     1000     76063      0,20      0,00 55006444   86720   0,53  chrome
00:59:15     1000    110220     22,40      0,00 6507552  340580   2,10  java
00:59:15        0    111632     65,20      0,00   37548    7060   0,04  (udev-worker)
00:59:15        0    111646     28,00      0,00   37548    6784   0,04  (udev-worker)
00:59:15        0    111648     27,60      0,00   37548    6784   0,04  (udev-worker)
00:59:15        0    111649     59,60      0,00   37548    7060   0,04  (udev-worker)
00:59:15        0    111651     27,20      0,00   37548    6784   0,04  (udev-worker)
00:59:15        0    111652     27,60      0,00   37548    6784   0,04  (udev-worker)
00:59:15        0    111653     27,20      0,00   37548    6784   0,04  (udev-worker)
00:59:15        0    111654     26,60      0,00   37548    6784   0,04  (udev-worker)
00:59:15        0    111655     27,40      0,00   37548    6784   0,04  (udev-worker)
00:59:15        0    111656     27,60      0,00   37548    6784   0,04  (udev-worker)
00:59:15        0    111658     27,40      0,00   37548    6784   0,04  (udev-worker)
00:59:15        0    111659     27,00      0,00   37548    6784   0,04  (udev-worker)
00:59:15        0    111660     27,40      0,00   37548    6784   0,04  (udev-worker)
00:59:15        0    111661     27,00      0,00   37548    6784   0,04  (udev-worker)
00:59:15        0    111662     27,00      0,00   37548    6784   0,04  (udev-worker)
00:59:15        0    111663     27,00      0,00   37548    6784   0,04  (udev-worker)

00:59:10      UID       PID   kB_rd/s   kB_wr/s kB_ccwr/s iodelay  Command
00:59:15     1000      9291      0,00      0,80      0,00       0  chrome
00:59:15     1000    110188      0,00      0,96      0,00       0  pidstat
00:59:15     1000    110220      0,00      3,27      0,00       0  java

00:59:15      UID       PID    %usr %system  %guest   %wait    %CPU   CPU  Command
00:59:20        0         1    0,20    0,20    0,00    0,00    0,40     5  systemd
00:59:20        0        82    0,00    0,20    0,00    0,00    0,20     3  khugepaged
00:59:20      990       903    0,60    0,20    0,00    0,00    0,80     4  dbus-daemon
00:59:20      115       930    1,00    0,60    0,00    0,00    1,60     6  prometheus-node
00:59:20      115       933    0,20    0,00    0,00    0,00    0,20     2  prometheus
00:59:20        0      1383    0,00    0,20    0,00    0,00    0,20     7  glances
00:59:20        0      1423    0,00    0,40    0,00    0,00    0,40     2  containerd
00:59:20        0      2310    0,20    0,20    0,00    0,00    0,40     3  dockerd
00:59:20      117      2312    0,40    0,40    0,00    0,00    0,80     3  grafana
00:59:20        0      2932    0,20    0,40    0,00    0,00    0,60     7  mount.ntfs-3g
00:59:20        0      2975    0,20    0,00    0,00    0,00    0,20     7  containerd-shim
00:59:20        0      2981    0,20    0,00    0,00    0,00    0,20     0  containerd-shim
00:59:20        0      2982    0,20    0,00    0,00    0,00    0,20     1  containerd-shim
00:59:20      999      3130    0,40    0,00    0,00    0,00    0,40     1  redis-server
00:59:20     1000      4708    0,60    0,40    0,00    0,00    1,00     5  gnome-shell
00:59:20     1000      6317    0,20    0,20    0,00    0,00    0,40     6  antigravity
00:59:20     1000      6339    0,80    0,00    0,00    0,00    0,80     7  gnome-terminal-
00:59:20     1000      6820    0,60    0,60    0,00    0,00    1,20     2  antigravity
00:59:20     1000      7059    1,20    2,00    0,00    0,00    3,20     3  language_server
00:59:20     1000      7229    0,20    0,20    0,00    0,00    0,40     2  antigravity
00:59:20     1000      7244    1,60    0,00    0,00    0,00    1,60     4  antigravity
00:59:20     1000      7260    0,80    0,20    0,00    0,00    1,00     2  antigravity
00:59:20     1000      8267    1,80    1,40    0,00    0,00    3,20     7  language_server
00:59:20     1000      8356    0,20    0,00    0,00    0,00    0,20     5  antigravity
00:59:20     1000      9291    0,20    0,00    0,00    0,00    0,20     5  chrome
00:59:20     1000      9519    0,20    0,00    0,00    0,00    0,20     4  chrome
00:59:20     1000     98039    0,20    0,00    0,00    0,00    0,20     1  antigravity
00:59:20     1000    110188    0,20    0,40    0,00    0,00    0,60     5  pidstat
00:59:20     1000    110220    6,00    0,60    0,00    0,00    6,60     6  java

00:59:15      UID       PID  minflt/s  majflt/s     VSZ     RSS   %MEM  Command
00:59:20        0       408      1,40      0,00   37544   10908   0,07  systemd-udevd
00:59:20      115       930     80,20      0,00 1762312   25588   0,16  prometheus-node
00:59:20        0      1391      1,20      0,00 1421316   96108   0,59  tailscaled
00:59:20        0      2975      1,00      0,00 1235352   14072   0,09  containerd-shim
00:59:20        0      2976      0,40      0,00 1235608   14916   0,09  containerd-shim
00:59:20        0      2977      1,60      0,00 1235352   15128   0,09  containerd-shim
00:59:20        0      2981      3,80      0,00 1235608   14860   0,09  containerd-shim
00:59:20        0      2982      9,40      0,00 1235608   15156   0,09  containerd-shim
00:59:20     1000      4708      1,80      0,00 5454468  346864   2,14  gnome-shell
00:59:20     1000      6317     35,00      0,00 1461668528  315192   1,94  antigravity
00:59:20     1000      6757      0,80      0,00 34347596  170184   1,05  antigravity
00:59:20     1000      6771      0,60      0,00 33903964   81160   0,50  antigravity
00:59:20     1000      6820    119,20      0,00 1461417328  664736   4,10  antigravity
00:59:20     1000      7161      0,40      0,00 33951332   64332   0,40  antigravity
00:59:20     1000      7229      3,40      0,00 1461383544  129264   0,80  antigravity
00:59:20     1000      7244     17,20      0,00 1461351324  352484   2,17  antigravity
00:59:20     1000      7258      3,00      0,00 1461347760  125892   0,78  antigravity
00:59:20     1000      7260    153,40      0,00 1461367100  165060   1,02  antigravity
00:59:20     1000      8356      5,60      0,00 1459530528  101088   0,62  antigravity
00:59:20     1000      9291     13,60      0,00 55435272  374332   2,31  chrome
00:59:20     1000      9342      2,20      0,00 55467700  213696   1,32  chrome
00:59:20     1000      9345      4,40      0,00 54976356  135900   0,84  chrome
00:59:20     1000      9359      0,40      0,00 55015792   62664   0,39  chrome
00:59:20     1000      9519      0,00      0,00 1518554232  352740   2,17  chrome
00:59:20     1000     76063      0,40      0,00 55006444   86720   0,53  chrome
00:59:20     1000    110188      7,00      0,00    6316    5144   0,03  pidstat
00:59:20     1000    110220    212,60      0,00 6507552  344676   2,12  java

00:59:15      UID       PID   kB_rd/s   kB_wr/s kB_ccwr/s iodelay  Command
00:59:20     1000    110188      0,00      1,49      0,00       0  pidstat
00:59:20     1000    110220      0,00      3,27      0,00       0  java

00:59:20      UID       PID    %usr %system  %guest   %wait    %CPU   CPU  Command
00:59:25      115       933    0,20    0,00    0,00    0,00    0,20     2  prometheus
00:59:25        0      1411    0,20    0,00    0,00    0,00    0,20     5  anydesk
00:59:25        0      1423    0,40    0,20    0,00    0,00    0,60     2  containerd
00:59:25        0      2123    0,00    0,20    0,00    0,00    0,20     6  upowerd
00:59:25        0      2310    0,40    0,20    0,00    0,00    0,60     3  dockerd
00:59:25      117      2312    0,40    0,40    0,00    0,00    0,80     3  grafana
00:59:25        0      2932    0,40    0,00    0,00    0,00    0,40     7  mount.ntfs-3g
00:59:25        0      2976    0,00    0,20    0,00    0,00    0,20     6  containerd-shim
00:59:25        0      2977    0,00    0,20    0,00    0,00    0,20     7  containerd-shim
00:59:25      999      3130    0,40    0,00    0,00    0,00    0,40     1  redis-server
00:59:25     1000      4708    1,20    0,20    0,00    0,00    1,40     6  gnome-shell
00:59:25     1000      6317    0,20    0,00    0,00    0,00    0,20     7  antigravity
00:59:25     1000      6339    0,80    0,00    0,00    0,00    0,80     7  gnome-terminal-
00:59:25     1000      6820   12,60    0,20    0,00    0,00   12,80     4  antigravity
00:59:25     1000      7059    2,00    1,60    0,00    0,00    3,60     5  language_server
00:59:25     1000      7229    0,20    0,00    0,00    0,00    0,20     5  antigravity
00:59:25     1000      7244    1,40    0,40    0,00    0,00    1,80     6  antigravity
00:59:25     1000      7260    0,60    0,00    0,00    0,00    0,60     3  antigravity
00:59:25     1000      8267    1,80    1,40    0,00    0,00    3,20     7  language_server
00:59:25     1000      9291    0,20    0,00    0,00    0,00    0,20     3  chrome
00:59:25     1000      9519    0,20    0,00    0,00    0,00    0,20     6  chrome
00:59:25        0    109833    0,20    0,00    0,00    0,00    0,20     2  kworker/2:0-events
00:59:25     1000    110188    0,20    0,20    0,00    0,00    0,40     5  pidstat
00:59:25     1000    110220    3,80    1,00    0,00    0,00    4,80     6  java

00:59:20      UID       PID  minflt/s  majflt/s     VSZ     RSS   %MEM  Command
00:59:25        0      1423      1,60      0,00 2463900   70652   0,44  containerd
00:59:25        0      2975      0,40      0,00 1235352   14072   0,09  containerd-shim
00:59:25        0      2976      6,80      0,00 1235608   15044   0,09  containerd-shim
00:59:25        0      2977      1,20      0,00 1235352   15128   0,09  containerd-shim
00:59:25        0      2981      2,80      0,00 1235608   14988   0,09  containerd-shim
00:59:25        0      2982     11,20      0,00 1235608   15284   0,09  containerd-shim
00:59:25       70      3117      4,40      0,00  174540   25424   0,16  postgres
00:59:25     1000      4708      6,40      0,00 5454532  346992   2,14  gnome-shell
00:59:25     1000      6317     31,20      0,00 1461668528  315192   1,94  antigravity
00:59:25     1000      6757      1,60      0,00 34347596  170184   1,05  antigravity
00:59:25     1000      6771      0,60      0,00 33903964   81160   0,50  antigravity
00:59:25     1000      6820    256,20      0,00 1461417328  654984   4,04  antigravity
00:59:25     1000      7161      0,20      0,00 33951332   64332   0,40  antigravity
00:59:25     1000      7229      3,00      0,00 1461383544  129264   0,80  antigravity
00:59:25     1000      7244     23,60      0,00 1461351324  351076   2,16  antigravity
00:59:25     1000      7258      3,40      0,00 1461347760  125892   0,78  antigravity
00:59:25     1000      7260      3,60      0,00 1461367100  164508   1,01  antigravity
00:59:25     1000      8356      5,20      0,00 1459530528  101088   0,62  antigravity
00:59:25     1000      9291     16,00      0,00 55435272  374332   2,31  chrome
00:59:25     1000      9299      0,20      0,00 54549928    3668   0,02  chrome_crashpad
00:59:25     1000      9342      2,20      0,00 55467700  213696   1,32  chrome
00:59:25     1000      9345      3,80      0,00 54976356  135900   0,84  chrome
00:59:25     1000      9359      0,80      0,00 55015792   62664   0,39  chrome
00:59:25     1000     76014      0,60      0,00 1518513820  346576   2,14  chrome
00:59:25     1000     76063      0,20      0,00 55006444   86720   0,53  chrome
00:59:25     1000    110220     12,20      0,00 6507552  340904   2,10  java

00:59:20      UID       PID   kB_rd/s   kB_wr/s kB_ccwr/s iodelay  Command
00:59:25     1000      9291      0,00     13,60      0,00       0  chrome
00:59:25     1000    110188      0,00      1,01      0,00       0  pidstat
00:59:25     1000    110220      0,00      3,27      0,00       0  java

00:59:25      UID       PID    %usr %system  %guest   %wait    %CPU   CPU  Command
00:59:30      115       933    0,20    0,00    0,00    0,00    0,20     2  prometheus
00:59:30        0      1383    0,20    0,00    0,00    0,00    0,20     7  glances
00:59:30        0      1391    0,20    0,00    0,00    0,00    0,20     1  tailscaled
00:59:30        0      1423    0,20    0,00    0,00    0,00    0,20     2  containerd
00:59:30        0      2310    0,40    0,20    0,00    0,00    0,60     3  dockerd
00:59:30      117      2312    0,80    0,40    0,00    0,00    1,20     3  grafana
00:59:30        0      2932    0,20    0,00    0,00    0,00    0,20     4  mount.ntfs-3g
00:59:30        0      2975    0,20    0,20    0,00    0,00    0,40     7  containerd-shim
00:59:30        0      2976    0,20    0,00    0,00    0,00    0,20     6  containerd-shim
00:59:30        0      2977    0,20    0,00    0,00    0,00    0,20     7  containerd-shim
00:59:30        0      2981    0,20    0,00    0,00    0,00    0,20     0  containerd-shim
00:59:30        0      2982    0,20    0,00    0,00    0,00    0,20     1  containerd-shim
00:59:30      999      3130    0,40    0,00    0,00    0,00    0,40     2  redis-server
00:59:30     1000      4708    0,60    0,20    0,00    0,00    0,80     7  gnome-shell
00:59:30     1000      6339    0,60    0,00    0,00    0,00    0,60     7  gnome-terminal-
00:59:30     1000      6820    1,20    0,20    0,00    0,00    1,40     1  antigravity
00:59:30     1000      7059    1,80    1,80    0,00    0,00    3,59     7  language_server
00:59:30     1000      7229    0,00    0,20    0,00    0,00    0,20     1  antigravity
00:59:30     1000      7244    1,60    0,20    0,00    0,20    1,80     6  antigravity
00:59:30     1000      7260    0,60    0,20    0,00    0,00    0,80     0  antigravity
00:59:30     1000      8267    1,80    1,40    0,00    0,00    3,19     7  language_server
00:59:30     1000      8356    0,00    0,20    0,00    0,00    0,20     5  antigravity
00:59:30     1000      9291    0,20    0,00    0,00    0,00    0,20     3  chrome
00:59:30     1000      9345    0,20    0,00    0,00    0,00    0,20     0  chrome
00:59:30        0    104961    0,00    0,20    0,00    0,00    0,20     6  kworker/6:0-i915-unordered
00:59:30        0    108721    0,00    0,20    0,00    0,00    0,20     3  kworker/3:2-events
00:59:30     1000    110188    0,20    0,20    0,00    0,00    0,40     5  pidstat
00:59:30     1000    110220    3,79    2,20    0,00    0,00    5,99     6  java

00:59:25      UID       PID  minflt/s  majflt/s     VSZ     RSS   %MEM  Command
00:59:30        0      1423      8,58      0,00 2463900   70780   0,44  containerd
00:59:30        0      2975      4,59      0,00 1235352   13792   0,08  containerd-shim
00:59:30        0      2976      3,99      0,00 1235608   14228   0,09  containerd-shim
00:59:30        0      2977      0,40      0,00 1235352   14436   0,09  containerd-shim
00:59:30        0      2981      8,58      0,00 1235608   14236   0,09  containerd-shim
00:59:30        0      2982      9,18      0,00 1235608   14540   0,09  containerd-shim
00:59:30     1000      4708      1,00      0,00 5454532  346992   2,14  gnome-shell
00:59:30     1000      6317     31,54      0,00 1461668528  315404   1,94  antigravity
00:59:30     1000      6757      4,59      0,00 34347596  170184   1,05  antigravity
00:59:30     1000      6771      0,60      0,00 33903964   81160   0,50  antigravity
00:59:30     1000      6820    112,57      0,00 1461417328  655296   4,04  antigravity
00:59:30     1000      7161      0,20      0,00 33951332   64332   0,40  antigravity
00:59:30     1000      7229      7,78      0,00 1461383544  129264   0,80  antigravity
00:59:30     1000      7244     18,76      0,00 1461351324  351072   2,16  antigravity
00:59:30     1000      7258      5,19      0,00 1461347760  125892   0,78  antigravity
00:59:30     1000      7260      5,19      0,00 1461367100  164508   1,01  antigravity
00:59:30     1000      8356      5,39      0,00 1459530528  101088   0,62  antigravity
00:59:30     1000      9291      6,99      0,00 55435272  374332   2,31  chrome
00:59:30     1000      9342      4,39      0,00 55467700  213696   1,32  chrome
00:59:30     1000      9345      7,58      0,00 54976356  135900   0,84  chrome
00:59:30     1000      9359      0,40      0,00 55015792   62664   0,39  chrome
00:59:30     1000     76014      0,40      0,00 1518513820  346576   2,14  chrome
00:59:30     1000     76063      0,20      0,00 55006444   86720   0,53  chrome
00:59:30     1000    110220     29,14      0,00 6507552  366004   2,25  java

00:59:25      UID       PID   kB_rd/s   kB_wr/s kB_ccwr/s iodelay  Command
00:59:30     1000    110188      0,00      0,92      0,00       0  pidstat
00:59:30     1000    110220      0,00      1,78      0,00       0  java

00:59:30      UID       PID    %usr %system  %guest   %wait    %CPU   CPU  Command
00:59:35        0        86    0,00    0,20    0,00    0,00    0,20     1  irq/9-acpi
00:59:35      990       903    0,80    0,00    0,00    0,00    0,80     3  dbus-daemon
00:59:35      115       930    1,20    0,40    0,00    0,00    1,60     6  prometheus-node
00:59:35      115       933    0,20    0,00    0,00    0,00    0,20     2  prometheus
00:59:35        0      1383    0,20    0,00    0,00    0,00    0,20     7  glances
00:59:35        0      1423    0,20    0,20    0,00    0,00    0,40     2  containerd
00:59:35        0      2310    0,40    0,00    0,00    0,00    0,40     3  dockerd
00:59:35      117      2312    0,60    0,40    0,00    0,00    1,00     3  grafana
00:59:35        0      2932    0,00    0,20    0,00    0,00    0,20     2  mount.ntfs-3g
00:59:35        0      2977    0,20    0,00    0,00    0,00    0,20     7  containerd-shim
00:59:35        0      2981    0,00    0,20    0,00    0,00    0,20     0  containerd-shim
00:59:35        0      2982    0,00    0,20    0,00    0,00    0,20     1  containerd-shim
00:59:35      999      3130    0,40    0,00    0,00    0,00    0,40     3  redis-server
00:59:35     1000      4708    1,00    0,60    0,00    0,00    1,60     0  gnome-shell
00:59:35     1000      6317    0,20    0,20    0,00    0,00    0,40     6  antigravity
00:59:35     1000      6339    0,60    0,00    0,00    0,00    0,60     1  gnome-terminal-
00:59:35     1000      6757    0,00    0,20    0,00    0,00    0,20     3  antigravity
00:59:35     1000      6820    0,60    0,20    0,00    0,00    0,80     2  antigravity
00:59:35     1000      7059    1,60    1,80    0,00    0,20    3,40     7  language_server
00:59:35     1000      7229    0,40    0,20    0,00    0,00    0,60     1  antigravity
00:59:35     1000      7244    1,40    0,00    0,00    0,00    1,40     1  antigravity
00:59:35     1000      7260    0,40    0,00    0,00    0,00    0,40     5  antigravity
00:59:35     1000      8267    1,60    1,60    0,00    0,00    3,20     7  language_server
00:59:35     1000      9519    0,20    0,00    0,00    0,00    0,20     2  chrome
00:59:35     1000     91682    0,00    0,20    0,00    0,00    0,20     4  ssh
00:59:35     1000     98039    0,20    0,00    0,00    0,00    0,20     5  antigravity
00:59:35        0    107286    0,00    0,20    0,00    0,00    0,20     1  kworker/u32:8-kvfree_rcu_reclaim
00:59:35     1000    110188    0,20    0,20    0,00    0,00    0,40     1  pidstat
00:59:35     1000    110220    2,40    0,20    0,00    0,00    2,60     6  java

00:59:30      UID       PID  minflt/s  majflt/s     VSZ     RSS   %MEM  Command
00:59:35      115       930     90,80      0,00 1762312   25456   0,16  prometheus-node
00:59:35        0      1423      5,00      0,00 2463900   71036   0,44  containerd
00:59:35        0      2975     12,40      0,00 1235352   14048   0,09  containerd-shim
00:59:35        0      2976     10,40      0,00 1235608   14356   0,09  containerd-shim
00:59:35        0      2977      5,20      0,00 1235352   14564   0,09  containerd-shim
00:59:35        0      2981     11,20      0,00 1235608   14364   0,09  containerd-shim
00:59:35        0      2982     11,60      0,00 1235608   14540   0,09  containerd-shim
00:59:35     1000      4708      6,60      0,00 5454468  346992   2,14  gnome-shell
00:59:35     1000      6317     31,60      0,00 1461668528  315916   1,95  antigravity
00:59:35     1000      6757      0,40      0,00 34347596  170184   1,05  antigravity
00:59:35     1000      6771      1,20      0,00 33903964   81160   0,50  antigravity
00:59:35     1000      6820    106,20      0,00 1461417328  657344   4,05  antigravity
00:59:35     1000      7161      0,20      0,00 33951332   64332   0,40  antigravity
00:59:35     1000      7229     97,60      0,00 1461383544  129264   0,80  antigravity
00:59:35     1000      7244     12,80      0,00 1461351324  350912   2,16  antigravity
00:59:35     1000      7258      3,00      0,00 1461347760  125892   0,78  antigravity
00:59:35     1000      7260      4,40      0,00 1461367100  164380   1,01  antigravity
00:59:35     1000      8356      5,20      0,00 1459530528  101088   0,62  antigravity
00:59:35     1000      9291      8,00      0,00 55435272  374332   2,31  chrome
00:59:35     1000      9342      2,20      0,00 55467700  213696   1,32  chrome
00:59:35     1000      9345      3,80      0,00 54976356  135900   0,84  chrome
00:59:35     1000      9359      0,40      0,00 55015792   62664   0,39  chrome
00:59:35     1000     76014      0,40      0,00 1518513820  346576   2,14  chrome
00:59:35     1000     76063      0,20      0,00 55006444   86720   0,53  chrome
00:59:35     1000    110220      7,20      0,00 6507552  366132   2,26  java

00:59:30      UID       PID   kB_rd/s   kB_wr/s kB_ccwr/s iodelay  Command
00:59:35     1000      9291      0,00      4,00      0,00       0  chrome
00:59:35     1000    110188      0,00      0,95      0,00       0  pidstat
00:59:35     1000    110220      0,00      3,27      0,00       0  java

00:59:35      UID       PID    %usr %system  %guest   %wait    %CPU   CPU  Command
00:59:40        0      1391    0,20    0,00    0,00    0,00    0,20     1  tailscaled
00:59:40        0      1423    0,20    0,20    0,00    0,00    0,40     2  containerd
00:59:40        0      2310    0,40    0,20    0,00    0,00    0,60     3  dockerd
00:59:40      117      2312    0,60    0,20    0,00    0,00    0,80     3  grafana
00:59:40        0      2932    0,20    0,20    0,00    0,00    0,40     0  mount.ntfs-3g
00:59:40        0      2976    0,20    0,00    0,00    0,00    0,20     6  containerd-shim
00:59:40        0      2981    0,20    0,00    0,00    0,00    0,20     0  containerd-shim
00:59:40        0      2982    0,20    0,00    0,00    0,00    0,20     1  containerd-shim
00:59:40      999      3130    0,40    0,00    0,00    0,00    0,40     1  redis-server
00:59:40     1000      4708    0,60    0,20    0,00    0,00    0,80     6  gnome-shell
00:59:40     1000      6317    0,00    0,20    0,00    0,00    0,20     3  antigravity
00:59:40     1000      6339    0,80    0,00    0,00    0,00    0,80     1  gnome-terminal-
00:59:40     1000      6820    0,80    0,20    0,00    0,00    1,00     4  antigravity
00:59:40     1000      7059    1,60    1,80    0,00    0,00    3,40     0  language_server
00:59:40     1000      7229    0,00    0,40    0,00    0,00    0,40     1  antigravity
00:59:40     1000      7244    1,40    0,60    0,00    0,00    2,00     3  antigravity
00:59:40     1000      7260    0,40    0,20    0,00    0,00    0,60     5  antigravity
00:59:40     1000      8267    2,00    1,40    0,00    0,00    3,40     7  language_server
00:59:40     1000      8356    0,20    0,00    0,00    0,00    0,20     5  antigravity
00:59:40     1000      9291    0,20    0,20    0,00    0,00    0,40     7  chrome
00:59:40     1000      9519    0,60    0,00    0,00    0,00    0,60     4  chrome
00:59:40     1000     76014    0,20    0,00    0,00    0,00    0,20     2  chrome
00:59:40     1000     76025    0,20    0,00    0,00    0,00    0,20     2  chrome
00:59:40     1000     91682    0,20    0,00    0,00    0,00    0,20     7  ssh
00:59:40     1000    110188    0,00    0,20    0,00    0,00    0,20     4  pidstat
00:59:40     1000    110220    2,40    1,20    0,00    0,00    3,60     6  java

00:59:35      UID       PID  minflt/s  majflt/s     VSZ     RSS   %MEM  Command
00:59:40        0      1423      6,20      0,00 2463900   71292   0,44  containerd
00:59:40        0      2975     12,20      0,00 1235352   14432   0,09  containerd-shim
00:59:40        0      2976     16,40      0,00 1235608   14740   0,09  containerd-shim
00:59:40        0      2977     12,40      0,00 1235352   14820   0,09  containerd-shim
00:59:40        0      2981     15,60      0,00 1235608   14620   0,09  containerd-shim
00:59:40        0      2982     10,80      0,00 1235608   14668   0,09  containerd-shim
00:59:40     1000      4708      1,00      0,00 5462660  346992   2,14  gnome-shell
00:59:40     1000      6317     35,20      0,00 1461668528  315500   1,94  antigravity
00:59:40     1000      6757      0,80      0,00 34347596  170184   1,05  antigravity
00:59:40     1000      6771      0,60      0,00 33903964   81160   0,50  antigravity
00:59:40     1000      6820    111,60      0,00 1461417328  659520   4,06  antigravity
00:59:40     1000      7161      0,40      0,00 33951332   64332   0,40  antigravity
00:59:40     1000      7229    150,80      0,00 1461383544  129124   0,80  antigravity
00:59:40     1000      7244    102,00      0,00 1461351324  351024   2,16  antigravity
00:59:40     1000      7258      3,40      0,00 1461347760  125892   0,78  antigravity
00:59:40     1000      7260     17,60      0,00 1461367100  164508   1,01  antigravity
00:59:40     1000      8356      5,40      0,00 1459530528  101088   0,62  antigravity
00:59:40     1000      9291     19,80      0,00 55435272  374460   2,31  chrome
00:59:40     1000      9342      2,20      0,00 55467700  213696   1,32  chrome
00:59:40     1000      9345      9,40      0,00 54976356  136028   0,84  chrome
00:59:40     1000      9359      0,40      0,00 55015792   62664   0,39  chrome
00:59:40     1000      9519    359,20      0,00 1518554232  363992   2,24  chrome
00:59:40     1000     76014      0,80      0,00 1518513820  346576   2,14  chrome
00:59:40     1000     76063      0,40      0,00 55006444   86720   0,53  chrome
00:59:40     1000    110220     16,60      0,00 6507552  366388   2,26  java

00:59:35      UID       PID   kB_rd/s   kB_wr/s kB_ccwr/s iodelay  Command
00:59:40     1000      9291      0,00      4,80      0,00       0  chrome
00:59:40     1000    110188      0,00      1,00      0,00       0  pidstat
00:59:40     1000    110220      0,00      3,27      0,00       0  java

00:59:40      UID       PID    %usr %system  %guest   %wait    %CPU   CPU  Command
00:59:45        0       120    0,00    0,20    0,00    0,00    0,20     7  kworker/u33:0-i915_flip
00:59:45      115       933    0,20    0,00    0,00    0,00    0,20     2  prometheus
00:59:45        0      1383    0,20    0,00    0,00    0,00    0,20     7  glances
00:59:45        0      1423    0,20    0,20    0,00    0,00    0,40     2  containerd
00:59:45        0      2310    0,00    0,40    0,00    0,00    0,40     3  dockerd
00:59:45      117      2312    0,60    0,40    0,00    0,00    1,00     3  grafana
00:59:45        0      2932    0,20    0,20    0,00    0,00    0,40     0  mount.ntfs-3g
00:59:45        0      2975    0,20    0,00    0,00    0,00    0,20     7  containerd-shim
00:59:45        0      2977    0,00    0,20    0,00    0,00    0,20     7  containerd-shim
00:59:45      999      3130    0,40    0,20    0,00    0,00    0,60     1  redis-server
00:59:45     1000      4708    1,00    0,40    0,00    0,00    1,40     0  gnome-shell
00:59:45     1000      6317    0,20    0,00    0,00    0,00    0,20     0  antigravity
00:59:45     1000      6339    0,80    0,00    0,00    0,00    0,80     7  gnome-terminal-
00:59:45     1000      6820    0,80    0,20    0,00    0,00    1,00     5  antigravity
00:59:45     1000      7059    2,20    1,20    0,00    0,00    3,40     2  language_server
00:59:45     1000      7229    0,20    0,00    0,00    0,00    0,20     6  antigravity
00:59:45     1000      7244    1,80    0,00    0,00    0,00    1,80     6  antigravity
00:59:45     1000      7260    0,40    0,20    0,00    0,00    0,60     1  antigravity
00:59:45     1000      8267    2,20    1,00    0,00    0,00    3,20     7  language_server
00:59:45     1000      9291    0,20    0,00    0,00    0,00    0,20     2  chrome
00:59:45     1000      9519    0,00    0,20    0,00    0,00    0,20     1  chrome
00:59:45     1000    110188    0,20    0,40    0,00    0,00    0,60     4  pidstat
00:59:45     1000    110220    2,20    0,80    0,00    0,00    3,00     6  java

00:59:40      UID       PID  minflt/s  majflt/s     VSZ     RSS   %MEM  Command
00:59:45        0      1423      2,20      0,00 2463900   71292   0,44  containerd
00:59:45        0      2975      4,40      0,00 1235352   14432   0,09  containerd-shim
00:59:45        0      2976      1,60      0,00 1235608   14740   0,09  containerd-shim
00:59:45        0      2977      8,00      0,00 1235352   14948   0,09  containerd-shim
00:59:45        0      2981      4,20      0,00 1235608   14748   0,09  containerd-shim
00:59:45        0      2982     14,80      0,00 1235608   15180   0,09  containerd-shim
00:59:45     1000      4708      6,20      0,00 5454468  346992   2,14  gnome-shell
00:59:45     1000      6317     34,80      0,00 1461668528  315404   1,94  antigravity
00:59:45     1000      6757      1,60      0,00 34347596  170184   1,05  antigravity
00:59:45     1000      6771      0,60      0,00 33903964   81160   0,50  antigravity
00:59:45     1000      6820    116,60      0,00 1461417328  661824   4,08  antigravity
00:59:45     1000      7161      0,20      0,00 33951332   64332   0,40  antigravity
00:59:45     1000      7229      6,00      0,00 1461383544  129124   0,80  antigravity
00:59:45     1000      7244     76,40      0,00 1461351324  351172   2,16  antigravity
00:59:45     1000      7258      2,60      0,00 1461347760  125892   0,78  antigravity
00:59:45     1000      7260      3,40      0,00 1461367100  164376   1,01  antigravity
00:59:45     1000      8356      5,20      0,00 1459530528  101088   0,62  antigravity
00:59:45     1000      9291      7,00      0,00 55435272  374460   2,31  chrome
00:59:45     1000      9342      2,20      0,00 55467700  213696   1,32  chrome
00:59:45     1000      9345      3,20      0,00 54976356  136028   0,84  chrome
00:59:45     1000      9359      0,80      0,00 55015792   62664   0,39  chrome
00:59:45     1000     76014      0,20      0,00 1518513820  346576   2,14  chrome
00:59:45     1000     76063      0,20      0,00 55006444   86720   0,53  chrome
00:59:45     1000    110220      9,20      0,00 6507552  366388   2,26  java

00:59:40      UID       PID   kB_rd/s   kB_wr/s kB_ccwr/s iodelay  Command
00:59:45     1000    110188      0,00      0,94      0,00       0  pidstat
00:59:45     1000    110220      0,00      3,27      0,00       0  java

00:59:45      UID       PID    %usr %system  %guest   %wait    %CPU   CPU  Command
00:59:50        0         1    0,20    0,00    0,00    0,00    0,20     7  systemd
00:59:50        0        17    0,00    0,20    0,00    0,00    0,20     6  rcu_preempt
00:59:50        0        86    0,00    0,20    0,00    0,00    0,20     1  irq/9-acpi
00:59:50      990       903    1,00    0,00    0,00    0,00    1,00     1  dbus-daemon
00:59:50      115       930    1,20    0,60    0,00    0,00    1,80     6  prometheus-node
00:59:50      115       933    0,20    0,00    0,00    0,00    0,20     2  prometheus
00:59:50        0      1383    0,20    0,00    0,00    0,00    0,20     7  glances
00:59:50        0      1423    0,20    0,20    0,00    0,00    0,40     2  containerd
00:59:50        0      2310    0,20    0,20    0,00    0,00    0,40     3  dockerd
00:59:50      117      2312    0,80    0,20    0,00    0,00    1,00     3  grafana
00:59:50        0      2932    0,20    0,20    0,00    0,00    0,40     2  mount.ntfs-3g
00:59:50        0      2975    0,00    0,20    0,00    0,00    0,20     7  containerd-shim
00:59:50        0      2982    0,20    0,00    0,00    0,00    0,20     1  containerd-shim
00:59:50      999      3130    0,40    0,00    0,00    0,00    0,40     3  redis-server
00:59:50     1000      4708    0,80    0,20    0,00    0,00    1,00     0  gnome-shell
00:59:50     1000      5107    0,20    0,00    0,00    0,00    0,20     7  anydesk
00:59:50     1000      6317    0,20    0,00    0,00    0,00    0,20     0  antigravity
00:59:50     1000      6339    1,00    0,00    0,00    0,00    1,00     2  gnome-terminal-
00:59:50     1000      6820    0,80    0,20    0,00    0,00    1,00     7  antigravity
00:59:50     1000      7059    1,80    1,40    0,00    0,00    3,20     3  language_server
00:59:50     1000      7229    0,00    0,20    0,00    0,00    0,20     6  antigravity
00:59:50     1000      7244    1,20    0,40    0,00    0,00    1,60     5  antigravity
00:59:50     1000      7260    0,40    0,20    0,00    0,00    0,60     0  antigravity
00:59:50     1000      8267    1,80    1,80    0,00    0,00    3,60     7  language_server
00:59:50     1000      8356    0,20    0,00    0,00    0,00    0,20     7  antigravity
00:59:50     1000      9291    0,20    0,00    0,00    0,00    0,20     2  chrome
00:59:50     1000      9519    0,20    0,00    0,00    0,00    0,20     0  chrome
00:59:50     1000    110188    0,20    0,20    0,00    0,00    0,40     4  pidstat
00:59:50     1000    110220    1,80    0,60    0,00    0,00    2,40     6  java

00:59:45      UID       PID  minflt/s  majflt/s     VSZ     RSS   %MEM  Command
00:59:50      115       930     94,80      0,00 1762312   25540   0,16  prometheus-node
00:59:50        0      1423      4,00      0,00 2463900   71292   0,44  containerd
00:59:50        0      2975      7,60      0,00 1235352   14560   0,09  containerd-shim
00:59:50        0      2976      5,20      0,00 1235608   14868   0,09  containerd-shim
00:59:50        0      2977      3,80      0,00 1235352   14948   0,09  containerd-shim
00:59:50        0      2981      2,40      0,00 1235608   14748   0,09  containerd-shim
00:59:50        0      2982      2,40      0,00 1235608   15180   0,09  containerd-shim
00:59:50     1000      4708      0,80      0,00 5454532  346992   2,14  gnome-shell
00:59:50     1000      6317     31,60      0,00 1461668528  315424   1,94  antigravity
00:59:50     1000      6757      0,80      0,00 34347596  170184   1,05  antigravity
00:59:50     1000      6771      0,60      0,00 33903964   81160   0,50  antigravity
00:59:50     1000      6820    108,80      0,00 1461417328  664000   4,09  antigravity
00:59:50     1000      7161      0,20      0,00 33951332   64332   0,40  antigravity
00:59:50     1000      7229      7,60      0,00 1461383544  129124   0,80  antigravity
00:59:50     1000      7244     15,20      0,00 1461351324  351160   2,16  antigravity
00:59:50     1000      7258      5,60      0,00 1461347760  125892   0,78  antigravity
00:59:50     1000      7260      5,40      0,00 1461367100  164244   1,01  antigravity
00:59:50     1000      8356      5,60      0,00 1459530528  101088   0,62  antigravity
00:59:50     1000      9291      7,00      0,00 55435272  374460   2,31  chrome
00:59:50     1000      9342      4,40      0,00 55467700  213696   1,32  chrome
00:59:50     1000      9345      7,60      0,00 54976356  136028   0,84  chrome
00:59:50     1000      9359      0,40      0,00 55015792   62664   0,39  chrome
00:59:50     1000     76014      0,40      0,00 1518513820  346576   2,14  chrome
00:59:50     1000     76063      0,20      0,00 55006444   86720   0,53  chrome
00:59:50     1000    110220     10,60      0,00 6507552  366772   2,26  java

00:59:45      UID       PID   kB_rd/s   kB_wr/s kB_ccwr/s iodelay  Command
00:59:50     1000    110188      0,00      0,86      0,00       0  pidstat
00:59:50     1000    110220      0,00      1,72      0,00       0  java

00:59:50      UID       PID    %usr %system  %guest   %wait    %CPU   CPU  Command
00:59:55      115       933    0,20    0,00    0,00    0,00    0,20     2  prometheus
00:59:55        0      1391    0,20    0,00    0,00    0,00    0,20     2  tailscaled
00:59:55        0      1423    0,40    0,20    0,00    0,00    0,60     2  containerd
00:59:55        0      2310    0,20    0,20    0,00    0,00    0,40     3  dockerd
00:59:55      117      2312    0,60    0,20    0,00    0,00    0,80     3  grafana
00:59:55        0      2932    0,20    0,20    0,00    0,00    0,40     3  mount.ntfs-3g
00:59:55        0      2976    0,20    0,00    0,00    0,00    0,20     6  containerd-shim
00:59:55        0      2981    0,00    0,20    0,00    0,00    0,20     0  containerd-shim
00:59:55      999      3130    0,40    0,00    0,00    0,00    0,40     1  redis-server
00:59:55     1000      4708    1,00    0,20    0,00    0,00    1,20     1  gnome-shell
00:59:55     1000      5364    0,00    0,20    0,00    0,00    0,20     0  gvfs-afc-volume
00:59:55     1000      6317    0,00    0,20    0,00    0,00    0,20     0  antigravity
00:59:55     1000      6339    0,80    0,20    0,00    0,00    1,00     2  gnome-terminal-
00:59:55     1000      6820    0,80    0,20    0,00    0,00    1,00     4  antigravity
00:59:55     1000      7059    1,60    1,80    0,00    0,00    3,40     2  language_server
00:59:55     1000      7229    0,20    0,20    0,00    0,00    0,40     1  antigravity
00:59:55     1000      7244    1,40    0,60    0,00    0,00    2,00     1  antigravity
00:59:55     1000      7260    0,40    0,20    0,00    0,00    0,60     4  antigravity
00:59:55     1000      8267    1,40    1,80    0,00    0,00    3,20     7  language_server
00:59:55     1000      9390    0,20    0,00    0,00    0,00    0,20     5  chrome
00:59:55     1000      9519    0,20    0,00    0,00   20,00    0,20     1  chrome
00:59:55     1000     91682    0,00    0,20    0,00    0,00    0,20     5  ssh
00:59:55     1000    110188    0,20    0,20    0,00    0,00    0,40     1  pidstat
00:59:55     1000    110220    3,00    0,60    0,00    0,00    3,60     6  java

00:59:50      UID       PID  minflt/s  majflt/s     VSZ     RSS   %MEM  Command
00:59:55        0      1423      3,40      0,00 2463900   70852   0,44  containerd
00:59:55        0      2975      6,20      0,00 1235352   14688   0,09  containerd-shim
00:59:55        0      2976      9,60      0,00 1235608   14996   0,09  containerd-shim
00:59:55        0      2977      1,00      0,00 1235352   14948   0,09  containerd-shim
00:59:55        0      2981      9,00      0,00 1235608   14876   0,09  containerd-shim
00:59:55        0      2982      2,00      0,00 1235608   15180   0,09  containerd-shim
00:59:55     1000      4708      6,60      0,00 5454532  346992   2,14  gnome-shell
00:59:55     1000      6317     31,80      0,00 1461668528  315936   1,95  antigravity
00:59:55     1000      6757      0,80      0,00 34347596  170184   1,05  antigravity
00:59:55     1000      6771      1,20      0,00 33903964   81160   0,50  antigravity
00:59:55     1000      6820    137,20      0,00 1461417328  665768   4,10  antigravity
00:59:55     1000      7161      0,20      0,00 33951332   64332   0,40  antigravity
00:59:55     1000      7229      2,20      0,00 1461383544  129124   0,80  antigravity
00:59:55     1000      7244     16,00      0,00 1461351324  351140   2,16  antigravity
00:59:55     1000      7258      3,00      0,00 1461347760  125892   0,78  antigravity
00:59:55     1000      7260      2,60      0,00 1461367100  164244   1,01  antigravity
00:59:55     1000      8356      5,00      0,00 1459530528  101088   0,62  antigravity
00:59:55     1000      9291     11,60      0,00 55435272  374588   2,31  chrome
00:59:55     1000      9342      2,20      0,00 55467700  213696   1,32  chrome
00:59:55     1000      9345      3,80      0,00 54976356  136028   0,84  chrome
00:59:55     1000      9359      0,40      0,00 55015792   62664   0,39  chrome
00:59:55     1000     76014      0,40      0,00 1518513820  346576   2,14  chrome
00:59:55     1000     76063      0,20      0,00 55006444   86720   0,53  chrome
00:59:55     1000    110220     15,00      0,00 6507552  367028   2,26  java

00:59:50      UID       PID   kB_rd/s   kB_wr/s kB_ccwr/s iodelay  Command
00:59:55     1000      9291      0,00      4,00      0,00       0  chrome
00:59:55     1000    110188      0,00      0,98      0,00       0  pidstat
00:59:55     1000    110220      0,00      3,27      0,00       0  java

00:59:55      UID       PID    %usr %system  %guest   %wait    %CPU   CPU  Command
01:00:00        0      1383    0,20    0,00    0,00    0,00    0,20     7  glances
01:00:00        0      1423    0,40    0,00    0,00    0,00    0,40     2  containerd
01:00:00        0      2310    0,60    0,20    0,00    0,00    0,80     3  dockerd
01:00:00      117      2312    0,60    0,20    0,00    0,00    0,80     3  grafana
01:00:00        0      2932    0,20    0,00    0,00    0,00    0,20     7  mount.ntfs-3g
01:00:00        0      2975    0,00    0,20    0,00    0,00    0,20     7  containerd-shim
01:00:00        0      2976    0,00    0,20    0,00    0,00    0,20     6  containerd-shim
01:00:00        0      2977    0,20    0,20    0,00    0,00    0,40     7  containerd-shim
01:00:00        0      2981    0,20    0,00    0,00    0,00    0,20     0  containerd-shim
01:00:00      999      3130    0,60    0,00    0,00    0,00    0,60     5  redis-server
01:00:00     1000      4708    0,60    0,40    0,00    0,00    1,00     1  gnome-shell
01:00:00     1000      6317    0,20    0,00    0,00    0,00    0,20     7  antigravity
01:00:00     1000      6339    0,60    0,00    0,00    0,00    0,60     2  gnome-terminal-
01:00:00     1000      6757    0,20    0,00    0,00    0,00    0,20     3  antigravity
01:00:00     1000      6820   12,40    0,40    0,00    0,00   12,80     4  antigravity
01:00:00     1000      7059    2,20    1,20    0,00    0,00    3,40     5  language_server
01:00:00     1000      7229    0,00    0,20    0,00    0,00    0,20     1  antigravity
01:00:00     1000      7244    1,80    0,40    0,00    0,00    2,20     2  antigravity
01:00:00     1000      7260    0,60    0,20    0,00    0,00    0,80     0  antigravity
01:00:00     1000      8267    3,80    0,60    0,00    0,00    4,40     7  language_server
01:00:00     1000      8356    0,20    0,00    0,00    0,00    0,20     7  antigravity
01:00:00     1000      9291    0,20    0,00    0,00    0,00    0,20     2  chrome
01:00:00     1000      9345    0,20    0,00    0,00    0,00    0,20     7  chrome
01:00:00     1000     98039    0,20    0,00    0,00    0,00    0,20     5  antigravity
01:00:00        0    103256    0,00    0,20    0,00    0,00    0,20     6  kworker/u32:4-kvfree_rcu_reclaim
01:00:00        0    104961    0,00    0,20    0,00    0,00    0,20     6  kworker/6:0-i915-unordered
01:00:00        0    109477    0,20    0,00    0,00    0,00    0,20     0  kworker/0:2-events
01:00:00     1000    110188    0,20    0,20    0,00    0,00    0,40     7  pidstat
01:00:00     1000    110220    3,80    0,40    0,00    0,00    4,20     6  java

00:59:55      UID       PID  minflt/s  majflt/s     VSZ     RSS   %MEM  Command
01:00:00        0         1      0,20      0,00   24788   14916   0,09  systemd
01:00:00        0      1423      0,60      0,00 2463900   70852   0,44  containerd
01:00:00        0      2310      1,20      0,00 3498856  111928   0,69  dockerd
01:00:00        0      2975      2,20      0,00 1235352   13988   0,09  containerd-shim
01:00:00        0      2976     12,60      0,00 1235608   14208   0,09  containerd-shim
01:00:00        0      2977      0,00      0,00 1235352   14456   0,09  containerd-shim
01:00:00        0      2981     11,40      0,00 1235608   14384   0,09  containerd-shim
01:00:00        0      2982      3,20      0,00 1235608   14888   0,09  containerd-shim
01:00:00     1000      4708      0,80      0,00 5454468  346992   2,14  gnome-shell
01:00:00     1000      6317     35,20      0,00 1461668528  315512   1,94  antigravity
01:00:00     1000      6757      5,00      0,00 34347468  170184   1,05  antigravity
01:00:00     1000      6771      0,60      0,00 33903964   81160   0,50  antigravity
01:00:00     1000      6820    265,20      0,00 1461417328  654144   4,03  antigravity
01:00:00     1000      7161      0,40      0,00 33951332   64332   0,40  antigravity
01:00:00     1000      7229      8,40      0,00 1461383544  129252   0,80  antigravity
01:00:00     1000      7244    138,00      0,00 1461351324  351756   2,17  antigravity
01:00:00     1000      7258      3,00      0,00 1461347760  125892   0,78  antigravity
01:00:00     1000      7260      3,40      0,00 1461367100  164244   1,01  antigravity
01:00:00     1000      8356      5,20      0,00 1459530528  101088   0,62  antigravity
01:00:00     1000      9291     14,00      0,00 55435272  374424   2,31  chrome
01:00:00     1000      9342      2,20      0,00 55467700  213696   1,32  chrome
01:00:00     1000      9345      4,40      0,00 54976356  136028   0,84  chrome
01:00:00     1000      9359      0,40      0,00 55015792   62664   0,39  chrome
01:00:00     1000      9519      0,00      0,00 1518554232  354404   2,18  chrome
01:00:00     1000     76014      0,60      0,00 1518513820  346576   2,14  chrome
01:00:00     1000     76063      0,40      0,00 55006444   86720   0,53  chrome
01:00:00        0    108412      0,80      0,00   16948    7792   0,05  cupsd
01:00:00     1000    110220      9,60      0,00 6507552  367028   2,26  java

00:59:55      UID       PID   kB_rd/s   kB_wr/s kB_ccwr/s iodelay  Command
01:00:00     1000    110188      0,00      0,89      0,00       0  pidstat
01:00:00     1000    110220      0,00      3,33      0,00       0  java

01:00:00      UID       PID    %usr %system  %guest   %wait    %CPU   CPU  Command
01:00:05        0         1    0,20    0,00    0,00    0,00    0,20     0  systemd
01:00:05        0        86    0,00    0,20    0,00    0,00    0,20     1  irq/9-acpi
01:00:05      990       903    0,60    0,20    0,00    0,00    0,80     4  dbus-daemon
01:00:05      115       930    1,40    0,40    0,00    0,00    1,80     6  prometheus-node
01:00:05      115       933    0,20    0,20    0,00    0,00    0,40     2  prometheus
01:00:05        0      1383    0,20    0,00    0,00    0,00    0,20     7  glances
01:00:05        0      1391    0,00    0,20    0,00    0,00    0,20     2  tailscaled
01:00:05        0      1411    0,00    0,20    0,00    0,00    0,20     0  anydesk
01:00:05        0      1423    0,40    0,00    0,00    0,00    0,40     2  containerd
01:00:05        0      2310    0,20    0,20    0,00    0,00    0,40     3  dockerd
01:00:05      117      2312    0,80    0,40    0,00    0,00    1,20     3  grafana
01:00:05        0      2932    0,20    0,20    0,00    0,00    0,40     1  mount.ntfs-3g
01:00:05        0      2975    0,20    0,00    0,00    0,00    0,20     7  containerd-shim
01:00:05        0      2982    0,20    0,00    0,00    0,00    0,20     1  containerd-shim
01:00:05      999      3130    0,40    0,00    0,00    0,00    0,40     1  redis-server
01:00:05     1000      4708    1,20    0,20    0,00    0,00    1,40     1  gnome-shell
01:00:05     1000      6317    0,20    0,00    0,00    0,00    0,20     7  antigravity
01:00:05     1000      6339    0,80    0,00    0,00    0,00    0,80     3  gnome-terminal-
01:00:05     1000      6820    0,80    0,20    0,00    0,00    1,00     1  antigravity
01:00:05     1000      7059    1,80    1,60    0,00    0,00    3,40     7  language_server
01:00:05     1000      7229    0,20    0,20    0,00    0,00    0,40     3  antigravity
01:00:05     1000      7244    1,40    0,20    0,00    0,00    1,60     0  antigravity
01:00:05     1000      7260    0,60    0,00    0,00    0,00    0,60     0  antigravity
01:00:05     1000      8267    2,40    0,60    0,00    0,00    3,00     7  language_server
01:00:05     1000      8393    0,00    0,20    0,00    0,00    0,20     1  antigravity
01:00:05     1000      9291    0,20    0,20    0,00    0,00    0,40     2  chrome
01:00:05     1000      9519    0,20    0,00    0,00    0,00    0,20     4  chrome
01:00:05        0    103884    0,00    0,20    0,00    0,00    0,20     4  kworker/4:1-events
01:00:05        0    106463    0,20    0,00    0,00    0,00    0,20     7  kworker/7:1-events
01:00:05     1000    110188    0,20    0,40    0,00    0,00    0,60     4  pidstat
01:00:05     1000    110220    6,00    0,60    0,00    0,00    6,60     6  java

01:00:00      UID       PID  minflt/s  majflt/s     VSZ     RSS   %MEM  Command
01:00:05      115       930     72,60      0,00 1762312   25352   0,16  prometheus-node
01:00:05        0      1423      0,20      0,00 2463900   70852   0,44  containerd
01:00:05      117      2312      0,00      0,00 1765240  350108   2,16  grafana
01:00:05        0      2975      4,80      0,00 1235352   13988   0,09  containerd-shim
01:00:05        0      2976     10,80      0,00 1235608   14336   0,09  containerd-shim
01:00:05        0      2977      9,20      0,00 1235352   14456   0,09  containerd-shim
01:00:05        0      2981     10,00      0,00 1235608   14384   0,09  containerd-shim
01:00:05        0      2982      4,80      0,00 1235608   14888   0,09  containerd-shim
01:00:05     1000      4708      2,00      0,00 5454468  346832   2,14  gnome-shell
01:00:05     1000      6317     31,20      0,00 1461668528  315552   1,94  antigravity
01:00:05     1000      6757      1,00      0,00 34347468  170044   1,05  antigravity
01:00:05     1000      6771      0,60      0,00 33903964   81160   0,50  antigravity
01:00:05     1000      6820    109,80      0,00 1461417328  656448   4,04  antigravity
01:00:05     1000      7161      0,20      0,00 33951332   64332   0,40  antigravity
01:00:05     1000      7229     98,00      0,00 1461383544  129252   0,80  antigravity
01:00:05     1000      7244     25,60      0,00 1461351324  350956   2,16  antigravity
01:00:05     1000      7258      2,80      0,00 1461347760  125892   0,78  antigravity
01:00:05     1000      7260      3,80      0,00 1461367100  164112   1,01  antigravity
01:00:05     1000      8356      5,40      0,00 1459530528  101088   0,62  antigravity
01:00:05     1000      9291      7,60      0,00 55435272  374424   2,31  chrome
01:00:05     1000      9342      2,20      0,00 55467700  213696   1,32  chrome
01:00:05     1000      9345      3,80      0,00 54976356  136028   0,84  chrome
01:00:05     1000      9359      0,80      0,00 55015792   62664   0,39  chrome
01:00:05     1000     76014      0,40      0,00 1518513820  346576   2,14  chrome
01:00:05     1000     76063      0,20      0,00 55006444   86720   0,53  chrome
01:00:05     1000    110220    162,20      0,00 6507552  370484   2,28  java

01:00:00      UID       PID   kB_rd/s   kB_wr/s kB_ccwr/s iodelay  Command
01:00:05     1000      9291      0,00      2,40      0,00       0  chrome
01:00:05     1000    110188      0,00      1,04      0,00       0  pidstat
01:00:05     1000    110220      0,00      1,72      0,00       0  java

01:00:05      UID       PID    %usr %system  %guest   %wait    %CPU   CPU  Command
01:00:10        0       233    0,00    0,20    0,00    0,00    0,20     6  kworker/6:1H-events_highpri
01:00:10        0      1391    0,20    0,00    0,00    0,00    0,20     2  tailscaled
01:00:10        0      1423    0,20    0,00    0,00    0,00    0,20     2  containerd
01:00:10        0      2310    0,00    0,60    0,00    0,00    0,60     3  dockerd
01:00:10      117      2312    0,60    0,40    0,00    0,00    1,00     3  grafana
01:00:10        0      2932    0,20    0,20    0,00    0,00    0,40     0  mount.ntfs-3g
01:00:10        0      2976    0,00    0,20    0,00    0,00    0,20     6  containerd-shim
01:00:10        0      2981    0,00    0,20    0,00    0,00    0,20     0  containerd-shim
01:00:10        0      2982    0,00    0,20    0,00    0,00    0,20     1  containerd-shim
01:00:10      999      3130    0,40    0,00    0,00    0,00    0,40     2  redis-server
01:00:10     1000      4708    0,80    0,20    0,00    0,00    1,00     1  gnome-shell
01:00:10     1000      6317    0,00    0,20    0,00    0,00    0,20     0  antigravity
01:00:10     1000      6339    0,60    0,00    0,00    0,00    0,60     2  gnome-terminal-
01:00:10     1000      6820    0,80    0,20    0,00    0,00    1,00     1  antigravity
01:00:10     1000      7059    1,20    2,40    0,00    0,00    3,60     5  language_server
01:00:10     1000      7229    0,20    0,20    0,00    0,00    0,40     6  antigravity
01:00:10     1000      7244    1,40    0,40    0,00    0,00    1,80     0  antigravity
01:00:10     1000      7260    0,40    0,20    0,00    0,00    0,60     6  antigravity
01:00:10     1000      8267    1,80    1,40    0,00    0,00    3,20     7  language_server
01:00:10     1000      8356    0,20    0,00    0,00    0,00    0,20     0  antigravity
01:00:10     1000      9291    0,20    0,00    0,00    0,00    0,20     7  chrome
01:00:10     1000      9500    0,20    0,00    0,00    0,00    0,20     6  chrome
01:00:10     1000      9519    0,20    0,00    0,00    0,00    0,20     7  chrome
01:00:10     1000     91682    0,00    0,20    0,00    0,00    0,20     3  ssh
01:00:10     1000    110188    0,20    0,20    0,00    0,00    0,40     4  pidstat
01:00:10     1000    110220    2,20    0,40    0,00    0,00    2,60     6  java

01:00:05      UID       PID  minflt/s  majflt/s     VSZ     RSS   %MEM  Command
01:00:10        0      2975      8,80      0,00 1235352   14116   0,09  containerd-shim
01:00:10        0      2976     11,80      0,00 1235608   14720   0,09  containerd-shim
01:00:10        0      2977     12,60      0,00 1235352   14712   0,09  containerd-shim
01:00:10        0      2981     12,00      0,00 1235608   14384   0,09  containerd-shim
01:00:10        0      2982      8,20      0,00 1235608   15016   0,09  containerd-shim
01:00:10     1000      4708      5,20      0,00 5454532  346832   2,14  gnome-shell
01:00:10     1000      6317     34,60      0,00 1461668528  315412   1,94  antigravity
01:00:10     1000      6757      0,60      0,00 34347468  170044   1,05  antigravity
01:00:10     1000      6771      0,60      0,00 33903964   81160   0,50  antigravity
01:00:10     1000      6820    109,00      0,00 1461417328  658624   4,06  antigravity
01:00:10     1000      7161      0,20      0,00 33951332   64332   0,40  antigravity
01:00:10     1000      7229    129,40      0,00 1461383544  129252   0,80  antigravity
01:00:10     1000      7244     18,20      0,00 1461351324  350956   2,16  antigravity
01:00:10     1000      7258      5,80      0,00 1461347760  125892   0,78  antigravity
01:00:10     1000      7260      5,00      0,00 1461367100  164112   1,01  antigravity
01:00:10     1000      8356      5,20      0,00 1459530528  101088   0,62  antigravity
01:00:10     1000      9291     10,60      0,00 55435272  374424   2,31  chrome
01:00:10     1000      9342      4,40      0,00 55467700  213696   1,32  chrome
01:00:10     1000      9345      8,60      0,00 54976356  136028   0,84  chrome
01:00:10     1000      9359      0,40      0,00 55015792   62664   0,39  chrome
01:00:10     1000     76014      0,40      0,00 1518513820  346576   2,14  chrome
01:00:10     1000     76063      0,20      0,00 55006444   86720   0,53  chrome
01:00:10     1000    110220     11,20      0,00 6507552  370612   2,28  java

01:00:05      UID       PID   kB_rd/s   kB_wr/s kB_ccwr/s iodelay  Command
01:00:10     1000      9345      0,00     14,40      0,00       0  chrome
01:00:10     1000    110188      0,00      1,05      0,00       0  pidstat
01:00:10     1000    110220      0,00      3,27      0,00       0  java

01:00:10      UID       PID    %usr %system  %guest   %wait    %CPU   CPU  Command
01:00:15        0         1    0,40    0,20    0,00    0,00    0,60     6  systemd
01:00:15        0       376    0,00    0,20    0,00    0,00    0,20     7  systemd-journal
01:00:15        0       408    0,00    0,40    0,00    0,00    0,40     6  systemd-udevd
01:00:15      990       903    0,40    0,00    0,00    0,20    0,40     0  dbus-daemon
01:00:15      115       933    0,20    0,00    0,00    0,00    0,20     4  prometheus
01:00:15        0      1079    0,20    0,00    0,00    0,00    0,20     4  NetworkManager
01:00:15        0      1383    0,20    0,00    0,00    0,00    0,20     7  glances
01:00:15        0      1391    0,40    0,00    0,00    0,20    0,40     2  tailscaled
01:00:15        0      1423    1,20    0,00    0,00    0,00    1,20     2  containerd
01:00:15        0      2310    1,00    0,60    0,00    0,00    1,60     3  dockerd
01:00:15      117      2312    1,60    0,20    0,00    0,00    1,80     3  grafana
01:00:15        0      2932    0,40    0,20    0,00    0,00    0,60     4  mount.ntfs-3g
01:00:15        0      2976    0,20    0,00    0,00    0,00    0,20     6  containerd-shim
01:00:15      999      3130    0,40    0,00    0,00    0,00    0,40     1  redis-server
01:00:15     1000      4549    0,20    0,00    0,00    0,00    0,20     4  systemd
01:00:15     1000      4708    0,80    0,40    0,00    0,20    1,20     5  gnome-shell
01:00:15     1000      5043    0,20    0,00    0,00    0,00    0,20     4  gnome-software
01:00:15     1000      5050    0,20    0,00    0,00    0,00    0,20     7  gsd-rfkill
01:00:15     1000      5055    0,20    0,00    0,00    0,00    0,20     3  gsd-sharing
01:00:15     1000      5268    0,20    0,20    0,00    0,00    0,40     2  gvfs-udisks2-vo
01:00:15     1000      5504    0,20    0,00    0,00    0,00    0,20     7  xdg-desktop-por
01:00:15     1000      6317    0,00    0,20    0,00    0,00    0,20     7  antigravity
01:00:15     1000      6339    0,60    0,00    0,00    0,00    0,60     2  gnome-terminal-
01:00:15     1000      6820    1,00    0,20    0,00    0,00    1,20     1  antigravity
01:00:15     1000      7059    1,60    1,40    0,00    0,00    3,00     2  language_server
01:00:15     1000      7229    0,00    0,20    0,00    0,00    0,20     3  antigravity
01:00:15     1000      7244    1,20    0,40    0,00    0,00    1,60     7  antigravity
01:00:15     1000      7260    0,60    0,20    0,00    0,00    0,80     6  antigravity
01:00:15     1000      8267    2,20    0,80    0,00    0,00    3,00     7  language_server
01:00:15     1000      9291    0,20    0,00    0,00    0,00    0,20     7  chrome
01:00:15     1000      9519    0,20    0,00    0,00    0,00    0,20     1  chrome
01:00:15        0     97830    0,20    0,00    0,00    0,00    0,20     7  kworker/7:0-events
01:00:15        0    102824    0,20    0,00    0,00    0,20    0,20     1  kworker/1:1-mm_percpu_wq
01:00:15        0    107286    0,00    0,20    0,00    0,00    0,20     2  kworker/u32:8-flush-8:0
01:00:15        0    108416    0,00    0,20    0,00    0,00    0,20     1  cups-browsed
01:00:15     1000    110188    0,00    0,40    0,00    0,00    0,40     1  pidstat
01:00:15     1000    110220    2,00    0,80    0,00    0,00    2,80     6  java

01:00:10      UID       PID  minflt/s  majflt/s     VSZ     RSS   %MEM  Command
01:00:15        0       376     45,40      0,00  188968  108948   0,67  systemd-journal
01:00:15        0       408     90,00      0,00   37544   10908   0,07  systemd-udevd
01:00:15        0      1423      0,20      0,00 2463900   70852   0,44  containerd
01:00:15      114      1526      3,80      0,00  218252   29568   0,18  postgres
01:00:15        0      2975     10,20      0,00 1235352   14244   0,09  containerd-shim
01:00:15        0      2976     11,20      0,00 1235608   14848   0,09  containerd-shim
01:00:15        0      2977      7,00      0,00 1235352   14968   0,09  containerd-shim
01:00:15        0      2981     12,80      0,00 1235608   14640   0,09  containerd-shim
01:00:15        0      2982      5,80      0,00 1235608   15144   0,09  containerd-shim
01:00:15     1000      4708      3,20      0,00 5454596  346832   2,14  gnome-shell
01:00:15        0      5954      0,20      0,00  370432   46948   0,29  fwupd
01:00:15     1000      6317     32,20      0,00 1461668528  315924   1,95  antigravity
01:00:15     1000      6757      0,60      0,00 34347468  170044   1,05  antigravity
01:00:15     1000      6771      1,20      0,00 33903964   81160   0,50  antigravity
01:00:15     1000      6820    111,80      0,00 1461417328  660672   4,07  antigravity
01:00:15     1000      7161      0,20      0,00 33951332   64332   0,40  antigravity
01:00:15     1000      7229     17,80      0,00 1461383544  129252   0,80  antigravity
01:00:15     1000      7244     50,60      0,00 1461351324  351060   2,16  antigravity
01:00:15     1000      7258      3,40      0,00 1461347760  125892   0,78  antigravity
01:00:15     1000      7260      3,40      0,00 1461367100  164112   1,01  antigravity
01:00:15     1000      8356      5,60      0,00 1459530528  101088   0,62  antigravity
01:00:15     1000      9291      8,00      0,00 55435272  374424   2,31  chrome
01:00:15     1000      9342      2,20      0,00 55467700  213696   1,32  chrome
01:00:15     1000      9345      3,40      0,00 54976356  136028   0,84  chrome
01:00:15     1000      9359      0,40      0,00 55015792   62664   0,39  chrome
01:00:15     1000     76014      0,40      0,00 1518513820  346576   2,14  chrome
01:00:15     1000     76063      0,20      0,00 55006444   86720   0,53  chrome
01:00:15     1000    110220     11,60      0,00 6507552  372888   2,30  java
01:00:15        0    111899     53,80      0,00   37548    7060   0,04  (udev-worker)
01:00:15        0    111912     27,40      0,00   37548    6784   0,04  (udev-worker)
01:00:15        0    111915     27,80      0,00   37548    6784   0,04  (udev-worker)
01:00:15        0    111916     27,20      0,00   37548    6784   0,04  (udev-worker)
01:00:15        0    111917     27,20      0,00   37548    6784   0,04  (udev-worker)
01:00:15        0    111918     27,60      0,00   37548    6784   0,04  (udev-worker)
01:00:15        0    111919     27,00      0,00   37548    6784   0,04  (udev-worker)
01:00:15        0    111921     27,20      0,00   37548    6784   0,04  (udev-worker)
01:00:15        0    111922     27,40      0,00   37548    6784   0,04  (udev-worker)
01:00:15        0    111924     27,00      0,00   37548    6784   0,04  (udev-worker)
01:00:15        0    111925     60,80      0,00   37548    7060   0,04  (udev-worker)
01:00:15        0    111926     35,40      0,00   37548    6784   0,04  (udev-worker)
01:00:15        0    111927     27,40      0,00   37548    6784   0,04  (udev-worker)
01:00:15        0    111928     27,00      0,00   37548    6784   0,04  (udev-worker)
01:00:15        0    111929     26,60      0,00   37548    6784   0,04  (udev-worker)
01:00:15        0    111930     27,40      0,00   37548    6784   0,04  (udev-worker)

01:00:10      UID       PID   kB_rd/s   kB_wr/s kB_ccwr/s iodelay  Command
01:00:15     1000      9291      0,00      2,40      0,00       0  chrome
01:00:15     1000    110188      0,00      0,91      0,00       0  pidstat
01:00:15     1000    110220      0,00      3,27      0,00       0  java

01:00:15      UID       PID    %usr %system  %guest   %wait    %CPU   CPU  Command
01:00:20        0         1    0,20    0,00    0,00    0,00    0,20     0  systemd
01:00:20        0        86    0,00    0,20    0,00    0,00    0,20     1  irq/9-acpi
01:00:20      990       903    0,80    0,00    0,00    0,00    0,80     7  dbus-daemon
01:00:20      115       930    0,80    0,60    0,00    0,00    1,40     6  prometheus-node
01:00:20      115       933    0,20    0,00    0,00    0,00    0,20     4  prometheus
01:00:20        0      1423    0,40    0,20    0,00    0,00    0,60     2  containerd
01:00:20        0      2310    0,40    0,20    0,00    0,00    0,60     3  dockerd
01:00:20      117      2312    0,60    0,40    0,00    0,00    1,00     3  grafana
01:00:20        0      2932    0,20    0,20    0,00    0,00    0,40     2  mount.ntfs-3g
01:00:20        0      2977    0,20    0,20    0,00    0,00    0,40     7  containerd-shim
01:00:20        0      2981    0,00    0,20    0,00    0,00    0,20     0  containerd-shim
01:00:20        0      2982    0,00    0,20    0,00    0,00    0,20     1  containerd-shim
01:00:20      999      3130    0,40    0,20    0,00    0,00    0,60     2  redis-server
01:00:20     1000      4708    1,00    0,40    0,00    0,00    1,40     0  gnome-shell
01:00:20     1000      6317    0,20    0,00    0,00    0,00    0,20     0  antigravity
01:00:20     1000      6339    1,00    0,00    0,00    0,00    1,00     2  gnome-terminal-
01:00:20     1000      6820    0,80    0,00    0,00    0,20    0,80     7  antigravity
01:00:20     1000      7059    2,00    1,60    0,00    0,20    3,60     0  language_server
01:00:20     1000      7229    0,20    0,00    0,00    0,20    0,20     7  antigravity
01:00:20     1000      7244    1,40    0,40    0,00    0,00    1,80     4  antigravity
01:00:20     1000      7260    0,80    0,20    0,00    0,00    1,00     6  antigravity
01:00:20     1000      8267    2,00    1,60    0,00    0,00    3,60     7  language_server
01:00:20     1000      8356    0,20    0,20    0,00    0,00    0,40     5  antigravity
01:00:20     1000      9291    0,20    0,00    0,00    0,00    0,20     0  chrome
01:00:20     1000      9519    0,20    0,00    0,00    0,00    0,20     7  chrome
01:00:20     1000     91682    0,20    0,00    0,00    0,00    0,20     5  ssh
01:00:20     1000     98039    0,20    0,00    0,00    0,00    0,20     5  antigravity
01:00:20        0     99362    0,00    0,20    0,00    0,00    0,20     5  kworker/u32:5-flush-8:0
01:00:20     1000    110188    0,20    0,40    0,00    0,00    0,60     3  pidstat
01:00:20     1000    110220    3,80    2,40    0,00    0,00    6,20     6  java

01:00:15      UID       PID  minflt/s  majflt/s     VSZ     RSS   %MEM  Command
01:00:20        0       408      1,60      0,00   37544   10908   0,07  systemd-udevd
01:00:20      115       930    105,60      0,00 1762312   25116   0,15  prometheus-node
01:00:20        0      1423      8,20      0,00 2463900   70428   0,43  containerd
01:00:20        0      2975      7,60      0,00 1235352   14372   0,09  containerd-shim
01:00:20        0      2976      7,20      0,00 1235608   14976   0,09  containerd-shim
01:00:20        0      2977      1,80      0,00 1235352   15096   0,09  containerd-shim
01:00:20        0      2981      3,60      0,00 1235608   14640   0,09  containerd-shim
01:00:20        0      2982      0,20      0,00 1235608   15144   0,09  containerd-shim
01:00:20     1000      4708      6,20      0,00 5454532  346832   2,14  gnome-shell
01:00:20     1000      6317     35,20      0,00 1461668528  315468   1,94  antigravity
01:00:20     1000      6757      0,60      0,00 34347468  170044   1,05  antigravity
01:00:20     1000      6771      0,60      0,00 33903964   81160   0,50  antigravity
01:00:20     1000      6820    109,00      0,00 1461417328  662848   4,08  antigravity
01:00:20     1000      7161      0,40      0,00 33951332   64332   0,40  antigravity
01:00:20     1000      7229      3,20      0,00 1461383544  129252   0,80  antigravity
01:00:20     1000      7244     38,80      0,00 1461351324  351316   2,16  antigravity
01:00:20     1000      7258      2,60      0,00 1461347760  125892   0,78  antigravity
01:00:20     1000      7260      3,00      0,00 1461367100  164112   1,01  antigravity
01:00:20     1000      8356      5,00      0,00 1459530528  101088   0,62  antigravity
01:00:20     1000      9291     14,00      0,00 55435272  374424   2,31  chrome
01:00:20     1000      9342      2,20      0,00 55467700  213696   1,32  chrome
01:00:20     1000      9345      4,40      0,00 54976356  136028   0,84  chrome
01:00:20     1000      9359      0,40      0,00 55015792   62664   0,39  chrome
01:00:20     1000      9519      0,00      0,00 1518554232  352780   2,17  chrome
01:00:20     1000     76014      0,20      0,00 1518513820  346576   2,14  chrome
01:00:20     1000     76063      0,40      0,00 55006444   86720   0,53  chrome
01:00:20     1000    110188      0,60      0,00    6316    5144   0,03  pidstat
01:00:20     1000    110220     29,00      0,00 6507552  408340   2,52  java

01:00:15      UID       PID   kB_rd/s   kB_wr/s kB_ccwr/s iodelay  Command
01:00:20     1000    110188      0,00      1,45      0,00       0  pidstat
01:00:20     1000    110220      0,00      1,72      0,00       0  java

01:00:20      UID       PID    %usr %system  %guest   %wait    %CPU   CPU  Command
01:00:25        0        17    0,00    0,20    0,00    0,00    0,20     6  rcu_preempt
01:00:25        0      1383    0,20    0,00    0,00    0,00    0,20     7  glances
01:00:25        0      1391    0,00    0,20    0,00    0,00    0,20     2  tailscaled
01:00:25        0      1423    0,20    0,00    0,00    0,00    0,20     2  containerd
01:00:25        0      2310    0,20    0,00    0,00    0,00    0,20     3  dockerd
01:00:25      117      2312    0,80    0,20    0,00    0,00    1,00     3  grafana
01:00:25        0      2932    0,20    0,20    0,00    0,00    0,40     5  mount.ntfs-3g
01:00:25        0      2975    0,20    0,20    0,00    0,00    0,40     7  containerd-shim
01:00:25        0      2976    0,20    0,00    0,00    0,00    0,20     6  containerd-shim
01:00:25      999      3130    0,40    0,00    0,00    0,00    0,40     2  redis-server
01:00:25     1000      4708    0,60    0,20    0,00    0,00    0,80     6  gnome-shell
01:00:25     1000      6317    0,20    0,20    0,00    0,00    0,40     3  antigravity
01:00:25     1000      6339    0,80    0,00    0,00    0,00    0,80     4  gnome-terminal-
01:00:25     1000      6820    1,20    0,00    0,00    0,00    1,20     0  antigravity
01:00:25     1000      7059    1,20    2,00    0,00    0,00    3,20     7  language_server
01:00:25     1000      7229    0,40    0,20    0,00    0,00    0,60     4  antigravity
01:00:25     1000      7244    1,20    0,40    0,00    0,00    1,60     1  antigravity
01:00:25     1000      7258    0,20    0,00    0,00    0,00    0,20     1  antigravity
01:00:25     1000      7260    0,60    0,00    0,00    0,00    0,60     0  antigravity
01:00:25     1000      8267    1,60    1,60    0,00    0,00    3,20     7  language_server
01:00:25     1000      9291    0,00    0,20    0,00    0,00    0,20     7  chrome
01:00:25     1000    110188    0,00    0,40    0,00    0,00    0,40     3  pidstat
01:00:25     1000    110220    2,40    0,60    0,00    0,00    3,00     6  java

01:00:20      UID       PID  minflt/s  majflt/s     VSZ     RSS   %MEM  Command
01:00:25        0      2975      6,40      0,00 1235352   14372   0,09  containerd-shim
01:00:25        0      2976      1,00      0,00 1235608   14976   0,09  containerd-shim
01:00:25        0      2977      6,40      0,00 1235352   15096   0,09  containerd-shim
01:00:25        0      2981      6,80      0,00 1235608   14896   0,09  containerd-shim
01:00:25        0      2982      8,20      0,00 1235608   15272   0,09  containerd-shim
01:00:25       70      3117      4,40      0,00  174540   25424   0,16  postgres
01:00:25     1000      4708      0,20      0,00 5454468  346832   2,14  gnome-shell
01:00:25     1000      6317     31,20      0,00 1461668528  315444   1,94  antigravity
01:00:25     1000      6757      1,20      0,00 34347468  170044   1,05  antigravity
01:00:25     1000      6771      0,60      0,00 33903964   81160   0,50  antigravity
01:00:25     1000      6820    111,60      0,00 1461417328  665024   4,10  antigravity
01:00:25     1000      7161      0,20      0,00 33951332   64332   0,40  antigravity
01:00:25     1000      7229      2,60      0,00 1461383544  129252   0,80  antigravity
01:00:25     1000      7244     15,60      0,00 1461351324  350772   2,16  antigravity
01:00:25     1000      7258      3,00      0,00 1461347760  125892   0,78  antigravity
01:00:25     1000      7260      3,60      0,00 1461367100  164112   1,01  antigravity
01:00:25     1000      8356      5,40      0,00 1459530528  101088   0,62  antigravity
01:00:25     1000      9291     20,00      0,00 55435272  374552   2,31  chrome
01:00:25     1000      9342      2,20      0,00 55467700  213696   1,32  chrome
01:00:25     1000      9345      3,80      0,00 54976356  136028   0,84  chrome
01:00:25     1000      9359      0,80      0,00 55015792   62664   0,39  chrome
01:00:25     1000     76014      0,60      0,00 1518513820  346576   2,14  chrome
01:00:25     1000     76063      0,40      0,00 55006444   86720   0,53  chrome
01:00:25     1000    110220     11,80      0,00 6507552  408340   2,52  java

01:00:20      UID       PID   kB_rd/s   kB_wr/s kB_ccwr/s iodelay  Command
01:00:25     1000      9291      0,00     16,00      0,00       0  chrome
01:00:25     1000    110188      0,00      1,05      0,00       0  pidstat
01:00:25     1000    110220      0,00      3,27      0,00       0  java

01:00:25      UID       PID    %usr %system  %guest   %wait    %CPU   CPU  Command
01:00:30      115       933    0,20    0,00    0,00    0,00    0,20     6  prometheus
01:00:30        0      1383    0,20    0,00    0,00    0,00    0,20     7  glances
01:00:30        0      1423    0,40    0,20    0,00    0,00    0,60     2  containerd
01:00:30        0      2310    0,20    0,40    0,00    0,00    0,60     3  dockerd
01:00:30      117      2312    0,20    0,40    0,00    0,00    0,60     3  grafana
01:00:30        0      2932    0,00    0,20    0,00    0,00    0,20     0  mount.ntfs-3g
01:00:30        0      2976    0,00    0,20    0,00    0,00    0,20     6  containerd-shim
01:00:30        0      2977    0,20    0,00    0,00    0,00    0,20     7  containerd-shim
01:00:30        0      2981    0,20    0,00    0,00    0,00    0,20     0  containerd-shim
01:00:30        0      2982    0,20    0,00    0,00    0,00    0,20     1  containerd-shim
01:00:30      999      3130    0,40    0,00    0,00    0,00    0,40     3  redis-server
01:00:30     1000      4708    1,20    0,40    0,00    0,00    1,60     5  gnome-shell
01:00:30     1000      6317    0,20    0,00    0,00    0,00    0,20     6  antigravity
01:00:30     1000      6339    0,80    0,20    0,00    0,00    1,00     4  gnome-terminal-
01:00:30     1000      6820   13,00    0,20    0,00    0,20   13,20     7  antigravity
01:00:30     1000      7059    1,60    1,80    0,00    0,00    3,40     5  language_server
01:00:30     1000      7229    0,00    0,20    0,00    0,00    0,20     4  antigravity
01:00:30     1000      7244    1,60    0,40    0,00    0,00    2,00     0  antigravity
01:00:30     1000      7260    0,60    0,00    0,00    0,00    0,60     7  antigravity
01:00:30     1000      8267    1,00    2,00    0,00    0,00    3,00     7  language_server
01:00:30     1000      9291    0,20    0,20    0,00    0,00    0,40     7  chrome
01:00:30     1000      9359    0,20    0,20    0,00    0,00    0,40     5  chrome
01:00:30     1000      9519    0,20    0,00    0,00    0,00    0,20     2  chrome
01:00:30     1000     76014    0,20    0,00    0,00    0,00    0,20     1  chrome
01:00:30     1000     91682    0,20    0,00    0,00    0,00    0,20     5  ssh
01:00:30        0    104961    0,00    0,20    0,00    0,00    0,20     6  kworker/6:0-i915-unordered
01:00:30     1000    110188    0,00    0,40    0,00    0,00    0,40     4  pidstat
01:00:30     1000    110220    3,60    0,60    0,00    0,00    4,20     6  java

01:00:25      UID       PID  minflt/s  majflt/s     VSZ     RSS   %MEM  Command
01:00:30      115       933      7,60      0,00 2711492  114604   0,71  prometheus
01:00:30        0      2975      3,40      0,00 1235352   13508   0,08  containerd-shim
01:00:30        0      2976      1,60      0,00 1235608   14272   0,09  containerd-shim
01:00:30        0      2977      9,60      0,00 1235352   14268   0,09  containerd-shim
01:00:30        0      2981      7,20      0,00 1235608   14116   0,09  containerd-shim
01:00:30        0      2982      6,00      0,00 1235608   14648   0,09  containerd-shim
01:00:30     1000      4708      7,00      0,00 5454468  346832   2,14  gnome-shell
01:00:30     1000      6317     32,00      0,00 1461668528  315424   1,94  antigravity
01:00:30     1000      6757      4,40      0,00 34347468  170044   1,05  antigravity
01:00:30     1000      6771      0,60      0,00 33903964   81160   0,50  antigravity
01:00:30     1000      6820    250,60      0,00 1461417328  653888   4,03  antigravity
01:00:30     1000      7161      0,20      0,00 33951332   64332   0,40  antigravity
01:00:30     1000      7229      8,80      0,00 1461383544  129380   0,80  antigravity
01:00:30     1000      7244    100,20      0,00 1461351324  351480   2,17  antigravity
01:00:30     1000      7258      6,00      0,00 1461347760  125892   0,78  antigravity
01:00:30     1000      7260      5,20      0,00 1461367100  164112   1,01  antigravity
01:00:30     1000      8356      5,20      0,00 1459530528  101088   0,62  antigravity
01:00:30     1000      9291      6,80      0,00 55435272  374552   2,31  chrome
01:00:30     1000      9342      4,40      0,00 55467700  213696   1,32  chrome
01:00:30     1000      9345      7,60      0,00 54976356  136028   0,84  chrome
01:00:30     1000      9359      0,40      0,00 55015792   62664   0,39  chrome
01:00:30     1000     76014      0,60      0,00 1518513820  346576   2,14  chrome
01:00:30     1000     76063      0,20      0,00 55006444   86720   0,53  chrome
01:00:30     1000    110220      7,60      0,00 6507552  408340   2,52  java

01:00:25      UID       PID   kB_rd/s   kB_wr/s kB_ccwr/s iodelay  Command
01:00:30     1000    110188      0,00      0,88      0,00       0  pidstat
01:00:30     1000    110220      0,00      3,33      0,00       0  java

01:00:30      UID       PID    %usr %system  %guest   %wait    %CPU   CPU  Command
01:00:35        0        86    0,00    0,20    0,00    0,00    0,20     1  irq/9-acpi
01:00:35        0       120    0,00    0,20    0,00    0,00    0,20     2  kworker/u33:0-i915_flip
01:00:35      990       903    0,60    0,40    0,00    0,00    1,00     1  dbus-daemon
01:00:35      986       924    0,00    0,20    0,00    0,00    0,20     6  polkitd
01:00:35      115       930    1,00    0,60    0,00    0,00    1,60     6  prometheus-node
01:00:35      115       933    0,20    0,00    0,00    0,00    0,20     7  prometheus
01:00:35        0      1383    0,20    0,00    0,00    0,00    0,20     7  glances
01:00:35        0      1423    0,20    0,20    0,00    0,00    0,40     2  containerd
01:00:35        0      2310    0,60    0,00    0,00    0,00    0,60     3  dockerd
01:00:35      117      2312    0,80    0,20    0,00    0,00    1,00     3  grafana
01:00:35        0      2932    0,40    0,20    0,00    0,00    0,60     0  mount.ntfs-3g
01:00:35        0      2975    0,00    0,20    0,00    0,00    0,20     7  containerd-shim
01:00:35        0      2982    0,00    0,20    0,00    0,00    0,20     1  containerd-shim
01:00:35      999      3130    0,20    0,00    0,00    0,00    0,20     4  redis-server
01:00:35     1000      4708    0,60    0,40    0,00    0,00    1,00     6  gnome-shell
01:00:35     1000      6339    0,60    0,00    0,00    0,00    0,60     4  gnome-terminal-
01:00:35     1000      6820    0,80    0,40    0,00    0,00    1,20     6  antigravity
01:00:35     1000      7059    1,80    1,60    0,00    0,00    3,40     7  language_server
01:00:35     1000      7229    0,20    0,20    0,00    0,00    0,40     3  antigravity
01:00:35     1000      7244    1,20    0,40    0,00    0,20    1,60     3  antigravity
01:00:35     1000      7260    0,40    0,20    0,00    0,00    0,60     6  antigravity
01:00:35     1000      8267    1,80    1,60    0,00    0,00    3,40     7  language_server
01:00:35     1000      8356    0,20    0,00    0,00    0,00    0,20     5  antigravity
01:00:35     1000      9291    0,20    0,00    0,00    0,00    0,20     0  chrome
01:00:35     1000      9519    0,20    0,20    0,00    0,00    0,40     2  chrome
01:00:35     1000    110188    0,20    0,20    0,00    0,00    0,40     4  pidstat
01:00:35     1000    110220    2,40    0,80    0,00    0,00    3,20     6  java

01:00:30      UID       PID  minflt/s  majflt/s     VSZ     RSS   %MEM  Command
01:00:35      115       930     85,80      0,00 1762312   25136   0,15  prometheus-node
01:00:35        0      2975     11,80      0,00 1235352   13764   0,08  containerd-shim
01:00:35        0      2976     10,20      0,00 1235608   14272   0,09  containerd-shim
01:00:35        0      2977     12,20      0,00 1235352   14396   0,09  containerd-shim
01:00:35        0      2981     10,00      0,00 1235608   14244   0,09  containerd-shim
01:00:35        0      2982     10,20      0,00 1235608   14776   0,09  containerd-shim
01:00:35     1000      4708      0,80      0,00 5454468  346832   2,14  gnome-shell
01:00:35     1000      6317     31,60      0,00 1461668528  315936   1,95  antigravity
01:00:35     1000      6757      0,40      0,00 34347468  170044   1,05  antigravity
01:00:35     1000      6771      1,20      0,00 33903964   81160   0,50  antigravity
01:00:35     1000      6820    111,60      0,00 1461417328  656064   4,04  antigravity
01:00:35     1000      7161      0,20      0,00 33951332   64332   0,40  antigravity
01:00:35     1000      7229     96,40      0,00 1461383544  129380   0,80  antigravity
01:00:35     1000      7244     12,80      0,00 1461351324  350904   2,16  antigravity
01:00:35     1000      7258      2,60      0,00 1461347760  125892   0,78  antigravity
01:00:35     1000      7260      3,20      0,00 1461367100  164112   1,01  antigravity
01:00:35     1000      8356      5,40      0,00 1459530528  101088   0,62  antigravity
01:00:35     1000      9291      7,40      0,00 55435272  374552   2,31  chrome
01:00:35     1000      9342      2,20      0,00 55467700  213696   1,32  chrome
01:00:35     1000      9345      3,80      0,00 54976356  136028   0,84  chrome
01:00:35     1000      9359      0,40      0,00 55015792   62664   0,39  chrome
01:00:35     1000     76014      0,40      0,00 1518513820  346576   2,14  chrome
01:00:35     1000     76063      0,20      0,00 55006444   86720   0,53  chrome
01:00:35     1000    110220     11,20      0,00 6507552  408340   2,52  java

01:00:30      UID       PID   kB_rd/s   kB_wr/s kB_ccwr/s iodelay  Command
01:00:35     1000      9291      0,00      2,40      0,00       0  chrome
01:00:35     1000    110188      0,00      0,95      0,00       0  pidstat
01:00:35     1000    110220      0,00      3,27      0,00       0  java

01:00:35      UID       PID    %usr %system  %guest   %wait    %CPU   CPU  Command
01:00:40        0      1391    0,20    0,20    0,00    0,00    0,40     7  tailscaled
01:00:40        0      1411    0,20    0,00    0,00    0,00    0,20     1  anydesk
01:00:40        0      1423    0,20    0,20    0,00    0,00    0,40     2  containerd
01:00:40      111      1503    0,20    0,00    0,00    0,00    0,20     7  mariadbd
01:00:40        0      2310    0,40    0,20    0,00    0,00    0,60     3  dockerd
01:00:40      117      2312    0,60    0,40    0,00    0,00    1,00     3  grafana
01:00:40        0      2932    0,00    0,40    0,00    0,00    0,40     0  mount.ntfs-3g
01:00:40        0      2976    0,20    0,00    0,00    0,00    0,20     6  containerd-shim
01:00:40        0      2977    0,20    0,00    0,00    0,00    0,20     7  containerd-shim
01:00:40        0      2981    0,00    0,20    0,00    0,00    0,20     0  containerd-shim
01:00:40        0      2982    0,20    0,00    0,00    0,00    0,20     1  containerd-shim
01:00:40      999      3130    0,60    0,00    0,00    0,00    0,60     6  redis-server
01:00:40     1000      4708    1,20    0,20    0,00    0,00    1,40     6  gnome-shell
01:00:40     1000      6317    0,20    0,00    0,00    0,00    0,20     5  antigravity
01:00:40     1000      6339    0,80    0,00    0,00    0,00    0,80     4  gnome-terminal-
01:00:40     1000      6820    0,80    0,20    0,00    0,00    1,00     3  antigravity
01:00:40     1000      7059    2,00    1,40    0,00    0,00    3,40     2  language_server
01:00:40     1000      7161    0,20    0,00    0,00    0,00    0,20     4  antigravity
01:00:40     1000      7229    0,40    0,20    0,00    0,00    0,60     5  antigravity
01:00:40     1000      7244    8,80    0,80    0,00    0,00    9,60     4  antigravity
01:00:40     1000      7260    0,60    0,00    0,00    0,00    0,60     6  antigravity
01:00:40     1000      8267    2,20    1,00    0,00    0,00    3,20     7  language_server
01:00:40     1000      8356    0,20    0,00    0,00    0,00    0,20     5  antigravity
01:00:40     1000      9291    0,20    0,00    0,00    0,20    0,20     1  chrome
01:00:40     1000      9519    0,40    0,00    0,00    0,00    0,40     6  chrome
01:00:40     1000     98039    0,20    0,00    0,00    0,00    0,20     6  antigravity
01:00:40     1000    110188    0,20    0,20    0,00    0,00    0,40     5  pidstat
01:00:40     1000    110220    2,00    0,60    0,00    0,00    2,60     6  java

01:00:35      UID       PID  minflt/s  majflt/s     VSZ     RSS   %MEM  Command
01:00:40        0      2975     12,20      0,00 1235352   13764   0,08  containerd-shim
01:00:40        0      2976     13,80      0,00 1235608   14528   0,09  containerd-shim
01:00:40        0      2977     12,80      0,00 1235352   14524   0,09  containerd-shim
01:00:40        0      2981     14,20      0,00 1235608   14500   0,09  containerd-shim
01:00:40        0      2982     12,20      0,00 1235608   14904   0,09  containerd-shim
01:00:40     1000      4708      6,80      0,00 5454468  346832   2,14  gnome-shell
01:00:40     1000      6317     38,20      0,00 1461668528  315332   1,94  antigravity
01:00:40     1000      6757      0,60      0,00 34347468  170044   1,05  antigravity
01:00:40     1000      6771      0,60      0,00 33903964   81160   0,50  antigravity
01:00:40     1000      6820    108,80      0,00 1461417328  658240   4,06  antigravity
01:00:40     1000      7161      0,40      0,00 33951332   64332   0,40  antigravity
01:00:40     1000      7229    186,00      0,00 1461383544  129688   0,80  antigravity
01:00:40     1000      7244    214,00      0,00 1461351324  289196   1,78  antigravity
01:00:40     1000      7258      3,00      0,00 1461347760  125892   0,78  antigravity
01:00:40     1000      7260      3,20      0,00 1461367100  164112   1,01  antigravity
01:00:40     1000      8356      5,20      0,00 1459530528  101088   0,62  antigravity
01:00:40     1000      9291     19,20      0,00 55435272  374552   2,31  chrome
01:00:40     1000      9342      2,20      0,00 55467700  213696   1,32  chrome
01:00:40     1000      9345      9,40      0,00 54976356  136028   0,84  chrome
01:00:40     1000      9359      0,40      0,00 55015792   62664   0,39  chrome
01:00:40     1000      9519    358,60      0,00 1518554232  364024   2,24  chrome
01:00:40     1000     76014      0,60      0,00 1518513820  346576   2,14  chrome
01:00:40     1000     76063      0,40      0,00 55006444   86720   0,53  chrome
01:00:40     1000    110220     11,00      0,00 6507552  408852   2,52  java

01:00:35      UID       PID   kB_rd/s   kB_wr/s kB_ccwr/s iodelay  Command
01:00:40     1000      9291      0,00      5,60      0,00       0  chrome
01:00:40     1000    110188      0,00      0,95      0,00       0  pidstat
01:00:40     1000    110220      0,00      1,72      0,00       0  java

01:00:40      UID       PID    %usr %system  %guest   %wait    %CPU   CPU  Command
01:00:45      115       933    0,20    0,00    0,00    0,00    0,20     7  prometheus
01:00:45        0      1383    0,20    0,00    0,00    0,00    0,20     7  glances
01:00:45        0      1423    0,20    0,00    0,00    0,00    0,20     2  containerd
01:00:45        0      2310    0,40    0,20    0,00    0,00    0,60     3  dockerd
01:00:45      117      2312    0,80    0,20    0,00    0,00    1,00     3  grafana
01:00:45        0      2932    0,20    0,20    0,00    0,00    0,40     0  mount.ntfs-3g
01:00:45        0      2975    0,00    0,20    0,00    0,00    0,20     7  containerd-shim
01:00:45        0      2976    0,00    0,20    0,00    0,00    0,20     6  containerd-shim
01:00:45        0      2981    0,20    0,00    0,00    0,00    0,20     0  containerd-shim
01:00:45      999      3130    0,40    0,00    0,00    0,00    0,40     4  redis-server
01:00:45     1000      4708    0,60    0,20    0,00    0,00    0,80     1  gnome-shell
01:00:45     1000      6317    0,40    0,00    0,00    0,00    0,40     6  antigravity
01:00:45     1000      6339    0,40    0,00    0,00    0,00    0,40     4  gnome-terminal-
01:00:45     1000      6820    0,60    0,40    0,00    0,00    1,00     3  antigravity
01:00:45     1000      7059    2,20    1,20    0,00    0,00    3,40     2  language_server
01:00:45     1000      7229    0,20    0,00    0,00    0,00    0,20     6  antigravity
01:00:45     1000      7244    1,60    0,40    0,00    0,00    2,00     5  antigravity
01:00:45     1000      7260    0,60    0,00    0,00    0,00    0,60     4  antigravity
01:00:45     1000      8267    2,60    1,00    0,00    0,00    3,60     7  language_server
01:00:45     1000      9291    0,00    0,20    0,00    0,00    0,20     5  chrome
01:00:45     1000      9519    0,20    0,00    0,00    0,00    0,20     1  chrome
01:00:45     1000     76025    0,20    0,00    0,00    0,00    0,20     6  chrome
01:00:45     1000    110188    0,20    0,40    0,00    0,00    0,60     6  pidstat
01:00:45     1000    110220    3,20    0,20    0,00    0,00    3,40     6  java

01:00:40      UID       PID  minflt/s  majflt/s     VSZ     RSS   %MEM  Command
01:00:45        0      2975      6,40      0,00 1235352   13892   0,09  containerd-shim
01:00:45        0      2976     10,60      0,00 1235608   14784   0,09  containerd-shim
01:00:45        0      2977      8,80      0,00 1235352   14780   0,09  containerd-shim
01:00:45        0      2981      7,00      0,00 1235608   14756   0,09  containerd-shim
01:00:45        0      2982      6,20      0,00 1235608   14904   0,09  containerd-shim
01:00:45     1000      4708      0,40      0,00 5454532  346832   2,14  gnome-shell
01:00:45     1000      6317     32,20      0,00 1461668528  315236   1,94  antigravity
01:00:45     1000      6757      1,20      0,00 34347468  170044   1,05  antigravity
01:00:45     1000      6771      0,60      0,00 33903964   81160   0,50  antigravity
01:00:45     1000      6820    112,20      0,00 1461417328  660416   4,07  antigravity
01:00:45     1000      7161      0,20      0,00 33951332   64332   0,40  antigravity
01:00:45     1000      7229      8,00      0,00 1461383544  129532   0,80  antigravity
01:00:45     1000      7244    190,60      0,00 1461351324  287752   1,77  antigravity
01:00:45     1000      7258      3,40      0,00 1461347760  125892   0,78  antigravity
01:00:45     1000      7260      5,40      0,00 1461367100  164112   1,01  antigravity
01:00:45     1000      8356      5,40      0,00 1459530528  101088   0,62  antigravity
01:00:45     1000      9291      6,80      0,00 55435272  374552   2,31  chrome
01:00:45     1000      9342      2,20      0,00 55467700  213696   1,32  chrome
01:00:45     1000      9345      3,20      0,00 54976356  135900   0,84  chrome
01:00:45     1000      9359      0,80      0,00 55015792   62664   0,39  chrome
01:00:45     1000     76014      0,60      0,00 1518513820  346576   2,14  chrome
01:00:45     1000     76063      0,20      0,00 55006444   86720   0,53  chrome
01:00:45     1000    110220     12,00      0,00 6507552  409108   2,52  java

01:00:40      UID       PID   kB_rd/s   kB_wr/s kB_ccwr/s iodelay  Command
01:00:45     1000    110188      0,00      0,96      0,00       0  pidstat
01:00:45     1000    110220      0,00      3,27      0,00       0  java

01:00:45      UID       PID    %usr %system  %guest   %wait    %CPU   CPU  Command
01:00:50        0         1    0,20    0,20    0,00    0,00    0,40     1  systemd
01:00:50        0        17    0,00    0,20    0,00    0,00    0,20     0  rcu_preempt
01:00:50      990       903    0,80    0,00    0,00    0,00    0,80     4  dbus-daemon
01:00:50      115       930    1,40    0,60    0,00    0,00    2,00     6  prometheus-node
01:00:50      115       933    0,20    0,00    0,00    0,00    0,20     6  prometheus
01:00:50        0      1079    0,20    0,00    0,00    0,00    0,20     4  NetworkManager
01:00:50        0      1383    0,20    0,00    0,00    0,00    0,20     7  glances
01:00:50        0      1423    0,40    0,20    0,00    0,00    0,60     2  containerd
01:00:50        0      2310    0,40    0,00    0,00    0,00    0,40     3  dockerd
01:00:50      117      2312    0,60    0,20    0,00    0,00    0,80     3  grafana
01:00:50        0      2932    0,20    0,00    0,00    0,00    0,20     1  mount.ntfs-3g
01:00:50        0      2977    0,00    0,20    0,00    0,00    0,20     7  containerd-shim
01:00:50        0      2982    0,20    0,00    0,00    0,00    0,20     1  containerd-shim
01:00:50      999      3130    0,20    0,20    0,00    0,00    0,40     6  redis-server
01:00:50     1000      4708    1,00    0,20    0,00    0,00    1,20     6  gnome-shell
01:00:50     1000      6339    1,00    0,00    0,00    0,00    1,00     4  gnome-terminal-
01:00:50     1000      6820    0,40    0,40    0,00    0,00    0,80     3  antigravity
01:00:50     1000      7059    2,80    1,60    0,00    0,00    4,40     5  language_server
01:00:50     1000      7229    0,00    0,20    0,00    0,00    0,20     7  antigravity
01:00:50     1000      7244    1,60    0,40    0,00    0,00    2,00     0  antigravity
01:00:50     1000      7260    0,60    0,20    0,00    0,00    0,80     0  antigravity
01:00:50     1000      8267    1,60    1,40    0,00    0,00    3,00     7  language_server
01:00:50     1000      9345    0,20    0,00    0,00    0,00    0,20     7  chrome
01:00:50     1000      9390    0,00    0,20    0,00    0,00    0,20     4  chrome
01:00:50     1000      9519    0,20    0,20    0,00    0,00    0,40     1  chrome
01:00:50     1000     91682    0,20    0,00    0,00    0,00    0,20     3  ssh
01:00:50     1000    110188    0,00    0,40    0,00    0,00    0,40     6  pidstat
01:00:50     1000    110220    1,80    0,40    0,00    0,00    2,20     6  java

01:00:45      UID       PID  minflt/s  majflt/s     VSZ     RSS   %MEM  Command
01:00:50      115       930     68,80      0,00 1762312   25144   0,15  prometheus-node
01:00:50        0      2975      5,80      0,00 1235352   13892   0,09  containerd-shim
01:00:50        0      2976      0,80      0,00 1235608   14784   0,09  containerd-shim
01:00:50        0      2977      8,80      0,00 1235352   14908   0,09  containerd-shim
01:00:50        0      2981      1,20      0,00 1235608   14756   0,09  containerd-shim
01:00:50        0      2982      1,80      0,00 1235608   14904   0,09  containerd-shim
01:00:50     1000      4708      6,60      0,00 5454468  346832   2,14  gnome-shell
01:00:50     1000      6317     31,60      0,00 1461668528  315296   1,94  antigravity
01:00:50     1000      6757      0,60      0,00 34347468  170044   1,05  antigravity
01:00:50     1000      6771      0,60      0,00 33903964   81160   0,50  antigravity
01:00:50     1000      6820    113,40      0,00 1461417328  662720   4,08  antigravity
01:00:50     1000      7059      0,00      0,00 4910056  362704   2,23  language_server
01:00:50     1000      7161      0,20      0,00 33951332   64332   0,40  antigravity
01:00:50     1000      7229      2,80      0,00 1461383544  129400   0,80  antigravity
01:00:50     1000      7244     86,80      0,00 1461351324  288208   1,78  antigravity
01:00:50     1000      7258      5,20      0,00 1461347760  125892   0,78  antigravity
01:00:50     1000      7260      5,40      0,00 1461367100  164112   1,01  antigravity
01:00:50     1000      8356      5,40      0,00 1459530528  101088   0,62  antigravity
01:00:50     1000      9291      7,40      0,00 55435272  374552   2,31  chrome
01:00:50     1000      9342      4,40      0,00 55467700  213696   1,32  chrome
01:00:50     1000      9345      7,60      0,00 54976356  135900   0,84  chrome
01:00:50     1000      9359      0,40      0,00 55015792   62664   0,39  chrome
01:00:50     1000     76014      0,20      0,00 1518513820  346576   2,14  chrome
01:00:50     1000     76063      0,20      0,00 55006444   86720   0,53  chrome
01:00:50     1000    110220      9,80      0,00 6507552  409236   2,52  java

01:00:45      UID       PID   kB_rd/s   kB_wr/s kB_ccwr/s iodelay  Command
01:00:50     1000      9291      0,00      2,40      0,00       0  chrome
01:00:50     1000    110188      0,00      0,86      0,00       0  pidstat
01:00:50     1000    110220      0,00      3,27      0,00       0  java

01:00:50      UID       PID    %usr %system  %guest   %wait    %CPU   CPU  Command
01:00:55      115       933    0,20    0,00    0,00    0,00    0,20     6  prometheus
01:00:55        0      1423    0,20    0,00    0,00    0,00    0,20     2  containerd
01:00:55        0      2310    0,20    0,40    0,00    0,00    0,60     3  dockerd
01:00:55      117      2312    0,40    0,40    0,00    0,00    0,80     3  grafana
01:00:55        0      2932    0,20    0,40    0,00    0,00    0,60     3  mount.ntfs-3g
01:00:55        0      2976    0,20    0,00    0,00    0,00    0,20     6  containerd-shim
01:00:55        0      2981    0,20    0,00    0,00    0,00    0,20     0  containerd-shim
01:00:55        0      2982    0,20    0,00    0,00    0,00    0,20     1  containerd-shim
01:00:55      999      3130    0,40    0,20    0,00    0,00    0,60     7  redis-server
01:00:55     1000      4708    0,80    0,40    0,00    0,00    1,20     5  gnome-shell
01:00:55     1000      6317    0,20    0,00    0,00    0,00    0,20     6  antigravity
01:00:55     1000      6339    1,00    0,20    0,00    0,00    1,20     3  gnome-terminal-
01:00:55     1000      6820    1,00    0,20    0,00    0,00    1,20     1  antigravity
01:00:55     1000      7059    2,20    1,20    0,00    0,00    3,40     2  language_server
01:00:55     1000      7229    0,20    0,00    0,00    0,00    0,20     7  antigravity
01:00:55     1000      7244    1,60    0,40    0,00    0,00    2,00     3  antigravity
01:00:55     1000      7260    0,60    0,00    0,00    0,00    0,60     0  antigravity
01:00:55     1000      8267    1,20    1,80    0,00    0,00    3,00     7  language_server
01:00:55     1000      8356    0,20    0,00    0,00    0,00    0,20     2  antigravity
01:00:55     1000      9291    0,20    0,20    0,00    0,00    0,40     3  chrome
01:00:55     1000      9519    0,20    0,00    0,00    0,00    0,20     5  chrome
01:00:55     1000     76063    0,00    0,20    0,00    0,00    0,20     0  chrome
01:00:55     1000     91682    0,00    0,20    0,00    0,00    0,20     4  ssh
01:00:55     1000     98039    0,20    0,00    0,00    0,00    0,20     5  antigravity
01:00:55        0    104961    0,00    0,20    0,00    0,00    0,20     6  kworker/6:0-i915-unordered
01:00:55        0    109477    0,20    0,00    0,00    0,00    0,20     0  kworker/0:2-events
01:00:55     1000    110188    0,00    0,40    0,00    0,00    0,40     5  pidstat
01:00:55     1000    110220    1,20    1,00    0,00    0,00    2,20     6  java

01:00:50      UID       PID  minflt/s  majflt/s     VSZ     RSS   %MEM  Command
01:00:55        0      2975      9,00      0,00 1235352   14148   0,09  containerd-shim
01:00:55        0      2976      3,40      0,00 1235608   14784   0,09  containerd-shim
01:00:55        0      2977      4,20      0,00 1235352   14736   0,09  containerd-shim
01:00:55        0      2981      0,60      0,00 1235608   14756   0,09  containerd-shim
01:00:55        0      2982      5,80      0,00 1235608   15032   0,09  containerd-shim
01:00:55     1000      4708      0,40      0,00 5454468  346832   2,14  gnome-shell
01:00:55     1000      6317     32,00      0,00 1461668528  315936   1,95  antigravity
01:00:55     1000      6757      0,60      0,00 34347468  170044   1,05  antigravity
01:00:55     1000      6771      1,20      0,00 33903964   81160   0,50  antigravity
01:00:55     1000      6820    126,40      0,00 1461417328  664464   4,09  antigravity
01:00:55     1000      7161      0,20      0,00 33951332   64332   0,40  antigravity
01:00:55     1000      7229      2,60      0,00 1461383544  129400   0,80  antigravity
01:00:55     1000      7244     52,20      0,00 1461351324  288392   1,78  antigravity
01:00:55     1000      7258      3,00      0,00 1461347760  125892   0,78  antigravity
01:00:55     1000      7260      3,20      0,00 1461367100  164240   1,01  antigravity
01:00:55     1000      8356      5,20      0,00 1459530528  101088   0,62  antigravity
01:00:55     1000      9291     11,20      0,00 55435272  374680   2,31  chrome
01:00:55     1000      9342      2,20      0,00 55467700  213696   1,32  chrome
01:00:55     1000      9345      3,80      0,00 54976356  135900   0,84  chrome
01:00:55     1000      9359      0,40      0,00 55015792   62664   0,39  chrome
01:00:55     1000     76014      0,40      0,00 1518513820  346576   2,14  chrome
01:00:55     1000     76063      0,20      0,00 55006444   86720   0,53  chrome
01:00:55     1000    110220      9,40      0,00 6507552  409492   2,52  java

01:00:50      UID       PID   kB_rd/s   kB_wr/s kB_ccwr/s iodelay  Command
01:00:55     1000      9291      0,00      3,20      0,00       0  chrome
01:00:55     1000    110188      0,00      0,98      0,00       0  pidstat
01:00:55     1000    110220      0,00      1,72      0,00       0  java

01:00:55      UID       PID    %usr %system  %guest   %wait    %CPU   CPU  Command
01:01:00      115       933    0,00    0,20    0,00    0,00    0,20     6  prometheus
01:01:00        0      1383    0,20    0,00    0,00    0,00    0,20     7  glances
01:01:00        0      1423    0,40    0,20    0,00    0,00    0,60     2  containerd
01:01:00        0      2310    0,20    0,20    0,00    0,00    0,40     3  dockerd
01:01:00      117      2312    0,20    0,80    0,00    0,00    1,00     3  grafana
01:01:00        0      2932    0,00    0,20    0,00    0,00    0,20     4  mount.ntfs-3g
01:01:00        0      2975    0,20    0,20    0,00    0,00    0,40     7  containerd-shim
01:01:00        0      2976    0,20    0,00    0,00    0,00    0,20     6  containerd-shim
01:01:00        0      2977    0,20    0,00    0,00    0,00    0,20     7  containerd-shim
01:01:00      999      3130    0,40    0,00    0,00    0,00    0,40     2  redis-server
01:01:00     1000      4708    0,80    0,60    0,00    0,00    1,40     7  gnome-shell
01:01:00     1000      6317    0,20    0,20    0,00    0,00    0,40     7  antigravity
01:01:00     1000      6339    0,40    0,00    0,00    0,00    0,40     6  gnome-terminal-
01:01:00     1000      6757    0,20    0,00    0,00    0,20    0,20     7  antigravity
01:01:00     1000      6820   12,60    0,60    0,00    0,00   13,20     5  antigravity
01:01:00     1000      7059    1,80    1,60    0,00    0,00    3,40     3  language_server
01:01:00     1000      7229    0,20    0,00    0,00    0,00    0,20     4  antigravity
01:01:00     1000      7244    1,40    0,20    0,00    0,00    1,60     2  antigravity
01:01:00     1000      7260    0,60    0,00    0,00    0,20    0,60     2  antigravity
01:01:00     1000      8267    1,60    1,40    0,00    0,00    3,00     7  language_server
01:01:00     1000      8356    0,00    0,20    0,00    0,00    0,20     5  antigravity
01:01:00     1000      9291    0,00    0,20    0,00    0,00    0,20     5  chrome
01:01:00     1000     76063    0,20    0,00    0,00    0,00    0,20     1  chrome
01:01:00        0     99362    0,00    0,20    0,00    0,00    0,20     7  kworker/u32:5-events_unbound
01:01:00     1000    110188    0,20    0,20    0,00    0,00    0,40     7  pidstat
01:01:00     1000    110220    2,40    0,60    0,00    0,00    3,00     6  java

01:00:55      UID       PID  minflt/s  majflt/s     VSZ     RSS   %MEM  Command
01:01:00      115       933      1,20      0,00 2711492  114732   0,71  prometheus
01:01:00        0      1423      4,20      0,00 2463900   70428   0,43  containerd
01:01:00        0      2975      4,80      0,00 1235352   13312   0,08  containerd-shim
01:01:00        0      2976      8,20      0,00 1235608   14148   0,09  containerd-shim
01:01:00        0      2977      6,60      0,00 1235352   14196   0,09  containerd-shim
01:01:00        0      2981      5,00      0,00 1235608   14128   0,09  containerd-shim
01:01:00        0      2982      6,00      0,00 1235608   14464   0,09  containerd-shim
01:01:00     1000      4708      6,80      0,00 5454468  346832   2,14  gnome-shell
01:01:00     1000      6317     39,20      0,00 1461668528  315252   1,94  antigravity
01:01:00     1000      6757      4,20      0,00 34347452  170044   1,05  antigravity
01:01:00     1000      6771      0,60      0,00 33903964   81160   0,50  antigravity
01:01:00     1000      6820    246,80      0,00 1461417328  655336   4,04  antigravity
01:01:00     1000      7161      0,40      0,00 33951332   64332   0,40  antigravity
01:01:00     1000      7229      8,00      0,00 1461383544  129528   0,80  antigravity
01:01:00     1000      7244     31,40      0,00 1461351324  287968   1,77  antigravity
01:01:00     1000      7258      3,00      0,00 1461347760  125892   0,78  antigravity
01:01:00     1000      7260      2,60      0,00 1461367100  164240   1,01  antigravity
01:01:00     1000      8356      5,40      0,00 1459530528  101088   0,62  antigravity
01:01:00     1000      9291     14,00      0,00 55435272  374680   2,31  chrome
01:01:00     1000      9342      2,20      0,00 55467700  213696   1,32  chrome
01:01:00     1000      9345      4,40      0,00 54976356  135900   0,84  chrome
01:01:00     1000      9359      0,40      0,00 55015792   62664   0,39  chrome
01:01:00     1000      9519      0,00      0,00 1518554232  354436   2,18  chrome
01:01:00     1000     76014      0,60      0,00 1518513820  346576   2,14  chrome
01:01:00     1000     76063      0,40      0,00 55006444   86720   0,53  chrome
01:01:00     1000    110220     67,00      0,00 6507552  410644   2,53  java

01:00:55      UID       PID   kB_rd/s   kB_wr/s kB_ccwr/s iodelay  Command
01:01:00     1000      9291      0,00      1,60      0,00       0  chrome
01:01:00     1000    110188      0,00      0,95      0,00       0  pidstat
01:01:00     1000    110220      0,00      3,33      0,00       0  java

01:01:00      UID       PID    %usr %system  %guest   %wait    %CPU   CPU  Command
01:01:05        0         1    0,20    0,20    0,00    0,00    0,40     0  systemd
01:01:05        0        86    0,00    0,20    0,00    0,00    0,20     1  irq/9-acpi
01:01:05        0       317    0,00    0,20    0,00    0,00    0,20     1  jbd2/sda6-8
01:01:05      990       903    0,60    0,00    0,00    0,00    0,60     3  dbus-daemon
01:01:05      115       930    1,00    0,40    0,00    0,00    1,40     6  prometheus-node
01:01:05      115       933    0,60    0,00    0,00    0,00    0,60     6  prometheus
01:01:05        0      1383    0,20    0,00    0,00    0,00    0,20     7  glances
01:01:05        0      1391    0,20    0,20    0,00    0,00    0,40     2  tailscaled
01:01:05        0      1423    0,40    0,00    0,00    0,00    0,40     2  containerd
01:01:05        0      2310    0,20    0,20    0,00    0,00    0,40     3  dockerd
01:01:05      117      2312    0,80    0,60    0,00    0,00    1,40     3  grafana
01:01:05        0      2932    0,20    0,20    0,00    0,00    0,40     4  mount.ntfs-3g
01:01:05        0      2981    0,00    0,20    0,00    0,00    0,20     0  containerd-shim
01:01:05        0      2982    0,00    0,20    0,00    0,00    0,20     1  containerd-shim
01:01:05      999      3130    0,40    0,00    0,00    0,00    0,40     2  redis-server
01:01:05     1000      4708    0,80    0,20    0,00    0,00    1,00     7  gnome-shell
01:01:05     1000      5107    0,20    0,00    0,00    0,00    0,20     7  anydesk
01:01:05     1000      6339    0,80    0,20    0,00    0,00    1,00     3  gnome-terminal-
01:01:05     1000      6820    1,00    0,00    0,00    0,20    1,00     2  antigravity
01:01:05     1000      7059    2,20    1,20    0,00    0,00    3,40     2  language_server
01:01:05     1000      7229    0,20    0,40    0,00    0,00    0,60     4  antigravity
01:01:05     1000      7244    1,60    0,20    0,00    0,00    1,80     6  antigravity
01:01:05     1000      7260    0,60    0,00    0,00    0,00    0,60     1  antigravity
01:01:05     1000      8267    2,00    1,20    0,00    0,00    3,20     7  language_server
01:01:05     1000      9291    0,20    0,00    0,00    0,00    0,20     5  chrome
01:01:05     1000      9390    0,20    0,00    0,00    0,00    0,20     6  chrome
01:01:05     1000      9500    0,20    0,00    0,00    0,00    0,20     7  chrome
01:01:05     1000      9519    0,20    0,00    0,00    0,00    0,20     0  chrome
01:01:05     1000     91682    0,00    0,20    0,00    0,00    0,20     5  ssh
01:01:05        0    103256    0,00    0,20    0,00    0,00    0,20     0  kworker/u32:4-events_unbound
01:01:05     1000    110188    0,20    0,40    0,00    0,00    0,60     7  pidstat
01:01:05     1000    110220    5,00    1,60    0,00    0,00    6,60     6  java

01:01:00      UID       PID  minflt/s  majflt/s     VSZ     RSS   %MEM  Command
01:01:05      115       930     66,60      0,00 1762312   25180   0,16  prometheus-node
01:01:05      115       933      7,40      0,00 2711492  114732   0,71  prometheus
01:01:05        0      1423      1,60      0,00 2463900   70428   0,43  containerd
01:01:05      117      2312      0,20      0,00 1765240  350108   2,16  grafana
01:01:05        0      2975     10,80      0,00 1235352   13440   0,08  containerd-shim
01:01:05        0      2976     10,40      0,00 1235608   14276   0,09  containerd-shim
01:01:05        0      2977      9,80      0,00 1235352   14452   0,09  containerd-shim
01:01:05        0      2981     10,40      0,00 1235608   14256   0,09  containerd-shim
01:01:05        0      2982     11,00      0,00 1235608   14592   0,09  containerd-shim
01:01:05     1000      4708      1,20      0,00 5454532  346832   2,14  gnome-shell
01:01:05     1000      6317     31,60      0,00 1461668528  315284   1,94  antigravity
01:01:05     1000      6757      1,00      0,00 34347452  170044   1,05  antigravity
01:01:05     1000      6771      0,60      0,00 33903964   81160   0,50  antigravity
01:01:05     1000      6820     67,40      0,00 1461417328  656616   4,05  antigravity
01:01:05     1000      7161      0,20      0,00 33951332   64332   0,40  antigravity
01:01:05     1000      7229    100,20      0,00 1461383544  129656   0,80  antigravity
01:01:05     1000      7244     97,20      0,00 1461351324  287812   1,77  antigravity
01:01:05     1000      7258      3,00      0,00 1461347760  125892   0,78  antigravity
01:01:05     1000      7260      4,00      0,00 1461367100  164240   1,01  antigravity
01:01:05     1000      8356      5,20      0,00 1459530528  101088   0,62  antigravity
01:01:05     1000      9291      7,40      0,00 55435272  374680   2,31  chrome
01:01:05     1000      9342      2,20      0,00 55467700  213696   1,32  chrome
01:01:05     1000      9345      3,80      0,00 54976356  135900   0,84  chrome
01:01:05     1000      9359      0,80      0,00 55015792   62664   0,39  chrome
01:01:05     1000     76014      0,20      0,00 1518513820  346576   2,14  chrome
01:01:05     1000     76063      0,20      0,00 55006444   86720   0,53  chrome
01:01:05     1000    110220     26,60      0,00 6507552  437968   2,70  java

01:01:00      UID       PID   kB_rd/s   kB_wr/s kB_ccwr/s iodelay  Command
01:01:05     1000      9291      0,00      2,40      0,00       0  chrome
01:01:05     1000    110188      0,00      0,96      0,00       0  pidstat
01:01:05     1000    110220      0,00      3,27      0,00       0  java

01:01:05      UID       PID    %usr %system  %guest   %wait    %CPU   CPU  Command
01:01:10        0      1079    0,00    0,20    0,00    0,00    0,20     4  NetworkManager
01:01:10        0      1383    0,20    0,00    0,00    0,00    0,20     7  glances
01:01:10        0      1411    0,00    0,20    0,00    0,00    0,20     1  anydesk
01:01:10        0      1423    0,00    0,40    0,00    0,00    0,40     2  containerd
01:01:10        0      2310    0,40    0,20    0,00    0,00    0,60     3  dockerd
01:01:10      117      2312    0,40    0,40    0,00    0,00    0,80     3  grafana
01:01:10        0      2932    0,20    0,00    0,00    0,00    0,20     3  mount.ntfs-3g
01:01:10        0      2976    0,20    0,00    0,00    0,00    0,20     6  containerd-shim
01:01:10        0      2977    0,20    0,00    0,00    0,00    0,20     7  containerd-shim
01:01:10        0      2982    0,20    0,00    0,00    0,00    0,20     1  containerd-shim
01:01:10      999      3130    0,40    0,20    0,00    0,00    0,60     3  redis-server
01:01:10     1000      4708    1,20    0,20    0,00    0,00    1,40     1  gnome-shell
01:01:10     1000      6317    0,20    0,00    0,00    0,00    0,20     3  antigravity
01:01:10     1000      6339    0,60    0,00    0,00    0,00    0,60     5  gnome-terminal-
01:01:10     1000      6820    1,00    0,00    0,00    0,00    1,00     2  antigravity
01:01:10     1000      7059    1,40    2,00    0,00    0,00    3,40     5  language_server
01:01:10     1000      7229    0,40    0,00    0,00    0,00    0,40     3  antigravity
01:01:10     1000      7244    1,20    0,60    0,00    0,00    1,80     7  antigravity
01:01:10     1000      7260    0,80    0,00    0,00    0,00    0,80     7  antigravity
01:01:10     1000      8267    1,60    1,60    0,00    0,00    3,20     7  language_server
01:01:10     1000      8356    0,00    0,20    0,00    0,00    0,20     5  antigravity
01:01:10     1000      9345    0,00    0,20    0,00    0,00    0,20     2  chrome
01:01:10     1000      9519    0,20    0,00    0,00    0,00    0,20     3  chrome
01:01:10     1000    110188    0,00    0,40    0,00    0,00    0,40     7  pidstat
01:01:10     1000    110220    1,40    0,60    0,00    0,00    2,00     6  java

01:01:05      UID       PID  minflt/s  majflt/s     VSZ     RSS   %MEM  Command
01:01:10        0      1423      2,20      0,00 2463900   70428   0,43  containerd
01:01:10        0      2975     12,00      0,00 1235352   13440   0,08  containerd-shim
01:01:10        0      2976     14,60      0,00 1235608   14404   0,09  containerd-shim
01:01:10        0      2977     12,00      0,00 1235352   14580   0,09  containerd-shim
01:01:10        0      2981     13,40      0,00 1235608   14512   0,09  containerd-shim
01:01:10        0      2982     20,40      0,00 1235608   14976   0,09  containerd-shim
01:01:10     1000      4708      6,80      0,00 5454532  346960   2,14  gnome-shell
01:01:10     1000      6317     31,40      0,00 1461668528  315344   1,94  antigravity
01:01:10     1000      6757      0,60      0,00 34347452  170044   1,05  antigravity
01:01:10     1000      6771      0,60      0,00 33903964   81160   0,50  antigravity
01:01:10     1000      6820    111,60      0,00 1461417328  658792   4,06  antigravity
01:01:10     1000      7161      0,20      0,00 33951332   64332   0,40  antigravity
01:01:10     1000      7229    130,80      0,00 1461383544  129520   0,80  antigravity
01:01:10     1000      7244     42,20      0,00 1461351324  287928   1,77  antigravity
01:01:10     1000      7258      5,60      0,00 1461347760  125892   0,78  antigravity
01:01:10     1000      7260      5,20      0,00 1461367100  164240   1,01  antigravity
01:01:10     1000      8356      5,40      0,00 1459530528  101088   0,62  antigravity
01:01:10     1000      9291     10,40      0,00 55435272  374680   2,31  chrome
01:01:10     1000      9342      4,40      0,00 55467700  213696   1,32  chrome
01:01:10     1000      9345      8,40      0,00 54976356  135900   0,84  chrome
01:01:10     1000      9359      0,40      0,00 55015792   62664   0,39  chrome
01:01:10     1000     76014      0,60      0,00 1518513820  346704   2,14  chrome
01:01:10     1000     76063      0,20      0,00 55006444   86720   0,53  chrome
01:01:10     1000    110220      6,40      0,00 6507552  437968   2,70  java

01:01:05      UID       PID   kB_rd/s   kB_wr/s kB_ccwr/s iodelay  Command
01:01:10     1000      9345      0,00     14,40      0,00       0  chrome
01:01:10     1000    110188      0,00      1,08      0,00       0  pidstat
01:01:10     1000    110220      0,00      3,27      0,00       0  java

01:01:10      UID       PID    %usr %system  %guest   %wait    %CPU   CPU  Command
01:01:15        0         1    0,20    0,00    0,00    0,00    0,20     3  systemd
01:01:15        0        17    0,00    0,20    0,00    0,00    0,20     2  rcu_preempt
01:01:15        0        57    0,00    0,20    0,00    0,00    0,20     6  ksoftirqd/6
01:01:15        0       376    0,20    0,00    0,00    0,00    0,20     1  systemd-journal
01:01:15        0       408    0,00    0,20    0,00    0,20    0,20     3  systemd-udevd
01:01:15      990       903    0,60    0,00    0,00    0,00    0,60     2  dbus-daemon
01:01:15      115       933    0,00    0,20    0,00    0,00    0,20     6  prometheus
01:01:15        0       943    0,20    0,00    0,00    0,00    0,20     0  udisksd
01:01:15        0      1079    0,20    0,00    0,00    0,00    0,20     1  NetworkManager
01:01:15        0      1391    0,20    0,20    0,00    0,00    0,40     7  tailscaled
01:01:15        0      1423    1,00    0,20    0,00    0,00    1,20     2  containerd
01:01:15        0      2310    0,80    1,00    0,00    0,00    1,80     3  dockerd
01:01:15      117      2312    0,60    0,20    0,00    0,00    0,80     3  grafana
01:01:15        0      2932    0,20    0,20    0,00    0,00    0,40     4  mount.ntfs-3g
01:01:15        0      2975    0,20    0,00    0,00    0,00    0,20     7  containerd-shim
01:01:15        0      2981    0,20    0,00    0,00    0,00    0,20     0  containerd-shim
01:01:15      999      3130    0,40    0,00    0,00    0,00    0,40     4  redis-server
01:01:15     1000      4549    0,20    0,20    0,00    0,00    0,40     7  systemd
01:01:15     1000      4708    1,00    0,40    0,00    0,20    1,40     2  gnome-shell
01:01:15     1000      5021    0,20    0,20    0,00    0,00    0,40     1  gsd-housekeepin
01:01:15     1000      5043    0,00    0,20    0,00    0,00    0,20     2  gnome-software
01:01:15     1000      5055    0,20    0,00    0,00    0,00    0,20     2  gsd-sharing
01:01:15     1000      5549    0,20    0,00    0,00    0,00    0,20     6  xdg-desktop-por
01:01:15        0      5954    0,00    0,20    0,00    0,00    0,20     5  fwupd
01:01:15     1000      6317    0,20    0,20    0,00    0,00    0,40     7  antigravity
01:01:15     1000      6339    1,00    0,00    0,00    0,00    1,00     3  gnome-terminal-
01:01:15     1000      6820    1,00    0,20    0,00    0,00    1,20     7  antigravity
01:01:15     1000      7059    1,60    1,60    0,00    0,20    3,20     1  language_server
01:01:15     1000      7229    0,20    0,00    0,00    0,00    0,20     3  antigravity
01:01:15     1000      7244    1,60    0,20    0,00    0,00    1,80     3  antigravity
01:01:15     1000      7260    0,60    0,00    0,00    0,00    0,60     7  antigravity
01:01:15     1000      8267    0,80    2,00    0,00    0,00    2,80     7  language_server
01:01:15     1000      9291    0,20    0,00    0,00    0,00    0,20     5  chrome
01:01:15     1000     91682    0,00    0,20    0,00    0,00    0,20     6  ssh
01:01:15     1000     98039    0,20    0,00    0,00    0,00    0,20     6  antigravity
01:01:15       33    108423    0,20    0,00    0,00    0,00    0,20     3  apache2
01:01:15     1000    110188    0,20    0,20    0,00    0,00    0,40     0  pidstat
01:01:15     1000    110220    1,80    0,40    0,00    0,00    2,20     6  java

01:01:10      UID       PID  minflt/s  majflt/s     VSZ     RSS   %MEM  Command
01:01:15        0       376     45,00      0,00  188968  108948   0,67  systemd-journal
01:01:15        0       408     96,40      0,00   37544   10908   0,07  systemd-udevd
01:01:15        0      1423      3,80      0,00 2463900   70556   0,43  containerd
01:01:15      114      1526      3,80      0,00  218252   29568   0,18  postgres
01:01:15        0      2975     15,80      0,00 1235352   14080   0,09  containerd-shim
01:01:15        0      2976      7,00      0,00 1235608   14532   0,09  containerd-shim
01:01:15        0      2977      0,20      0,00 1235352   14580   0,09  containerd-shim
01:01:15        0      2981      8,60      0,00 1235608   14640   0,09  containerd-shim
01:01:15        0      2982     11,00      0,00 1235608   15232   0,09  containerd-shim
01:01:15     1000      4708      3,40      0,00 5454532  346960   2,14  gnome-shell
01:01:15        0      5954      0,20      0,00  370432   46948   0,29  fwupd
01:01:15     1000      6317     32,20      0,00 1461668528  315984   1,95  antigravity
01:01:15     1000      6757      4,60      0,00 34347452  170044   1,05  antigravity
01:01:15     1000      6771      1,20      0,00 33903964   81160   0,50  antigravity
01:01:15     1000      6820    135,00      0,00 1461417328  659852   4,07  antigravity
01:01:15     1000      7161      0,20      0,00 33951332   64332   0,40  antigravity
01:01:15     1000      7229     10,60      0,00 1461383544  129520   0,80  antigravity
01:01:15     1000      7244     83,80      0,00 1461351324  288276   1,78  antigravity
01:01:15     1000      7258      3,40      0,00 1461347760  125760   0,77  antigravity
01:01:15     1000      7260      3,20      0,00 1461367100  164240   1,01  antigravity
01:01:15     1000      8356      5,60      0,00 1459530528  101088   0,62  antigravity
01:01:15     1000      9291      7,60      0,00 55435272  374680   2,31  chrome
01:01:15     1000      9342      2,20      0,00 55467700  213696   1,32  chrome
01:01:15     1000      9345      3,60      0,00 54976356  135900   0,84  chrome
01:01:15     1000      9359      0,40      0,00 55015792   62664   0,39  chrome
01:01:15     1000     76014      0,60      0,00 1518513820  346704   2,14  chrome
01:01:15     1000     76063      0,20      0,00 55006444   86720   0,53  chrome
01:01:15     1000     99008      6,00      0,00    7664    3936   0,02  bash
01:01:15     1000    110220      9,00      0,00 6507552  437968   2,70  java
01:01:15        0    112167     63,80      0,00   37548    7060   0,04  (udev-worker)
01:01:15        0    112180     26,60      0,00   37548    6784   0,04  (udev-worker)
01:01:15        0    112181     27,20      0,00   37548    6784   0,04  (udev-worker)
01:01:15        0    112182     27,80      0,00   37548    6784   0,04  (udev-worker)
01:01:15        0    112183     27,20      0,00   37548    6784   0,04  (udev-worker)
01:01:15        0    112185     27,60      0,00   37548    6784   0,04  (udev-worker)
01:01:15        0    112186     27,60      0,00   37548    6784   0,04  (udev-worker)
01:01:15        0    112187     27,60      0,00   37548    6784   0,04  (udev-worker)
01:01:15        0    112188     59,60      0,00   37548    7060   0,04  (udev-worker)
01:01:15        0    112189     27,20      0,00   37548    6784   0,04  (udev-worker)
01:01:15        0    112190     27,00      0,00   37548    6784   0,04  (udev-worker)
01:01:15        0    112192     26,80      0,00   37548    6652   0,04  (udev-worker)
01:01:15        0    112193     26,60      0,00   37548    6784   0,04  (udev-worker)
01:01:15        0    112195     26,20      0,00   37548    6784   0,04  (udev-worker)
01:01:15        0    112196     26,00      0,00   37548    6780   0,04  (udev-worker)
01:01:15        0    112197     26,20      0,00   37548    6784   0,04  (udev-worker)
01:01:15     1000    112282     24,20      0,00    5660    2096   0,01  sleep

01:01:10      UID       PID   kB_rd/s   kB_wr/s kB_ccwr/s iodelay  Command
01:01:15     1000      9291      0,00      2,40      0,00       0  chrome
01:01:15     1000    110188      0,00      0,91      0,00       0  pidstat
01:01:15     1000    110220      0,00      3,27      0,00       0  java

01:01:15      UID       PID    %usr %system  %guest   %wait    %CPU   CPU  Command
01:01:20        0         1    0,20    0,00    0,00    0,00    0,20     3  systemd
01:01:20        0        86    0,00    0,20    0,00    0,00    0,20     1  irq/9-acpi
01:01:20      990       903    0,60    0,00    0,00    0,00    0,60     6  dbus-daemon
01:01:20      115       930    1,20    0,40    0,00    0,00    1,60     6  prometheus-node
01:01:20      115       933    0,20    0,00    0,00    0,00    0,20     0  prometheus
01:01:20        0      1383    0,20    0,00    0,00    0,00    0,20     7  glances
01:01:20        0      1391    0,00    0,20    0,00    0,00    0,20     7  tailscaled
01:01:20        0      1423    0,20    0,20    0,00    0,00    0,40     2  containerd
01:01:20        0      2310    0,40    0,20    0,00    0,00    0,60     3  dockerd
01:01:20      117      2312    0,60    0,40    0,00    0,00    1,00     3  grafana
01:01:20        0      2932    0,40    0,60    0,00    0,00    1,00     5  mount.ntfs-3g
01:01:20        0      2976    0,20    0,00    0,00    0,00    0,20     6  containerd-shim
01:01:20        0      2977    0,00    0,20    0,00    0,00    0,20     7  containerd-shim
01:01:20      999      3130    0,20    0,20    0,00    0,00    0,40     2  redis-server
01:01:20     1000      4708    1,20    0,20    0,00    0,00    1,40     0  gnome-shell
01:01:20     1000      6317    0,20    0,00    0,00    0,00    0,20     7  antigravity
01:01:20     1000      6339    0,60    0,00    0,00    0,00    0,60     2  gnome-terminal-
01:01:20     1000      6757    0,20    0,20    0,00    0,00    0,40     5  antigravity
01:01:20     1000      6820    1,20    0,40    0,00    0,00    1,60     1  antigravity
01:01:20     1000      7059    1,80    1,80    0,00    0,00    3,60     5  language_server
01:01:20     1000      7229    0,20    0,20    0,00    0,00    0,40     4  antigravity
01:01:20     1000      7244    1,60    0,60    0,00    0,00    2,20     3  antigravity
01:01:20     1000      7260    0,80    0,00    0,00    0,00    0,80     6  antigravity
01:01:20     1000      8267    1,00    1,80    0,00    0,00    2,80     7  language_server
01:01:20     1000      9291    0,20    0,20    0,00    0,00    0,40     4  chrome
01:01:20     1000      9519    0,00    0,20    0,00    0,00    0,20     5  chrome
01:01:20     1000     76025    0,00    0,20    0,00    0,00    0,20     3  chrome
01:01:20        0     99361    0,00    0,20    0,00    0,00    0,20     5  kworker/u32:3-events_unbound
01:01:20        0    104961    0,00    0,20    0,00    0,00    0,20     6  kworker/6:0-i915-unordered
01:01:20     1000    110188    0,40    0,40    0,00    0,00    0,80     0  pidstat
01:01:20     1000    110220    3,00    0,40    0,00    0,00    3,40     6  java

01:01:15      UID       PID  minflt/s  majflt/s     VSZ     RSS   %MEM  Command
01:01:20        0       408      1,60      0,00   37544   10908   0,07  systemd-udevd
01:01:20      115       930    104,20      0,00 1762312   25372   0,16  prometheus-node
01:01:20        0      1391      0,00      0,00 1421316   94280   0,58  tailscaled
01:01:20        0      2975     10,20      0,00 1235352   14336   0,09  containerd-shim
01:01:20        0      2976      2,00      0,00 1235608   14532   0,09  containerd-shim
01:01:20        0      2977      0,60      0,00 1235352   14580   0,09  containerd-shim
01:01:20        0      2981      0,40      0,00 1235608   14640   0,09  containerd-shim
01:01:20        0      2982      2,40      0,00 1235608   15232   0,09  containerd-shim
01:01:20     1000      4708      6,60      0,00 5454468  346828   2,14  gnome-shell
01:01:20     1000      6317     35,40      0,00 1461668528  315420   1,94  antigravity
01:01:20     1000      6757     10,60      0,00 34359732  170172   1,05  antigravity
01:01:20     1000      6771      0,60      0,00 33903964   81160   0,50  antigravity
01:01:20     1000      6820    293,00      0,00 1461417264  663932   4,09  antigravity
01:01:20     1000      7161      0,40      0,00 33951332   64332   0,40  antigravity
01:01:20     1000      7229    106,20      0,00 1461383544  129520   0,80  antigravity
01:01:20     1000      7244    277,80      0,00 1461351324  288216   1,78  antigravity
01:01:20     1000      7258      3,00      0,00 1461347760  125760   0,77  antigravity
01:01:20     1000      7260     18,40      0,00 1461367100  164316   1,01  antigravity
01:01:20     1000      8356      5,00      0,00 1459530528  101088   0,62  antigravity
01:01:20     1000      9291     13,60      0,00 55435272  374680   2,31  chrome
01:01:20     1000      9342      2,20      0,00 55467700  213696   1,32  chrome
01:01:20     1000      9345      4,40      0,00 54976356  135900   0,84  chrome
01:01:20     1000      9359      0,40      0,00 55015792   62664   0,39  chrome
01:01:20     1000      9519      0,00      0,00 1518554232  352884   2,17  chrome
01:01:20     1000     76063      0,40      0,00 55006444   86720   0,53  chrome
01:01:20     1000    110188      0,40      0,00    6316    5144   0,03  pidstat
01:01:20     1000    110220      6,60      0,00 6507552  438096   2,70  java

01:01:15      UID       PID   kB_rd/s   kB_wr/s kB_ccwr/s iodelay  Command
01:01:20     1000      7244      0,00      0,80      0,00       0  antigravity
01:01:20     1000    110188      0,00      1,49      0,00       0  pidstat
01:01:20     1000    110220      0,00      1,58      0,00       0  java

01:01:20      UID       PID    %usr %system  %guest   %wait    %CPU   CPU  Command
01:01:25        0       120    0,00    0,20    0,00    0,00    0,20     7  kworker/u33:0-i915_flip
01:01:25      115       933    0,20    0,00    0,00    0,00    0,20     6  prometheus
01:01:25        0      1391    0,20    0,00    0,00    0,00    0,20     7  tailscaled
01:01:25        0      1423    0,40    0,20    0,00    0,00    0,60     2  containerd
01:01:25        0      2310    0,40    0,00    0,00    0,00    0,40     3  dockerd
01:01:25      117      2312    0,60    0,20    0,00    0,00    0,80     3  grafana
01:01:25        0      2932    0,40    0,40    0,00    0,00    0,80     0  mount.ntfs-3g
01:01:25        0      2975    0,20    0,00    0,00    0,00    0,20     7  containerd-shim
01:01:25        0      2977    0,20    0,00    0,00    0,00    0,20     7  containerd-shim
01:01:25        0      2981    0,20    0,20    0,00    0,00    0,40     0  containerd-shim
01:01:25        0      2982    0,00    0,20    0,00    0,00    0,20     1  containerd-shim
01:01:25      999      3130    0,40    0,00    0,00    0,00    0,40     2  redis-server
01:01:25     1000      4708    0,80    0,40    0,00    0,00    1,20     0  gnome-shell
01:01:25     1000      5107    0,00    0,20    0,00    0,00    0,20     7  anydesk
01:01:25     1000      6317    0,20    0,00    0,00    0,00    0,20     5  antigravity
01:01:25     1000      6339    0,60    0,00    0,00    0,00    0,60     3  gnome-terminal-
01:01:25     1000      6757    0,20    0,00    0,00    0,00    0,20     5  antigravity
01:01:25     1000      6820    1,20    0,20    0,00    0,00    1,40     7  antigravity
01:01:25     1000      7059    1,60    1,80    0,00    0,00    3,40     2  language_server
01:01:25     1000      7229    0,00    0,20    0,00    0,00    0,20     4  antigravity
01:01:25     1000      7244    1,20    0,60    0,00    0,00    1,80     3  antigravity
01:01:25     1000      7260    0,60    0,20    0,00    0,00    0,80     0  antigravity
01:01:25     1000      8267    1,60    1,20    0,00    0,00    2,80     7  language_server
01:01:25     1000      8356    0,20    0,00    0,00    0,00    0,20     6  antigravity
01:01:25     1000      9291    0,20    0,00    0,00    0,00    0,20     4  chrome
01:01:25     1000      9519    0,20    0,00    0,00    0,00    0,20     0  chrome
01:01:25     1000     76014    0,20    0,00    0,00    0,00    0,20     3  chrome
01:01:25        0    102824    0,00    0,20    0,00    0,00    0,20     1  kworker/1:1-events
01:01:25        0    109833    0,20    0,00    0,00    0,00    0,20     2  kworker/2:0-events
01:01:25     1000    110188    0,00    0,20    0,00    0,00    0,20     0  pidstat
01:01:25     1000    110220    1,20    0,40    0,00    0,00    1,60     6  java

01:01:20      UID       PID  minflt/s  majflt/s     VSZ     RSS   %MEM  Command
01:01:25        0      1423      0,00      0,00 2463900   70020   0,43  containerd
01:01:25        0      2975      3,00      0,00 1235352   14336   0,09  containerd-shim
01:01:25        0      2976     10,20      0,00 1235608   14660   0,09  containerd-shim
01:01:25        0      2977     12,40      0,00 1235352   14836   0,09  containerd-shim
01:01:25        0      2981      0,20      0,00 1235608   14640   0,09  containerd-shim
01:01:25        0      2982      0,60      0,00 1235608   15096   0,09  containerd-shim
01:01:25       70      3117      4,40      0,00  174540   25424   0,16  postgres
01:01:25     1000      4708      0,60      0,00 5454468  346828   2,14  gnome-shell
01:01:25     1000      6317     35,00      0,00 1461668528  315428   1,94  antigravity
01:01:25     1000      6757     24,20      0,00 34359628  170428   1,05  antigravity
01:01:25     1000      6771      0,60      0,00 33903964   81160   0,50  antigravity
01:01:25     1000      6820    188,20      0,00 1461417264  665068   4,10  antigravity
01:01:25     1000      7161      0,20      0,00 33951332   64332   0,40  antigravity
01:01:25     1000      7229      2,40      0,00 1461383544  129520   0,80  antigravity
01:01:25     1000      7244    308,80      0,00 1461351324  288204   1,78  antigravity
01:01:25     1000      7258      2,60      0,00 1461347760  125760   0,77  antigravity
01:01:25     1000      7260     18,40      0,00 1461367100  164240   1,01  antigravity
01:01:25     1000      8356      5,00      0,00 1459530528  101088   0,62  antigravity
01:01:25     1000      9291     14,40      0,00 55435272  374680   2,31  chrome
01:01:25     1000      9342      2,20      0,00 55467700  213696   1,32  chrome
01:01:25     1000      9345      3,80      0,00 54976356  135900   0,84  chrome
01:01:25     1000      9359      0,80      0,00 55015792   62664   0,39  chrome
01:01:25     1000     76014      0,60      0,00 1518513820  346704   2,14  chrome
01:01:25     1000     76063      0,20      0,00 55006444   86720   0,53  chrome
01:01:25     1000    110220      0,20      0,00 6507552  438096   2,70  java

01:01:20      UID       PID   kB_rd/s   kB_wr/s kB_ccwr/s iodelay  Command
01:01:25     1000      9291      0,00      7,20      0,00       0  chrome
01:01:25     1000    110188      0,00      1,07      0,00       0  pidstat
01:01:25     1000    110220      0,00      3,09      0,00       0  java

01:01:25      UID       PID    %usr %system  %guest   %wait    %CPU   CPU  Command
01:01:30      115       933    0,20    0,00    0,00    0,00    0,20     6  prometheus
01:01:30        0       936    0,00    0,20    0,00    0,00    0,20     7  smartd
01:01:30        0      1383    0,20    0,00    0,00    0,00    0,20     7  glances
01:01:30        0      1423    0,40    0,00    0,00    0,00    0,40     2  containerd
01:01:30        0      2310    0,40    0,00    0,00    0,00    0,40     3  dockerd
01:01:30      117      2312    0,20    0,80    0,00    0,00    1,00     3  grafana
01:01:30        0      2932    0,20    0,40    0,00    0,00    0,60     7  mount.ntfs-3g
01:01:30        0      2975    0,00    0,20    0,00    0,00    0,20     7  containerd-shim
01:01:30        0      2976    0,20    0,00    0,00    0,00    0,20     6  containerd-shim
01:01:30        0      2977    0,00    0,20    0,00    0,00    0,20     7  containerd-shim
01:01:30        0      2982    0,20    0,00    0,00    0,00    0,20     1  containerd-shim
01:01:30      999      3130    0,20    0,20    0,00    0,00    0,40     4  redis-server
01:01:30     1000      4708    1,00    0,40    0,00    0,00    1,40     7  gnome-shell
01:01:30     1000      6317    0,20    0,20    0,00    0,00    0,40     7  antigravity
01:01:30     1000      6339    1,00    0,00    0,00    0,00    1,00     3  gnome-terminal-
01:01:30     1000      6757    0,20    0,00    0,00    0,00    0,20     1  antigravity
01:01:30     1000      6820   13,20    0,40    0,00    0,00   13,60     1  antigravity
01:01:30     1000      7059    2,00    1,40    0,00    0,00    3,40     5  language_server
01:01:30     1000      7229    0,40    0,20    0,00    0,00    0,60     3  antigravity
01:01:30     1000      7244    1,60    0,60    0,00    0,20    2,20     6  antigravity
01:01:30     1000      7260    0,40    0,00    0,00    0,00    0,40     0  antigravity
01:01:30     1000      8267    2,20    0,80    0,00    0,00    3,00     7  language_server
01:01:30     1000      8356    0,00    0,20    0,00    0,00    0,20     2  antigravity
01:01:30     1000      9291    0,20    0,00    0,00    0,00    0,20     4  chrome
01:01:30     1000      9519    0,20    0,00    0,00    0,00    0,20     6  chrome
01:01:30     1000    110188    0,00    0,60    0,00    0,00    0,60     0  pidstat
01:01:30     1000    110220    2,20    0,20    0,00    0,00    2,40     6  java
01:01:30        0    111510    0,20    0,00    0,00    0,00    0,20     3  kworker/3:0-events
01:01:30     1000    112323    0,60    0,20    0,00    0,00    0,80     4  gnome-screensho

01:01:25      UID       PID  minflt/s  majflt/s     VSZ     RSS   %MEM  Command
01:01:30        0         1      1,00      0,00   24788   14916   0,09  systemd
01:01:30      115       933      1,00      0,00 2711492  114732   0,71  prometheus
01:01:30        0      2975      3,20      0,00 1235352   13688   0,08  containerd-shim
01:01:30        0      2976     10,20      0,00 1235608   14232   0,09  containerd-shim
01:01:30        0      2977      3,20      0,00 1235352   14452   0,09  containerd-shim
01:01:30        0      2981      4,60      0,00 1235608   14084   0,09  containerd-shim
01:01:30        0      2982      3,20      0,00 1235608   14424   0,09  containerd-shim
01:01:30     1000      4708      7,60      0,00 5455172  346828   2,14  gnome-shell
01:01:30     1000      6317     33,60      0,00 1461668528  315328   1,94  antigravity
01:01:30     1000      6757      9,40      0,00 34359756  170428   1,05  antigravity
01:01:30     1000      6771      0,60      0,00 33903964   81160   0,50  antigravity
01:01:30     1000      6820    276,20      0,00 1461417264  655656   4,04  antigravity
01:01:30     1000      7161      0,20      0,00 33951332   64332   0,40  antigravity
01:01:30     1000      7229      7,60      0,00 1461383544  129392   0,80  antigravity
01:01:30     1000      7244    287,20      0,00 1461351324  288280   1,78  antigravity
01:01:30     1000      7258      5,60      0,00 1461347760  125760   0,77  antigravity
01:01:30     1000      7260     20,60      0,00 1461367100  163980   1,01  antigravity
01:01:30     1000      8356      5,20      0,00 1459530528  101088   0,62  antigravity
01:01:30     1000      9291      7,00      0,00 55435272  374680   2,31  chrome
01:01:30     1000      9342      4,40      0,00 55467700  213696   1,32  chrome
01:01:30     1000      9345      7,60      0,00 54976356  135900   0,84  chrome
01:01:30     1000      9359      0,40      0,00 55015792   62664   0,39  chrome
01:01:30     1000     76014      0,40      0,00 1518513820  346704   2,14  chrome
01:01:30     1000     76063      0,20      0,00 55006444   86720   0,53  chrome
01:01:30     1000     99008      5,80      0,00    7664    3936   0,02  bash
01:01:30     1000    110220      3,80      0,00 6507552  438096   2,70  java
01:01:30     1000    112323    288,40      0,00  408516   19756   0,12  gnome-screensho

01:01:25      UID       PID   kB_rd/s   kB_wr/s kB_ccwr/s iodelay  Command
01:01:30     1000    110188      0,00      1,03      0,00       0  pidstat
01:01:30     1000    110220      0,00      1,61      0,00       0  java

01:01:30      UID       PID    %usr %system  %guest   %wait    %CPU   CPU  Command
01:01:35        0         1    0,20    0,00    0,00    0,00    0,20     4  systemd
01:01:35        0        17    0,00    0,20    0,00    0,00    0,20     0  rcu_preempt
01:01:35        0        86    0,00    0,20    0,00    0,00    0,20     1  irq/9-acpi
01:01:35      990       903    0,60    0,00    0,00    0,00    0,60     1  dbus-daemon
01:01:35      115       930    1,20    0,40    0,00    0,00    1,60     6  prometheus-node
01:01:35      115       933    0,20    0,00    0,00    0,00    0,20     6  prometheus
01:01:35        0      1383    0,20    0,20    0,00    0,00    0,40     7  glances
01:01:35        0      1391    0,00    0,20    0,00    0,00    0,20     7  tailscaled
01:01:35        0      1423    0,00    0,20    0,00    0,00    0,20     2  containerd
01:01:35        0      2310    0,60    0,00    0,00    0,00    0,60     3  dockerd
01:01:35      117      2312    0,40    0,40    0,00    0,00    0,80     3  grafana
01:01:35        0      2932    0,40    0,40    0,00    0,00    0,80     1  mount.ntfs-3g
01:01:35        0      2982    0,00    0,20    0,00    0,00    0,20     1  containerd-shim
01:01:35      999      3130    0,60    0,00    0,00    0,00    0,60     4  redis-server
01:01:35     1000      4569    0,20    0,00    0,00    0,00    0,20     3  dbus-daemon
01:01:35     1000      4570    0,00    0,20    0,00    0,00    0,20     6  pipewire
01:01:35     1000      4573    0,40    0,00    0,00    0,00    0,40     4  wireplumber
01:01:35     1000      4574    0,20    0,00    0,00    0,00    0,20     3  pipewire-pulse
01:01:35     1000      4708    5,80    1,00    0,00    0,00    6,80     3  gnome-shell
01:01:35     1000      5702    0,20    0,00    0,00    0,00    0,20     0  gsd-xsettings
01:01:35     1000      6317    0,20    0,20    0,00    0,00    0,40     1  antigravity
01:01:35     1000      6339    0,40    0,00    0,00    0,00    0,40     0  gnome-terminal-
01:01:35     1000      6757    0,20    0,00    0,00    0,00    0,20     0  antigravity
01:01:35     1000      6820    1,60    0,00    0,00    0,00    1,60     0  antigravity
01:01:35     1000      7059    1,60    1,60    0,00    0,00    3,20     6  language_server
01:01:35     1000      7229    0,00    0,20    0,00    0,00    0,20     6  antigravity
01:01:35     1000      7244    1,80    0,20    0,00    0,00    2,00     6  antigravity
01:01:35     1000      7260    0,60    0,20    0,00    0,00    0,80     0  antigravity
01:01:35     1000      8267    2,40    0,40    0,00    0,00    2,80     7  language_server
01:01:35     1000      9291    0,20    0,00    0,00    0,00    0,20     0  chrome
01:01:35     1000      9519    0,20    0,00    0,00    0,00    0,20     3  chrome
01:01:35     1000     91682    0,20    0,00    0,00    0,00    0,20     3  ssh
01:01:35     1000     98039    0,20    0,00    0,00    0,00    0,20     0  antigravity
01:01:35     1000    110188    0,40    0,00    0,00    0,00    0,40     0  pidstat
01:01:35     1000    110220    1,20    0,40    0,00    0,00    1,60     6  java

01:01:30      UID       PID  minflt/s  majflt/s     VSZ     RSS   %MEM  Command
01:01:35      115       930     81,40      0,00 1762312   25316   0,16  prometheus-node
01:01:35      115       933      0,80      0,00 2711492  114732   0,71  prometheus
01:01:35        0      2975     10,80      0,00 1235352   13944   0,09  containerd-shim
01:01:35        0      2976     10,40      0,00 1235608   14360   0,09  containerd-shim
01:01:35        0      2977      9,80      0,00 1235352   14580   0,09  containerd-shim
01:01:35        0      2981     10,00      0,00 1235608   14340   0,09  containerd-shim
01:01:35        0      2982     10,20      0,00 1235608   14424   0,09  containerd-shim
01:01:35     1000      4569      0,20      0,00    9624    5712   0,04  dbus-daemon
01:01:35     1000      4570     37,20      0,00  105040   14724   0,09  pipewire
01:01:35     1000      4574     14,80      0,00  110852   15836   0,10  pipewire-pulse
01:01:35     1000      4708      8,40      0,00 5454596  346828   2,14  gnome-shell
01:01:35     1000      5180      0,20      0,00  308612    7372   0,05  ibus-portal
01:01:35     1000      5504      0,20      0,00  778332   19920   0,12  xdg-desktop-por
01:01:35     1000      6317     32,80      0,00 1461668528  315840   1,95  antigravity
01:01:35     1000      6757      7,60      0,00 34359628  170092   1,05  antigravity
01:01:35     1000      6771      1,20      0,00 33903964   81160   0,50  antigravity
01:01:35     1000      6820    181,60      0,00 1461417264  656488   4,04  antigravity
01:01:35     1000      7161      0,20      0,00 33951332   64332   0,40  antigravity
01:01:35     1000      7229    105,00      0,00 1461383544  129392   0,80  antigravity
01:01:35     1000      7244    330,20      0,00 1461351324  288268   1,78  antigravity
01:01:35     1000      7258      3,40      0,00 1461347760  125760   0,77  antigravity
01:01:35     1000      7260     18,60      0,00 1461367100  164108   1,01  antigravity
01:01:35     1000      8356      5,60      0,00 1459530528  101088   0,62  antigravity
01:01:35     1000      9291      7,00      0,00 55435272  374680   2,31  chrome
01:01:35     1000      9342      2,20      0,00 55467700  213696   1,32  chrome
01:01:35     1000      9345      3,80      0,00 54976356  135900   0,84  chrome
01:01:35     1000      9359      0,40      0,00 55015792   62664   0,39  chrome
01:01:35     1000     76014      0,40      0,00 1518513820  346704   2,14  chrome
01:01:35     1000     76063      0,20      0,00 55006444   86720   0,53  chrome
01:01:35     1000     99008      0,80      0,00    7664    3936   0,02  bash

01:01:30      UID       PID   kB_rd/s   kB_wr/s kB_ccwr/s iodelay  Command
01:01:35     1000      4573      0,00      0,80      0,00       0  wireplumber
01:01:35     1000      4708      0,00     79,20      0,00       0  gnome-shell
01:01:35     1000     99008      0,00    184,44     79,20       0  bash
01:01:35     1000    110188      0,00      1,01      0,00       0  pidstat
01:01:35     1000    110220      0,00      3,09      0,00       0  java

01:01:35      UID       PID    %usr %system  %guest   %wait    %CPU   CPU  Command
01:01:40        0       120    0,00    0,20    0,00    0,00    0,20     0  kworker/u33:0-i915_flip
01:01:40        0      1391    0,00    0,20    0,00    0,00    0,20     7  tailscaled
01:01:40        0      1423    0,40    0,20    0,00    0,00    0,60     2  containerd
01:01:40        0      2310    0,20    0,20    0,00    0,00    0,40     3  dockerd
01:01:40      117      2312    0,80    0,20    0,00    0,00    1,00     3  grafana
01:01:40        0      2932    0,60    0,20    0,00    0,00    0,80     7  mount.ntfs-3g
01:01:40        0      2975    0,20    0,00    0,00    0,00    0,20     7  containerd-shim
01:01:40        0      2976    0,00    0,20    0,00    0,00    0,20     6  containerd-shim
01:01:40        0      2981    0,20    0,00    0,00    0,00    0,20     0  containerd-shim
01:01:40      999      3130    0,20    0,00    0,00    0,00    0,20     4  redis-server
01:01:40     1000      4570    0,00    0,20    0,00    0,00    0,20     6  pipewire
01:01:40     1000      4708    1,20    0,40    0,00    0,00    1,60     7  gnome-shell
01:01:40     1000      6317    0,20    0,00    0,00    0,00    0,20     5  antigravity
01:01:40     1000      6339    1,00    0,00    0,00    0,00    1,00     5  gnome-terminal-
01:01:40     1000      6757    0,20    0,00    0,00    0,00    0,20     0  antigravity
01:01:40     1000      6820    1,00    0,20    0,00    0,00    1,20     0  antigravity
01:01:40     1000      7059    2,20    1,40    0,00    0,00    3,60     3  language_server
01:01:40     1000      7229    0,20    0,40    0,00    0,00    0,60     6  antigravity
01:01:40     1000      7244    1,40    1,00    0,00    0,00    2,40     4  antigravity
01:01:40     1000      7260    0,60    0,00    0,00    0,00    0,60     1  antigravity
01:01:40     1000      8267    0,80    2,20    0,00    0,00    3,00     7  language_server
01:01:40     1000      8356    0,20    0,00    0,00    0,00    0,20     0  antigravity
01:01:40     1000      9500    0,00    0,20    0,00    0,00    0,20     1  chrome
01:01:40     1000      9519    0,40    0,00    0,00    0,00    0,40     5  chrome
01:01:40        0    104961    0,00    0,20    0,00    0,00    0,20     6  kworker/6:0-i915-unordered
01:01:40     1000    110188    0,20    0,40    0,00    0,00    0,60     5  pidstat
01:01:40     1000    110220    1,00    0,80    0,00    0,00    1,80     6  java

01:01:35      UID       PID  minflt/s  majflt/s     VSZ     RSS   %MEM  Command
01:01:40      115       933      0,60      0,00 2711492  114732   0,71  prometheus
01:01:40        0      1423      0,40      0,00 2463900   70020   0,43  containerd
01:01:40        0      2975     12,00      0,00 1235352   13944   0,09  containerd-shim
01:01:40        0      2976     11,60      0,00 1235608   14744   0,09  containerd-shim
01:01:40        0      2977     10,80      0,00 1235352   14580   0,09  containerd-shim
01:01:40        0      2981     12,60      0,00 1235608   14468   0,09  containerd-shim
01:01:40        0      2982     12,20      0,00 1235608   14552   0,09  containerd-shim
01:01:40     1000      4570      0,00      0,00  104092   14724   0,09  pipewire
01:01:40     1000      4708      7,00      0,00 5454468  346700   2,14  gnome-shell
01:01:40     1000      6317     38,20      0,00 1461668528  315304   1,94  antigravity
01:01:40     1000      6757      6,00      0,00 34359628  170220   1,05  antigravity
01:01:40     1000      6771      0,60      0,00 33903964   81160   0,50  antigravity
01:01:40     1000      6820    135,00      0,00 1461417264  658792   4,06  antigravity
01:01:40     1000      6924      0,80      0,00 1459611392  179928   1,11  antigravity
01:01:40     1000      7161      0,40      0,00 33951332   64332   0,40  antigravity
01:01:40     1000      7229    131,60      0,00 1461383544  129392   0,80  antigravity
01:01:40     1000      7244    446,80      0,00 1461351324  288900   1,78  antigravity
01:01:40     1000      7258      2,60      0,00 1461347760  125760   0,77  antigravity
01:01:40     1000      7260     19,20      0,00 1461367100  164028   1,01  antigravity
01:01:40     1000      8356      5,20      0,00 1459530528  101088   0,62  antigravity
01:01:40     1000      9291     19,40      0,00 55435272  374680   2,31  chrome
01:01:40     1000      9342      2,20      0,00 55467700  213696   1,32  chrome
01:01:40     1000      9345      9,40      0,00 54976356  135900   0,84  chrome
01:01:40     1000      9359      0,40      0,00 55015792   62664   0,39  chrome
01:01:40     1000      9519    358,60      0,00 1518554232  364148   2,24  chrome
01:01:40     1000     76014      0,60      0,00 1518513820  346704   2,14  chrome
01:01:40     1000     76063      0,40      0,00 55006444   86720   0,53  chrome
01:01:40     1000    110220      0,20      0,00 6507552  438096   2,70  java

01:01:35      UID       PID   kB_rd/s   kB_wr/s kB_ccwr/s iodelay  Command
01:01:40     1000      9291      0,00      3,20      0,00       0  chrome
01:01:40     1000    110188      0,00      1,21      0,00       0  pidstat
01:01:40     1000    110220      0,00      3,09      0,00       0  java

01:01:40      UID       PID    %usr %system  %guest   %wait    %CPU   CPU  Command
01:01:45      115       933    0,20    0,00    0,00    0,00    0,20     6  prometheus
01:01:45        0      1383    0,20    0,00    0,00    0,00    0,20     7  glances
01:01:45        0      1423    0,20    0,00    0,00    0,00    0,20     2  containerd
01:01:45        0      2310    0,40    0,20    0,00    0,00    0,60     3  dockerd
01:01:45      117      2312    0,80    0,20    0,00    0,00    1,00     3  grafana
01:01:45        0      2932    0,20    0,60    0,00    0,00    0,80     7  mount.ntfs-3g
01:01:45        0      2975    0,20    0,00    0,00    0,00    0,20     7  containerd-shim
01:01:45        0      2976    0,20    0,00    0,00    0,00    0,20     6  containerd-shim
01:01:45        0      2977    0,20    0,00    0,00    0,00    0,20     7  containerd-shim
01:01:45        0      2981    0,00    0,20    0,00    0,00    0,20     0  containerd-shim
01:01:45      999      3130    0,40    0,20    0,00    0,20    0,60     4  redis-server
01:01:45     1000      4708    0,60    0,20    0,00    0,00    0,80     7  gnome-shell
01:01:45     1000      6317    0,20    0,20    0,00    0,00    0,40     4  antigravity
01:01:45     1000      6339    0,40    0,00    0,00    0,00    0,40     4  gnome-terminal-
01:01:45     1000      6757    0,00    0,20    0,00    0,00    0,20     1  antigravity
01:01:45     1000      6820    0,60    0,80    0,00    0,00    1,40     6  antigravity
01:01:45     1000      7059    1,60    1,60    0,00    0,00    3,20     7  language_server
01:01:45     1000      7229    0,20    0,00    0,00    0,00    0,20     6  antigravity
01:01:45     1000      7244    1,80    0,20    0,00    0,00    2,00     5  antigravity
01:01:45     1000      7260    1,00    0,00    0,00    0,00    1,00     1  antigravity
01:01:45     1000      8267    1,20    1,60    0,00    0,00    2,80     7  language_server
01:01:45     1000      9291    0,20    0,20    0,00    0,00    0,40     4  chrome
01:01:45     1000      9345    0,20    0,00    0,00    0,00    0,20     7  chrome
01:01:45     1000      9519    0,20    0,00    0,00    0,00    0,20     0  chrome
01:01:45     1000     91682    0,00    0,20    0,00    0,00    0,20     5  ssh
01:01:45        0     99362    0,00    0,20    0,00    0,00    0,20     0  kworker/u32:5-events_unbound
01:01:45     1000    110188    0,20    0,20    0,00    0,00    0,40     0  pidstat
01:01:45     1000    110220    2,20    0,40    0,00    0,00    2,60     6  java

01:01:40      UID       PID  minflt/s  majflt/s     VSZ     RSS   %MEM  Command
01:01:45        0      2975     11,40      0,00 1235352   14200   0,09  containerd-shim
01:01:45        0      2976     15,40      0,00 1235608   15000   0,09  containerd-shim
01:01:45        0      2977      4,40      0,00 1235352   14708   0,09  containerd-shim
01:01:45        0      2981      9,20      0,00 1235608   14596   0,09  containerd-shim
01:01:45        0      2982     11,60      0,00 1235608   14680   0,09  containerd-shim
01:01:45     1000      4708      0,40      0,00 5454532  346700   2,14  gnome-shell
01:01:45     1000      6317     35,60      0,00 1461668528  315280   1,94  antigravity
01:01:45     1000      6757     24,80      0,00 34359628  170472   1,05  antigravity
01:01:45     1000      6771      0,60      0,00 33903964   81160   0,50  antigravity
01:01:45     1000      6820    191,60      0,00 1461417264  660992   4,07  antigravity
01:01:45     1000      7161      0,20      0,00 33951332   64332   0,40  antigravity
01:01:45     1000      7229     13,40      0,00 1461383544  129392   0,80  antigravity
01:01:45     1000      7244    373,00      0,00 1461351324  288520   1,78  antigravity
01:01:45     1000      7258      2,80      0,00 1461347760  125760   0,77  antigravity
01:01:45     1000      7260     40,40      0,00 1461367100  163364   1,01  antigravity
01:01:45     1000      8356      5,40      0,00 1459530528  101088   0,62  antigravity
01:01:45     1000      9291      8,20      0,00 55435272  374680   2,31  chrome
01:01:45     1000      9342      2,20      0,00 55467700  213696   1,32  chrome
01:01:45     1000      9345      3,20      0,00 54976356  135768   0,84  chrome
01:01:45     1000      9359      0,80      0,00 55015792   62664   0,39  chrome
01:01:45     1000     76014      0,40      0,00 1518513820  346704   2,14  chrome
01:01:45     1000     76063      0,20      0,00 55006444   86720   0,53  chrome
01:01:45     1000    110220      1,00      0,00 6507552  438096   2,70  java

01:01:40      UID       PID   kB_rd/s   kB_wr/s kB_ccwr/s iodelay  Command
01:01:45     1000      7244      0,00      0,80      0,00       0  antigravity
01:01:45     1000      9291      0,00      4,80      0,00       0  chrome
01:01:45     1000    110188      0,00      1,01      0,00       0  pidstat
01:01:45     1000    110220      0,00      3,09      0,00       0  java

01:01:45      UID       PID    %usr %system  %guest   %wait    %CPU   CPU  Command
01:01:50        0         1    0,20    0,20    0,00    0,00    0,40     5  systemd
01:01:50      990       903    0,80    0,20    0,00    0,00    1,00     2  dbus-daemon
01:01:50      115       930    1,60    0,20    0,00    0,00    1,80     6  prometheus-node
01:01:50      115       933    0,20    0,00    0,00    0,00    0,20     6  prometheus
01:01:50        0      1383    0,20    0,00    0,00    0,00    0,20     7  glances
01:01:50        0      1391    0,00    0,20    0,00    0,00    0,20     7  tailscaled
01:01:50        0      1411    0,00    0,20    0,00    0,00    0,20     1  anydesk
01:01:50        0      1423    0,40    0,20    0,00    0,00    0,60     2  containerd
01:01:50        0      1554    0,20    0,00    0,00    0,00    0,20     7  apache2
01:01:50        0      2310    0,40    0,20    0,00    0,00    0,60     3  dockerd
01:01:50      117      2312    0,60    0,20    0,00    0,00    0,80     3  grafana
01:01:50        0      2932    0,20    0,40    0,00    0,00    0,60     1  mount.ntfs-3g
01:01:50        0      2975    0,00    0,20    0,00    0,00    0,20     7  containerd-shim
01:01:50        0      2982    0,00    0,20    0,00    0,00    0,20     1  containerd-shim
01:01:50      999      3130    0,40    0,00    0,00    0,00    0,40     5  redis-server
01:01:50     1000      4708    1,20    0,40    0,00    0,00    1,60     3  gnome-shell
01:01:50     1000      6317    0,20    0,00    0,00    0,00    0,20     1  antigravity
01:01:50     1000      6339    1,00    0,00    0,00    0,00    1,00     6  gnome-terminal-
01:01:50     1000      6757    0,20    0,00    0,00    0,00    0,20     2  antigravity
01:01:50     1000      6820    1,00    0,40    0,00    0,00    1,40     3  antigravity
01:01:50     1000      7059    2,00    1,40    0,00    0,00    3,40     2  language_server
01:01:50     1000      7229    0,00    0,20    0,00    0,00    0,20     3  antigravity
01:01:50     1000      7244    1,60    0,60    0,00    0,00    2,20     1  antigravity
01:01:50     1000      7260    0,80    0,00    0,00    0,00    0,80     1  antigravity
01:01:50     1000      8267    1,40    1,60    0,00    0,00    3,00     7  language_server
01:01:50     1000      8356    0,00    0,20    0,00    0,00    0,20     0  antigravity
01:01:50     1000      9291    0,20    0,00    0,00    0,00    0,20     6  chrome
01:01:50     1000      9519    0,20    0,00    0,00    0,00    0,20     0  chrome
01:01:50     1000     98039    0,20    0,00    0,00    0,00    0,20     0  antigravity
01:01:50     1000     98130    0,20    0,00    0,00    0,00    0,20     0  chrome
01:01:50        0    103884    0,00    0,20    0,00    0,00    0,20     4  kworker/4:1-events
01:01:50     1000    110188    0,00    0,40    0,00    0,00    0,40     0  pidstat
01:01:50     1000    110220    1,40    0,40    0,00    0,00    1,80     6  java

01:01:45      UID       PID  minflt/s  majflt/s     VSZ     RSS   %MEM  Command
01:01:50      115       930     60,80      0,00 1762312   25112   0,15  prometheus-node
01:01:50        0      2975      1,00      0,00 1235352   14200   0,09  containerd-shim
01:01:50        0      2976      0,40      0,00 1235608   15000   0,09  containerd-shim
01:01:50        0      2977      5,80      0,00 1235352   14836   0,09  containerd-shim
01:01:50        0      2981      1,20      0,00 1235608   14596   0,09  containerd-shim
01:01:50        0      2982      8,60      0,00 1235608   15192   0,09  containerd-shim
01:01:50     1000      4708      7,00      0,00 5454532  346700   2,14  gnome-shell
01:01:50     1000      6317     31,80      0,00 1461668528  315244   1,94  antigravity
01:01:50     1000      6757      5,20      0,00 34359628  170600   1,05  antigravity
01:01:50     1000      6771      0,60      0,00 33903964   81160   0,50  antigravity
01:01:50     1000      6820    138,80      0,00 1461417264  663280   4,09  antigravity
01:01:50     1000      7161      0,20      0,00 33951332   64332   0,40  antigravity
01:01:50     1000      7229      4,40      0,00 1461383544  129392   0,80  antigravity
01:01:50     1000      7244    276,00      0,00 1461351324  288508   1,78  antigravity
01:01:50     1000      7258      6,20      0,00 1461347760  125760   0,77  antigravity
01:01:50     1000      7260    156,20      0,00 1461367100  163812   1,01  antigravity
01:01:50     1000      8356      5,20      0,00 1459530528  101088   0,62  antigravity
01:01:50     1000      9291      7,60      0,00 55435272  374680   2,31  chrome
01:01:50     1000      9342      4,40      0,00 55467700  213696   1,32  chrome
01:01:50     1000      9345      7,60      0,00 54976356  135768   0,84  chrome
01:01:50     1000      9359      0,40      0,00 55015792   62664   0,39  chrome
01:01:50     1000     76014      0,20      0,00 1518513820  346704   2,14  chrome
01:01:50     1000     76063      0,20      0,00 55006444   86720   0,53  chrome

01:01:45      UID       PID   kB_rd/s   kB_wr/s kB_ccwr/s iodelay  Command
01:01:50     1000      9291      0,00      2,40      0,00       0  chrome
01:01:50     1000    110188      0,00      0,96      0,00       0  pidstat
01:01:50     1000    110220      0,00      3,09      0,00       0  java

01:01:50      UID       PID    %usr %system  %guest   %wait    %CPU   CPU  Command
01:01:55        0        17    0,00    0,20    0,00    0,00    0,20     3  rcu_preempt
01:01:55        0        39    0,00    0,20    0,00    0,00    0,20     3  ksoftirqd/3
01:01:55        0        86    0,00    0,20    0,00    0,00    0,20     1  irq/9-acpi
01:01:55      115       933    0,20    0,00    0,00    0,00    0,20     6  prometheus
01:01:55        0      1391    0,20    0,00    0,00    0,00    0,20     7  tailscaled
01:01:55        0      1423    0,20    0,00    0,00    0,00    0,20     2  containerd
01:01:55        0      2310    0,20    0,20    0,00    0,00    0,40     3  dockerd
01:01:55      117      2312    0,60    0,40    0,00    0,00    1,00     3  grafana
01:01:55        0      2932    0,00    0,60    0,00    0,00    0,60     0  mount.ntfs-3g
01:01:55      999      3130    0,40    0,00    0,00    0,00    0,40     5  redis-server
01:01:55     1000      4708    0,80    0,20    0,00    0,00    1,00     4  gnome-shell
01:01:55     1000      6317    0,00    0,20    0,00    0,00    0,20     4  antigravity
01:01:55     1000      6339    0,80    0,00    0,00    0,00    0,80     6  gnome-terminal-
01:01:55     1000      6820    1,20    0,40    0,00    0,00    1,60     5  antigravity
01:01:55     1000      7059    1,20    2,20    0,00    0,00    3,40     5  language_server
01:01:55     1000      7229    0,20    0,20    0,00    0,00    0,40     4  antigravity
01:01:55     1000      7244    1,40    0,40    0,00    0,00    1,80     1  antigravity
01:01:55     1000      7260    0,40    0,20    0,00    0,00    0,60     3  antigravity
01:01:55     1000      8267    1,40    1,60    0,00    0,00    3,00     7  language_server
01:01:55     1000      8356    0,20    0,00    0,00    0,00    0,20     1  antigravity
01:01:55     1000      9291    0,20    0,00    0,00    0,00    0,20     6  chrome
01:01:55     1000      9390    0,20    0,00    0,00    0,00    0,20     0  chrome
01:01:55     1000      9519    0,00    0,20    0,00    0,00    0,20     0  chrome
01:01:55     1000     91682    0,20    0,00    0,00    0,00    0,20     3  ssh
01:01:55        0     99361    0,00    0,20    0,00    0,00    0,20     0  kworker/u32:3-events_unbound
01:01:55     1000    110188    0,20    0,40    0,00    0,00    0,60     0  pidstat
01:01:55     1000    110220    1,40    0,80    0,00    0,00    2,20     6  java

01:01:50      UID       PID  minflt/s  majflt/s     VSZ     RSS   %MEM  Command
01:01:55        0      2976      0,40      0,00 1235608   15000   0,09  containerd-shim
01:01:55        0      2977      1,40      0,00 1235352   14836   0,09  containerd-shim
01:01:55        0      2981      0,60      0,00 1235608   14596   0,09  containerd-shim
01:01:55        0      2982      4,60      0,00 1235608   15192   0,09  containerd-shim
01:01:55     1000      4708      0,40      0,00 5454532  346700   2,14  gnome-shell
01:01:55     1000      6317     32,40      0,00 1461668528  315756   1,95  antigravity
01:01:55     1000      6757      7,00      0,00 34359628  170108   1,05  antigravity
01:01:55     1000      6771      1,20      0,00 33903964   81160   0,50  antigravity
01:01:55     1000      6820    199,40      0,00 1461417264  665132   4,10  antigravity
01:01:55     1000      7161      0,20      0,00 33951332   64332   0,40  antigravity
01:01:55     1000      7229      2,40      0,00 1461383544  129392   0,80  antigravity
01:01:55     1000      7244    251,20      0,00 1461351324  288624   1,78  antigravity
01:01:55     1000      7258      2,60      0,00 1461347760  125760   0,77  antigravity
01:01:55     1000      7260     21,40      0,00 1461367100  163784   1,01  antigravity
01:01:55     1000      8267      0,20      0,00 4901536  357112   2,20  language_server
01:01:55     1000      8356      5,40      0,00 1459530528  101088   0,62  antigravity
01:01:55     1000      9291     12,60      0,00 55435272  374680   2,31  chrome
01:01:55     1000      9342      2,20      0,00 55467700  213696   1,32  chrome
01:01:55     1000      9345      3,80      0,00 54976356  135768   0,84  chrome
01:01:55     1000      9359      0,40      0,00 55015792   62664   0,39  chrome
01:01:55     1000     76014      0,40      0,00 1518513820  346704   2,14  chrome
01:01:55     1000     76063      0,20      0,00 55006444   86720   0,53  chrome

01:01:50      UID       PID   kB_rd/s   kB_wr/s kB_ccwr/s iodelay  Command
01:01:55     1000      7244      0,00      0,80      0,00       0  antigravity
01:01:55     1000      9291      0,00      8,00      0,00       0  chrome
01:01:55     1000    110188      0,00      1,03      0,00       0  pidstat
01:01:55     1000    110220      0,00      3,09      0,00       0  java

01:01:55      UID       PID    %usr %system  %guest   %wait    %CPU   CPU  Command
01:02:00        0      1383    0,20    0,00    0,00    0,00    0,20     7  glances
01:02:00        0      1423    0,40    0,00    0,00    0,00    0,40     2  containerd
01:02:00        0      2310    0,20    0,20    0,00    0,00    0,40     3  dockerd
01:02:00      117      2312    0,40    0,40    0,00    0,00    0,80     3  grafana
01:02:00        0      2932    0,40    0,20    0,00    0,00    0,60     5  mount.ntfs-3g
01:02:00        0      2976    0,20    0,00    0,00    0,00    0,20     6  containerd-shim
01:02:00        0      2977    0,20    0,20    0,00    0,00    0,40     7  containerd-shim
01:02:00        0      2981    0,20    0,20    0,00    0,00    0,40     0  containerd-shim
01:02:00        0      2982    0,20    0,00    0,00    0,00    0,20     1  containerd-shim
01:02:00      999      3130    0,40    0,00    0,00    0,00    0,40     5  redis-server
01:02:00     1000      4708    1,20    0,40    0,00    0,00    1,60     3  gnome-shell
01:02:00     1000      6317    0,40    0,00    0,00    0,00    0,40     2  antigravity
01:02:00     1000      6339    0,60    0,00    0,00    0,00    0,60     6  gnome-terminal-
01:02:00     1000      6757    0,20    0,20    0,00    0,00    0,40     0  antigravity
01:02:00     1000      6820   12,80    0,20    0,00    0,00   13,00     4  antigravity
01:02:00     1000      7059    2,00    1,40    0,00    0,00    3,40     4  language_server
01:02:00     1000      7229    0,20    0,20    0,00    0,00    0,40     7  antigravity
01:02:00     1000      7244    1,60    0,60    0,00    0,00    2,20     6  antigravity
01:02:00     1000      7258    0,20    0,00    0,00    0,00    0,20     4  antigravity
01:02:00     1000      7260    0,60    0,00    0,00    0,00    0,60     3  antigravity
01:02:00     1000      8267    3,80    0,00    0,00    0,00    3,80     7  language_server
01:02:00     1000      9291    0,00    0,20    0,00    0,00    0,20     4  chrome
01:02:00     1000      9359    0,00    0,20    0,00    0,00    0,20     3  chrome
01:02:00     1000      9519    0,20    0,00    0,00    0,00    0,20     5  chrome
01:02:00     1000     91682    0,20    0,00    0,00    0,00    0,20     5  ssh
01:02:00     1000    110188    0,20    0,20    0,00    0,00    0,40     2  pidstat
01:02:00     1000    110220    4,20    1,60    0,00    0,00    5,80     6  java

01:01:55      UID       PID  minflt/s  majflt/s     VSZ     RSS   %MEM  Command
01:02:00      115       933      0,40      0,00 2711492  114732   0,71  prometheus
01:02:00        0      2975      0,00      0,00 1235352   13484   0,08  containerd-shim
01:02:00        0      2976      4,20      0,00 1235608   14432   0,09  containerd-shim
01:02:00        0      2977      4,80      0,00 1235352   14272   0,09  containerd-shim
01:02:00        0      2981      5,00      0,00 1235608   13920   0,09  containerd-shim
01:02:00        0      2982      9,20      0,00 1235608   14480   0,09  containerd-shim
01:02:00     1000      4708      6,60      0,00 5454468  346700   2,14  gnome-shell
01:02:00     1000      6317     36,60      0,00 1461668528  315460   1,94  antigravity
01:02:00     1000      6757      6,80      0,00 34359500  170108   1,05  antigravity
01:02:00     1000      6771      0,60      0,00 33903964   81160   0,50  antigravity
01:02:00     1000      6820    363,00      0,00 1461417264  655024   4,04  antigravity
01:02:00     1000      7161      0,40      0,00 33951332   64332   0,40  antigravity
01:02:00     1000      7229      6,60      0,00 1461383544  129520   0,80  antigravity
01:02:00     1000      7244    288,00      0,00 1461351324  288616   1,78  antigravity
01:02:00     1000      7258      2,80      0,00 1461347760  125760   0,77  antigravity
01:02:00     1000      7260     19,00      0,00 1461367100  163676   1,01  antigravity
01:02:00     1000      8356      5,20      0,00 1459530528  101088   0,62  antigravity
01:02:00     1000      9291     14,40      0,00 55435272  374680   2,31  chrome
01:02:00     1000      9342      2,20      0,00 55467700  213696   1,32  chrome
01:02:00     1000      9345      4,40      0,00 54976356  135768   0,84  chrome
01:02:00     1000      9359      0,40      0,00 55015792   62664   0,39  chrome
01:02:00     1000      9519      0,00      0,00 1518554232  354580   2,18  chrome
01:02:00     1000     76014      0,60      0,00 1518513820  346704   2,14  chrome
01:02:00     1000     76063      0,40      0,00 55006444   86720   0,53  chrome
01:02:00     1000    110220     16,40      0,00 6507552  477548   2,94  java

01:01:55      UID       PID   kB_rd/s   kB_wr/s kB_ccwr/s iodelay  Command
01:02:00     1000      9291      0,00      1,60      0,00       0  chrome
01:02:00     1000    110188      0,00      0,93      0,00       0  pidstat
01:02:00     1000    110220      0,00      3,16      0,00       0  java

01:02:00      UID       PID    %usr %system  %guest   %wait    %CPU   CPU  Command
01:02:05      990       903    0,80    0,00    0,00    0,00    0,80     3  dbus-daemon
01:02:05      115       930    1,00    0,60    0,00    0,00    1,60     6  prometheus-node
01:02:05      115       933    0,20    0,00    0,00    0,00    0,20     6  prometheus
01:02:05        0      1383    0,20    0,00    0,00    0,00    0,20     7  glances
01:02:05        0      1423    0,20    0,40    0,00    0,00    0,60     2  containerd
01:02:05        0      2310    0,60    0,20    0,00    0,00    0,80     3  dockerd
01:02:05      117      2312    0,60    0,60    0,00    0,00    1,20     3  grafana
01:02:05        0      2932    0,40    0,40    0,00    0,00    0,80     5  mount.ntfs-3g
01:02:05        0      2975    0,20    0,00    0,00    0,00    0,20     7  containerd-shim
01:02:05        0      2982    0,00    0,20    0,00    0,00    0,20     1  containerd-shim
01:02:05      999      3130    0,20    0,20    0,00    0,00    0,40     6  redis-server
01:02:05     1000      4708    0,80    0,40    0,00    0,00    1,20     7  gnome-shell
01:02:05     1000      6317    0,20    0,00    0,00    0,00    0,20     2  antigravity
01:02:05     1000      6339    0,80    0,00    0,00    0,00    0,80     0  gnome-terminal-
01:02:05     1000      6757    0,20    0,00    0,00    0,00    0,20     0  antigravity
01:02:05     1000      6820    1,20    0,20    0,00    0,00    1,40     5  antigravity
01:02:05     1000      7059    1,20    2,00    0,00    0,00    3,20     5  language_server
01:02:05     1000      7229    0,20    0,20    0,00    0,00    0,40     4  antigravity
01:02:05     1000      7244    2,00    0,40    0,00    0,00    2,40     1  antigravity
01:02:05     1000      7260    0,60    0,20    0,00    0,00    0,80     3  antigravity
01:02:05     1000      8267    1,80    1,00    0,00    0,00    2,80     7  language_server
01:02:05     1000      9291    0,20    0,00    0,00    0,00    0,20     4  chrome
01:02:05     1000     76025    0,00    0,20    0,00    0,00    0,20     7  chrome
01:02:05        0    104961    0,00    0,20    0,00    0,00    0,20     6  kworker/6:0-events
01:02:05     1000    110188    0,00    0,40    0,00    0,00    0,40     2  pidstat
01:02:05     1000    110220    2,20    0,60    0,00    0,00    2,80     6  java
01:02:05        0    110893    0,00    0,20    0,00    0,00    0,20     5  kworker/5:1-mm_percpu_wq

01:02:00      UID       PID  minflt/s  majflt/s     VSZ     RSS   %MEM  Command
01:02:05      115       930    106,60      0,00 1762312   25240   0,16  prometheus-node
01:02:05        0      1423     16,40      0,00 2463900   70404   0,43  containerd
01:02:05      117      2312      2,40      0,00 1765240  350108   2,16  grafana
01:02:05        0      2975      6,60      0,00 1235352   13484   0,08  containerd-shim
01:02:05        0      2976     13,80      0,00 1235608   14560   0,09  containerd-shim
01:02:05        0      2977     13,00      0,00 1235352   14400   0,09  containerd-shim
01:02:05        0      2981      9,80      0,00 1235608   14048   0,09  containerd-shim
01:02:05        0      2982     10,20      0,00 1235608   14608   0,09  containerd-shim
01:02:05     1000      4708      1,40      0,00 5454468  346700   2,14  gnome-shell
01:02:05     1000      6317     35,20      0,00 1461668528  315552   1,94  antigravity
01:02:05     1000      6757     23,80      0,00 34359372  170492   1,05  antigravity
01:02:05     1000      6771      0,60      0,00 33903964   81160   0,50  antigravity
01:02:05     1000      6820    159,00      0,00 1461417264  658096   4,05  antigravity
01:02:05     1000      7161      0,20      0,00 33951332   64332   0,40  antigravity
01:02:05     1000      7229     95,80      0,00 1461383544  129520   0,80  antigravity
01:02:05     1000      7244    404,40      0,00 1461351324  288816   1,78  antigravity
01:02:05     1000      7258      2,80      0,00 1461347760  125760   0,77  antigravity
01:02:05     1000      7260     18,80      0,00 1461367100  163656   1,01  antigravity
01:02:05     1000      8356      5,40      0,00 1459530528  101088   0,62  antigravity
01:02:05     1000      9291      7,20      0,00 55435272  374680   2,31  chrome
01:02:05     1000      9342      2,20      0,00 55467700  213696   1,32  chrome
01:02:05     1000      9345      3,80      0,00 54976356  135768   0,84  chrome
01:02:05     1000      9359      0,80      0,00 55015792   62664   0,39  chrome
01:02:05     1000     76014      0,40      0,00 1518513820  346704   2,14  chrome
01:02:05     1000     76063      0,20      0,00 55006444   86720   0,53  chrome
01:02:05     1000    110220      0,80      0,00 6507552  477548   2,94  java

01:02:00      UID       PID   kB_rd/s   kB_wr/s kB_ccwr/s iodelay  Command
01:02:05     1000      9291      0,00      0,80      0,00       0  chrome
01:02:05     1000    110188      0,00      0,96      0,00       0  pidstat
01:02:05     1000    110220      0,00      4,64      0,00       0  java

01:02:05      UID       PID    %usr %system  %guest   %wait    %CPU   CPU  Command
01:02:10        0        45    0,00    0,20    0,00    0,00    0,20     4  ksoftirqd/4
01:02:10      115       933    0,20    0,00    0,00    0,00    0,20     5  prometheus
01:02:10        0      1391    0,20    0,00    0,00    0,00    0,20     5  tailscaled
01:02:10        0      1423    0,20    0,20    0,00    0,00    0,40     2  containerd
01:02:10        0      2310    0,20    0,20    0,00    0,00    0,40     3  dockerd
01:02:10      117      2312    0,60    0,40    0,00    0,00    1,00     3  grafana
01:02:10        0      2932    0,40    0,40    0,00    0,00    0,80     1  mount.ntfs-3g
01:02:10        0      2975    0,00    0,20    0,00    0,00    0,20     7  containerd-shim
01:02:10        0      2976    0,00    0,20    0,00    0,00    0,20     6  containerd-shim
01:02:10        0      2977    0,00    0,20    0,00    0,00    0,20     7  containerd-shim
01:02:10      999      3130    0,40    0,00    0,00    0,00    0,40     5  redis-server
01:02:10     1000      4708    1,20    0,20    0,00    0,00    1,40     3  gnome-shell
01:02:10     1000      6317    0,20    0,00    0,00    0,00    0,20     1  antigravity
01:02:10     1000      6339    0,60    0,00    0,00    0,00    0,60     1  gnome-terminal-
01:02:10     1000      6757    0,20    0,00    0,00    0,00    0,20     6  antigravity
01:02:10     1000      6820    1,00    0,40    0,00    0,00    1,40     7  antigravity
01:02:10     1000      7059    1,80    1,60    0,00    0,00    3,40     4  language_server
01:02:10     1000      7229    0,60    0,20    0,00    0,00    0,80     4  antigravity
01:02:10     1000      7244    1,40    0,60    0,00    0,00    2,00     2  antigravity
01:02:10     1000      7260    0,40    0,20    0,00    0,00    0,60     3  antigravity
01:02:10     1000      8267    1,00    1,80    0,00    0,00    2,80     7  language_server
01:02:10     1000      8356    0,20    0,00    0,00    0,00    0,20     1  antigravity
01:02:10     1000      9291    0,20    0,00    0,00    0,00    0,20     4  chrome
01:02:10     1000      9519    0,20    0,00    0,00    0,00    0,20     7  chrome
01:02:10     1000     76014    0,20    0,00    0,00    0,00    0,20     0  chrome
01:02:10     1000     98039    0,20    0,00    0,00    0,00    0,20     4  antigravity
01:02:10        0     99362    0,00    0,20    0,00    0,00    0,20     3  kworker/u32:5-events_unbound
01:02:10     1000    110188    0,20    0,20    0,00    0,00    0,40     2  pidstat
01:02:10     1000    110220    9,40    0,60    0,00    0,00   10,00     6  java

01:02:05      UID       PID  minflt/s  majflt/s     VSZ     RSS   %MEM  Command
01:02:10      115       933      0,40      0,00 2711492  114732   0,71  prometheus
01:02:10        0      1423      5,40      0,00 2463900   70532   0,43  containerd
01:02:10        0      2975     12,40      0,00 1235352   13484   0,08  containerd-shim
01:02:10        0      2976     11,40      0,00 1235608   14816   0,09  containerd-shim
01:02:10        0      2977     13,60      0,00 1235352   14656   0,09  containerd-shim
01:02:10        0      2981     14,00      0,00 1235608   14304   0,09  containerd-shim
01:02:10        0      2982     15,00      0,00 1235608   14992   0,09  containerd-shim
01:02:10     1000      4708      6,80      0,00 5454468  346700   2,14  gnome-shell
01:02:10     1000      6317     32,40      0,00 1461668528  315332   1,94  antigravity
01:02:10     1000      6757      5,80      0,00 34359372  170492   1,05  antigravity
01:02:10     1000      6771      0,60      0,00 33903964   81160   0,50  antigravity
01:02:10     1000      6820    139,00      0,00 1461417264  660388   4,07  antigravity
01:02:10     1000      7161      0,20      0,00 33951332   64332   0,40  antigravity
01:02:10     1000      7229    306,80      0,00 1461383544  129008   0,79  antigravity
01:02:10     1000      7244    291,20      0,00 1461351324  288920   1,78  antigravity
01:02:10     1000      7258      6,00      0,00 1461347760  125760   0,77  antigravity
01:02:10     1000      7260     18,60      0,00 1461367100  163576   1,01  antigravity
01:02:10     1000      8356      5,40      0,00 1459530528  101088   0,62  antigravity
01:02:10     1000      9291     11,20      0,00 55435272  374808   2,31  chrome
01:02:10     1000      9342      4,40      0,00 55467700  213696   1,32  chrome
01:02:10     1000      9345      8,80      0,00 54976356  135768   0,84  chrome
01:02:10     1000      9359      0,40      0,00 55015792   62664   0,39  chrome
01:02:10     1000     76014      0,20      0,00 1518513820  346704   2,14  chrome
01:02:10     1000     76063      0,20      0,00 55006444   86720   0,53  chrome
01:02:10     1000    110220    546,40      0,00 6507552  488556   3,01  java

01:02:05      UID       PID   kB_rd/s   kB_wr/s kB_ccwr/s iodelay  Command
01:02:10     1000      9291      0,00      2,40      0,00       0  chrome
01:02:10     1000      9345      0,00     14,40      0,00       0  chrome
01:02:10     1000    110188      0,00      0,98      0,00       0  pidstat
01:02:10     1000    110220      0,00      3,09      0,00       0  java

01:02:10      UID       PID    %usr %system  %guest   %wait    %CPU   CPU  Command
01:02:15        0         1    0,40    0,20    0,00    0,00    0,60     5  systemd
01:02:15        0        17    0,00    0,20    0,00    0,00    0,20     4  rcu_preempt
01:02:15        0        80    0,00    0,20    0,00    0,00    0,20     3  kcompactd0
01:02:15        0       408    0,20    0,20    0,00    0,00    0,40     2  systemd-udevd
01:02:15      990       903    0,80    0,00    0,00    0,00    0,80     4  dbus-daemon
01:02:15      115       933    0,20    0,00    0,00    0,00    0,20     5  prometheus
01:02:15        0      1383    0,20    0,00    0,00    0,00    0,20     7  glances
01:02:15        0      1391    0,00    0,40    0,00    0,00    0,40     5  tailscaled
01:02:15        0      1423    1,00    0,20    0,00    0,00    1,20     2  containerd
01:02:15        0      2310    1,20    0,60    0,00    0,00    1,80     3  dockerd
01:02:15      117      2312    1,80    0,20    0,00    0,00    2,00     3  grafana
01:02:15        0      2932    0,20    0,40    0,00    0,00    0,60     1  mount.ntfs-3g
01:02:15        0      2976    0,20    0,00    0,00    0,00    0,20     6  containerd-shim
01:02:15        0      2981    0,20    0,00    0,00    0,00    0,20     0  containerd-shim
01:02:15        0      2982    0,20    0,00    0,00    0,00    0,20     1  containerd-shim
01:02:15      999      3130    0,40    0,20    0,00    0,00    0,60     1  redis-server
01:02:15     1000      4549    0,20    0,20    0,00    0,00    0,40     7  systemd
01:02:15     1000      4708    1,20    0,20    0,00    0,00    1,40     0  gnome-shell
01:02:15     1000      5055    0,20    0,00    0,00    0,00    0,20     2  gsd-sharing
01:02:15     1000      5586    0,20    0,00    0,00    0,00    0,20     4  gvfsd-trash
01:02:15        0      5954    0,20    0,00    0,00    0,00    0,20     2  fwupd
01:02:15     1000      6317    0,40    0,00    0,00    0,00    0,40     1  antigravity
01:02:15     1000      6339    1,20    0,20    0,00    0,00    1,40     2  gnome-terminal-
01:02:15     1000      6820    1,40    0,20    0,00    0,00    1,60     7  antigravity
01:02:15     1000      7059    1,40    1,40    0,00    0,20    2,80     5  language_server
01:02:15     1000      7229    0,00    0,40    0,00    0,00    0,40     4  antigravity
01:02:15     1000      7244    1,20    0,80    0,00    0,00    2,00     2  antigravity
01:02:15     1000      7260    0,60    0,00    0,00    0,00    0,60     5  antigravity
01:02:15     1000      8267    1,60    1,20    0,00    0,00    2,80     7  language_server
01:02:15     1000      9291    0,20    0,00    0,00    0,00    0,20     7  chrome
01:02:15     1000      9500    0,20    0,00    0,00    0,00    0,20     5  chrome
01:02:15     1000      9519    0,20    0,20    0,00    0,00    0,40     7  chrome
01:02:15     1000     91682    0,20    0,00    0,00    0,00    0,20     3  ssh
01:02:15     1000     98039    0,00    0,20    0,00    0,00    0,20     1  antigravity
01:02:15        0    108416    0,20    0,00    0,00    0,00    0,20     5  cups-browsed
01:02:15     1000    110188    0,20    0,40    0,00    0,00    0,60     2  pidstat
01:02:15     1000    110220    2,80    0,60    0,00    0,00    3,40     6  java

01:02:10      UID       PID  minflt/s  majflt/s     VSZ     RSS   %MEM  Command
01:02:15        0       376     47,00      0,00  188968  108948   0,67  systemd-journal
01:02:15        0       408     92,40      0,00   37544   10908   0,07  systemd-udevd
01:02:15        0      1423      1,00      0,00 2463900   70532   0,43  containerd
01:02:15      114      1526      3,80      0,00  218252   29568   0,18  postgres
01:02:15        0      2975     13,20      0,00 1235352   13868   0,09  containerd-shim
01:02:15        0      2976      4,40      0,00 1235608   14816   0,09  containerd-shim
01:02:15        0      2977      9,80      0,00 1235352   14784   0,09  containerd-shim
01:02:15        0      2981     11,40      0,00 1235608   14560   0,09  containerd-shim
01:02:15        0      2982      7,80      0,00 1235608   14992   0,09  containerd-shim
01:02:15     1000      4708      3,00      0,00 5454468  346700   2,14  gnome-shell
01:02:15        0      5954      0,20      0,00  370432   46948   0,29  fwupd
01:02:15     1000      6317     32,60      0,00 1461668528  315844   1,95  antigravity
01:02:15     1000      6757      6,40      0,00 34359372  170220   1,05  antigravity
01:02:15     1000      6771      1,20      0,00 33903964   81160   0,50  antigravity
01:02:15     1000      6820    148,00      0,00 1461417264  662436   4,08  antigravity
01:02:15     1000      7161      0,20      0,00 33951332   64332   0,40  antigravity
01:02:15     1000      7229      6,40      0,00 1461383544  129008   0,79  antigravity
01:02:15     1000      7244    291,40      0,00 1461351324  288780   1,78  antigravity
01:02:15     1000      7258      3,60      0,00 1461347760  125760   0,77  antigravity
01:02:15     1000      7260     21,20      0,00 1461367100  163704   1,01  antigravity
01:02:15     1000      8356      5,40      0,00 1459530528  101088   0,62  antigravity
01:02:15     1000      9291      7,80      0,00 55435272  374808   2,31  chrome
01:02:15     1000      9342      2,20      0,00 55467700  213696   1,32  chrome
01:02:15     1000      9345      3,40      0,00 54976356  135768   0,84  chrome
01:02:15     1000      9359      0,40      0,00 55015792   62664   0,39  chrome
01:02:15     1000     76014      0,60      0,00 1518513820  346704   2,14  chrome
01:02:15     1000     76063      0,20      0,00 55006444   86720   0,53  chrome
01:02:15     1000    110220     10,60      0,00 6507552  483600   2,98  java
01:02:15        0    112508     55,80      0,00   37548    7060   0,04  (udev-worker)
01:02:15        0    112522     27,00      0,00   37548    6784   0,04  (udev-worker)
01:02:15        0    112523     27,20      0,00   37548    6784   0,04  (udev-worker)
01:02:15        0    112524     26,80      0,00   37548    6652   0,04  (udev-worker)
01:02:15        0    112525     62,80      0,00   37548    7188   0,04  (udev-worker)
01:02:15        0    112527     26,60      0,00   37548    6784   0,04  (udev-worker)
01:02:15        0    112528     36,40      0,00   37548    6784   0,04  (udev-worker)
01:02:15        0    112529     25,80      0,00   37548    6784   0,04  (udev-worker)
01:02:15        0    112530     27,00      0,00   37548    6784   0,04  (udev-worker)
01:02:15        0    112531     26,40      0,00   37548    6784   0,04  (udev-worker)
01:02:15        0    112532     27,00      0,00   37548    6780   0,04  (udev-worker)
01:02:15        0    112534     27,00      0,00   37548    6784   0,04  (udev-worker)
01:02:15        0    112535     26,40      0,00   37548    6784   0,04  (udev-worker)
01:02:15        0    112536     26,80      0,00   37548    6784   0,04  (udev-worker)
01:02:15        0    112537     27,00      0,00   37548    6784   0,04  (udev-worker)
01:02:15        0    112538     26,80      0,00   37548    6784   0,04  (udev-worker)

01:02:10      UID       PID   kB_rd/s   kB_wr/s kB_ccwr/s iodelay  Command
01:02:15     1000      9291      0,00      2,40      0,00       0  chrome
01:02:15     1000    110188      0,00      1,01      0,00       0  pidstat
01:02:15     1000    110220      0,00      3,32      0,00       0  java

Rata-rata:    UID       PID    %usr %system  %guest   %wait    %CPU   CPU  Command
Rata-rata:      0         1    0,08    0,04    0,00    0,00    0,12     -  systemd
Rata-rata:      0        16    0,00    0,00    0,00    0,00    0,00     -  ksoftirqd/0
Rata-rata:      0        17    0,00    0,04    0,00    0,16    0,04     -  rcu_preempt
Rata-rata:      0        39    0,00    0,01    0,00    0,01    0,01     -  ksoftirqd/3
Rata-rata:      0        45    0,00    0,00    0,00    0,00    0,00     -  ksoftirqd/4
Rata-rata:      0        51    0,00    0,00    0,00    0,00    0,00     -  ksoftirqd/5
Rata-rata:      0        57    0,00    0,01    0,00    0,00    0,01     -  ksoftirqd/6
Rata-rata:      0        80    0,00    0,00    0,00    0,33    0,00     -  kcompactd0
Rata-rata:      0        82    0,00    0,00    0,00    0,00    0,00     -  khugepaged
Rata-rata:      0        86    0,00    0,05    0,00    0,00    0,05     -  irq/9-acpi
Rata-rata:      0       120    0,00    0,02    0,00    0,01    0,02     -  kworker/u33:0-i915_flip
Rata-rata:      0       233    0,00    0,00    0,00    0,00    0,00     -  kworker/6:1H-events_highpri
Rata-rata:      0       317    0,00    0,01    0,00    0,00    0,01     -  jbd2/sda6-8
Rata-rata:      0       376    0,01    0,01    0,00    0,00    0,01     -  systemd-journal
Rata-rata:      0       408    0,01    0,02    0,00    0,01    0,03     -  systemd-udevd
Rata-rata:    102       898    0,00    0,00    0,00    0,01    0,00     -  avahi-daemon
Rata-rata:    990       903    0,28    0,03    0,00    0,00    0,31     -  dbus-daemon
Rata-rata:    986       924    0,00    0,01    0,00    0,00    0,01     -  polkitd
Rata-rata:    115       930    0,39    0,15    0,00    0,00    0,54     -  prometheus-node
Rata-rata:    115       933    0,16    0,01    0,00    0,00    0,17     -  prometheus
Rata-rata:      0       936    0,00    0,00    0,00    0,00    0,00     -  smartd
Rata-rata:      0       942    0,00    0,00    0,00    0,00    0,00     -  systemd-logind
Rata-rata:      0       943    0,00    0,00    0,00    0,00    0,01     -  udisksd
Rata-rata:      0      1079    0,02    0,00    0,00    0,00    0,02     -  NetworkManager
Rata-rata:      0      1165    0,00    0,00    0,00    0,00    0,00     -  ModemManager
Rata-rata:      0      1383    0,13    0,01    0,00    0,00    0,14     -  glances
Rata-rata:      0      1391    0,08    0,06    0,00    0,00    0,15     -  tailscaled
Rata-rata:      0      1411    0,01    0,02    0,00    0,00    0,03     -  anydesk
Rata-rata:      0      1423    0,36    0,14    0,00    0,00    0,49     -  containerd
Rata-rata:    111      1503    0,01    0,00    0,00    0,00    0,01     -  mariadbd
Rata-rata:    114      1526    0,00    0,00    0,00    0,00    0,00     -  postgres
Rata-rata:      0      1554    0,00    0,00    0,00    0,00    0,01     -  apache2
Rata-rata:    108      1914    0,00    0,00    0,00    0,00    0,00     -  rtkit-daemon
Rata-rata:      0      2123    0,00    0,00    0,00    0,00    0,00     -  upowerd
Rata-rata:      0      2310    0,38    0,25    0,00    0,00    0,63     -  dockerd
Rata-rata:    117      2312    0,65    0,34    0,00    0,00    0,98     -  grafana
Rata-rata:      0      2932    0,21    0,23    0,00    0,00    0,44     -  mount.ntfs-3g
Rata-rata:      0      2975    0,06    0,05    0,00    0,00    0,11     -  containerd-shim
Rata-rata:      0      2976    0,08    0,04    0,00    0,00    0,12     -  containerd-shim
Rata-rata:      0      2977    0,06    0,05    0,00    0,00    0,11     -  containerd-shim
Rata-rata:      0      2981    0,05    0,06    0,00    0,00    0,11     -  containerd-shim
Rata-rata:      0      2982    0,07    0,05    0,00    0,00    0,12     -  containerd-shim
Rata-rata:    999      3130    0,38    0,06    0,00    0,01    0,44     -  redis-server
Rata-rata:   1000      4549    0,02    0,01    0,00    0,00    0,04     -  systemd
Rata-rata:   1000      4569    0,01    0,00    0,00    0,01    0,01     -  dbus-daemon
Rata-rata:   1000      4570    0,00    0,01    0,00    0,00    0,01     -  pipewire
Rata-rata:   1000      4573    0,01    0,00    0,00    0,00    0,01     -  wireplumber
Rata-rata:   1000      4574    0,00    0,00    0,00    0,00    0,00     -  pipewire-pulse
Rata-rata:   1000      4708    1,01    0,33    0,00    0,01    1,34     -  gnome-shell
Rata-rata:   1000      5021    0,01    0,01    0,00    0,00    0,02     -  gsd-housekeepin
Rata-rata:   1000      5043    0,01    0,00    0,00    0,20    0,01     -  gnome-software
Rata-rata:   1000      5050    0,00    0,00    0,00    0,00    0,00     -  gsd-rfkill
Rata-rata:   1000      5055    0,02    0,00    0,00    0,00    0,02     -  gsd-sharing
Rata-rata:   1000      5107    0,01    0,01    0,00    0,00    0,02     -  anydesk
Rata-rata:   1000      5268    0,01    0,01    0,00    0,00    0,01     -  gvfs-udisks2-vo
Rata-rata:   1000      5331    0,00    0,00    0,00    0,01    0,00     -  goa-daemon
Rata-rata:   1000      5364    0,00    0,00    0,00    0,00    0,00     -  gvfs-afc-volume
Rata-rata:   1000      5504    0,01    0,00    0,00    0,00    0,01     -  xdg-desktop-por
Rata-rata:   1000      5549    0,00    0,00    0,00    0,00    0,00     -  xdg-desktop-por
Rata-rata:   1000      5586    0,01    0,00    0,00    0,00    0,01     -  gvfsd-trash
Rata-rata:   1000      5702    0,00    0,00    0,00    0,00    0,00     -  gsd-xsettings
Rata-rata:      0      5954    0,01    0,00    0,00    0,00    0,01     -  fwupd
Rata-rata:   1000      6317    0,18    0,07    0,00    0,00    0,25     -  antigravity
Rata-rata:   1000      6339    0,75    0,02    0,00    0,00    0,77     -  gnome-terminal-
Rata-rata:   1000      6757    0,08    0,02    0,00    0,00    0,10     -  antigravity
Rata-rata:   1000      6771    0,00    0,00    0,00    0,00    0,00     -  antigravity
Rata-rata:   1000      6820    2,94    0,25    0,00    0,01    3,19     -  antigravity
Rata-rata:   1000      6924    0,00    0,00    0,00    0,00    0,00     -  antigravity
Rata-rata:   1000      7059    1,77    1,54    0,00    0,04    3,32     -  language_server
Rata-rata:   1000      7161    0,00    0,00    0,00    0,00    0,01     -  antigravity
Rata-rata:   1000      7229    0,19    0,16    0,00    0,00    0,35     -  antigravity
Rata-rata:   1000      7244    1,88    0,40    0,00    0,01    2,28     -  antigravity
Rata-rata:   1000      7258    0,01    0,00    0,00    0,00    0,01     -  antigravity
Rata-rata:   1000      7260    0,60    0,10    0,00    0,12    0,70     -  antigravity
Rata-rata:   1000      8267    1,79    1,39    0,00    0,00    3,18     -  language_server
Rata-rata:   1000      8356    0,07    0,03    0,00    0,00    0,11     -  antigravity
Rata-rata:   1000      8393    0,00    0,00    0,00    0,00    0,00     -  antigravity
Rata-rata:   1000      9291    0,15    0,05    0,00    0,01    0,21     -  chrome
Rata-rata:   1000      9342    0,00    0,00    0,00    0,00    0,01     -  chrome
Rata-rata:   1000      9345    0,02    0,01    0,00    3,23    0,03     -  chrome
Rata-rata:   1000      9359    0,01    0,01    0,00    1,25    0,02     -  chrome
Rata-rata:   1000      9390    0,01    0,01    0,00    1,62    0,02     -  chrome
Rata-rata:   1000      9500    0,02    0,01    0,00    0,65    0,02     -  chrome
Rata-rata:   1000      9519    0,17    0,04    0,00    0,97    0,21     -  chrome
Rata-rata:   1000     76014    0,02    0,01    0,00    0,62    0,03     -  chrome
Rata-rata:   1000     76025    0,01    0,01    0,00    0,33    0,02     -  chrome
Rata-rata:   1000     76063    0,01    0,01    0,00    0,11    0,02     -  chrome
Rata-rata:      0     78088    0,00    0,01    0,00    0,12    0,01     -  kworker/u32:6-flush-8:0
Rata-rata:   1000     91682    0,04    0,04    0,00    0,00    0,08     -  ssh
Rata-rata:      0     93905    0,00    0,00    0,00    0,00    0,00     -  kworker/u32:7-flush-8:0
Rata-rata:      0     97830    0,00    0,00    0,00    0,00    0,00     -  kworker/7:0-events
Rata-rata:   1000     98039    0,05    0,01    0,00    0,00    0,06     -  antigravity
Rata-rata:   1000     98130    0,00    0,00    0,00    0,00    0,00     -  chrome
Rata-rata:      0     99361    0,00    0,01    0,00    0,00    0,01     -  kworker/u32:3-events_unbound
Rata-rata:      0     99362    0,00    0,02    0,00    0,01    0,02     -  kworker/u32:5-ext4-rsv-conversion
Rata-rata:      0    102824    0,01    0,00    0,00    0,01    0,01     -  kworker/1:1-events
Rata-rata:      0    103256    0,00    0,01    0,00    0,00    0,01     -  kworker/u32:4-events_unbound
Rata-rata:      0    103884    0,00    0,01    0,00    0,01    0,01     -  kworker/4:1-events
Rata-rata:      0    104961    0,00    0,04    0,00    0,04    0,04     -  kworker/6:0-i915-unordered
Rata-rata:      0    106463    0,01    0,00    0,00    0,01    0,01     -  kworker/7:1-events
Rata-rata:      0    107265    0,00    0,00    0,00    0,00    0,00     -  kworker/0:0-events
Rata-rata:      0    107286    0,00    0,01    0,00    0,00    0,01     -  kworker/u32:8-flush-8:0
Rata-rata:      0    108416    0,01    0,00    0,00    0,00    0,01     -  cups-browsed
Rata-rata:     33    108423    0,00    0,00    0,00    0,00    0,01     -  apache2
Rata-rata:      0    108721    0,00    0,01    0,00    0,01    0,01     -  kworker/3:2-cgroup_free
Rata-rata:      0    109477    0,01    0,00    0,00    0,01    0,01     -  kworker/0:2-events
Rata-rata:      0    109833    0,01    0,00    0,00    0,01    0,01     -  kworker/2:0-events
Rata-rata:   1000    110188    0,14    0,31    0,00    0,00    0,45     -  pidstat
Rata-rata:   1000    110220    5,44    0,98    0,00    0,00    6,42     -  java
Rata-rata:      0    110893    0,00    0,00    0,00    0,01    0,01     -  kworker/5:1-events
Rata-rata:      0    111510    0,00    0,00    0,00    0,00    0,00     -  kworker/3:0-events

Rata-rata:    UID       PID  minflt/s  majflt/s     VSZ     RSS   %MEM  Command
Rata-rata:      0         1      2,56      0,00   24788   14916   0,09  systemd
Rata-rata:      0       376      4,65      0,00  188968  108948   0,67  systemd-journal
Rata-rata:      0       408      9,24      0,00   37544   10908   0,07  systemd-udevd
Rata-rata:    115       930     27,31      0,00 1762312   25442   0,16  prometheus-node
Rata-rata:    115       933      0,34      0,00 2711492  115528   0,71  prometheus
Rata-rata:      0      1391      0,22      0,00 1421316   95675   0,59  tailscaled
Rata-rata:      0      1423      2,12      0,00 2463900   70548   0,43  containerd
Rata-rata:    114      1526      0,37      0,00  218252   29568   0,18  postgres
Rata-rata:      0      2310      0,12      0,00 3498856  111928   0,69  dockerd
Rata-rata:    117      2312      0,08      0,00 1765274  350108   2,16  grafana
Rata-rata:      0      2975      7,76      0,00 1235352   13920   0,09  containerd-shim
Rata-rata:      0      2976      7,80      0,00 1235608   14712   0,09  containerd-shim
Rata-rata:      0      2977      7,37      0,00 1235352   14697   0,09  containerd-shim
Rata-rata:      0      2981      7,74      0,00 1235608   14472   0,09  containerd-shim
Rata-rata:      0      2982      7,96      0,00 1235608   14951   0,09  containerd-shim
Rata-rata:     70      3117      0,35      0,00  174540   25424   0,16  postgres
Rata-rata:   1000      4569      0,00      0,00    9624    5712   0,04  dbus-daemon
Rata-rata:   1000      4570      0,60      0,00  104107   14738   0,09  pipewire
Rata-rata:   1000      4574      0,24      0,00  110852   16318   0,10  pipewire-pulse
Rata-rata:   1000      4708      3,98      0,00 5454788  346755   2,14  gnome-shell
Rata-rata:   1000      5180      0,00      0,00  308612    7372   0,05  ibus-portal
Rata-rata:   1000      5504      0,00      0,00  778332   19920   0,12  xdg-desktop-por
Rata-rata:      0      5954      0,02      0,00  370432   46948   0,29  fwupd
Rata-rata:   1000      6317     34,86      0,00 1461668528  315401   1,94  antigravity
Rata-rata:   1000      6757      4,52      0,00 34351001  170222   1,05  antigravity
Rata-rata:   1000      6771      0,78      0,00 33903964   81211   0,50  antigravity
Rata-rata:   1000      6820    154,47      0,00 1461417291  660002   4,07  antigravity
Rata-rata:   1000      6924      0,04      0,00 1459611392  179928   1,11  antigravity
Rata-rata:   1000      7059      0,00      0,00 4910056  364075   2,24  language_server
Rata-rata:   1000      7161      0,25      0,00 33951332   64332   0,40  antigravity
Rata-rata:   1000      7229     48,15      0,00 1461383544  129343   0,80  antigravity
Rata-rata:   1000      7244    162,39      0,00 1461351324  355143   2,19  antigravity
Rata-rata:   1000      7258      3,71      0,00 1461347760  125767   0,77  antigravity
Rata-rata:   1000      7260     13,14      0,00 1461367100  164165   1,01  antigravity
Rata-rata:   1000      8267      0,00      0,00 4901536  357112   2,20  language_server
Rata-rata:   1000      8356      5,30      0,00 1459530528  101038   0,62  antigravity
Rata-rata:   1000      9291     10,86      0,00 55435272  374505   2,31  chrome
Rata-rata:   1000      9299      0,00      0,00 54549928    3668   0,02  chrome_crashpad
Rata-rata:   1000      9342      2,77      0,00 55467700  213696   1,32  chrome
Rata-rata:   1000      9345      5,61      0,00 54976356  135874   0,84  chrome
Rata-rata:   1000      9359      0,50      0,00 55015792   62664   0,39  chrome
Rata-rata:   1000      9519     28,92      0,00 1518554232  356985   2,20  chrome
Rata-rata:   1000     76014      0,44      0,00 1518513820  346570   2,14  chrome
Rata-rata:   1000     76063      0,25      0,00 55006444   86720   0,53  chrome
Rata-rata:   1000     99008      0,20      0,00    7664    3936   0,02  bash
Rata-rata:      0    108412      0,01      0,00   16948    7792   0,05  cupsd
Rata-rata:   1000    110188      0,17      0,00    6259    5090   0,03  pidstat
Rata-rata:   1000    110189      0,07      0,00    2676    1708   0,01  jmeter
Rata-rata:   1000    110220    181,42      0,00 6507419  364779   2,25  java
Rata-rata:      0    112508      0,90      0,00   37548    7060   0,04  (udev-worker)
Rata-rata:      0    112522      0,44      0,00   37548    6784   0,04  (udev-worker)
Rata-rata:      0    112523      0,44      0,00   37548    6784   0,04  (udev-worker)
Rata-rata:      0    112524      0,43      0,00   37548    6652   0,04  (udev-worker)
Rata-rata:      0    112525      1,01      0,00   37548    7188   0,04  (udev-worker)
Rata-rata:      0    112527      0,43      0,00   37548    6784   0,04  (udev-worker)
Rata-rata:      0    112528      0,59      0,00   37548    6784   0,04  (udev-worker)
Rata-rata:      0    112529      0,42      0,00   37548    6784   0,04  (udev-worker)
Rata-rata:      0    112530      0,44      0,00   37548    6784   0,04  (udev-worker)
Rata-rata:      0    112531      0,43      0,00   37548    6784   0,04  (udev-worker)
Rata-rata:      0    112532      0,44      0,00   37548    6780   0,04  (udev-worker)
Rata-rata:      0    112534      0,44      0,00   37548    6784   0,04  (udev-worker)
Rata-rata:      0    112535      0,43      0,00   37548    6784   0,04  (udev-worker)
Rata-rata:      0    112536      0,43      0,00   37548    6784   0,04  (udev-worker)
Rata-rata:      0    112537      0,44      0,00   37548    6784   0,04  (udev-worker)
Rata-rata:      0    112538      0,43      0,00   37548    6784   0,04  (udev-worker)

Rata-rata:    UID       PID   kB_rd/s   kB_wr/s kB_ccwr/s iodelay  Command
Rata-rata:   1000      4573      0,00      0,01      0,00       0  wireplumber
Rata-rata:   1000      4708      0,00      1,28      0,00       0  gnome-shell
Rata-rata:   1000      6317      0,00      0,08      0,00       0  antigravity
Rata-rata:   1000      6771      0,00      0,03      0,00       0  antigravity
Rata-rata:   1000      7244      0,00      0,04      0,00       0  antigravity
Rata-rata:   1000      9291      0,00      2,70      0,00       0  chrome
Rata-rata:   1000      9345      0,00      1,94      0,00       0  chrome
Rata-rata:   1000     99008      0,00      2,97      1,28       0  bash
Rata-rata:   1000    110188      0,00      0,99      0,00       0  pidstat
Rata-rata:   1000    110220      0,00      2,77      0,00       0  java
