{
  "3. Profil (/api/auth/me)" : {
    "transaction" : "3. Profil (/api/auth/me)",
    "sampleCount" : 963,
    "errorCount" : 537,
    "errorPct" : 55.76324,
    "meanResTime" : 8840.11111111111,
    "medianResTime" : 6373.0,
    "minResTime" : 203.0,
    "maxResTime" : 24231.0,
    "pct1ResTime" : 17000.600000000002,
    "pct2ResTime" : 19779.2,
    "pct3ResTime" : 24202.36,
    "throughput" : 3.585243539674089,
    "receivedKBytesPerSec" : 3.4627882935562413,
    "sentKBytesPerSec" : 2.126098806873392
  },
  "Total" : {
    "transaction" : "Total",
    "sampleCount" : 3149,
    "errorCount" : 1820,
    "errorPct" : 57.796127,
    "meanResTime" : 16890.175611305163,
    "medianResTime" : 15289.0,
    "minResTime" : 203.0,
    "maxResTime" : 60246.0,
    "pct1ResTime" : 33128.0,
    "pct2ResTime" : 36287.5,
    "pct3ResTime" : 47026.0,
    "throughput" : 9.662176674542053,
    "receivedKBytesPerSec" : 13.837085487557914,
    "sentKBytesPerSec" : 4.628099015065509
  },
  "2. Dashboard (/api/dashboard/stats)" : {
    "transaction" : "2. Dashboard (/api/dashboard/stats)",
    "sampleCount" : 1030,
    "errorCount" : 987,
    "errorPct" : 95.82524,
    "meanResTime" : 22561.481553398065,
    "medianResTime" : 25456.5,
    "minResTime" : 210.0,
    "maxResTime" : 60246.0,
    "pct1ResTime" : 36439.4,
    "pct2ResTime" : 38750.74999999999,
    "pct3ResTime" : 58033.12999999998,
    "throughput" : 3.5224152140978684,
    "receivedKBytesPerSec" : 3.9684947424533106,
    "sentKBytesPerSec" : 2.1281770667685773
  },
  "1. Auth (/api/auth/login)" : {
    "transaction" : "1. Auth (/api/auth/login)",
    "sampleCount" : 1156,
    "errorCount" : 296,
    "errorPct" : 25.605536,
    "meanResTime" : 18543.088235294086,
    "medianResTime" : 16442.5,
    "minResTime" : 1932.0,
    "maxResTime" : 39904.0,
    "pct1ResTime" : 31073.3,
    "pct2ResTime" : 34469.15,
    "pct3ResTime" : 37496.020000000004,
    "throughput" : 3.5903743182637,
    "receivedKBytesPerSec" : 7.513375944763831,
    "sentKBytesPerSec" : 0.9782367527300512
  }
}