{
  "Total" : {
    "transaction" : "Total",
    "sampleCount" : 20,
    "errorCount" : 0,
    "errorPct" : 0.0,
    "meanResTime" : 1635.6000000000001,
    "medianResTime" : 1691.5,
    "minResTime" : 114.0,
    "maxResTime" : 3178.0,
    "pct1ResTime" : 3115.9,
    "pct2ResTime" : 3174.9,
    "pct3ResTime" : 3178.0,
    "throughput" : 2.737101409607226,
    "receivedKBytesPerSec" : 16.25554904543588,
    "sentKBytesPerSec" : 1.3859248836731901
  },
  "Login Request" : {
    "transaction" : "Login Request",
    "sampleCount" : 10,
    "errorCount" : 0,
    "errorPct" : 0.0,
    "meanResTime" : 548.6,
    "medianResTime" : 309.5,
    "minResTime" : 114.0,
    "maxResTime" : 1774.0,
    "pct1ResTime" : 1723.6000000000001,
    "pct2ResTime" : 1774.0,
    "pct3ResTime" : 1774.0,
    "throughput" : 2.189141856392294,
    "receivedKBytesPerSec" : 4.570688758756567,
    "sentKBytesPerSec" : 0.619971814798599
  },
  "Get Dashboard Stats" : {
    "transaction" : "Get Dashboard Stats",
    "sampleCount" : 10,
    "errorCount" : 0,
    "errorPct" : 0.0,
    "meanResTime" : 2722.6,
    "medianResTime" : 2994.0,
    "minResTime" : 1609.0,
    "maxResTime" : 3178.0,
    "pct1ResTime" : 3171.8,
    "pct2ResTime" : 3178.0,
    "pct3ResTime" : 3178.0,
    "throughput" : 1.399972000559989,
    "receivedKBytesPerSec" : 13.705780571888562,
    "sentKBytesPerSec" : 1.0212686371272575
  }
}