{
  "3. Profil (/api/auth/me)" : {
    "transaction" : "3. Profil (/api/auth/me)",
    "sampleCount" : 51,
    "errorCount" : 0,
    "errorPct" : 0.0,
    "meanResTime" : 361.7843137254903,
    "medianResTime" : 223.0,
    "minResTime" : 197.0,
    "maxResTime" : 2686.0,
    "pct1ResTime" : 679.0000000000001,
    "pct2ResTime" : 880.5999999999999,
    "pct3ResTime" : 2686.0,
    "throughput" : 0.1763040449679023,
    "receivedKBytesPerSec" : 0.2219633626798906,
    "sentKBytesPerSec" : 0.1318836898880988
  },
  "Total" : {
    "transaction" : "Total",
    "sampleCount" : 155,
    "errorCount" : 0,
    "errorPct" : 0.0,
    "meanResTime" : 940.3935483870966,
    "medianResTime" : 455.0,
    "minResTime" : 197.0,
    "maxResTime" : 2686.0,
    "pct1ResTime" : 2050.0,
    "pct2ResTime" : 2125.7999999999993,
    "pct3ResTime" : 2558.3199999999997,
    "throughput" : 0.5167183385005166,
    "receivedKBytesPerSec" : 2.411064674175751,
    "sentKBytesPerSec" : 0.30544070032003195
  },
  "2. Dashboard (/api/dashboard/stats)" : {
    "transaction" : "2. Dashboard (/api/dashboard/stats)",
    "sampleCount" : 52,
    "errorCount" : 0,
    "errorPct" : 0.0,
    "meanResTime" : 1962.115384615385,
    "medianResTime" : 1979.0,
    "minResTime" : 1657.0,
    "maxResTime" : 2458.0,
    "pct1ResTime" : 2175.8,
    "pct2ResTime" : 2395.0999999999995,
    "pct3ResTime" : 2458.0,
    "throughput" : 0.17457455844386924,
    "receivedKBytesPerSec" : 1.7785799482235358,
    "sentKBytesPerSec" : 0.13195381663628397
  },
  "1. Auth (/api/auth/login)" : {
    "transaction" : "1. Auth (/api/auth/login)",
    "sampleCount" : 52,
    "errorCount" : 0,
    "errorPct" : 0.0,
    "meanResTime" : 486.1538461538462,
    "medianResTime" : 357.5,
    "minResTime" : 289.0,
    "maxResTime" : 1185.0,
    "pct1ResTime" : 898.0000000000001,
    "pct2ResTime" : 1098.0499999999995,
    "pct3ResTime" : 1185.0,
    "throughput" : 0.17512250155757994,
    "receivedKBytesPerSec" : 0.4353100478640106,
    "sentKBytesPerSec" : 0.04771404095172344
  }
}