{
  "Get Me (Lightweight)" : {
    "transaction" : "Get Me (Lightweight)",
    "sampleCount" : 500,
    "errorCount" : 0,
    "errorPct" : 0.0,
    "meanResTime" : 19400.923999999988,
    "medianResTime" : 19415.5,
    "minResTime" : 996.0,
    "maxResTime" : 37372.0,
    "pct1ResTime" : 33993.1,
    "pct2ResTime" : 35683.8,
    "pct3ResTime" : 37054.98,
    "throughput" : 10.639656126313998,
    "receivedKBytesPerSec" : 14.119571780440056,
    "sentKBytesPerSec" : 7.6888139975316
  },
  "Total" : {
    "transaction" : "Total",
    "sampleCount" : 1000,
    "errorCount" : 0,
    "errorPct" : 0.0,
    "meanResTime" : 19441.085999999978,
    "medianResTime" : 19504.5,
    "minResTime" : 952.0,
    "maxResTime" : 37697.0,
    "pct1ResTime" : 34002.9,
    "pct2ResTime" : 35820.0,
    "pct3ResTime" : 37272.74,
    "throughput" : 20.641539033150313,
    "receivedKBytesPerSec" : 40.05188283088387,
    "sentKBytesPerSec" : 10.39132165194237
  },
  "Login Request" : {
    "transaction" : "Login Request",
    "sampleCount" : 500,
    "errorCount" : 0,
    "errorPct" : 0.0,
    "meanResTime" : 19481.24799999999,
    "medianResTime" : 19571.5,
    "minResTime" : 952.0,
    "maxResTime" : 37697.0,
    "pct1ResTime" : 34045.9,
    "pct2ResTime" : 35904.3,
    "pct3ResTime" : 37617.79,
    "throughput" : 10.538962544527116,
    "receivedKBytesPerSec" : 26.912681731235377,
    "sentKBytesPerSec" : 2.994959082477921
  }
}