{
  "3. Profil (/api/auth/me)" : {
    "transaction" : "3. Profil (/api/auth/me)",
    "sampleCount" : 582,
    "errorCount" : 178,
    "errorPct" : 30.584192,
    "meanResTime" : 6773.393470790373,
    "medianResTime" : 5447.0,
    "minResTime" : 149.0,
    "maxResTime" : 22235.0,
    "pct1ResTime" : 15539.1,
    "pct2ResTime" : 15781.0,
    "pct3ResTime" : 22219.53,
    "throughput" : 2.0097864860851637,
    "receivedKBytesPerSec" : 2.203225332849304,
    "sentKBytesPerSec" : 1.2419528684349563
  },
  "Total" : {
    "transaction" : "Total",
    "sampleCount" : 1857,
    "errorCount" : 870,
    "errorPct" : 46.84976,
    "meanResTime" : 14539.999461497042,
    "medianResTime" : 12243.0,
    "minResTime" : 149.0,
    "maxResTime" : 58971.0,
    "pct1ResTime" : 34846.0,
    "pct2ResTime" : 44566.69999999998,
    "pct3ResTime" : 54492.78,
    "throughput" : 5.507885144133376,
    "receivedKBytesPerSec" : 9.428803002642717,
    "sentKBytesPerSec" : 2.758574070043867
  },
  "2. Dashboard (/api/dashboard/stats)" : {
    "transaction" : "2. Dashboard (/api/dashboard/stats)",
    "sampleCount" : 618,
    "errorCount" : 546,
    "errorPct" : 88.34952,
    "meanResTime" : 22574.087378640783,
    "medianResTime" : 17853.0,
    "minResTime" : 161.0,
    "maxResTime" : 58971.0,
    "pct1ResTime" : 47283.4,
    "pct2ResTime" : 50479.05,
    "pct3ResTime" : 57589.38999999995,
    "throughput" : 1.8450570086789333,
    "receivedKBytesPerSec" : 3.3821438580948144,
    "sentKBytesPerSec" : 1.1685547650537842
  },
  "1. Auth (/api/auth/login)" : {
    "transaction" : "1. Auth (/api/auth/login)",
    "sampleCount" : 657,
    "errorCount" : 146,
    "errorPct" : 22.222221,
    "meanResTime" : 13862.828006088295,
    "medianResTime" : 9869.0,
    "minResTime" : 306.0,
    "maxResTime" : 39495.0,
    "pct1ResTime" : 32212.400000000005,
    "pct2ResTime" : 34864.200000000004,
    "pct3ResTime" : 38046.55999999999,
    "throughput" : 1.984900256496243,
    "receivedKBytesPerSec" : 4.254051867415007,
    "sentKBytesPerSec" : 0.5408077847289569
  }
}