{
  "Total" : {
    "transaction" : "Total",
    "sampleCount" : 20,
    "errorCount" : 20,
    "errorPct" : 100.0,
    "meanResTime" : 4.3999999999999995,
    "medianResTime" : 3.0,
    "minResTime" : 2.0,
    "maxResTime" : 33.0,
    "pct1ResTime" : 4.0,
    "pct2ResTime" : 31.54999999999998,
    "pct3ResTime" : 33.0,
    "throughput" : 4.522840343735866,
    "receivedKBytesPerSec" : 1.4906822421981005,
    "sentKBytesPerSec" : 1.0732912143826323
  },
  "Login Request" : {
    "transaction" : "Login Request",
    "sampleCount" : 10,
    "errorCount" : 10,
    "errorPct" : 100.0,
    "meanResTime" : 6.6,
    "medianResTime" : 4.0,
    "minResTime" : 3.0,
    "maxResTime" : 33.0,
    "pct1ResTime" : 30.10000000000001,
    "pct2ResTime" : 33.0,
    "pct3ResTime" : 33.0,
    "throughput" : 2.2629554197782307,
    "receivedKBytesPerSec" : 0.7425322471147319,
    "sentKBytesPerSec" : 0.6298264596062458
  },
  "Get Dashboard Stats" : {
    "transaction" : "Get Dashboard Stats",
    "sampleCount" : 10,
    "errorCount" : 10,
    "errorPct" : 100.0,
    "meanResTime" : 2.2000000000000006,
    "medianResTime" : 2.0,
    "minResTime" : 2.0,
    "maxResTime" : 3.0,
    "pct1ResTime" : 3.0,
    "pct2ResTime" : 3.0,
    "pct3ResTime" : 3.0,
    "throughput" : 2.2920009168003666,
    "receivedKBytesPerSec" : 0.7587776472610588,
    "sentKBytesPerSec" : 0.44989471120788443
  }
}