{
  "3. Profil (/api/auth/me)" : {
    "transaction" : "3. Profil (/api/auth/me)",
    "sampleCount" : 367,
    "errorCount" : 174,
    "errorPct" : 47.411446,
    "meanResTime" : 4722.727520435965,
    "medianResTime" : 2204.0,
    "minResTime" : 153.0,
    "maxResTime" : 15536.0,
    "pct1ResTime" : 13370.599999999999,
    "pct2ResTime" : 14061.2,
    "pct3ResTime" : 15285.84,
    "throughput" : 1.2701598947878452,
    "receivedKBytesPerSec" : 1.280268908553679,
    "sentKBytesPerSec" : 0.7231578139060012
  },
  "Total" : {
    "transaction" : "Total",
    "sampleCount" : 1179,
    "errorCount" : 637,
    "errorPct" : 54.02884,
    "meanResTime" : 11563.704834605587,
    "medianResTime" : 11509.0,
    "minResTime" : 146.0,
    "maxResTime" : 53871.0,
    "pct1ResTime" : 28591.0,
    "pct2ResTime" : 31819.0,
    "pct3ResTime" : 44145.2,
    "throughput" : 3.6621958265256045,
    "receivedKBytesPerSec" : 6.58406932196572,
    "sentKBytesPerSec" : 1.7331377178990985
  },
  "2. Dashboard (/api/dashboard/stats)" : {
    "transaction" : "2. Dashboard (/api/dashboard/stats)",
    "sampleCount" : 400,
    "errorCount" : 333,
    "errorPct" : 83.25,
    "meanResTime" : 17504.717500000017,
    "medianResTime" : 12695.5,
    "minResTime" : 146.0,
    "maxResTime" : 53871.0,
    "pct1ResTime" : 37304.500000000015,
    "pct2ResTime" : 43257.79999999999,
    "pct3ResTime" : 49844.280000000035,
    "throughput" : 1.2491685222024091,
    "receivedKBytesPerSec" : 2.891931869372886,
    "sentKBytesPerSec" : 0.7393821163569249
  },
  "1. Auth (/api/auth/login)" : {
    "transaction" : "1. Auth (/api/auth/login)",
    "sampleCount" : 412,
    "errorCount" : 130,
    "errorPct" : 31.553398,
    "meanResTime" : 11889.514563106803,
    "medianResTime" : 12442.0,
    "minResTime" : 284.0,
    "maxResTime" : 31052.0,
    "pct1ResTime" : 23082.7,
    "pct2ResTime" : 26336.949999999993,
    "pct3ResTime" : 29612.23,
    "throughput" : 1.2962578420453188,
    "receivedKBytesPerSec" : 2.591593929140002,
    "sentKBytesPerSec" : 0.35317962688539445
  }
}