{
  "Total" : {
    "transaction" : "Total",
    "sampleCount" : 40,
    "errorCount" : 0,
    "errorPct" : 0.0,
    "meanResTime" : 26314.350000000002,
    "medianResTime" : 13235.0,
    "minResTime" : 245.0,
    "maxResTime" : 74130.0,
    "pct1ResTime" : 65286.9,
    "pct2ResTime" : 71882.79999999999,
    "pct3ResTime" : 74130.0,
    "throughput" : 0.5126627704296114,
    "receivedKBytesPerSec" : 3.283106900601097,
    "sentKBytesPerSec" : 0.2600862394904132
  },
  "Login Request" : {
    "transaction" : "Login Request",
    "sampleCount" : 20,
    "errorCount" : 0,
    "errorPct" : 0.0,
    "meanResTime" : 28880.3,
    "medianResTime" : 38858.0,
    "minResTime" : 245.0,
    "maxResTime" : 68041.0,
    "pct1ResTime" : 65286.9,
    "pct2ResTime" : 67905.84999999999,
    "pct3ResTime" : 68041.0,
    "throughput" : 0.26330340451302037,
    "receivedKBytesPerSec" : 0.6719893724163354,
    "sentKBytesPerSec" : 0.07482547921219622
  },
  "Get Dashboard Stats" : {
    "transaction" : "Get Dashboard Stats",
    "sampleCount" : 20,
    "errorCount" : 0,
    "errorPct" : 0.0,
    "meanResTime" : 23748.4,
    "medianResTime" : 11765.5,
    "minResTime" : 1608.0,
    "maxResTime" : 74130.0,
    "pct1ResTime" : 69739.90000000005,
    "pct2ResTime" : 74027.75,
    "pct3ResTime" : 74130.0,
    "throughput" : 0.2586151160535333,
    "receivedKBytesPerSec" : 2.6523328901855567,
    "sentKBytesPerSec" : 0.18891026055472943
  }
}