{
  "Total" : {
    "transaction" : "Total",
    "sampleCount" : 20,
    "errorCount" : 20,
    "errorPct" : 100.0,
    "meanResTime" : 4.750000000000001,
    "medianResTime" : 3.0,
    "minResTime" : 2.0,
    "maxResTime" : 37.0,
    "pct1ResTime" : 5.0,
    "pct2ResTime" : 35.39999999999998,
    "pct3ResTime" : 37.0,
    "throughput" : 4.525910839556461,
    "receivedKBytesPerSec" : 1.4916942464358454,
    "sentKBytesPerSec" : 1.0740198574338087
  },
  "Login Request" : {
    "transaction" : "Login Request",
    "sampleCount" : 10,
    "errorCount" : 10,
    "errorPct" : 100.0,
    "meanResTime" : 7.3,
    "medianResTime" : 4.0,
    "minResTime" : 3.0,
    "maxResTime" : 37.0,
    "pct1ResTime" : 33.80000000000001,
    "pct2ResTime" : 37.0,
    "pct3ResTime" : 37.0,
    "throughput" : 2.2644927536231885,
    "receivedKBytesPerSec" : 0.7430366847826086,
    "sentKBytesPerSec" : 0.6302543308423912
  },
  "Get Dashboard Stats" : {
    "transaction" : "Get Dashboard Stats",
    "sampleCount" : 10,
    "errorCount" : 10,
    "errorPct" : 100.0,
    "meanResTime" : 2.2,
    "medianResTime" : 2.0,
    "minResTime" : 2.0,
    "maxResTime" : 3.0,
    "pct1ResTime" : 3.0,
    "pct2ResTime" : 3.0,
    "pct3ResTime" : 3.0,
    "throughput" : 2.297266253158741,
    "receivedKBytesPerSec" : 0.7605207615437629,
    "sentKBytesPerSec" : 0.45092823914541696
  }
}